policy_type,threshold,action_delay,timeout,score_point_s,score_mode,cutoff_rate,mean_latency,timeout_rate,detect_rate,f1,n_hold_spans,n_eot_spans,is_pareto
model,0.94,0.2,3.5,0.2,score_point,0.0014184397163120568,3.2772500000000004,0.9325,0.0675,0.12616822429906543,705,400,True
model,0.94,0.3,3.5,0.2,score_point,0.0014184397163120568,3.284,0.9325,0.0675,0.12616822429906543,705,400,False
model,0.94,0.4,3.5,0.2,score_point,0.0014184397163120568,3.2907500000000005,0.9325,0.0675,0.12616822429906543,705,400,False
model,0.94,0.5,3.5,0.2,score_point,0.0014184397163120568,3.2975,0.9325,0.0675,0.12616822429906543,705,400,False
model,0.94,0.6,3.5,0.2,score_point,0.0014184397163120568,3.3042499999999997,0.9325,0.0675,0.12616822429906543,705,400,False
model,0.94,0.7,3.5,0.2,score_point,0.0014184397163120568,3.3110000000000004,0.9325,0.0675,0.12616822429906543,705,400,False
model,0.94,0.8,3.5,0.2,score_point,0.0014184397163120568,3.3177499999999998,0.9325,0.0675,0.12616822429906543,705,400,False
model,0.94,0.9,3.5,0.2,score_point,0.0014184397163120568,3.3245000000000005,0.9325,0.0675,0.12616822429906543,705,400,False
model,0.94,1.0,3.5,0.2,score_point,0.0014184397163120568,3.33125,0.9325,0.0675,0.12616822429906543,705,400,False
model,0.95,0.2,3.5,0.2,score_point,0.0014184397163120568,3.3680000000000008,0.96,0.04,0.07673860911270984,705,400,False
model,0.95,0.3,3.5,0.2,score_point,0.0014184397163120568,3.3719999999999994,0.96,0.04,0.07673860911270984,705,400,False
model,0.95,0.4,3.5,0.2,score_point,0.0014184397163120568,3.3760000000000003,0.96,0.04,0.07673860911270984,705,400,False
model,0.95,0.5,3.5,0.2,score_point,0.0014184397163120568,3.38,0.96,0.04,0.07673860911270984,705,400,False
model,0.95,0.6,3.5,0.2,score_point,0.0014184397163120568,3.384,0.96,0.04,0.07673860911270984,705,400,False
model,0.95,0.7,3.5,0.2,score_point,0.0014184397163120568,3.388000000000001,0.96,0.04,0.07673860911270984,705,400,False
model,0.95,0.8,3.5,0.2,score_point,0.0014184397163120568,3.3919999999999995,0.96,0.04,0.07673860911270984,705,400,False
model,0.95,0.9,3.5,0.2,score_point,0.0014184397163120568,3.3960000000000004,0.96,0.04,0.07673860911270984,705,400,False
model,0.95,1.0,3.5,0.2,score_point,0.0014184397163120568,3.4,0.96,0.04,0.07673860911270984,705,400,False
model,0.96,0.2,3.5,0.2,score_point,0.0014184397163120568,3.4339999999999997,0.98,0.02,0.039119804400977995,705,400,False
model,0.96,0.3,3.5,0.2,score_point,0.0014184397163120568,3.4360000000000004,0.98,0.02,0.039119804400977995,705,400,False
model,0.96,0.4,3.5,0.2,score_point,0.0014184397163120568,3.438,0.98,0.02,0.039119804400977995,705,400,False
model,0.96,0.5,3.5,0.2,score_point,0.0014184397163120568,3.44,0.98,0.02,0.039119804400977995,705,400,False
model,0.96,0.6,3.5,0.2,score_point,0.0014184397163120568,3.4419999999999997,0.98,0.02,0.039119804400977995,705,400,False
model,0.96,0.7,3.5,0.2,score_point,0.0014184397163120568,3.444,0.98,0.02,0.039119804400977995,705,400,False
model,0.96,0.8,3.5,0.2,score_point,0.0014184397163120568,3.446,0.98,0.02,0.039119804400977995,705,400,False
model,0.96,0.9,3.5,0.2,score_point,0.0014184397163120568,3.448,0.98,0.02,0.039119804400977995,705,400,False
model,0.96,1.0,3.5,0.2,score_point,0.0014184397163120568,3.45,0.98,0.02,0.039119804400977995,705,400,False
model,0.97,0.2,3.5,0.2,score_point,0.0014184397163120568,3.47525,0.9925,0.0075,0.014851485148514853,705,400,False
model,0.97,0.3,3.5,0.2,score_point,0.0014184397163120568,3.4760000000000004,0.9925,0.0075,0.014851485148514853,705,400,False
model,0.97,0.4,3.5,0.2,score_point,0.0014184397163120568,3.4767499999999996,0.9925,0.0075,0.014851485148514853,705,400,False
model,0.97,0.5,3.5,0.2,score_point,0.0014184397163120568,3.4775,0.9925,0.0075,0.014851485148514853,705,400,False
model,0.97,0.6,3.5,0.2,score_point,0.0014184397163120568,3.4782500000000005,0.9925,0.0075,0.014851485148514853,705,400,False
model,0.97,0.7,3.5,0.2,score_point,0.0014184397163120568,3.4789999999999996,0.9925,0.0075,0.014851485148514853,705,400,False
model,0.97,0.8,3.5,0.2,score_point,0.0014184397163120568,3.47975,0.9925,0.0075,0.014851485148514853,705,400,False
model,0.97,0.9,3.5,0.2,score_point,0.0014184397163120568,3.4804999999999997,0.9925,0.0075,0.014851485148514853,705,400,False
model,0.97,1.0,3.5,0.2,score_point,0.0014184397163120568,3.48125,0.9925,0.0075,0.014851485148514853,705,400,False
model,0.98,0.2,3.5,0.2,score_point,0.0014184397163120568,3.49175,0.9975,0.0025,0.0049751243781094535,705,400,False
model,0.98,0.3,3.5,0.2,score_point,0.0014184397163120568,3.492,0.9975,0.0025,0.0049751243781094535,705,400,False
model,0.98,0.4,3.5,0.2,score_point,0.0014184397163120568,3.4922500000000003,0.9975,0.0025,0.0049751243781094535,705,400,False
model,0.98,0.5,3.5,0.2,score_point,0.0014184397163120568,3.4925,0.9975,0.0025,0.0049751243781094535,705,400,False
model,0.98,0.6,3.5,0.2,score_point,0.0014184397163120568,3.4927499999999996,0.9975,0.0025,0.0049751243781094535,705,400,False
model,0.98,0.7,3.5,0.2,score_point,0.0014184397163120568,3.4930000000000003,0.9975,0.0025,0.0049751243781094535,705,400,False
model,0.98,0.8,3.5,0.2,score_point,0.0014184397163120568,3.4932499999999997,0.9975,0.0025,0.0049751243781094535,705,400,False
model,0.98,0.9,3.5,0.2,score_point,0.0014184397163120568,3.4935,0.9975,0.0025,0.0049751243781094535,705,400,False
model,0.98,1.0,3.5,0.2,score_point,0.0014184397163120568,3.49375,0.9975,0.0025,0.0049751243781094535,705,400,False
model,0.99,0.2,3.5,0.2,score_point,0.0014184397163120568,3.5,1.0,0.0,0.0,705,400,False
model,1.0,0.2,3.5,0.2,score_point,0.0014184397163120568,3.5,1.0,0.0,0.0,705,400,False
model,0.99,0.3,3.5,0.2,score_point,0.0014184397163120568,3.5,1.0,0.0,0.0,705,400,False
model,1.0,0.3,3.5,0.2,score_point,0.0014184397163120568,3.5,1.0,0.0,0.0,705,400,False
model,0.99,0.4,3.5,0.2,score_point,0.0014184397163120568,3.5,1.0,0.0,0.0,705,400,False
model,1.0,0.4,3.5,0.2,score_point,0.0014184397163120568,3.5,1.0,0.0,0.0,705,400,False
model,0.99,0.5,3.5,0.2,score_point,0.0014184397163120568,3.5,1.0,0.0,0.0,705,400,False
model,1.0,0.5,3.5,0.2,score_point,0.0014184397163120568,3.5,1.0,0.0,0.0,705,400,False
model,0.99,0.6,3.5,0.2,score_point,0.0014184397163120568,3.5,1.0,0.0,0.0,705,400,False
model,1.0,0.6,3.5,0.2,score_point,0.0014184397163120568,3.5,1.0,0.0,0.0,705,400,False
model,0.99,0.7,3.5,0.2,score_point,0.0014184397163120568,3.5,1.0,0.0,0.0,705,400,False
model,1.0,0.7,3.5,0.2,score_point,0.0014184397163120568,3.5,1.0,0.0,0.0,705,400,False
model,0.99,0.8,3.5,0.2,score_point,0.0014184397163120568,3.5,1.0,0.0,0.0,705,400,False
model,1.0,0.8,3.5,0.2,score_point,0.0014184397163120568,3.5,1.0,0.0,0.0,705,400,False
model,0.99,0.9,3.5,0.2,score_point,0.0014184397163120568,3.5,1.0,0.0,0.0,705,400,False
model,1.0,0.9,3.5,0.2,score_point,0.0014184397163120568,3.5,1.0,0.0,0.0,705,400,False
model,0.99,1.0,3.5,0.2,score_point,0.0014184397163120568,3.5,1.0,0.0,0.0,705,400,False
model,1.0,1.0,3.5,0.2,score_point,0.0014184397163120568,3.5,1.0,0.0,0.0,705,400,False
model,0.83,0.6,3.5,0.2,score_point,0.0028368794326241137,2.3110000000000004,0.59,0.41,0.5795053003533569,705,400,True
model,0.82,0.7,3.5,0.2,score_point,0.0028368794326241137,2.3309999999999995,0.5825,0.4175,0.5869947275922671,705,400,False
model,0.83,0.7,3.5,0.2,score_point,0.0028368794326241137,2.352,0.59,0.41,0.5795053003533569,705,400,False
model,0.82,0.8,3.5,0.2,score_point,0.0028368794326241137,2.3727500000000004,0.5825,0.4175,0.5869947275922671,705,400,False
model,0.84,0.6,3.5,0.2,score_point,0.0028368794326241137,2.37625,0.6125,0.3875,0.5565529622980251,705,400,False
model,0.83,0.8,3.5,0.2,score_point,0.0028368794326241137,2.3930000000000002,0.59,0.41,0.5795053003533569,705,400,False
model,0.82,0.9,3.5,0.2,score_point,0.0028368794326241137,2.4145,0.5825,0.4175,0.5869947275922671,705,400,False
model,0.84,0.7,3.5,0.2,score_point,0.0028368794326241137,2.415,0.6125,0.3875,0.5565529622980251,705,400,False
model,0.83,0.9,3.5,0.2,score_point,0.0028368794326241137,2.4339999999999997,0.59,0.41,0.5795053003533569,705,400,False
model,0.85,0.6,3.5,0.2,score_point,0.0028368794326241137,2.43425,0.6325,0.3675,0.5355191256830601,705,400,False
model,0.84,0.8,3.5,0.2,score_point,0.0028368794326241137,2.45375,0.6125,0.3875,0.5565529622980251,705,400,False
model,0.82,1.0,3.5,0.2,score_point,0.0028368794326241137,2.45625,0.5825,0.4175,0.5869947275922671,705,400,False
model,0.85,0.7,3.5,0.2,score_point,0.0028368794326241137,2.471,0.6325,0.3675,0.5355191256830601,705,400,False
model,0.83,1.0,3.5,0.2,score_point,0.0028368794326241137,2.475,0.59,0.41,0.5795053003533569,705,400,False
model,0.84,0.9,3.5,0.2,score_point,0.0028368794326241137,2.4925,0.6125,0.3875,0.5565529622980251,705,400,False
model,0.86,0.6,3.5,0.2,score_point,0.0028368794326241137,2.5067500000000003,0.6575,0.3425,0.5083487940630798,705,400,False
model,0.85,0.8,3.5,0.2,score_point,0.0028368794326241137,2.5077499999999997,0.6325,0.3675,0.5355191256830601,705,400,False
model,0.84,1.0,3.5,0.2,score_point,0.0028368794326241137,2.53125,0.6125,0.3875,0.5565529622980251,705,400,False
model,0.86,0.7,3.5,0.2,score_point,0.0028368794326241137,2.5409999999999995,0.6575,0.3425,0.5083487940630798,705,400,False
model,0.85,0.9,3.5,0.2,score_point,0.0028368794326241137,2.5444999999999998,0.6325,0.3675,0.5355191256830601,705,400,False
model,0.86,0.8,3.5,0.2,score_point,0.0028368794326241137,2.5752500000000005,0.6575,0.3425,0.5083487940630798,705,400,False
model,0.85,1.0,3.5,0.2,score_point,0.0028368794326241137,2.58125,0.6325,0.3675,0.5355191256830601,705,400,False
model,0.87,0.6,3.5,0.2,score_point,0.0028368794326241137,2.59375,0.6875,0.3125,0.47438330170777987,705,400,False
model,0.86,0.9,3.5,0.2,score_point,0.0028368794326241137,2.6094999999999997,0.6575,0.3425,0.5083487940630798,705,400,False
model,0.87,0.7,3.5,0.2,score_point,0.0028368794326241137,2.625,0.6875,0.3125,0.47438330170777987,705,400,False
model,0.86,1.0,3.5,0.2,score_point,0.0028368794326241137,2.64375,0.6575,0.3425,0.5083487940630798,705,400,False
model,0.87,0.8,3.5,0.2,score_point,0.0028368794326241137,2.65625,0.6875,0.3125,0.47438330170777987,705,400,False
model,0.87,0.9,3.5,0.2,score_point,0.0028368794326241137,2.6875,0.6875,0.3125,0.47438330170777987,705,400,False
model,0.87,1.0,3.5,0.2,score_point,0.0028368794326241137,2.71875,0.6875,0.3125,0.47438330170777987,705,400,False
model,0.88,0.6,3.5,0.2,score_point,0.0028368794326241137,2.7242500000000005,0.7325,0.2675,0.4204322200392928,705,400,False
model,0.88,0.7,3.5,0.2,score_point,0.0028368794326241137,2.7509999999999994,0.7325,0.2675,0.4204322200392928,705,400,False
model,0.88,0.8,3.5,0.2,score_point,0.0028368794326241137,2.77775,0.7325,0.2675,0.4204322200392928,705,400,False
model,0.88,0.9,3.5,0.2,score_point,0.0028368794326241137,2.804499999999999,0.7325,0.2675,0.4204322200392928,705,400,False
model,0.88,1.0,3.5,0.2,score_point,0.0028368794326241137,2.83125,0.7325,0.2675,0.4204322200392928,705,400,False
model,0.89,0.6,3.5,0.2,score_point,0.0028368794326241137,2.8620000000000005,0.78,0.22,0.35918367346938773,705,400,False
model,0.89,0.7,3.5,0.2,score_point,0.0028368794326241137,2.884,0.78,0.22,0.35918367346938773,705,400,False
model,0.89,0.8,3.5,0.2,score_point,0.0028368794326241137,2.906,0.78,0.22,0.35918367346938773,705,400,False
model,0.89,0.9,3.5,0.2,score_point,0.0028368794326241137,2.9279999999999995,0.78,0.22,0.35918367346938773,705,400,False
model,0.89,1.0,3.5,0.2,score_point,0.0028368794326241137,2.95,0.78,0.22,0.35918367346938773,705,400,False
model,0.9,0.6,3.5,0.2,score_point,0.0028368794326241137,2.9635000000000002,0.815,0.185,0.31092436974789917,705,400,False
model,0.9,0.7,3.5,0.2,score_point,0.0028368794326241137,2.9820000000000007,0.815,0.185,0.31092436974789917,705,400,False
model,0.9,0.8,3.5,0.2,score_point,0.0028368794326241137,3.0004999999999997,0.815,0.185,0.31092436974789917,705,400,False
model,0.9,0.9,3.5,0.2,score_point,0.0028368794326241137,3.0189999999999997,0.815,0.185,0.31092436974789917,705,400,False
model,0.9,1.0,3.5,0.2,score_point,0.0028368794326241137,3.0375,0.815,0.185,0.31092436974789917,705,400,False
model,0.91,0.6,3.5,0.2,score_point,0.0028368794326241137,3.0432500000000005,0.8425,0.1575,0.2709677419354839,705,400,False
model,0.91,0.7,3.5,0.2,score_point,0.0028368794326241137,3.0589999999999997,0.8425,0.1575,0.2709677419354839,705,400,False
model,0.91,0.8,3.5,0.2,score_point,0.0028368794326241137,3.0747500000000003,0.8425,0.1575,0.2709677419354839,705,400,False
model,0.91,0.9,3.5,0.2,score_point,0.0028368794326241137,3.0904999999999996,0.8425,0.1575,0.2709677419354839,705,400,False
model,0.91,1.0,3.5,0.2,score_point,0.0028368794326241137,3.10625,0.8425,0.1575,0.2709677419354839,705,400,False
model,0.92,0.6,3.5,0.2,score_point,0.0028368794326241137,3.1230000000000007,0.87,0.13,0.2290748898678414,705,400,False
model,0.92,0.7,3.5,0.2,score_point,0.0028368794326241137,3.136,0.87,0.13,0.2290748898678414,705,400,False
model,0.92,0.8,3.5,0.2,score_point,0.0028368794326241137,3.1489999999999996,0.87,0.13,0.2290748898678414,705,400,False
model,0.92,0.9,3.5,0.2,score_point,0.0028368794326241137,3.1619999999999995,0.87,0.13,0.2290748898678414,705,400,False
model,0.92,1.0,3.5,0.2,score_point,0.0028368794326241137,3.175,0.87,0.13,0.2290748898678414,705,400,False
model,0.93,0.2,3.5,0.2,score_point,0.0028368794326241137,3.1782500000000002,0.9025,0.0975,0.17687074829931976,705,400,False
model,0.93,0.3,3.5,0.2,score_point,0.0028368794326241137,3.1879999999999997,0.9025,0.0975,0.17687074829931976,705,400,False
model,0.93,0.4,3.5,0.2,score_point,0.0028368794326241137,3.1977499999999996,0.9025,0.0975,0.17687074829931976,705,400,False
model,0.93,0.5,3.5,0.2,score_point,0.0028368794326241137,3.2075,0.9025,0.0975,0.17687074829931976,705,400,False
model,0.93,0.6,3.5,0.2,score_point,0.0028368794326241137,3.2172500000000004,0.9025,0.0975,0.17687074829931976,705,400,False
model,0.93,0.7,3.5,0.2,score_point,0.0028368794326241137,3.2270000000000003,0.9025,0.0975,0.17687074829931976,705,400,False
model,0.93,0.8,3.5,0.2,score_point,0.0028368794326241137,3.2367499999999993,0.9025,0.0975,0.17687074829931976,705,400,False
model,0.93,0.9,3.5,0.2,score_point,0.0028368794326241137,3.2464999999999997,0.9025,0.0975,0.17687074829931976,705,400,False
model,0.93,1.0,3.5,0.2,score_point,0.0028368794326241137,3.25625,0.9025,0.0975,0.17687074829931976,705,400,False
model,0.74,0.8,3.5,0.2,score_point,0.00425531914893617,2.02175,0.4525,0.5475,0.7041800643086817,705,400,True
model,0.75,0.7,3.5,0.2,score_point,0.00425531914893617,2.03,0.475,0.525,0.6851549755301795,705,400,False
model,0.76,0.7,3.5,0.2,score_point,0.00425531914893617,2.03,0.475,0.525,0.6851549755301795,705,400,False
model,0.74,0.9,3.5,0.2,score_point,0.00425531914893617,2.0765,0.4525,0.5475,0.7041800643086817,705,400,False
model,0.75,0.8,3.5,0.2,score_point,0.00425531914893617,2.0825000000000005,0.475,0.525,0.6851549755301795,705,400,False
model,0.76,0.8,3.5,0.2,score_point,0.00425531914893617,2.0825000000000005,0.475,0.525,0.6851549755301795,705,400,False
model,0.77,0.7,3.5,0.2,score_point,0.00425531914893617,2.114,0.505,0.495,0.658901830282862,705,400,False
model,0.74,1.0,3.5,0.2,score_point,0.00425531914893617,2.13125,0.4525,0.5475,0.7041800643086817,705,400,False
model,0.75,0.9,3.5,0.2,score_point,0.00425531914893617,2.135,0.475,0.525,0.6851549755301795,705,400,False
model,0.76,0.9,3.5,0.2,score_point,0.00425531914893617,2.135,0.475,0.525,0.6851549755301795,705,400,False
model,0.78,0.7,3.5,0.2,score_point,0.00425531914893617,2.163,0.5225,0.4775,0.6430976430976431,705,400,False
model,0.77,0.8,3.5,0.2,score_point,0.00425531914893617,2.1635000000000004,0.505,0.495,0.658901830282862,705,400,False
model,0.79,0.7,3.5,0.2,score_point,0.00425531914893617,2.1839999999999997,0.53,0.47,0.6362098138747885,705,400,False
model,0.75,1.0,3.5,0.2,score_point,0.00425531914893617,2.1875,0.475,0.525,0.6851549755301795,705,400,False
model,0.76,1.0,3.5,0.2,score_point,0.00425531914893617,2.1875,0.475,0.525,0.6851549755301795,705,400,False
model,0.78,0.8,3.5,0.2,score_point,0.00425531914893617,2.21075,0.5225,0.4775,0.6430976430976431,705,400,False
model,0.77,0.9,3.5,0.2,score_point,0.00425531914893617,2.2129999999999996,0.505,0.495,0.658901830282862,705,400,False
model,0.79,0.8,3.5,0.2,score_point,0.00425531914893617,2.2310000000000003,0.53,0.47,0.6362098138747885,705,400,False
model,0.8,0.7,3.5,0.2,score_point,0.00425531914893617,2.24,0.55,0.45,0.6174957118353345,705,400,False
model,0.78,0.9,3.5,0.2,score_point,0.00425531914893617,2.2584999999999997,0.5225,0.4775,0.6430976430976431,705,400,False
model,0.77,1.0,3.5,0.2,score_point,0.00425531914893617,2.2625,0.505,0.495,0.658901830282862,705,400,False
model,0.79,0.9,3.5,0.2,score_point,0.00425531914893617,2.2779999999999996,0.53,0.47,0.6362098138747885,705,400,False
model,0.81,0.7,3.5,0.2,score_point,0.00425531914893617,2.282,0.565,0.435,0.6031195840554593,705,400,False
model,0.8,0.8,3.5,0.2,score_point,0.00425531914893617,2.285,0.55,0.45,0.6174957118353345,705,400,False
model,0.82,0.6,3.5,0.2,score_point,0.00425531914893617,2.28925,0.5825,0.4175,0.5859649122807017,705,400,False
model,0.78,1.0,3.5,0.2,score_point,0.00425531914893617,2.30625,0.5225,0.4775,0.6430976430976431,705,400,False
model,0.79,1.0,3.5,0.2,score_point,0.00425531914893617,2.325,0.53,0.47,0.6362098138747885,705,400,False
model,0.81,0.8,3.5,0.2,score_point,0.00425531914893617,2.3255,0.565,0.435,0.6031195840554593,705,400,False
model,0.8,0.9,3.5,0.2,score_point,0.00425531914893617,2.3299999999999996,0.55,0.45,0.6174957118353345,705,400,False
model,0.81,0.9,3.5,0.2,score_point,0.00425531914893617,2.3689999999999998,0.565,0.435,0.6031195840554593,705,400,False
model,0.8,1.0,3.5,0.2,score_point,0.00425531914893617,2.375,0.55,0.45,0.6174957118353345,705,400,False
model,0.81,1.0,3.5,0.2,score_point,0.00425531914893617,2.4125,0.565,0.435,0.6031195840554593,705,400,False
model,0.87,0.4,3.5,0.2,score_point,0.00425531914893617,2.5312499999999996,0.6875,0.3125,0.4734848484848485,705,400,False
model,0.87,0.5,3.5,0.2,score_point,0.00425531914893617,2.5625,0.6875,0.3125,0.4734848484848485,705,400,False
model,0.88,0.4,3.5,0.2,score_point,0.00425531914893617,2.6707499999999995,0.7325,0.2675,0.4196078431372549,705,400,False
model,0.88,0.5,3.5,0.2,score_point,0.00425531914893617,2.6975,0.7325,0.2675,0.4196078431372549,705,400,False
model,0.89,0.4,3.5,0.2,score_point,0.00425531914893617,2.8179999999999996,0.78,0.22,0.35845213849287166,705,400,False
model,0.89,0.5,3.5,0.2,score_point,0.00425531914893617,2.84,0.78,0.22,0.35845213849287166,705,400,False
model,0.9,0.4,3.5,0.2,score_point,0.00425531914893617,2.9265,0.815,0.185,0.31027253668763105,705,400,False
model,0.9,0.5,3.5,0.2,score_point,0.00425531914893617,2.945,0.815,0.185,0.31027253668763105,705,400,False
model,0.91,0.4,3.5,0.2,score_point,0.00425531914893617,3.0117499999999997,0.8425,0.1575,0.2703862660944206,705,400,False
model,0.91,0.5,3.5,0.2,score_point,0.00425531914893617,3.0275,0.8425,0.1575,0.2703862660944206,705,400,False
model,0.92,0.2,3.5,0.2,score_point,0.00425531914893617,3.071,0.87,0.13,0.2285714285714286,705,400,False
model,0.92,0.3,3.5,0.2,score_point,0.00425531914893617,3.0839999999999996,0.87,0.13,0.2285714285714286,705,400,False
model,0.92,0.4,3.5,0.2,score_point,0.00425531914893617,3.0969999999999995,0.87,0.13,0.2285714285714286,705,400,False
model,0.92,0.5,3.5,0.2,score_point,0.00425531914893617,3.11,0.87,0.13,0.2285714285714286,705,400,False
model,0.74,0.7,3.5,0.2,score_point,0.005673758865248227,1.9669999999999999,0.4525,0.5475,0.7030497592295345,705,400,True
model,0.73,0.8,3.5,0.2,score_point,0.005673758865248227,1.9745000000000004,0.435,0.565,0.7174603174603174,705,400,False
model,0.75,0.6,3.5,0.2,score_point,0.005673758865248227,1.9775,0.475,0.525,0.6840390879478827,705,400,False
model,0.76,0.6,3.5,0.2,score_point,0.005673758865248227,1.9775,0.475,0.525,0.6840390879478827,705,400,False
model,0.73,0.9,3.5,0.2,score_point,0.005673758865248227,2.0309999999999997,0.435,0.565,0.7174603174603174,705,400,False
model,0.77,0.6,3.5,0.2,score_point,0.005673758865248227,2.0645000000000007,0.505,0.495,0.6578073089700996,705,400,False
model,0.73,1.0,3.5,0.2,score_point,0.005673758865248227,2.0875,0.435,0.565,0.7174603174603174,705,400,False
model,0.78,0.6,3.5,0.2,score_point,0.005673758865248227,2.1152500000000005,0.5225,0.4775,0.642016806722689,705,400,False
model,0.79,0.6,3.5,0.2,score_point,0.005673758865248227,2.137,0.53,0.47,0.6351351351351351,705,400,False
model,0.8,0.6,3.5,0.2,score_point,0.005673758865248227,2.195,0.55,0.45,0.6164383561643836,705,400,False
model,0.83,0.4,3.5,0.2,score_point,0.005673758865248227,2.2289999999999996,0.59,0.41,0.5774647887323944,705,400,False
model,0.81,0.6,3.5,0.2,score_point,0.005673758865248227,2.2385,0.565,0.435,0.6020761245674741,705,400,False
model,0.83,0.5,3.5,0.2,score_point,0.005673758865248227,2.27,0.59,0.41,0.5774647887323944,705,400,False
model,0.84,0.4,3.5,0.2,score_point,0.005673758865248227,2.29875,0.6125,0.3875,0.5545617173524151,705,400,False
model,0.84,0.5,3.5,0.2,score_point,0.005673758865248227,2.3375,0.6125,0.3875,0.5545617173524151,705,400,False
model,0.85,0.4,3.5,0.2,score_point,0.005673758865248227,2.36075,0.6325,0.3675,0.5335753176043557,705,400,False
model,0.85,0.5,3.5,0.2,score_point,0.005673758865248227,2.3975,0.6325,0.3675,0.5335753176043557,705,400,False
model,0.86,0.4,3.5,0.2,score_point,0.005673758865248227,2.43825,0.6575,0.3425,0.5064695009242144,705,400,False
model,0.86,0.5,3.5,0.2,score_point,0.005673758865248227,2.4725,0.6575,0.3425,0.5064695009242144,705,400,False
model,0.94,0.2,3.0,0.2,score_point,0.005673758865248227,2.8110000000000004,0.9325,0.0675,0.12529002320185614,705,400,False
model,0.94,0.3,3.0,0.2,score_point,0.005673758865248227,2.8177499999999998,0.9325,0.0675,0.12529002320185614,705,400,False
model,0.94,0.4,3.0,0.2,score_point,0.005673758865248227,2.8245000000000005,0.9325,0.0675,0.12529002320185614,705,400,False
model,0.94,0.5,3.0,0.2,score_point,0.005673758865248227,2.83125,0.9325,0.0675,0.12529002320185614,705,400,False
model,0.94,0.6,3.0,0.2,score_point,0.005673758865248227,2.8379999999999996,0.9325,0.0675,0.12529002320185614,705,400,False
model,0.94,0.7,3.0,0.2,score_point,0.005673758865248227,2.8447500000000003,0.9325,0.0675,0.12529002320185614,705,400,False
model,0.94,0.8,3.0,0.2,score_point,0.005673758865248227,2.8514999999999997,0.9325,0.0675,0.12529002320185614,705,400,False
model,0.94,0.9,3.0,0.2,score_point,0.005673758865248227,2.8582500000000004,0.9325,0.0675,0.12529002320185614,705,400,False
model,0.94,1.0,3.0,0.2,score_point,0.005673758865248227,2.865,0.9325,0.0675,0.12529002320185614,705,400,False
model,0.95,0.2,3.0,0.2,score_point,0.005673758865248227,2.888000000000001,0.96,0.04,0.07619047619047618,705,400,False
model,0.95,0.3,3.0,0.2,score_point,0.005673758865248227,2.8919999999999995,0.96,0.04,0.07619047619047618,705,400,False
model,0.95,0.4,3.0,0.2,score_point,0.005673758865248227,2.8960000000000004,0.96,0.04,0.07619047619047618,705,400,False
model,0.95,0.5,3.0,0.2,score_point,0.005673758865248227,2.9,0.96,0.04,0.07619047619047618,705,400,False
model,0.95,0.6,3.0,0.2,score_point,0.005673758865248227,2.904,0.96,0.04,0.07619047619047618,705,400,False
model,0.9,0.3,3.5,0.2,score_point,0.005673758865248227,2.9079999999999995,0.815,0.185,0.30962343096234307,705,400,False
model,0.95,0.7,3.0,0.2,score_point,0.005673758865248227,2.908000000000001,0.96,0.04,0.07619047619047618,705,400,False
model,0.95,0.8,3.0,0.2,score_point,0.005673758865248227,2.9119999999999995,0.96,0.04,0.07619047619047618,705,400,False
model,0.95,0.9,3.0,0.2,score_point,0.005673758865248227,2.9160000000000004,0.96,0.04,0.07619047619047618,705,400,False
model,0.95,1.0,3.0,0.2,score_point,0.005673758865248227,2.92,0.96,0.04,0.07619047619047618,705,400,False
model,0.96,0.2,3.0,0.2,score_point,0.005673758865248227,2.944,0.98,0.02,0.038834951456310676,705,400,False
model,0.96,0.3,3.0,0.2,score_point,0.005673758865248227,2.946,0.98,0.02,0.038834951456310676,705,400,False
model,0.96,0.4,3.0,0.2,score_point,0.005673758865248227,2.948,0.98,0.02,0.038834951456310676,705,400,False
model,0.96,0.5,3.0,0.2,score_point,0.005673758865248227,2.95,0.98,0.02,0.038834951456310676,705,400,False
model,0.96,0.6,3.0,0.2,score_point,0.005673758865248227,2.952,0.98,0.02,0.038834951456310676,705,400,False
model,0.96,0.7,3.0,0.2,score_point,0.005673758865248227,2.9539999999999997,0.98,0.02,0.038834951456310676,705,400,False
model,0.96,0.8,3.0,0.2,score_point,0.005673758865248227,2.9560000000000004,0.98,0.02,0.038834951456310676,705,400,False
model,0.96,0.9,3.0,0.2,score_point,0.005673758865248227,2.958,0.98,0.02,0.038834951456310676,705,400,False
model,0.96,1.0,3.0,0.2,score_point,0.005673758865248227,2.96,0.98,0.02,0.038834951456310676,705,400,False
model,0.97,0.2,3.0,0.2,score_point,0.005673758865248227,2.9789999999999996,0.9925,0.0075,0.01474201474201474,705,400,False
model,0.97,0.3,3.0,0.2,score_point,0.005673758865248227,2.97975,0.9925,0.0075,0.01474201474201474,705,400,False
model,0.97,0.4,3.0,0.2,score_point,0.005673758865248227,2.9804999999999997,0.9925,0.0075,0.01474201474201474,705,400,False
model,0.97,0.5,3.0,0.2,score_point,0.005673758865248227,2.98125,0.9925,0.0075,0.01474201474201474,705,400,False
model,0.97,0.6,3.0,0.2,score_point,0.005673758865248227,2.9820000000000007,0.9925,0.0075,0.01474201474201474,705,400,False
model,0.97,0.7,3.0,0.2,score_point,0.005673758865248227,2.98275,0.9925,0.0075,0.01474201474201474,705,400,False
model,0.97,0.8,3.0,0.2,score_point,0.005673758865248227,2.9835000000000003,0.9925,0.0075,0.01474201474201474,705,400,False
model,0.97,0.9,3.0,0.2,score_point,0.005673758865248227,2.9842499999999994,0.9925,0.0075,0.01474201474201474,705,400,False
model,0.97,1.0,3.0,0.2,score_point,0.005673758865248227,2.985,0.9925,0.0075,0.01474201474201474,705,400,False
model,0.98,0.2,3.0,0.2,score_point,0.005673758865248227,2.9930000000000003,0.9975,0.0025,0.0049382716049382715,705,400,False
model,0.98,0.3,3.0,0.2,score_point,0.005673758865248227,2.9932499999999997,0.9975,0.0025,0.0049382716049382715,705,400,False
model,0.98,0.4,3.0,0.2,score_point,0.005673758865248227,2.9935,0.9975,0.0025,0.0049382716049382715,705,400,False
model,0.98,0.5,3.0,0.2,score_point,0.005673758865248227,2.99375,0.9975,0.0025,0.0049382716049382715,705,400,False
model,0.98,0.6,3.0,0.2,score_point,0.005673758865248227,2.9939999999999998,0.9975,0.0025,0.0049382716049382715,705,400,False
model,0.98,0.7,3.0,0.2,score_point,0.005673758865248227,2.99425,0.9975,0.0025,0.0049382716049382715,705,400,False
model,0.98,0.8,3.0,0.2,score_point,0.005673758865248227,2.9945,0.9975,0.0025,0.0049382716049382715,705,400,False
model,0.98,0.9,3.0,0.2,score_point,0.005673758865248227,2.9947500000000002,0.9975,0.0025,0.0049382716049382715,705,400,False
model,0.98,1.0,3.0,0.2,score_point,0.005673758865248227,2.995,0.9975,0.0025,0.0049382716049382715,705,400,False
model,0.91,0.3,3.5,0.2,score_point,0.005673758865248227,2.9960000000000004,0.8425,0.1575,0.2698072805139186,705,400,False
model,0.99,0.2,3.0,0.2,score_point,0.005673758865248227,3.0,1.0,0.0,0.0,705,400,False
model,1.0,0.2,3.0,0.2,score_point,0.005673758865248227,3.0,1.0,0.0,0.0,705,400,False
model,0.99,0.3,3.0,0.2,score_point,0.005673758865248227,3.0,1.0,0.0,0.0,705,400,False
model,1.0,0.3,3.0,0.2,score_point,0.005673758865248227,3.0,1.0,0.0,0.0,705,400,False
model,0.99,0.4,3.0,0.2,score_point,0.005673758865248227,3.0,1.0,0.0,0.0,705,400,False
model,1.0,0.4,3.0,0.2,score_point,0.005673758865248227,3.0,1.0,0.0,0.0,705,400,False
model,0.99,0.5,3.0,0.2,score_point,0.005673758865248227,3.0,1.0,0.0,0.0,705,400,False
model,1.0,0.5,3.0,0.2,score_point,0.005673758865248227,3.0,1.0,0.0,0.0,705,400,False
model,0.99,0.6,3.0,0.2,score_point,0.005673758865248227,3.0,1.0,0.0,0.0,705,400,False
model,1.0,0.6,3.0,0.2,score_point,0.005673758865248227,3.0,1.0,0.0,0.0,705,400,False
model,0.99,0.7,3.0,0.2,score_point,0.005673758865248227,3.0,1.0,0.0,0.0,705,400,False
model,1.0,0.7,3.0,0.2,score_point,0.005673758865248227,3.0,1.0,0.0,0.0,705,400,False
model,0.99,0.8,3.0,0.2,score_point,0.005673758865248227,3.0,1.0,0.0,0.0,705,400,False
model,1.0,0.8,3.0,0.2,score_point,0.005673758865248227,3.0,1.0,0.0,0.0,705,400,False
model,0.99,0.9,3.0,0.2,score_point,0.005673758865248227,3.0,1.0,0.0,0.0,705,400,False
model,1.0,0.9,3.0,0.2,score_point,0.005673758865248227,3.0,1.0,0.0,0.0,705,400,False
model,0.99,1.0,3.0,0.2,score_point,0.005673758865248227,3.0,1.0,0.0,0.0,705,400,False
model,1.0,1.0,3.0,0.2,score_point,0.005673758865248227,3.0,1.0,0.0,0.0,705,400,False
model,0.69,0.8,3.5,0.2,score_point,0.0070921985815602835,1.8462500000000004,0.3875,0.6125,0.7538461538461539,705,400,True
model,0.7,0.8,3.5,0.2,score_point,0.0070921985815602835,1.8867500000000001,0.4025,0.5975,0.7422360248447206,705,400,False
model,0.69,0.9,3.5,0.2,score_point,0.0070921985815602835,1.9075,0.3875,0.6125,0.7538461538461539,705,400,False
model,0.74,0.6,3.5,0.2,score_point,0.0070921985815602835,1.9122500000000002,0.4525,0.5475,0.7019230769230769,705,400,False
model,0.73,0.7,3.5,0.2,score_point,0.0070921985815602835,1.9179999999999995,0.435,0.565,0.716323296354992,705,400,False
model,0.71,0.8,3.5,0.2,score_point,0.0070921985815602835,1.9205,0.415,0.585,0.7323943661971831,705,400,False
model,0.7,0.9,3.5,0.2,score_point,0.0070921985815602835,1.9464999999999997,0.4025,0.5975,0.7422360248447206,705,400,False
model,0.72,0.8,3.5,0.2,score_point,0.0070921985815602835,1.9475000000000002,0.425,0.575,0.7244094488188976,705,400,False
model,0.69,1.0,3.5,0.2,score_point,0.0070921985815602835,1.96875,0.3875,0.6125,0.7538461538461539,705,400,False
model,0.71,0.9,3.5,0.2,score_point,0.0070921985815602835,1.9789999999999999,0.415,0.585,0.7323943661971831,705,400,False
model,0.72,0.9,3.5,0.2,score_point,0.0070921985815602835,2.005,0.425,0.575,0.7244094488188976,705,400,False
model,0.7,1.0,3.5,0.2,score_point,0.0070921985815602835,2.00625,0.4025,0.5975,0.7422360248447206,705,400,False
model,0.83,0.6,3.0,0.2,score_point,0.0070921985815602835,2.016,0.59,0.41,0.5764499121265377,705,400,False
model,0.71,1.0,3.5,0.2,score_point,0.0070921985815602835,2.0375,0.415,0.585,0.7323943661971831,705,400,False
model,0.82,0.7,3.0,0.2,score_point,0.0070921985815602835,2.0397499999999997,0.5825,0.4175,0.5839160839160839,705,400,False
model,0.83,0.7,3.0,0.2,score_point,0.0070921985815602835,2.057,0.59,0.41,0.5764499121265377,705,400,False
model,0.72,1.0,3.5,0.2,score_point,0.0070921985815602835,2.0625,0.425,0.575,0.7244094488188976,705,400,False
model,0.84,0.6,3.0,0.2,score_point,0.0070921985815602835,2.07,0.6125,0.3875,0.5535714285714286,705,400,False
model,0.82,0.8,3.0,0.2,score_point,0.0070921985815602835,2.0815,0.5825,0.4175,0.5839160839160839,705,400,False
model,0.83,0.8,3.0,0.2,score_point,0.0070921985815602835,2.0980000000000003,0.59,0.41,0.5764499121265377,705,400,False
model,0.84,0.7,3.0,0.2,score_point,0.0070921985815602835,2.10875,0.6125,0.3875,0.5535714285714286,705,400,False
model,0.85,0.6,3.0,0.2,score_point,0.0070921985815602835,2.1180000000000003,0.6325,0.3675,0.532608695652174,705,400,False
model,0.82,0.9,3.0,0.2,score_point,0.0070921985815602835,2.12325,0.5825,0.4175,0.5839160839160839,705,400,False
model,0.83,0.9,3.0,0.2,score_point,0.0070921985815602835,2.139,0.59,0.41,0.5764499121265377,705,400,False
model,0.84,0.8,3.0,0.2,score_point,0.0070921985815602835,2.1475,0.6125,0.3875,0.5535714285714286,705,400,False
model,0.85,0.7,3.0,0.2,score_point,0.0070921985815602835,2.1547499999999995,0.6325,0.3675,0.532608695652174,705,400,False
model,0.82,1.0,3.0,0.2,score_point,0.0070921985815602835,2.165,0.5825,0.4175,0.5839160839160839,705,400,False
model,0.86,0.6,3.0,0.2,score_point,0.0070921985815602835,2.178,0.6575,0.3425,0.5055350553505535,705,400,False
model,0.83,1.0,3.0,0.2,score_point,0.0070921985815602835,2.18,0.59,0.41,0.5764499121265377,705,400,False
model,0.84,0.9,3.0,0.2,score_point,0.0070921985815602835,2.18625,0.6125,0.3875,0.5535714285714286,705,400,False
model,0.85,0.8,3.0,0.2,score_point,0.0070921985815602835,2.1915000000000004,0.6325,0.3675,0.532608695652174,705,400,False
model,0.82,0.4,3.5,0.2,score_point,0.0070921985815602835,2.20575,0.5825,0.4175,0.5839160839160839,705,400,False
model,0.86,0.7,3.0,0.2,score_point,0.0070921985815602835,2.2122499999999996,0.6575,0.3425,0.5055350553505535,705,400,False
model,0.84,1.0,3.0,0.2,score_point,0.0070921985815602835,2.225,0.6125,0.3875,0.5535714285714286,705,400,False
model,0.85,0.9,3.0,0.2,score_point,0.0070921985815602835,2.22825,0.6325,0.3675,0.532608695652174,705,400,False
model,0.86,0.8,3.0,0.2,score_point,0.0070921985815602835,2.2465,0.6575,0.3425,0.5055350553505535,705,400,False
model,0.82,0.5,3.5,0.2,score_point,0.0070921985815602835,2.2475,0.5825,0.4175,0.5839160839160839,705,400,False
model,0.87,0.6,3.0,0.2,score_point,0.0070921985815602835,2.2500000000000004,0.6875,0.3125,0.4716981132075471,705,400,False
model,0.85,1.0,3.0,0.2,score_point,0.0070921985815602835,2.265,0.6325,0.3675,0.532608695652174,705,400,False
model,0.86,0.9,3.0,0.2,score_point,0.0070921985815602835,2.28075,0.6575,0.3425,0.5055350553505535,705,400,False
model,0.87,0.7,3.0,0.2,score_point,0.0070921985815602835,2.2812499999999996,0.6875,0.3125,0.4716981132075471,705,400,False
model,0.87,0.8,3.0,0.2,score_point,0.0070921985815602835,2.3125000000000004,0.6875,0.3125,0.4716981132075471,705,400,False
model,0.86,1.0,3.0,0.2,score_point,0.0070921985815602835,2.315,0.6575,0.3425,0.5055350553505535,705,400,False
model,0.87,0.9,3.0,0.2,score_point,0.0070921985815602835,2.3437499999999996,0.6875,0.3125,0.4716981132075471,705,400,False
model,0.88,0.6,3.0,0.2,score_point,0.0070921985815602835,2.358,0.7325,0.2675,0.41796875000000006,705,400,False
model,0.87,1.0,3.0,0.2,score_point,0.0070921985815602835,2.375,0.6875,0.3125,0.4716981132075471,705,400,False
model,0.88,0.7,3.0,0.2,score_point,0.0070921985815602835,2.3847499999999995,0.7325,0.2675,0.41796875000000006,705,400,False
model,0.88,0.8,3.0,0.2,score_point,0.0070921985815602835,2.4115,0.7325,0.2675,0.41796875000000006,705,400,False
model,0.88,0.9,3.0,0.2,score_point,0.0070921985815602835,2.43825,0.7325,0.2675,0.41796875000000006,705,400,False
model,0.88,1.0,3.0,0.2,score_point,0.0070921985815602835,2.465,0.7325,0.2675,0.41796875000000006,705,400,False
model,0.89,0.6,3.0,0.2,score_point,0.0070921985815602835,2.472,0.78,0.22,0.3569979716024341,705,400,False
model,0.89,0.7,3.0,0.2,score_point,0.0070921985815602835,2.4939999999999998,0.78,0.22,0.3569979716024341,705,400,False
model,0.89,0.8,3.0,0.2,score_point,0.0070921985815602835,2.516,0.78,0.22,0.3569979716024341,705,400,False
model,0.89,0.9,3.0,0.2,score_point,0.0070921985815602835,2.538,0.78,0.22,0.3569979716024341,705,400,False
model,0.9,0.6,3.0,0.2,score_point,0.0070921985815602835,2.556,0.815,0.185,0.30897703549060546,705,400,False
model,0.89,1.0,3.0,0.2,score_point,0.0070921985815602835,2.56,0.78,0.22,0.3569979716024341,705,400,False
model,0.9,0.7,3.0,0.2,score_point,0.0070921985815602835,2.5745,0.815,0.185,0.30897703549060546,705,400,False
model,0.9,0.8,3.0,0.2,score_point,0.0070921985815602835,2.593,0.815,0.185,0.30897703549060546,705,400,False
model,0.9,0.9,3.0,0.2,score_point,0.0070921985815602835,2.6115,0.815,0.185,0.30897703549060546,705,400,False
model,0.91,0.6,3.0,0.2,score_point,0.0070921985815602835,2.6220000000000003,0.8425,0.1575,0.2692307692307693,705,400,False
model,0.9,1.0,3.0,0.2,score_point,0.0070921985815602835,2.63,0.815,0.185,0.30897703549060546,705,400,False
model,0.91,0.7,3.0,0.2,score_point,0.0070921985815602835,2.6377499999999996,0.8425,0.1575,0.2692307692307693,705,400,False
model,0.91,0.8,3.0,0.2,score_point,0.0070921985815602835,2.6535,0.8425,0.1575,0.2692307692307693,705,400,False
model,0.91,0.9,3.0,0.2,score_point,0.0070921985815602835,2.6692499999999995,0.8425,0.1575,0.2692307692307693,705,400,False
model,0.91,1.0,3.0,0.2,score_point,0.0070921985815602835,2.685,0.8425,0.1575,0.2692307692307693,705,400,False
model,0.92,0.6,3.0,0.2,score_point,0.0070921985815602835,2.688,0.87,0.13,0.22757111597374177,705,400,False
model,0.92,0.7,3.0,0.2,score_point,0.0070921985815602835,2.701,0.87,0.13,0.22757111597374177,705,400,False
model,0.92,0.8,3.0,0.2,score_point,0.0070921985815602835,2.714,0.87,0.13,0.22757111597374177,705,400,False
model,0.92,0.9,3.0,0.2,score_point,0.0070921985815602835,2.727,0.87,0.13,0.22757111597374177,705,400,False
model,0.93,0.2,3.0,0.2,score_point,0.0070921985815602835,2.7270000000000003,0.9025,0.0975,0.17567567567567569,705,400,False
model,0.93,0.3,3.0,0.2,score_point,0.0070921985815602835,2.7367499999999993,0.9025,0.0975,0.17567567567567569,705,400,False
model,0.92,1.0,3.0,0.2,score_point,0.0070921985815602835,2.74,0.87,0.13,0.22757111597374177,705,400,False
model,0.93,0.4,3.0,0.2,score_point,0.0070921985815602835,2.7464999999999997,0.9025,0.0975,0.17567567567567569,705,400,False
model,0.93,0.5,3.0,0.2,score_point,0.0070921985815602835,2.75625,0.9025,0.0975,0.17567567567567569,705,400,False
model,0.93,0.6,3.0,0.2,score_point,0.0070921985815602835,2.766,0.9025,0.0975,0.17567567567567569,705,400,False
model,0.93,0.7,3.0,0.2,score_point,0.0070921985815602835,2.77575,0.9025,0.0975,0.17567567567567569,705,400,False
model,0.93,0.8,3.0,0.2,score_point,0.0070921985815602835,2.7855000000000003,0.9025,0.0975,0.17567567567567569,705,400,False
model,0.93,0.9,3.0,0.2,score_point,0.0070921985815602835,2.79525,0.9025,0.0975,0.17567567567567569,705,400,False
model,0.93,1.0,3.0,0.2,score_point,0.0070921985815602835,2.805,0.9025,0.0975,0.17567567567567569,705,400,False
model,0.9,0.2,3.5,0.2,score_point,0.0070921985815602835,2.8895000000000004,0.815,0.185,0.30897703549060546,705,400,False
model,0.91,0.2,3.5,0.2,score_point,0.0070921985815602835,2.98025,0.8425,0.1575,0.2692307692307693,705,400,False
model,0.69,0.7,3.5,0.2,score_point,0.00851063829787234,1.7849999999999997,0.3875,0.6125,0.7526881720430109,705,400,True
model,0.75,0.7,3.0,0.2,score_point,0.00851063829787234,1.7924999999999998,0.475,0.525,0.6818181818181818,705,400,False
model,0.76,0.7,3.0,0.2,score_point,0.00851063829787234,1.7924999999999998,0.475,0.525,0.6818181818181818,705,400,False
model,0.74,0.8,3.0,0.2,score_point,0.00851063829787234,1.7955,0.4525,0.5475,0.7008,705,400,False
model,0.68,0.8,3.5,0.2,score_point,0.00851063829787234,1.81925,0.3775,0.6225,0.7603053435114503,705,400,False
model,0.7,0.7,3.5,0.2,score_point,0.00851063829787234,1.827,0.4025,0.5975,0.7410852713178294,705,400,False
model,0.75,0.8,3.0,0.2,score_point,0.00851063829787234,1.8450000000000002,0.475,0.525,0.6818181818181818,705,400,False
model,0.76,0.8,3.0,0.2,score_point,0.00851063829787234,1.8450000000000002,0.475,0.525,0.6818181818181818,705,400,False
model,0.74,0.9,3.0,0.2,score_point,0.00851063829787234,1.8502499999999997,0.4525,0.5475,0.7008,705,400,False
model,0.77,0.7,3.0,0.2,score_point,0.00851063829787234,1.8614999999999997,0.505,0.495,0.6556291390728477,705,400,False
model,0.73,0.6,3.5,0.2,score_point,0.00851063829787234,1.8615000000000004,0.435,0.565,0.7151898734177216,705,400,False
model,0.71,0.7,3.5,0.2,score_point,0.00851063829787234,1.8619999999999999,0.415,0.585,0.73125,705,400,False
model,0.75,0.4,3.5,0.2,score_point,0.00851063829787234,1.8725,0.475,0.525,0.6818181818181818,705,400,False
model,0.76,0.4,3.5,0.2,score_point,0.00851063829787234,1.8725,0.475,0.525,0.6818181818181818,705,400,False
model,0.68,0.9,3.5,0.2,score_point,0.00851063829787234,1.8814999999999997,0.3775,0.6225,0.7603053435114503,705,400,False
model,0.72,0.7,3.5,0.2,score_point,0.00851063829787234,1.8899999999999997,0.425,0.575,0.7232704402515723,705,400,False
model,0.75,0.9,3.0,0.2,score_point,0.00851063829787234,1.8975,0.475,0.525,0.6818181818181818,705,400,False
model,0.76,0.9,3.0,0.2,score_point,0.00851063829787234,1.8975,0.475,0.525,0.6818181818181818,705,400,False
model,0.78,0.7,3.0,0.2,score_point,0.00851063829787234,1.9017499999999998,0.5225,0.4775,0.6398659966499163,705,400,False
model,0.74,1.0,3.0,0.2,score_point,0.00851063829787234,1.905,0.4525,0.5475,0.7008,705,400,False
model,0.77,0.8,3.0,0.2,score_point,0.00851063829787234,1.9110000000000003,0.505,0.495,0.6556291390728477,705,400,False
model,0.79,0.7,3.0,0.2,score_point,0.00851063829787234,1.9189999999999998,0.53,0.47,0.632996632996633,705,400,False
model,0.75,0.5,3.5,0.2,score_point,0.00851063829787234,1.925,0.475,0.525,0.6818181818181818,705,400,False
model,0.76,0.5,3.5,0.2,score_point,0.00851063829787234,1.925,0.475,0.525,0.6818181818181818,705,400,False
model,0.68,1.0,3.5,0.2,score_point,0.00851063829787234,1.94375,0.3775,0.6225,0.7603053435114503,705,400,False
model,0.78,0.8,3.0,0.2,score_point,0.00851063829787234,1.9495000000000002,0.5225,0.4775,0.6398659966499163,705,400,False
model,0.75,1.0,3.0,0.2,score_point,0.00851063829787234,1.95,0.475,0.525,0.6818181818181818,705,400,False
model,0.76,1.0,3.0,0.2,score_point,0.00851063829787234,1.95,0.475,0.525,0.6818181818181818,705,400,False
model,0.77,0.9,3.0,0.2,score_point,0.00851063829787234,1.9605,0.505,0.495,0.6556291390728477,705,400,False
model,0.8,0.7,3.0,0.2,score_point,0.00851063829787234,1.965,0.55,0.45,0.6143344709897611,705,400,False
model,0.77,0.4,3.5,0.2,score_point,0.00851063829787234,1.9654999999999996,0.505,0.495,0.6556291390728477,705,400,False
model,0.79,0.8,3.0,0.2,score_point,0.00851063829787234,1.9660000000000002,0.53,0.47,0.632996632996633,705,400,False
model,0.78,0.9,3.0,0.2,score_point,0.00851063829787234,1.9972499999999997,0.5225,0.4775,0.6398659966499163,705,400,False
model,0.82,0.6,3.0,0.2,score_point,0.00851063829787234,1.9980000000000002,0.5825,0.4175,0.5828970331588131,705,400,False
model,0.81,0.7,3.0,0.2,score_point,0.00851063829787234,1.9994999999999998,0.565,0.435,0.6,705,400,False
model,0.77,1.0,3.0,0.2,score_point,0.00851063829787234,2.01,0.505,0.495,0.6556291390728477,705,400,False
model,0.8,0.8,3.0,0.2,score_point,0.00851063829787234,2.01,0.55,0.45,0.6143344709897611,705,400,False
model,0.79,0.9,3.0,0.2,score_point,0.00851063829787234,2.013,0.53,0.47,0.632996632996633,705,400,False
model,0.77,0.5,3.5,0.2,score_point,0.00851063829787234,2.015,0.505,0.495,0.6556291390728477,705,400,False
model,0.78,0.4,3.5,0.2,score_point,0.00851063829787234,2.0197499999999997,0.5225,0.4775,0.6398659966499163,705,400,False
model,0.79,0.4,3.5,0.2,score_point,0.00851063829787234,2.0429999999999997,0.53,0.47,0.632996632996633,705,400,False
model,0.81,0.8,3.0,0.2,score_point,0.00851063829787234,2.043,0.565,0.435,0.6,705,400,False
model,0.78,1.0,3.0,0.2,score_point,0.00851063829787234,2.045,0.5225,0.4775,0.6398659966499163,705,400,False
model,0.8,0.9,3.0,0.2,score_point,0.00851063829787234,2.055,0.55,0.45,0.6143344709897611,705,400,False
model,0.79,1.0,3.0,0.2,score_point,0.00851063829787234,2.06,0.53,0.47,0.632996632996633,705,400,False
model,0.78,0.5,3.5,0.2,score_point,0.00851063829787234,2.0675,0.5225,0.4775,0.6398659966499163,705,400,False
model,0.81,0.9,3.0,0.2,score_point,0.00851063829787234,2.0864999999999996,0.565,0.435,0.6,705,400,False
model,0.79,0.5,3.5,0.2,score_point,0.00851063829787234,2.09,0.53,0.47,0.632996632996633,705,400,False
model,0.8,1.0,3.0,0.2,score_point,0.00851063829787234,2.1,0.55,0.45,0.6143344709897611,705,400,False
model,0.8,0.4,3.5,0.2,score_point,0.00851063829787234,2.105,0.55,0.45,0.6143344709897611,705,400,False
model,0.81,1.0,3.0,0.2,score_point,0.00851063829787234,2.13,0.565,0.435,0.6,705,400,False
model,0.8,0.5,3.5,0.2,score_point,0.00851063829787234,2.15,0.55,0.45,0.6143344709897611,705,400,False
model,0.81,0.4,3.5,0.2,score_point,0.00851063829787234,2.1515,0.565,0.435,0.6,705,400,False
model,0.87,0.4,3.0,0.2,score_point,0.00851063829787234,2.1874999999999996,0.6875,0.3125,0.4708097928436911,705,400,False
model,0.81,0.5,3.5,0.2,score_point,0.00851063829787234,2.195,0.565,0.435,0.6,705,400,False
model,0.87,0.5,3.0,0.2,score_point,0.00851063829787234,2.21875,0.6875,0.3125,0.4708097928436911,705,400,False
model,0.88,0.4,3.0,0.2,score_point,0.00851063829787234,2.3045,0.7325,0.2675,0.4171539961013646,705,400,False
model,0.88,0.5,3.0,0.2,score_point,0.00851063829787234,2.33125,0.7325,0.2675,0.4171539961013646,705,400,False
model,0.89,0.4,3.0,0.2,score_point,0.00851063829787234,2.428,0.78,0.22,0.3562753036437247,705,400,False
model,0.89,0.5,3.0,0.2,score_point,0.00851063829787234,2.45,0.78,0.22,0.3562753036437247,705,400,False
model,0.87,0.3,3.5,0.2,score_point,0.00851063829787234,2.5,0.6875,0.3125,0.4708097928436911,705,400,False
model,0.9,0.4,3.0,0.2,score_point,0.00851063829787234,2.5189999999999997,0.815,0.185,0.3083333333333333,705,400,False
model,0.9,0.5,3.0,0.2,score_point,0.00851063829787234,2.5375,0.815,0.185,0.3083333333333333,705,400,False
model,0.91,0.4,3.0,0.2,score_point,0.00851063829787234,2.5904999999999996,0.8425,0.1575,0.26865671641791045,705,400,False
model,0.91,0.5,3.0,0.2,score_point,0.00851063829787234,2.60625,0.8425,0.1575,0.26865671641791045,705,400,False
model,0.92,0.2,3.0,0.2,score_point,0.00851063829787234,2.636,0.87,0.13,0.2270742358078603,705,400,False
model,0.88,0.3,3.5,0.2,score_point,0.00851063829787234,2.644,0.7325,0.2675,0.4171539961013646,705,400,False
model,0.92,0.3,3.0,0.2,score_point,0.00851063829787234,2.6489999999999996,0.87,0.13,0.2270742358078603,705,400,False
model,0.92,0.4,3.0,0.2,score_point,0.00851063829787234,2.662,0.87,0.13,0.2270742358078603,705,400,False
model,0.92,0.5,3.0,0.2,score_point,0.00851063829787234,2.675,0.87,0.13,0.2270742358078603,705,400,False
model,0.89,0.3,3.5,0.2,score_point,0.00851063829787234,2.7960000000000003,0.78,0.22,0.3562753036437247,705,400,False
model,0.75,0.6,3.0,0.2,score_point,0.009929078014184398,1.74,0.475,0.525,0.6807131280388979,705,400,False
model,0.76,0.6,3.0,0.2,score_point,0.009929078014184398,1.74,0.475,0.525,0.6807131280388979,705,400,True
model,0.74,0.7,3.0,0.2,score_point,0.009929078014184398,1.7407499999999998,0.4525,0.5475,0.6996805111821086,705,400,False
model,0.68,0.7,3.5,0.2,score_point,0.009929078014184398,1.757,0.3775,0.6225,0.7591463414634148,705,400,False
model,0.73,0.8,3.0,0.2,score_point,0.009929078014184398,1.7570000000000006,0.435,0.565,0.7140600315955764,705,400,False
model,0.65,0.8,3.5,0.2,score_point,0.009929078014184398,1.7585000000000002,0.355,0.645,0.7759398496240603,705,400,False
model,0.7,0.6,3.5,0.2,score_point,0.009929078014184398,1.7672500000000002,0.4025,0.5975,0.7399380804953561,705,400,False
model,0.66,0.8,3.5,0.2,score_point,0.009929078014184398,1.7787500000000003,0.3625,0.6375,0.770392749244713,705,400,False
model,0.67,0.8,3.5,0.2,score_point,0.009929078014184398,1.7990000000000004,0.37,0.63,0.7647951441578149,705,400,False
model,0.71,0.6,3.5,0.2,score_point,0.009929078014184398,1.8035000000000003,0.415,0.585,0.7301092043681746,705,400,False
model,0.77,0.6,3.0,0.2,score_point,0.009929078014184398,1.8119999999999998,0.505,0.495,0.6545454545454544,705,400,False
model,0.73,0.9,3.0,0.2,score_point,0.009929078014184398,1.8134999999999997,0.435,0.565,0.7140600315955764,705,400,False
model,0.65,0.9,3.5,0.2,score_point,0.009929078014184398,1.8229999999999997,0.355,0.645,0.7759398496240603,705,400,False
model,0.72,0.6,3.5,0.2,score_point,0.009929078014184398,1.8325,0.425,0.575,0.7221350078492936,705,400,False
model,0.66,0.9,3.5,0.2,score_point,0.009929078014184398,1.8425,0.3625,0.6375,0.770392749244713,705,400,False
model,0.78,0.6,3.0,0.2,score_point,0.009929078014184398,1.854,0.5225,0.4775,0.6387959866220736,705,400,False
model,0.67,0.9,3.5,0.2,score_point,0.009929078014184398,1.8619999999999997,0.37,0.63,0.7647951441578149,705,400,False
model,0.73,1.0,3.0,0.2,score_point,0.009929078014184398,1.87,0.435,0.565,0.7140600315955764,705,400,False
model,0.79,0.6,3.0,0.2,score_point,0.009929078014184398,1.8719999999999999,0.53,0.47,0.6319327731092438,705,400,False
model,0.65,1.0,3.5,0.2,score_point,0.009929078014184398,1.8875,0.355,0.645,0.7759398496240603,705,400,False
model,0.66,1.0,3.5,0.2,score_point,0.009929078014184398,1.90625,0.3625,0.6375,0.770392749244713,705,400,False
model,0.8,0.6,3.0,0.2,score_point,0.009929078014184398,1.92,0.55,0.45,0.6132879045996593,705,400,False
model,0.67,1.0,3.5,0.2,score_point,0.009929078014184398,1.925,0.37,0.63,0.7647951441578149,705,400,False
model,0.83,0.4,3.0,0.2,score_point,0.009929078014184398,1.9339999999999997,0.59,0.41,0.574430823117338,705,400,False
model,0.81,0.6,3.0,0.2,score_point,0.009929078014184398,1.9560000000000002,0.565,0.435,0.5989672977624785,705,400,False
model,0.83,0.5,3.0,0.2,score_point,0.009929078014184398,1.975,0.59,0.41,0.574430823117338,705,400,False
model,0.84,0.4,3.0,0.2,score_point,0.009929078014184398,1.9925,0.6125,0.3875,0.5516014234875445,705,400,False
model,0.84,0.5,3.0,0.2,score_point,0.009929078014184398,2.03125,0.6125,0.3875,0.5516014234875445,705,400,False
model,0.85,0.4,3.0,0.2,score_point,0.009929078014184398,2.0444999999999998,0.6325,0.3675,0.5306859205776174,705,400,False
model,0.85,0.5,3.0,0.2,score_point,0.009929078014184398,2.08125,0.6325,0.3675,0.5306859205776174,705,400,False
model,0.86,0.4,3.0,0.2,score_point,0.009929078014184398,2.1094999999999997,0.6575,0.3425,0.5036764705882354,705,400,False
model,0.86,0.5,3.0,0.2,score_point,0.009929078014184398,2.14375,0.6575,0.3425,0.5036764705882354,705,400,False
model,0.83,0.3,3.5,0.2,score_point,0.009929078014184398,2.188,0.59,0.41,0.574430823117338,705,400,False
model,0.84,0.3,3.5,0.2,score_point,0.009929078014184398,2.26,0.6125,0.3875,0.5516014234875445,705,400,False
model,0.85,0.3,3.5,0.2,score_point,0.009929078014184398,2.324,0.6325,0.3675,0.5306859205776174,705,400,False
model,0.86,0.3,3.5,0.2,score_point,0.009929078014184398,2.4040000000000004,0.6575,0.3425,0.5036764705882354,705,400,False
model,0.87,0.2,3.5,0.2,score_point,0.009929078014184398,2.46875,0.6875,0.3125,0.4699248120300752,705,400,False
model,0.9,0.3,3.0,0.2,score_point,0.009929078014184398,2.5005,0.815,0.185,0.3076923076923077,705,400,False
model,0.91,0.3,3.0,0.2,score_point,0.009929078014184398,2.5747500000000003,0.8425,0.1575,0.2680851063829787,705,400,False
model,0.88,0.2,3.5,0.2,score_point,0.009929078014184398,2.61725,0.7325,0.2675,0.4163424124513619,705,400,False
model,0.89,0.2,3.5,0.2,score_point,0.009929078014184398,2.7739999999999996,0.78,0.22,0.35555555555555557,705,400,False
model,0.69,0.8,3.0,0.2,score_point,0.011347517730496455,1.6525000000000003,0.3875,0.6125,0.7503828483920368,705,400,True
model,0.59,0.8,3.5,0.2,score_point,0.011347517730496455,1.6640000000000004,0.32,0.68,0.8,705,400,False
model,0.6,0.8,3.5,0.2,score_point,0.011347517730496455,1.6775000000000002,0.325,0.675,0.7964601769911505,705,400,False
model,0.7,0.8,3.0,0.2,score_point,0.011347517730496455,1.6855000000000002,0.4025,0.5975,0.7387944358578054,705,400,False
model,0.74,0.6,3.0,0.2,score_point,0.011347517730496455,1.6860000000000002,0.4525,0.5475,0.6985645933014354,705,400,False
model,0.65,0.7,3.5,0.2,score_point,0.011347517730496455,1.6939999999999997,0.355,0.645,0.7747747747747747,705,400,False
model,0.61,0.8,3.5,0.2,score_point,0.011347517730496455,1.6977500000000003,0.3325,0.6675,0.7911111111111111,705,400,False
model,0.73,0.7,3.0,0.2,score_point,0.011347517730496455,1.7004999999999995,0.435,0.565,0.7129337539432177,705,400,False
model,0.62,0.8,3.5,0.2,score_point,0.011347517730496455,1.7112500000000004,0.3375,0.6625,0.787518573551263,705,400,False
model,0.71,0.8,3.0,0.2,score_point,0.011347517730496455,1.713,0.415,0.585,0.7289719626168224,705,400,False
model,0.69,0.9,3.0,0.2,score_point,0.011347517730496455,1.71375,0.3875,0.6125,0.7503828483920368,705,400,False
model,0.66,0.7,3.5,0.2,score_point,0.011347517730496455,1.7149999999999996,0.3625,0.6375,0.7692307692307692,705,400,False
model,0.69,0.6,3.5,0.2,score_point,0.011347517730496455,1.72375,0.3875,0.6125,0.7503828483920368,705,400,False
model,0.63,0.8,3.5,0.2,score_point,0.011347517730496455,1.7247500000000002,0.3425,0.6575,0.7839046199701937,705,400,False
model,0.59,0.9,3.5,0.2,score_point,0.011347517730496455,1.732,0.32,0.68,0.8,705,400,False
model,0.72,0.8,3.0,0.2,score_point,0.011347517730496455,1.7350000000000003,0.425,0.575,0.7210031347962382,705,400,False
model,0.67,0.7,3.5,0.2,score_point,0.011347517730496455,1.7359999999999998,0.37,0.63,0.7636363636363637,705,400,False
model,0.64,0.8,3.5,0.2,score_point,0.011347517730496455,1.73825,0.3475,0.6525,0.7802690582959642,705,400,False
model,0.6,0.9,3.5,0.2,score_point,0.011347517730496455,1.7449999999999997,0.325,0.675,0.7964601769911505,705,400,False
model,0.7,0.9,3.0,0.2,score_point,0.011347517730496455,1.7452499999999997,0.4025,0.5975,0.7387944358578054,705,400,False
model,0.61,0.9,3.5,0.2,score_point,0.011347517730496455,1.7645,0.3325,0.6675,0.7911111111111111,705,400,False
model,0.71,0.9,3.0,0.2,score_point,0.011347517730496455,1.7714999999999999,0.415,0.585,0.7289719626168224,705,400,False
model,0.69,1.0,3.0,0.2,score_point,0.011347517730496455,1.775,0.3875,0.6125,0.7503828483920368,705,400,False
model,0.62,0.9,3.5,0.2,score_point,0.011347517730496455,1.7774999999999996,0.3375,0.6625,0.787518573551263,705,400,False
model,0.63,0.9,3.5,0.2,score_point,0.011347517730496455,1.7904999999999998,0.3425,0.6575,0.7839046199701937,705,400,False
model,0.72,0.9,3.0,0.2,score_point,0.011347517730496455,1.7924999999999998,0.425,0.575,0.7210031347962382,705,400,False
model,0.59,1.0,3.5,0.2,score_point,0.011347517730496455,1.8,0.32,0.68,0.8,705,400,False
model,0.74,0.4,3.5,0.2,score_point,0.011347517730496455,1.8027499999999999,0.4525,0.5475,0.6985645933014354,705,400,False
model,0.64,0.9,3.5,0.2,score_point,0.011347517730496455,1.8034999999999997,0.3475,0.6525,0.7802690582959642,705,400,False
model,0.7,1.0,3.0,0.2,score_point,0.011347517730496455,1.805,0.4025,0.5975,0.7387944358578054,705,400,False
model,0.6,1.0,3.5,0.2,score_point,0.011347517730496455,1.8125,0.325,0.675,0.7964601769911505,705,400,False
model,0.71,1.0,3.0,0.2,score_point,0.011347517730496455,1.83,0.415,0.585,0.7289719626168224,705,400,False
model,0.61,1.0,3.5,0.2,score_point,0.011347517730496455,1.83125,0.3325,0.6675,0.7911111111111111,705,400,False
model,0.62,1.0,3.5,0.2,score_point,0.011347517730496455,1.84375,0.3375,0.6625,0.787518573551263,705,400,False
model,0.72,1.0,3.0,0.2,score_point,0.011347517730496455,1.85,0.425,0.575,0.7210031347962382,705,400,False
model,0.63,1.0,3.5,0.2,score_point,0.011347517730496455,1.85625,0.3425,0.6575,0.7839046199701937,705,400,False
model,0.74,0.5,3.5,0.2,score_point,0.011347517730496455,1.8575,0.4525,0.5475,0.6985645933014354,705,400,False
model,0.64,1.0,3.5,0.2,score_point,0.011347517730496455,1.86875,0.3475,0.6525,0.7802690582959642,705,400,False
model,0.82,0.4,3.0,0.2,score_point,0.011347517730496455,1.9144999999999999,0.5825,0.4175,0.5808695652173914,705,400,False
model,0.82,0.5,3.0,0.2,score_point,0.011347517730496455,1.95625,0.5825,0.4175,0.5808695652173914,705,400,False
model,0.83,0.2,3.5,0.2,score_point,0.011347517730496455,2.147,0.59,0.41,0.5734265734265734,705,400,False
model,0.82,0.3,3.5,0.2,score_point,0.011347517730496455,2.164,0.5825,0.4175,0.5808695652173914,705,400,False
model,0.84,0.2,3.5,0.2,score_point,0.011347517730496455,2.22125,0.6125,0.3875,0.5506216696269982,705,400,False
model,0.85,0.2,3.5,0.2,score_point,0.011347517730496455,2.28725,0.6325,0.3675,0.5297297297297296,705,400,False
model,0.86,0.2,3.5,0.2,score_point,0.011347517730496455,2.36975,0.6575,0.3425,0.5027522935779816,705,400,False
model,0.9,0.2,3.0,0.2,score_point,0.011347517730496455,2.4819999999999998,0.815,0.185,0.3070539419087137,705,400,False
model,0.91,0.2,3.0,0.2,score_point,0.011347517730496455,2.5589999999999997,0.8425,0.1575,0.267515923566879,705,400,False
model,0.55,0.8,3.5,0.2,score_point,0.01276595744680851,1.5897500000000002,0.2925,0.7075,0.8179190751445087,705,400,False
model,0.56,0.8,3.5,0.2,score_point,0.01276595744680851,1.5897500000000002,0.2925,0.7075,0.8179190751445087,705,400,True
model,0.69,0.7,3.0,0.2,score_point,0.01276595744680851,1.5912499999999996,0.3875,0.6125,0.7492354740061162,705,400,False
model,0.59,0.7,3.5,0.2,score_point,0.01276595744680851,1.5959999999999996,0.32,0.68,0.7988252569750367,705,400,False
model,0.6,0.7,3.5,0.2,score_point,0.01276595744680851,1.61,0.325,0.675,0.7952871870397644,705,400,False
model,0.57,0.8,3.5,0.2,score_point,0.01276595744680851,1.6235000000000002,0.305,0.695,0.8093158660844252,705,400,False
model,0.7,0.7,3.0,0.2,score_point,0.01276595744680851,1.6257499999999998,0.4025,0.5975,0.7376543209876544,705,400,False
model,0.58,0.8,3.5,0.2,score_point,0.01276595744680851,1.6302500000000004,0.3075,0.6925,0.8075801749271138,705,400,False
model,0.68,0.8,3.0,0.2,score_point,0.01276595744680851,1.6305,0.3775,0.6225,0.7568389057750761,705,400,False
model,0.61,0.7,3.5,0.2,score_point,0.01276595744680851,1.631,0.3325,0.6675,0.7899408284023668,705,400,False
model,0.75,0.4,3.0,0.2,score_point,0.01276595744680851,1.635,0.475,0.525,0.6785137318255251,705,400,False
model,0.76,0.4,3.0,0.2,score_point,0.01276595744680851,1.635,0.475,0.525,0.6785137318255251,705,400,False
model,0.73,0.6,3.0,0.2,score_point,0.01276595744680851,1.6439999999999997,0.435,0.565,0.7118110236220472,705,400,False
model,0.62,0.7,3.5,0.2,score_point,0.01276595744680851,1.6449999999999998,0.3375,0.6625,0.7863501483679525,705,400,False
model,0.71,0.7,3.0,0.2,score_point,0.01276595744680851,1.6544999999999999,0.415,0.585,0.7278382581648523,705,400,False
model,0.63,0.7,3.5,0.2,score_point,0.01276595744680851,1.6589999999999998,0.3425,0.6575,0.7827380952380952,705,400,False
model,0.55,0.9,3.5,0.2,score_point,0.01276595744680851,1.6605,0.2925,0.7075,0.8179190751445087,705,400,False
model,0.56,0.9,3.5,0.2,score_point,0.01276595744680851,1.6605,0.2925,0.7075,0.8179190751445087,705,400,False
model,0.64,0.7,3.5,0.2,score_point,0.01276595744680851,1.6729999999999998,0.3475,0.6525,0.7791044776119402,705,400,False
model,0.72,0.7,3.0,0.2,score_point,0.01276595744680851,1.6774999999999998,0.425,0.575,0.7198748043818467,705,400,False
model,0.75,0.5,3.0,0.2,score_point,0.01276595744680851,1.6875,0.475,0.525,0.6785137318255251,705,400,False
model,0.76,0.5,3.0,0.2,score_point,0.01276595744680851,1.6875,0.475,0.525,0.6785137318255251,705,400,False
model,0.68,0.9,3.0,0.2,score_point,0.01276595744680851,1.6927499999999998,0.3775,0.6225,0.7568389057750761,705,400,False
model,0.57,0.9,3.5,0.2,score_point,0.01276595744680851,1.693,0.305,0.695,0.8093158660844252,705,400,False
model,0.68,0.6,3.5,0.2,score_point,0.01276595744680851,1.6947500000000002,0.3775,0.6225,0.7568389057750761,705,400,False
model,0.58,0.9,3.5,0.2,score_point,0.01276595744680851,1.6994999999999998,0.3075,0.6925,0.8075801749271138,705,400,False
model,0.77,0.4,3.0,0.2,score_point,0.01276595744680851,1.713,0.505,0.495,0.6523887973640857,705,400,False
model,0.55,1.0,3.5,0.2,score_point,0.01276595744680851,1.73125,0.2925,0.7075,0.8179190751445087,705,400,False
model,0.56,1.0,3.5,0.2,score_point,0.01276595744680851,1.73125,0.2925,0.7075,0.8179190751445087,705,400,False
model,0.73,0.4,3.5,0.2,score_point,0.01276595744680851,1.7484999999999997,0.435,0.565,0.7118110236220472,705,400,False
model,0.68,1.0,3.0,0.2,score_point,0.01276595744680851,1.755,0.3775,0.6225,0.7568389057750761,705,400,False
model,0.78,0.4,3.0,0.2,score_point,0.01276595744680851,1.7585000000000002,0.5225,0.4775,0.6366666666666667,705,400,False
model,0.57,1.0,3.5,0.2,score_point,0.01276595744680851,1.7625,0.305,0.695,0.8093158660844252,705,400,False
model,0.77,0.5,3.0,0.2,score_point,0.01276595744680851,1.7625,0.505,0.495,0.6523887973640857,705,400,False
model,0.58,1.0,3.5,0.2,score_point,0.01276595744680851,1.76875,0.3075,0.6925,0.8075801749271138,705,400,False
model,0.79,0.4,3.0,0.2,score_point,0.01276595744680851,1.778,0.53,0.47,0.6298157453936348,705,400,False
model,0.73,0.5,3.5,0.2,score_point,0.01276595744680851,1.805,0.435,0.565,0.7118110236220472,705,400,False
model,0.78,0.5,3.0,0.2,score_point,0.01276595744680851,1.80625,0.5225,0.4775,0.6366666666666667,705,400,False
model,0.75,0.3,3.5,0.2,score_point,0.01276595744680851,1.8200000000000003,0.475,0.525,0.6785137318255251,705,400,False
model,0.76,0.3,3.5,0.2,score_point,0.01276595744680851,1.8200000000000003,0.475,0.525,0.6785137318255251,705,400,False
model,0.79,0.5,3.0,0.2,score_point,0.01276595744680851,1.825,0.53,0.47,0.6298157453936348,705,400,False
model,0.8,0.4,3.0,0.2,score_point,0.01276595744680851,1.83,0.55,0.45,0.6112054329371817,705,400,False
model,0.81,0.4,3.0,0.2,score_point,0.01276595744680851,1.8689999999999998,0.565,0.435,0.5969125214408233,705,400,False
model,0.8,0.5,3.0,0.2,score_point,0.01276595744680851,1.875,0.55,0.45,0.6112054329371817,705,400,False
model,0.81,0.5,3.0,0.2,score_point,0.01276595744680851,1.9125,0.565,0.435,0.5969125214408233,705,400,False
model,0.77,0.3,3.5,0.2,score_point,0.01276595744680851,1.9160000000000001,0.505,0.495,0.6523887973640857,705,400,False
model,0.78,0.3,3.5,0.2,score_point,0.01276595744680851,1.9720000000000002,0.5225,0.4775,0.6366666666666667,705,400,False
model,0.79,0.3,3.5,0.2,score_point,0.01276595744680851,1.9960000000000002,0.53,0.47,0.6298157453936348,705,400,False
model,0.8,0.3,3.5,0.2,score_point,0.01276595744680851,2.06,0.55,0.45,0.6112054329371817,705,400,False
model,0.81,0.3,3.5,0.2,score_point,0.01276595744680851,2.108,0.565,0.435,0.5969125214408233,705,400,False
model,0.87,0.3,3.0,0.2,score_point,0.01276595744680851,2.1562500000000004,0.6875,0.3125,0.4681647940074906,705,400,False
model,0.88,0.3,3.0,0.2,score_point,0.01276595744680851,2.27775,0.7325,0.2675,0.4147286821705427,705,400,False
model,0.94,0.2,2.5,0.2,score_point,0.01276595744680851,2.3447500000000003,0.9325,0.0675,0.12385321100917432,705,400,False
model,0.94,0.3,2.5,0.2,score_point,0.01276595744680851,2.3514999999999997,0.9325,0.0675,0.12385321100917432,705,400,False
model,0.94,0.4,2.5,0.2,score_point,0.01276595744680851,2.35825,0.9325,0.0675,0.12385321100917432,705,400,False
model,0.94,0.5,2.5,0.2,score_point,0.01276595744680851,2.365,0.9325,0.0675,0.12385321100917432,705,400,False
model,0.94,0.6,2.5,0.2,score_point,0.01276595744680851,2.37175,0.9325,0.0675,0.12385321100917432,705,400,False
model,0.94,0.7,2.5,0.2,score_point,0.01276595744680851,2.3785000000000003,0.9325,0.0675,0.12385321100917432,705,400,False
model,0.94,0.8,2.5,0.2,score_point,0.01276595744680851,2.3852499999999996,0.9325,0.0675,0.12385321100917432,705,400,False
model,0.94,0.9,2.5,0.2,score_point,0.01276595744680851,2.392,0.9325,0.0675,0.12385321100917432,705,400,False
model,0.94,1.0,2.5,0.2,score_point,0.01276595744680851,2.39875,0.9325,0.0675,0.12385321100917432,705,400,False
model,0.89,0.3,3.0,0.2,score_point,0.01276595744680851,2.406,0.78,0.22,0.35412474849094566,705,400,False
model,0.95,0.2,2.5,0.2,score_point,0.01276595744680851,2.408,0.96,0.04,0.07529411764705882,705,400,False
model,0.95,0.3,2.5,0.2,score_point,0.01276595744680851,2.412,0.96,0.04,0.07529411764705882,705,400,False
model,0.95,0.4,2.5,0.2,score_point,0.01276595744680851,2.4159999999999995,0.96,0.04,0.07529411764705882,705,400,False
model,0.95,0.5,2.5,0.2,score_point,0.01276595744680851,2.42,0.96,0.04,0.07529411764705882,705,400,False
model,0.95,0.6,2.5,0.2,score_point,0.01276595744680851,2.4240000000000004,0.96,0.04,0.07529411764705882,705,400,False
model,0.95,0.7,2.5,0.2,score_point,0.01276595744680851,2.428,0.96,0.04,0.07529411764705882,705,400,False
model,0.95,0.8,2.5,0.2,score_point,0.01276595744680851,2.4320000000000004,0.96,0.04,0.07529411764705882,705,400,False
model,0.95,0.9,2.5,0.2,score_point,0.01276595744680851,2.4359999999999995,0.96,0.04,0.07529411764705882,705,400,False
model,0.95,1.0,2.5,0.2,score_point,0.01276595744680851,2.44,0.96,0.04,0.07529411764705882,705,400,False
model,0.96,0.2,2.5,0.2,score_point,0.01276595744680851,2.454,0.98,0.02,0.03836930455635492,705,400,False
model,0.96,0.3,2.5,0.2,score_point,0.01276595744680851,2.456,0.98,0.02,0.03836930455635492,705,400,False
model,0.96,0.4,2.5,0.2,score_point,0.01276595744680851,2.458,0.98,0.02,0.03836930455635492,705,400,False
model,0.96,0.5,2.5,0.2,score_point,0.01276595744680851,2.46,0.98,0.02,0.03836930455635492,705,400,False
model,0.96,0.6,2.5,0.2,score_point,0.01276595744680851,2.4619999999999997,0.98,0.02,0.03836930455635492,705,400,False
model,0.96,0.7,2.5,0.2,score_point,0.01276595744680851,2.464,0.98,0.02,0.03836930455635492,705,400,False
model,0.96,0.8,2.5,0.2,score_point,0.01276595744680851,2.466,0.98,0.02,0.03836930455635492,705,400,False
model,0.96,0.9,2.5,0.2,score_point,0.01276595744680851,2.468,0.98,0.02,0.03836930455635492,705,400,False
model,0.96,1.0,2.5,0.2,score_point,0.01276595744680851,2.47,0.98,0.02,0.03836930455635492,705,400,False
model,0.97,0.2,2.5,0.2,score_point,0.01276595744680851,2.48275,0.9925,0.0075,0.014563106796116504,705,400,False
model,0.97,0.3,2.5,0.2,score_point,0.01276595744680851,2.4835000000000003,0.9925,0.0075,0.014563106796116504,705,400,False
model,0.97,0.4,2.5,0.2,score_point,0.01276595744680851,2.48425,0.9925,0.0075,0.014563106796116504,705,400,False
model,0.97,0.5,2.5,0.2,score_point,0.01276595744680851,2.485,0.9925,0.0075,0.014563106796116504,705,400,False
model,0.97,0.6,2.5,0.2,score_point,0.01276595744680851,2.4857500000000003,0.9925,0.0075,0.014563106796116504,705,400,False
model,0.97,0.7,2.5,0.2,score_point,0.01276595744680851,2.4865,0.9925,0.0075,0.014563106796116504,705,400,False
model,0.97,0.8,2.5,0.2,score_point,0.01276595744680851,2.4872500000000004,0.9925,0.0075,0.014563106796116504,705,400,False
model,0.97,0.9,2.5,0.2,score_point,0.01276595744680851,2.488,0.9925,0.0075,0.014563106796116504,705,400,False
model,0.97,1.0,2.5,0.2,score_point,0.01276595744680851,2.48875,0.9925,0.0075,0.014563106796116504,705,400,False
model,0.98,0.2,2.5,0.2,score_point,0.01276595744680851,2.49425,0.9975,0.0025,0.004878048780487805,705,400,False
model,0.98,0.3,2.5,0.2,score_point,0.01276595744680851,2.4945,0.9975,0.0025,0.004878048780487805,705,400,False
model,0.98,0.4,2.5,0.2,score_point,0.01276595744680851,2.49475,0.9975,0.0025,0.004878048780487805,705,400,False
model,0.98,0.5,2.5,0.2,score_point,0.01276595744680851,2.495,0.9975,0.0025,0.004878048780487805,705,400,False
model,0.98,0.6,2.5,0.2,score_point,0.01276595744680851,2.49525,0.9975,0.0025,0.004878048780487805,705,400,False
model,0.98,0.7,2.5,0.2,score_point,0.01276595744680851,2.4955000000000003,0.9975,0.0025,0.004878048780487805,705,400,False
model,0.98,0.8,2.5,0.2,score_point,0.01276595744680851,2.4957499999999997,0.9975,0.0025,0.004878048780487805,705,400,False
model,0.98,0.9,2.5,0.2,score_point,0.01276595744680851,2.496,0.9975,0.0025,0.004878048780487805,705,400,False
model,0.98,1.0,2.5,0.2,score_point,0.01276595744680851,2.49625,0.9975,0.0025,0.004878048780487805,705,400,False
model,0.99,0.2,2.5,0.2,score_point,0.01276595744680851,2.5,1.0,0.0,0.0,705,400,False
model,1.0,0.2,2.5,0.2,score_point,0.01276595744680851,2.5,1.0,0.0,0.0,705,400,False
model,0.99,0.3,2.5,0.2,score_point,0.01276595744680851,2.5,1.0,0.0,0.0,705,400,False
model,1.0,0.3,2.5,0.2,score_point,0.01276595744680851,2.5,1.0,0.0,0.0,705,400,False
model,0.99,0.4,2.5,0.2,score_point,0.01276595744680851,2.5,1.0,0.0,0.0,705,400,False
model,1.0,0.4,2.5,0.2,score_point,0.01276595744680851,2.5,1.0,0.0,0.0,705,400,False
model,0.99,0.5,2.5,0.2,score_point,0.01276595744680851,2.5,1.0,0.0,0.0,705,400,False
model,1.0,0.5,2.5,0.2,score_point,0.01276595744680851,2.5,1.0,0.0,0.0,705,400,False
model,0.99,0.6,2.5,0.2,score_point,0.01276595744680851,2.5,1.0,0.0,0.0,705,400,False
model,1.0,0.6,2.5,0.2,score_point,0.01276595744680851,2.5,1.0,0.0,0.0,705,400,False
model,0.99,0.7,2.5,0.2,score_point,0.01276595744680851,2.5,1.0,0.0,0.0,705,400,False
model,1.0,0.7,2.5,0.2,score_point,0.01276595744680851,2.5,1.0,0.0,0.0,705,400,False
model,0.99,0.8,2.5,0.2,score_point,0.01276595744680851,2.5,1.0,0.0,0.0,705,400,False
model,1.0,0.8,2.5,0.2,score_point,0.01276595744680851,2.5,1.0,0.0,0.0,705,400,False
model,0.99,0.9,2.5,0.2,score_point,0.01276595744680851,2.5,1.0,0.0,0.0,705,400,False
model,1.0,0.9,2.5,0.2,score_point,0.01276595744680851,2.5,1.0,0.0,0.0,705,400,False
model,0.99,1.0,2.5,0.2,score_point,0.01276595744680851,2.5,1.0,0.0,0.0,705,400,False
model,1.0,1.0,2.5,0.2,score_point,0.01276595744680851,2.5,1.0,0.0,0.0,705,400,False
model,0.55,0.7,3.5,0.2,score_point,0.014184397163120567,1.5189999999999997,0.2925,0.7075,0.8167388167388169,705,400,False
model,0.56,0.7,3.5,0.2,score_point,0.014184397163120567,1.5189999999999997,0.2925,0.7075,0.8167388167388169,705,400,True
model,0.52,0.8,3.5,0.2,score_point,0.014184397163120567,1.5290000000000004,0.27,0.73,0.8319088319088319,705,400,False
model,0.57,0.7,3.5,0.2,score_point,0.014184397163120567,1.5539999999999998,0.305,0.695,0.8081395348837209,705,400,False
model,0.53,0.8,3.5,0.2,score_point,0.014184397163120567,1.5560000000000003,0.28,0.72,0.825214899713467,705,400,False
model,0.58,0.7,3.5,0.2,score_point,0.014184397163120567,1.5609999999999997,0.3075,0.6925,0.8064046579330422,705,400,False
model,0.7,0.6,3.0,0.2,score_point,0.014184397163120567,1.5659999999999998,0.4025,0.5975,0.736517719568567,705,400,False
model,0.68,0.7,3.0,0.2,score_point,0.014184397163120567,1.56825,0.3775,0.6225,0.7556904400606981,705,400,False
model,0.54,0.8,3.5,0.2,score_point,0.014184397163120567,1.57625,0.2875,0.7125,0.8201438848920863,705,400,False
model,0.65,0.8,3.0,0.2,score_point,0.014184397163120567,1.5810000000000002,0.355,0.645,0.7724550898203593,705,400,False
model,0.71,0.6,3.0,0.2,score_point,0.014184397163120567,1.5960000000000003,0.415,0.585,0.7267080745341614,705,400,False
model,0.66,0.8,3.0,0.2,score_point,0.014184397163120567,1.5975000000000004,0.3625,0.6375,0.7669172932330827,705,400,False
model,0.52,0.9,3.5,0.2,score_point,0.014184397163120567,1.6019999999999999,0.27,0.73,0.8319088319088319,705,400,False
model,0.47,1.0,3.5,0.2,score_point,0.014184397163120567,1.60625,0.2425,0.7575,0.8499298737727911,705,400,False
model,0.67,0.8,3.0,0.2,score_point,0.014184397163120567,1.6140000000000003,0.37,0.63,0.7613293051359518,705,400,False
model,0.72,0.6,3.0,0.2,score_point,0.014184397163120567,1.62,0.425,0.575,0.71875,705,400,False
model,0.48,1.0,3.5,0.2,score_point,0.014184397163120567,1.625,0.25,0.75,0.8450704225352113,705,400,False
model,0.53,0.9,3.5,0.2,score_point,0.014184397163120567,1.628,0.28,0.72,0.825214899713467,705,400,False
model,0.65,0.6,3.5,0.2,score_point,0.014184397163120567,1.6295,0.355,0.645,0.7724550898203593,705,400,False
model,0.49,1.0,3.5,0.2,score_point,0.014184397163120567,1.63125,0.2525,0.7475,0.843441466854725,705,400,False
model,0.5,1.0,3.5,0.2,score_point,0.014184397163120567,1.63125,0.2525,0.7475,0.843441466854725,705,400,False
model,0.65,0.9,3.0,0.2,score_point,0.014184397163120567,1.6454999999999997,0.355,0.645,0.7724550898203593,705,400,False
model,0.54,0.9,3.5,0.2,score_point,0.014184397163120567,1.6475,0.2875,0.7125,0.8201438848920863,705,400,False
model,0.66,0.6,3.5,0.2,score_point,0.014184397163120567,1.65125,0.3625,0.6375,0.7669172932330827,705,400,False
model,0.66,0.9,3.0,0.2,score_point,0.014184397163120567,1.66125,0.3625,0.6375,0.7669172932330827,705,400,False
model,0.67,0.6,3.5,0.2,score_point,0.014184397163120567,1.673,0.37,0.63,0.7613293051359518,705,400,False
model,0.51,1.0,3.5,0.2,score_point,0.014184397163120567,1.675,0.27,0.73,0.8319088319088319,705,400,False
model,0.52,1.0,3.5,0.2,score_point,0.014184397163120567,1.675,0.27,0.73,0.8319088319088319,705,400,False
model,0.67,0.9,3.0,0.2,score_point,0.014184397163120567,1.6769999999999998,0.37,0.63,0.7613293051359518,705,400,False
model,0.53,1.0,3.5,0.2,score_point,0.014184397163120567,1.7,0.28,0.72,0.825214899713467,705,400,False
model,0.7,0.5,3.5,0.2,score_point,0.014184397163120567,1.7075,0.4025,0.5975,0.736517719568567,705,400,False
model,0.65,1.0,3.0,0.2,score_point,0.014184397163120567,1.71,0.355,0.645,0.7724550898203593,705,400,False
model,0.72,0.4,3.5,0.2,score_point,0.014184397163120567,1.7175,0.425,0.575,0.71875,705,400,False
model,0.54,1.0,3.5,0.2,score_point,0.014184397163120567,1.71875,0.2875,0.7125,0.8201438848920863,705,400,False
model,0.83,0.6,2.5,0.2,score_point,0.014184397163120567,1.7210000000000003,0.59,0.41,0.5714285714285714,705,400,False
model,0.66,1.0,3.0,0.2,score_point,0.014184397163120567,1.725,0.3625,0.6375,0.7669172932330827,705,400,False
model,0.67,1.0,3.0,0.2,score_point,0.014184397163120567,1.74,0.37,0.63,0.7613293051359518,705,400,False
model,0.71,0.5,3.5,0.2,score_point,0.014184397163120567,1.745,0.415,0.585,0.7267080745341614,705,400,False
model,0.82,0.7,2.5,0.2,score_point,0.014184397163120567,1.7484999999999997,0.5825,0.4175,0.5788561525129983,705,400,False
model,0.83,0.7,2.5,0.2,score_point,0.014184397163120567,1.7619999999999998,0.59,0.41,0.5714285714285714,705,400,False
model,0.84,0.6,2.5,0.2,score_point,0.014184397163120567,1.76375,0.6125,0.3875,0.5486725663716815,705,400,False
model,0.72,0.5,3.5,0.2,score_point,0.014184397163120567,1.775,0.425,0.575,0.71875,705,400,False
model,0.82,0.8,2.5,0.2,score_point,0.014184397163120567,1.7902500000000003,0.5825,0.4175,0.5788561525129983,705,400,False
model,0.85,0.6,2.5,0.2,score_point,0.014184397163120567,1.8017500000000002,0.6325,0.3675,0.5278276481149013,705,400,False
model,0.84,0.7,2.5,0.2,score_point,0.014184397163120567,1.8025,0.6125,0.3875,0.5486725663716815,705,400,False
model,0.83,0.8,2.5,0.2,score_point,0.014184397163120567,1.8030000000000002,0.59,0.41,0.5714285714285714,705,400,False
model,0.82,0.9,2.5,0.2,score_point,0.014184397163120567,1.8319999999999999,0.5825,0.4175,0.5788561525129983,705,400,False
model,0.85,0.7,2.5,0.2,score_point,0.014184397163120567,1.8384999999999996,0.6325,0.3675,0.5278276481149013,705,400,False
model,0.84,0.8,2.5,0.2,score_point,0.014184397163120567,1.84125,0.6125,0.3875,0.5486725663716815,705,400,False
model,0.83,0.9,2.5,0.2,score_point,0.014184397163120567,1.8439999999999999,0.59,0.41,0.5714285714285714,705,400,False
model,0.86,0.6,2.5,0.2,score_point,0.014184397163120567,1.84925,0.6575,0.3425,0.5009140767824497,705,400,False
model,0.82,1.0,2.5,0.2,score_point,0.014184397163120567,1.87375,0.5825,0.4175,0.5788561525129983,705,400,False
model,0.85,0.8,2.5,0.2,score_point,0.014184397163120567,1.8752500000000003,0.6325,0.3675,0.5278276481149013,705,400,False
model,0.84,0.9,2.5,0.2,score_point,0.014184397163120567,1.88,0.6125,0.3875,0.5486725663716815,705,400,False
model,0.86,0.7,2.5,0.2,score_point,0.014184397163120567,1.8834999999999997,0.6575,0.3425,0.5009140767824497,705,400,False
model,0.83,1.0,2.5,0.2,score_point,0.014184397163120567,1.885,0.59,0.41,0.5714285714285714,705,400,False
model,0.83,0.3,3.0,0.2,score_point,0.014184397163120567,1.893,0.59,0.41,0.5714285714285714,705,400,False
model,0.87,0.6,2.5,0.2,score_point,0.014184397163120567,1.90625,0.6875,0.3125,0.4672897196261682,705,400,False
model,0.85,0.9,2.5,0.2,score_point,0.014184397163120567,1.912,0.6325,0.3675,0.5278276481149013,705,400,False
model,0.86,0.8,2.5,0.2,score_point,0.014184397163120567,1.9177500000000003,0.6575,0.3425,0.5009140767824497,705,400,False
model,0.84,1.0,2.5,0.2,score_point,0.014184397163120567,1.91875,0.6125,0.3875,0.5486725663716815,705,400,False
model,0.87,0.7,2.5,0.2,score_point,0.014184397163120567,1.9374999999999998,0.6875,0.3125,0.4672897196261682,705,400,False
model,0.85,1.0,2.5,0.2,score_point,0.014184397163120567,1.94875,0.6325,0.3675,0.5278276481149013,705,400,False
model,0.86,0.9,2.5,0.2,score_point,0.014184397163120567,1.952,0.6575,0.3425,0.5009140767824497,705,400,False
model,0.84,0.3,3.0,0.2,score_point,0.014184397163120567,1.95375,0.6125,0.3875,0.5486725663716815,705,400,False
model,0.87,0.8,2.5,0.2,score_point,0.014184397163120567,1.9687500000000002,0.6875,0.3125,0.4672897196261682,705,400,False
model,0.86,1.0,2.5,0.2,score_point,0.014184397163120567,1.98625,0.6575,0.3425,0.5009140767824497,705,400,False
model,0.88,0.6,2.5,0.2,score_point,0.014184397163120567,1.9917500000000001,0.7325,0.2675,0.41392649903288203,705,400,False
model,0.87,0.9,2.5,0.2,score_point,0.014184397163120567,2.0,0.6875,0.3125,0.4672897196261682,705,400,False
model,0.85,0.3,3.0,0.2,score_point,0.014184397163120567,2.00775,0.6325,0.3675,0.5278276481149013,705,400,False
model,0.88,0.7,2.5,0.2,score_point,0.014184397163120567,2.0184999999999995,0.7325,0.2675,0.41392649903288203,705,400,False
model,0.87,1.0,2.5,0.2,score_point,0.014184397163120567,2.03125,0.6875,0.3125,0.4672897196261682,705,400,False
model,0.88,0.8,2.5,0.2,score_point,0.014184397163120567,2.0452500000000002,0.7325,0.2675,0.41392649903288203,705,400,False
model,0.88,0.9,2.5,0.2,score_point,0.014184397163120567,2.072,0.7325,0.2675,0.41392649903288203,705,400,False
model,0.86,0.3,3.0,0.2,score_point,0.014184397163120567,2.0752500000000005,0.6575,0.3425,0.5009140767824497,705,400,False
model,0.89,0.6,2.5,0.2,score_point,0.014184397163120567,2.0820000000000003,0.78,0.22,0.3534136546184739,705,400,False
model,0.88,1.0,2.5,0.2,score_point,0.014184397163120567,2.09875,0.7325,0.2675,0.41392649903288203,705,400,False
model,0.89,0.7,2.5,0.2,score_point,0.014184397163120567,2.1039999999999996,0.78,0.22,0.3534136546184739,705,400,False
model,0.82,0.2,3.5,0.2,score_point,0.014184397163120567,2.1222499999999997,0.5825,0.4175,0.5788561525129983,705,400,False
model,0.87,0.2,3.0,0.2,score_point,0.014184397163120567,2.1249999999999996,0.6875,0.3125,0.4672897196261682,705,400,False
model,0.89,0.8,2.5,0.2,score_point,0.014184397163120567,2.1260000000000003,0.78,0.22,0.3534136546184739,705,400,False
model,0.89,0.9,2.5,0.2,score_point,0.014184397163120567,2.1479999999999997,0.78,0.22,0.3534136546184739,705,400,False
model,0.9,0.6,2.5,0.2,score_point,0.014184397163120567,2.1485000000000003,0.815,0.185,0.30578512396694213,705,400,False
model,0.9,0.7,2.5,0.2,score_point,0.014184397163120567,2.167,0.815,0.185,0.30578512396694213,705,400,False
model,0.89,1.0,2.5,0.2,score_point,0.014184397163120567,2.17,0.78,0.22,0.3534136546184739,705,400,False
model,0.9,0.8,2.5,0.2,score_point,0.014184397163120567,2.1855,0.815,0.185,0.30578512396694213,705,400,False
model,0.91,0.6,2.5,0.2,score_point,0.014184397163120567,2.20075,0.8425,0.1575,0.26638477801268495,705,400,False
model,0.9,0.9,2.5,0.2,score_point,0.014184397163120567,2.2039999999999997,0.815,0.185,0.30578512396694213,705,400,False
model,0.91,0.7,2.5,0.2,score_point,0.014184397163120567,2.2165,0.8425,0.1575,0.26638477801268495,705,400,False
model,0.9,1.0,2.5,0.2,score_point,0.014184397163120567,2.2225,0.815,0.185,0.30578512396694213,705,400,False
model,0.91,0.8,2.5,0.2,score_point,0.014184397163120567,2.23225,0.8425,0.1575,0.26638477801268495,705,400,False
model,0.91,0.9,2.5,0.2,score_point,0.014184397163120567,2.2479999999999998,0.8425,0.1575,0.26638477801268495,705,400,False
model,0.88,0.2,3.0,0.2,score_point,0.014184397163120567,2.2509999999999994,0.7325,0.2675,0.41392649903288203,705,400,False
model,0.92,0.6,2.5,0.2,score_point,0.014184397163120567,2.253,0.87,0.13,0.22510822510822512,705,400,False
model,0.91,1.0,2.5,0.2,score_point,0.014184397163120567,2.26375,0.8425,0.1575,0.26638477801268495,705,400,False
model,0.92,0.7,2.5,0.2,score_point,0.014184397163120567,2.2659999999999996,0.87,0.13,0.22510822510822512,705,400,False
model,0.93,0.2,2.5,0.2,score_point,0.014184397163120567,2.27575,0.9025,0.0975,0.17371937639198218,705,400,False
model,0.92,0.8,2.5,0.2,score_point,0.014184397163120567,2.2790000000000004,0.87,0.13,0.22510822510822512,705,400,False
model,0.93,0.3,2.5,0.2,score_point,0.014184397163120567,2.2855000000000003,0.9025,0.0975,0.17371937639198218,705,400,False
model,0.92,0.9,2.5,0.2,score_point,0.014184397163120567,2.292,0.87,0.13,0.22510822510822512,705,400,False
model,0.93,0.4,2.5,0.2,score_point,0.014184397163120567,2.29525,0.9025,0.0975,0.17371937639198218,705,400,False
model,0.92,1.0,2.5,0.2,score_point,0.014184397163120567,2.305,0.87,0.13,0.22510822510822512,705,400,False
model,0.93,0.5,2.5,0.2,score_point,0.014184397163120567,2.305,0.9025,0.0975,0.17371937639198218,705,400,False
model,0.93,0.6,2.5,0.2,score_point,0.014184397163120567,2.31475,0.9025,0.0975,0.17371937639198218,705,400,False
model,0.93,0.7,2.5,0.2,score_point,0.014184397163120567,2.3245,0.9025,0.0975,0.17371937639198218,705,400,False
model,0.93,0.8,2.5,0.2,score_point,0.014184397163120567,2.33425,0.9025,0.0975,0.17371937639198218,705,400,False
model,0.93,0.9,2.5,0.2,score_point,0.014184397163120567,2.344,0.9025,0.0975,0.17371937639198218,705,400,False
model,0.93,1.0,2.5,0.2,score_point,0.014184397163120567,2.35375,0.9025,0.0975,0.17371937639198218,705,400,False
model,0.89,0.2,3.0,0.2,score_point,0.014184397163120567,2.384,0.78,0.22,0.3534136546184739,705,400,False
model,0.47,0.8,3.5,0.2,score_point,0.015602836879432624,1.4547500000000002,0.2425,0.7575,0.8487394957983193,705,400,True
model,0.52,0.7,3.5,0.2,score_point,0.015602836879432624,1.4559999999999997,0.27,0.73,0.8307254623044096,705,400,False
model,0.48,0.8,3.5,0.2,score_point,0.015602836879432624,1.475,0.25,0.75,0.8438818565400843,705,400,False
model,0.49,0.8,3.5,0.2,score_point,0.015602836879432624,1.4817500000000001,0.2525,0.7475,0.8422535211267607,705,400,False
model,0.5,0.8,3.5,0.2,score_point,0.015602836879432624,1.4817500000000001,0.2525,0.7475,0.8422535211267607,705,400,False
model,0.53,0.7,3.5,0.2,score_point,0.015602836879432624,1.4839999999999998,0.28,0.72,0.8240343347639485,705,400,False
model,0.59,0.8,3.0,0.2,score_point,0.015602836879432624,1.5040000000000004,0.32,0.68,0.7964860907759883,705,400,False
model,0.54,0.7,3.5,0.2,score_point,0.015602836879432624,1.505,0.2875,0.7125,0.8189655172413792,705,400,False
model,0.6,0.8,3.0,0.2,score_point,0.015602836879432624,1.515,0.325,0.675,0.7929515418502203,705,400,False
model,0.65,0.7,3.0,0.2,score_point,0.015602836879432624,1.5164999999999997,0.355,0.645,0.7713004484304933,705,400,False
model,0.59,0.6,3.5,0.2,score_point,0.015602836879432624,1.528,0.32,0.68,0.7964860907759883,705,400,False
model,0.51,0.8,3.5,0.2,score_point,0.015602836879432624,1.5290000000000004,0.27,0.73,0.8307254623044096,705,400,False
model,0.69,0.6,3.0,0.2,score_point,0.015602836879432624,1.53,0.3875,0.6125,0.7469512195121951,705,400,False
model,0.47,0.9,3.5,0.2,score_point,0.015602836879432624,1.5305000000000002,0.2425,0.7575,0.8487394957983193,705,400,False
model,0.61,0.8,3.0,0.2,score_point,0.015602836879432624,1.5315,0.3325,0.6675,0.7876106194690266,705,400,False
model,0.66,0.7,3.0,0.2,score_point,0.015602836879432624,1.5337499999999997,0.3625,0.6375,0.7657657657657658,705,400,False
model,0.6,0.6,3.5,0.2,score_point,0.015602836879432624,1.5425,0.325,0.675,0.7929515418502203,705,400,False
model,0.62,0.8,3.0,0.2,score_point,0.015602836879432624,1.5425000000000002,0.3375,0.6625,0.7840236686390533,705,400,False
model,0.48,0.9,3.5,0.2,score_point,0.015602836879432624,1.55,0.25,0.75,0.8438818565400843,705,400,False
model,0.67,0.7,3.0,0.2,score_point,0.015602836879432624,1.5509999999999997,0.37,0.63,0.760180995475113,705,400,False
model,0.63,0.8,3.0,0.2,score_point,0.015602836879432624,1.5535000000000003,0.3425,0.6575,0.7804154302670624,705,400,False
model,0.75,0.7,2.5,0.2,score_point,0.015602836879432624,1.5549999999999997,0.475,0.525,0.6763285024154589,705,400,False
model,0.76,0.7,2.5,0.2,score_point,0.015602836879432624,1.5549999999999997,0.475,0.525,0.6763285024154589,705,400,False
model,0.49,0.9,3.5,0.2,score_point,0.015602836879432624,1.5565,0.2525,0.7475,0.8422535211267607,705,400,False
model,0.5,0.9,3.5,0.2,score_point,0.015602836879432624,1.5565,0.2525,0.7475,0.8422535211267607,705,400,False
model,0.61,0.6,3.5,0.2,score_point,0.015602836879432624,1.5642500000000001,0.3325,0.6675,0.7876106194690266,705,400,False
model,0.64,0.8,3.0,0.2,score_point,0.015602836879432624,1.5645000000000002,0.3475,0.6525,0.7767857142857143,705,400,False
model,0.74,0.8,2.5,0.2,score_point,0.015602836879432624,1.56925,0.4525,0.5475,0.6952380952380953,705,400,False
model,0.59,0.9,3.0,0.2,score_point,0.015602836879432624,1.5719999999999998,0.32,0.68,0.7964860907759883,705,400,False
model,0.74,0.4,3.0,0.2,score_point,0.015602836879432624,1.5765,0.4525,0.5475,0.6952380952380953,705,400,False
model,0.62,0.6,3.5,0.2,score_point,0.015602836879432624,1.57875,0.3375,0.6625,0.7840236686390533,705,400,False
model,0.6,0.9,3.0,0.2,score_point,0.015602836879432624,1.5824999999999998,0.325,0.675,0.7929515418502203,705,400,False
model,0.46,1.0,3.5,0.2,score_point,0.015602836879432624,1.5875,0.235,0.765,0.8535564853556485,705,400,False
model,0.63,0.6,3.5,0.2,score_point,0.015602836879432624,1.5932499999999998,0.3425,0.6575,0.7804154302670624,705,400,False
model,0.61,0.9,3.0,0.2,score_point,0.015602836879432624,1.59825,0.3325,0.6675,0.7876106194690266,705,400,False
model,0.51,0.9,3.5,0.2,score_point,0.015602836879432624,1.6019999999999999,0.27,0.73,0.8307254623044096,705,400,False
model,0.75,0.8,2.5,0.2,score_point,0.015602836879432624,1.6075000000000004,0.475,0.525,0.6763285024154589,705,400,False
model,0.76,0.8,2.5,0.2,score_point,0.015602836879432624,1.6075000000000004,0.475,0.525,0.6763285024154589,705,400,False
model,0.64,0.6,3.5,0.2,score_point,0.015602836879432624,1.60775,0.3475,0.6525,0.7767857142857143,705,400,False
model,0.62,0.9,3.0,0.2,score_point,0.015602836879432624,1.60875,0.3375,0.6625,0.7840236686390533,705,400,False
model,0.77,0.7,2.5,0.2,score_point,0.015602836879432624,1.6089999999999998,0.505,0.495,0.6502463054187192,705,400,False
model,0.63,0.9,3.0,0.2,score_point,0.015602836879432624,1.61925,0.3425,0.6575,0.7804154302670624,705,400,False
model,0.74,0.9,2.5,0.2,score_point,0.015602836879432624,1.624,0.4525,0.5475,0.6952380952380953,705,400,False
model,0.64,0.9,3.0,0.2,score_point,0.015602836879432624,1.6297499999999996,0.3475,0.6525,0.7767857142857143,705,400,False
model,0.74,0.5,3.0,0.2,score_point,0.015602836879432624,1.63125,0.4525,0.5475,0.6952380952380953,705,400,False
model,0.59,1.0,3.0,0.2,score_point,0.015602836879432624,1.64,0.32,0.68,0.7964860907759883,705,400,False
model,0.78,0.7,2.5,0.2,score_point,0.015602836879432624,1.6404999999999998,0.5225,0.4775,0.6345514950166112,705,400,False
model,0.7,0.4,3.5,0.2,score_point,0.015602836879432624,1.6477499999999998,0.4025,0.5975,0.7353846153846153,705,400,False
model,0.6,1.0,3.0,0.2,score_point,0.015602836879432624,1.65,0.325,0.675,0.7929515418502203,705,400,False
model,0.79,0.7,2.5,0.2,score_point,0.015602836879432624,1.6539999999999997,0.53,0.47,0.6277128547579298,705,400,False
model,0.77,0.8,2.5,0.2,score_point,0.015602836879432624,1.6585000000000003,0.505,0.495,0.6502463054187192,705,400,False
model,0.75,0.9,2.5,0.2,score_point,0.015602836879432624,1.66,0.475,0.525,0.6763285024154589,705,400,False
model,0.76,0.9,2.5,0.2,score_point,0.015602836879432624,1.66,0.475,0.525,0.6763285024154589,705,400,False
model,0.69,0.5,3.5,0.2,score_point,0.015602836879432624,1.6625,0.3875,0.6125,0.7469512195121951,705,400,False
model,0.61,1.0,3.0,0.2,score_point,0.015602836879432624,1.665,0.3325,0.6675,0.7876106194690266,705,400,False
model,0.62,1.0,3.0,0.2,score_point,0.015602836879432624,1.675,0.3375,0.6625,0.7840236686390533,705,400,False
model,0.74,1.0,2.5,0.2,score_point,0.015602836879432624,1.67875,0.4525,0.5475,0.6952380952380953,705,400,False
model,0.63,1.0,3.0,0.2,score_point,0.015602836879432624,1.685,0.3425,0.6575,0.7804154302670624,705,400,False
model,0.71,0.4,3.5,0.2,score_point,0.015602836879432624,1.6864999999999997,0.415,0.585,0.7255813953488373,705,400,False
model,0.78,0.8,2.5,0.2,score_point,0.015602836879432624,1.6882500000000003,0.5225,0.4775,0.6345514950166112,705,400,False
model,0.8,0.7,2.5,0.2,score_point,0.015602836879432624,1.69,0.55,0.45,0.6091370558375634,705,400,False
model,0.64,1.0,3.0,0.2,score_point,0.015602836879432624,1.695,0.3475,0.6525,0.7767857142857143,705,400,False
model,0.79,0.8,2.5,0.2,score_point,0.015602836879432624,1.7010000000000003,0.53,0.47,0.6277128547579298,705,400,False
model,0.82,0.6,2.5,0.2,score_point,0.015602836879432624,1.7067500000000002,0.5825,0.4175,0.5778546712802768,705,400,False
model,0.77,0.9,2.5,0.2,score_point,0.015602836879432624,1.7080000000000002,0.505,0.495,0.6502463054187192,705,400,False
model,0.75,1.0,2.5,0.2,score_point,0.015602836879432624,1.7125,0.475,0.525,0.6763285024154589,705,400,False
model,0.76,1.0,2.5,0.2,score_point,0.015602836879432624,1.7125,0.475,0.525,0.6763285024154589,705,400,False
model,0.81,0.7,2.5,0.2,score_point,0.015602836879432624,1.7169999999999999,0.565,0.435,0.5948717948717949,705,400,False
model,0.8,0.8,2.5,0.2,score_point,0.015602836879432624,1.735,0.55,0.45,0.6091370558375634,705,400,False
model,0.78,0.9,2.5,0.2,score_point,0.015602836879432624,1.736,0.5225,0.4775,0.6345514950166112,705,400,False
model,0.74,0.3,3.5,0.2,score_point,0.015602836879432624,1.7480000000000002,0.4525,0.5475,0.6952380952380953,705,400,False
model,0.79,0.9,2.5,0.2,score_point,0.015602836879432624,1.7480000000000002,0.53,0.47,0.6277128547579298,705,400,False
model,0.77,1.0,2.5,0.2,score_point,0.015602836879432624,1.7575,0.505,0.495,0.6502463054187192,705,400,False
model,0.81,0.8,2.5,0.2,score_point,0.015602836879432624,1.7605000000000002,0.565,0.435,0.5948717948717949,705,400,False
model,0.75,0.2,3.5,0.2,score_point,0.015602836879432624,1.7674999999999996,0.475,0.525,0.6763285024154589,705,400,False
model,0.76,0.2,3.5,0.2,score_point,0.015602836879432624,1.7674999999999996,0.475,0.525,0.6763285024154589,705,400,False
model,0.8,0.9,2.5,0.2,score_point,0.015602836879432624,1.78,0.55,0.45,0.6091370558375634,705,400,False
model,0.78,1.0,2.5,0.2,score_point,0.015602836879432624,1.78375,0.5225,0.4775,0.6345514950166112,705,400,False
model,0.79,1.0,2.5,0.2,score_point,0.015602836879432624,1.795,0.53,0.47,0.6277128547579298,705,400,False
model,0.81,0.9,2.5,0.2,score_point,0.015602836879432624,1.8039999999999998,0.565,0.435,0.5948717948717949,705,400,False
model,0.8,1.0,2.5,0.2,score_point,0.015602836879432624,1.825,0.55,0.45,0.6091370558375634,705,400,False
model,0.87,0.4,2.5,0.2,score_point,0.015602836879432624,1.84375,0.6875,0.3125,0.46641791044776126,705,400,False
model,0.81,1.0,2.5,0.2,score_point,0.015602836879432624,1.8475,0.565,0.435,0.5948717948717949,705,400,False
model,0.83,0.2,3.0,0.2,score_point,0.015602836879432624,1.8519999999999999,0.59,0.41,0.5704347826086956,705,400,False
model,0.77,0.2,3.5,0.2,score_point,0.015602836879432624,1.8664999999999998,0.505,0.495,0.6502463054187192,705,400,False
model,0.82,0.3,3.0,0.2,score_point,0.015602836879432624,1.8727500000000004,0.5825,0.4175,0.5778546712802768,705,400,False
model,0.87,0.5,2.5,0.2,score_point,0.015602836879432624,1.875,0.6875,0.3125,0.46641791044776126,705,400,False
model,0.84,0.2,3.0,0.2,score_point,0.015602836879432624,1.915,0.6125,0.3875,0.5477031802120141,705,400,False
model,0.78,0.2,3.5,0.2,score_point,0.015602836879432624,1.9242499999999998,0.5225,0.4775,0.6345514950166112,705,400,False
model,0.88,0.4,2.5,0.2,score_point,0.015602836879432624,1.9382500000000003,0.7325,0.2675,0.41312741312741313,705,400,False
model,0.79,0.2,3.5,0.2,score_point,0.015602836879432624,1.9489999999999998,0.53,0.47,0.6277128547579298,705,400,False
model,0.88,0.5,2.5,0.2,score_point,0.015602836879432624,1.965,0.7325,0.2675,0.41312741312741313,705,400,False
model,0.85,0.2,3.0,0.2,score_point,0.015602836879432624,1.9709999999999996,0.6325,0.3675,0.5268817204301075,705,400,False
model,0.8,0.2,3.5,0.2,score_point,0.015602836879432624,2.015,0.55,0.45,0.6091370558375634,705,400,False
model,0.89,0.4,2.5,0.2,score_point,0.015602836879432624,2.038,0.78,0.22,0.3527054108216433,705,400,False
model,0.86,0.2,3.0,0.2,score_point,0.015602836879432624,2.0409999999999995,0.6575,0.3425,0.5,705,400,False
model,0.89,0.5,2.5,0.2,score_point,0.015602836879432624,2.06,0.78,0.22,0.3527054108216433,705,400,False
model,0.81,0.2,3.5,0.2,score_point,0.015602836879432624,2.0645,0.565,0.435,0.5948717948717949,705,400,False
model,0.9,0.4,2.5,0.2,score_point,0.015602836879432624,2.1115,0.815,0.185,0.3051546391752577,705,400,False
model,0.9,0.5,2.5,0.2,score_point,0.015602836879432624,2.13,0.815,0.185,0.3051546391752577,705,400,False
model,0.91,0.4,2.5,0.2,score_point,0.015602836879432624,2.16925,0.8425,0.1575,0.2658227848101266,705,400,False
model,0.91,0.5,2.5,0.2,score_point,0.015602836879432624,2.185,0.8425,0.1575,0.2658227848101266,705,400,False
model,0.92,0.2,2.5,0.2,score_point,0.015602836879432624,2.2009999999999996,0.87,0.13,0.224622030237581,705,400,False
model,0.92,0.3,2.5,0.2,score_point,0.015602836879432624,2.2140000000000004,0.87,0.13,0.224622030237581,705,400,False
model,0.92,0.4,2.5,0.2,score_point,0.015602836879432624,2.227,0.87,0.13,0.224622030237581,705,400,False
model,0.92,0.5,2.5,0.2,score_point,0.015602836879432624,2.24,0.87,0.13,0.224622030237581,705,400,False
model,0.47,0.7,3.5,0.2,score_point,0.01702127659574468,1.3789999999999998,0.2425,0.7575,0.8475524475524475,705,400,True
model,0.48,0.7,3.5,0.2,score_point,0.01702127659574468,1.4,0.25,0.75,0.8426966292134831,705,400,False
model,0.49,0.7,3.5,0.2,score_point,0.01702127659574468,1.4069999999999998,0.2525,0.7475,0.8410689170182842,705,400,False
model,0.5,0.7,3.5,0.2,score_point,0.01702127659574468,1.4069999999999998,0.2525,0.7475,0.8410689170182842,705,400,False
model,0.46,0.8,3.5,0.2,score_point,0.01702127659574468,1.4345000000000006,0.235,0.765,0.852367688022284,705,400,False
model,0.59,0.7,3.0,0.2,score_point,0.01702127659574468,1.4359999999999997,0.32,0.68,0.7953216374269005,705,400,False
model,0.55,0.8,3.0,0.2,score_point,0.01702127659574468,1.4435000000000002,0.2925,0.7075,0.814388489208633,705,400,False
model,0.56,0.8,3.0,0.2,score_point,0.01702127659574468,1.4435000000000002,0.2925,0.7075,0.814388489208633,705,400,False
model,0.6,0.7,3.0,0.2,score_point,0.01702127659574468,1.4475,0.325,0.675,0.7917888563049854,705,400,False
model,0.51,0.7,3.5,0.2,score_point,0.01702127659574468,1.4559999999999997,0.27,0.73,0.8295454545454545,705,400,False
model,0.61,0.7,3.0,0.2,score_point,0.01702127659574468,1.46475,0.3325,0.6675,0.7864506627393225,705,400,False
model,0.57,0.8,3.0,0.2,score_point,0.01702127659574468,1.4710000000000003,0.305,0.695,0.8057971014492753,705,400,False
model,0.62,0.7,3.0,0.2,score_point,0.01702127659574468,1.4762499999999996,0.3375,0.6625,0.7828655834564254,705,400,False
model,0.58,0.8,3.0,0.2,score_point,0.01702127659574468,1.4765000000000004,0.3075,0.6925,0.8040638606676341,705,400,False
model,0.63,0.7,3.0,0.2,score_point,0.01702127659574468,1.4877499999999997,0.3425,0.6575,0.7792592592592592,705,400,False
model,0.64,0.7,3.0,0.2,score_point,0.01702127659574468,1.4992499999999997,0.3475,0.6525,0.7756315007429421,705,400,False
model,0.75,0.6,2.5,0.2,score_point,0.01702127659574468,1.5025,0.475,0.525,0.6752411575562701,705,400,False
model,0.76,0.6,2.5,0.2,score_point,0.01702127659574468,1.5025,0.475,0.525,0.6752411575562701,705,400,False
model,0.68,0.6,3.0,0.2,score_point,0.01702127659574468,1.5060000000000002,0.3775,0.6225,0.7534039334341905,705,400,False
model,0.46,0.9,3.5,0.2,score_point,0.01702127659574468,1.511,0.235,0.765,0.852367688022284,705,400,False
model,0.42,1.0,3.5,0.2,score_point,0.01702127659574468,1.5125,0.205,0.795,0.8712328767123287,705,400,False
model,0.55,0.9,3.0,0.2,score_point,0.01702127659574468,1.51425,0.2925,0.7075,0.814388489208633,705,400,False
model,0.56,0.9,3.0,0.2,score_point,0.01702127659574468,1.51425,0.2925,0.7075,0.814388489208633,705,400,False
model,0.74,0.7,2.5,0.2,score_point,0.01702127659574468,1.5145,0.4525,0.5475,0.694136291600634,705,400,False
model,0.43,1.0,3.5,0.2,score_point,0.01702127659574468,1.525,0.21,0.79,0.8681318681318682,705,400,False
model,0.73,0.4,3.0,0.2,score_point,0.01702127659574468,1.5310000000000001,0.435,0.565,0.7084639498432601,705,400,False
model,0.73,0.8,2.5,0.2,score_point,0.01702127659574468,1.5395000000000005,0.435,0.565,0.7084639498432601,705,400,False
model,0.57,0.9,3.0,0.2,score_point,0.01702127659574468,1.5405000000000002,0.305,0.695,0.8057971014492753,705,400,False
model,0.58,0.9,3.0,0.2,score_point,0.01702127659574468,1.54575,0.3075,0.6925,0.8040638606676341,705,400,False
model,0.77,0.6,2.5,0.2,score_point,0.01702127659574468,1.5594999999999999,0.505,0.495,0.6491803278688525,705,400,False
model,0.44,1.0,3.5,0.2,score_point,0.01702127659574468,1.5625,0.225,0.775,0.8587257617728532,705,400,False
model,0.45,1.0,3.5,0.2,score_point,0.01702127659574468,1.56875,0.2275,0.7725,0.8571428571428571,705,400,False
model,0.75,0.3,3.0,0.2,score_point,0.01702127659574468,1.5825000000000002,0.475,0.525,0.6752411575562701,705,400,False
model,0.76,0.3,3.0,0.2,score_point,0.01702127659574468,1.5825000000000002,0.475,0.525,0.6752411575562701,705,400,False
model,0.55,1.0,3.0,0.2,score_point,0.01702127659574468,1.585,0.2925,0.7075,0.814388489208633,705,400,False
model,0.56,1.0,3.0,0.2,score_point,0.01702127659574468,1.585,0.2925,0.7075,0.814388489208633,705,400,False
model,0.73,0.5,3.0,0.2,score_point,0.01702127659574468,1.5875,0.435,0.565,0.7084639498432601,705,400,False
model,0.78,0.6,2.5,0.2,score_point,0.01702127659574468,1.5927499999999997,0.5225,0.4775,0.6334991708126037,705,400,False
model,0.73,0.9,2.5,0.2,score_point,0.01702127659574468,1.5960000000000003,0.435,0.565,0.7084639498432601,705,400,False
model,0.69,0.4,3.5,0.2,score_point,0.01702127659574468,1.60125,0.3875,0.6125,0.7458143074581431,705,400,False
model,0.79,0.6,2.5,0.2,score_point,0.01702127659574468,1.607,0.53,0.47,0.6266666666666667,705,400,False
model,0.57,1.0,3.0,0.2,score_point,0.01702127659574468,1.61,0.305,0.695,0.8057971014492753,705,400,False
model,0.58,1.0,3.0,0.2,score_point,0.01702127659574468,1.615,0.3075,0.6925,0.8040638606676341,705,400,False
model,0.68,0.5,3.5,0.2,score_point,0.01702127659574468,1.6325,0.3775,0.6225,0.7534039334341905,705,400,False
model,0.83,0.4,2.5,0.2,score_point,0.01702127659574468,1.6389999999999998,0.59,0.41,0.5694444444444444,705,400,False
model,0.8,0.6,2.5,0.2,score_point,0.01702127659574468,1.645,0.55,0.45,0.6081081081081081,705,400,False
model,0.73,1.0,2.5,0.2,score_point,0.01702127659574468,1.6525,0.435,0.565,0.7084639498432601,705,400,False
model,0.77,0.3,3.0,0.2,score_point,0.01702127659574468,1.6635000000000002,0.505,0.495,0.6491803278688525,705,400,False
model,0.81,0.6,2.5,0.2,score_point,0.01702127659574468,1.6735000000000002,0.565,0.435,0.5938566552901025,705,400,False
model,0.83,0.5,2.5,0.2,score_point,0.01702127659574468,1.68,0.59,0.41,0.5694444444444444,705,400,False
model,0.84,0.4,2.5,0.2,score_point,0.01702127659574468,1.68625,0.6125,0.3875,0.54673721340388,705,400,False
model,0.73,0.3,3.5,0.2,score_point,0.01702127659574468,1.6920000000000004,0.435,0.565,0.7084639498432601,705,400,False
model,0.78,0.3,3.0,0.2,score_point,0.01702127659574468,1.7107500000000002,0.5225,0.4775,0.6334991708126037,705,400,False
model,0.84,0.5,2.5,0.2,score_point,0.01702127659574468,1.725,0.6125,0.3875,0.54673721340388,705,400,False
model,0.85,0.4,2.5,0.2,score_point,0.01702127659574468,1.7282499999999998,0.6325,0.3675,0.5259391771019678,705,400,False
model,0.79,0.3,3.0,0.2,score_point,0.01702127659574468,1.7310000000000003,0.53,0.47,0.6266666666666667,705,400,False
model,0.85,0.5,2.5,0.2,score_point,0.01702127659574468,1.765,0.6325,0.3675,0.5259391771019678,705,400,False
model,0.86,0.4,2.5,0.2,score_point,0.01702127659574468,1.7807499999999998,0.6575,0.3425,0.49908925318761393,705,400,False
model,0.8,0.3,3.0,0.2,score_point,0.01702127659574468,1.785,0.55,0.45,0.6081081081081081,705,400,False
model,0.86,0.5,2.5,0.2,score_point,0.01702127659574468,1.815,0.6575,0.3425,0.49908925318761393,705,400,False
model,0.81,0.3,3.0,0.2,score_point,0.01702127659574468,1.8255000000000001,0.565,0.435,0.5938566552901025,705,400,False
model,0.9,0.3,2.5,0.2,score_point,0.01702127659574468,2.093,0.815,0.185,0.3045267489711934,705,400,False
model,0.91,0.3,2.5,0.2,score_point,0.01702127659574468,2.1535,0.8425,0.1575,0.26526315789473687,705,400,False
model,0.42,0.8,3.5,0.2,score_point,0.018439716312056736,1.3535000000000001,0.205,0.795,0.8700410396716826,705,400,True
model,0.46,0.7,3.5,0.2,score_point,0.018439716312056736,1.3579999999999997,0.235,0.765,0.8511821974965229,705,400,False
model,0.43,0.8,3.5,0.2,score_point,0.018439716312056736,1.3670000000000004,0.21,0.79,0.8669410150891633,705,400,False
model,0.55,0.7,3.0,0.2,score_point,0.018439716312056736,1.3727499999999997,0.2925,0.7075,0.8132183908045977,705,400,False
model,0.56,0.7,3.0,0.2,score_point,0.018439716312056736,1.3727499999999997,0.2925,0.7075,0.8132183908045977,705,400,False
model,0.33,1.0,3.5,0.2,score_point,0.018439716312056736,1.38125,0.1525,0.8475,0.901595744680851,705,400,False
model,0.34,1.0,3.5,0.2,score_point,0.018439716312056736,1.39375,0.1575,0.8425,0.8986666666666667,705,400,False
model,0.52,0.8,3.0,0.2,score_point,0.018439716312056736,1.3940000000000003,0.27,0.73,0.8283687943262411,705,400,False
model,0.57,0.7,3.0,0.2,score_point,0.018439716312056736,1.4014999999999997,0.305,0.695,0.804630969609262,705,400,False
model,0.58,0.7,3.0,0.2,score_point,0.018439716312056736,1.4072499999999997,0.3075,0.6925,0.8028985507246377,705,400,False
model,0.44,0.8,3.5,0.2,score_point,0.018439716312056736,1.4075000000000002,0.225,0.775,0.8575380359612725,705,400,False
model,0.35,1.0,3.5,0.2,score_point,0.018439716312056736,1.4125,0.165,0.835,0.894243641231593,705,400,False
model,0.45,0.8,3.5,0.2,score_point,0.018439716312056736,1.4142500000000005,0.2275,0.7725,0.8559556786703602,705,400,False
model,0.53,0.8,3.0,0.2,score_point,0.018439716312056736,1.4160000000000001,0.28,0.72,0.8216833095577747,705,400,False
model,0.36,1.0,3.5,0.2,score_point,0.018439716312056736,1.43125,0.1725,0.8275,0.8897849462365591,705,400,False
model,0.54,0.8,3.0,0.2,score_point,0.018439716312056736,1.4325,0.2875,0.7125,0.8166189111747851,705,400,False
model,0.42,0.9,3.5,0.2,score_point,0.018439716312056736,1.433,0.205,0.795,0.8700410396716826,705,400,False
model,0.37,1.0,3.5,0.2,score_point,0.018439716312056736,1.44375,0.1775,0.8225,0.8867924528301887,705,400,False
model,0.38,1.0,3.5,0.2,score_point,0.018439716312056736,1.44375,0.1775,0.8225,0.8867924528301887,705,400,False
model,0.43,0.9,3.5,0.2,score_point,0.018439716312056736,1.4460000000000002,0.21,0.79,0.8669410150891633,705,400,False
model,0.55,0.6,3.5,0.2,score_point,0.018439716312056736,1.4482499999999998,0.2925,0.7075,0.8132183908045977,705,400,False
model,0.56,0.6,3.5,0.2,score_point,0.018439716312056736,1.4482499999999998,0.2925,0.7075,0.8132183908045977,705,400,False
model,0.65,0.6,3.0,0.2,score_point,0.018439716312056736,1.4520000000000002,0.355,0.645,0.7690014903129658,705,400,False
model,0.69,0.8,2.5,0.2,score_point,0.018439716312056736,1.4587500000000002,0.3875,0.6125,0.7446808510638299,705,400,False
model,0.74,0.6,2.5,0.2,score_point,0.018439716312056736,1.4597499999999999,0.4525,0.5475,0.6930379746835442,705,400,False
model,0.39,1.0,3.5,0.2,score_point,0.018439716312056736,1.4625,0.185,0.815,0.8822733423545331,705,400,False
model,0.52,0.9,3.0,0.2,score_point,0.018439716312056736,1.467,0.27,0.73,0.8283687943262411,705,400,False
model,0.66,0.6,3.0,0.2,score_point,0.018439716312056736,1.47,0.3625,0.6375,0.7634730538922155,705,400,False
model,0.4,1.0,3.5,0.2,score_point,0.018439716312056736,1.48125,0.1925,0.8075,0.8777173913043479,705,400,False
model,0.73,0.7,2.5,0.2,score_point,0.018439716312056736,1.4829999999999997,0.435,0.565,0.7073552425665101,705,400,False
model,0.7,0.8,2.5,0.2,score_point,0.018439716312056736,1.48425,0.4025,0.5975,0.7331288343558283,705,400,False
model,0.57,0.6,3.5,0.2,score_point,0.018439716312056736,1.4845,0.305,0.695,0.804630969609262,705,400,False
model,0.44,0.9,3.5,0.2,score_point,0.018439716312056736,1.485,0.225,0.775,0.8575380359612725,705,400,False
model,0.47,1.0,3.0,0.2,score_point,0.018439716312056736,1.485,0.2425,0.7575,0.8463687150837987,705,400,False
model,0.41,1.0,3.5,0.2,score_point,0.018439716312056736,1.4875,0.195,0.805,0.8761904761904762,705,400,False
model,0.53,0.9,3.0,0.2,score_point,0.018439716312056736,1.4879999999999998,0.28,0.72,0.8216833095577747,705,400,False
model,0.67,0.6,3.0,0.2,score_point,0.018439716312056736,1.4880000000000002,0.37,0.63,0.7578947368421052,705,400,False
model,0.45,0.9,3.5,0.2,score_point,0.018439716312056736,1.4914999999999998,0.2275,0.7725,0.8559556786703602,705,400,False
model,0.58,0.6,3.5,0.2,score_point,0.018439716312056736,1.4917500000000001,0.3075,0.6925,0.8028985507246377,705,400,False
model,0.48,1.0,3.0,0.2,score_point,0.018439716312056736,1.5,0.25,0.75,0.8415147265077139,705,400,False
model,0.54,0.9,3.0,0.2,score_point,0.018439716312056736,1.50375,0.2875,0.7125,0.8166189111747851,705,400,False
model,0.49,1.0,3.0,0.2,score_point,0.018439716312056736,1.505,0.2525,0.7475,0.8398876404494382,705,400,False
model,0.5,1.0,3.0,0.2,score_point,0.018439716312056736,1.505,0.2525,0.7475,0.8398876404494382,705,400,False
model,0.72,0.4,3.0,0.2,score_point,0.018439716312056736,1.505,0.425,0.575,0.7153965785381026,705,400,False
model,0.71,0.8,2.5,0.2,score_point,0.018439716312056736,1.5055,0.415,0.585,0.723338485316847,705,400,False
model,0.7,0.5,3.0,0.2,score_point,0.018439716312056736,1.50625,0.4025,0.5975,0.7331288343558283,705,400,False
model,0.69,0.9,2.5,0.2,score_point,0.018439716312056736,1.52,0.3875,0.6125,0.7446808510638299,705,400,False
model,0.72,0.8,2.5,0.2,score_point,0.018439716312056736,1.5225000000000002,0.425,0.575,0.7153965785381026,705,400,False
model,0.71,0.5,3.0,0.2,score_point,0.018439716312056736,1.5375,0.415,0.585,0.723338485316847,705,400,False
model,0.51,1.0,3.0,0.2,score_point,0.018439716312056736,1.54,0.27,0.73,0.8283687943262411,705,400,False
model,0.52,1.0,3.0,0.2,score_point,0.018439716312056736,1.54,0.27,0.73,0.8283687943262411,705,400,False
model,0.7,0.9,2.5,0.2,score_point,0.018439716312056736,1.544,0.4025,0.5975,0.7331288343558283,705,400,False
model,0.53,1.0,3.0,0.2,score_point,0.018439716312056736,1.56,0.28,0.72,0.8216833095577747,705,400,False
model,0.72,0.5,3.0,0.2,score_point,0.018439716312056736,1.5625,0.425,0.575,0.7153965785381026,705,400,False
model,0.71,0.9,2.5,0.2,score_point,0.018439716312056736,1.5639999999999998,0.415,0.585,0.723338485316847,705,400,False
model,0.68,0.4,3.5,0.2,score_point,0.018439716312056736,1.5702499999999997,0.3775,0.6225,0.7522658610271903,705,400,False
model,0.54,1.0,3.0,0.2,score_point,0.018439716312056736,1.575,0.2875,0.7125,0.8166189111747851,705,400,False
model,0.72,0.9,2.5,0.2,score_point,0.018439716312056736,1.58,0.425,0.575,0.7153965785381026,705,400,False
model,0.69,1.0,2.5,0.2,score_point,0.018439716312056736,1.58125,0.3875,0.6125,0.7446808510638299,705,400,False
model,0.7,1.0,2.5,0.2,score_point,0.018439716312056736,1.60375,0.4025,0.5975,0.7331288343558283,705,400,False
model,0.67,0.5,3.5,0.2,score_point,0.018439716312056736,1.61,0.37,0.63,0.7578947368421052,705,400,False
model,0.71,1.0,2.5,0.2,score_point,0.018439716312056736,1.6225,0.415,0.585,0.723338485316847,705,400,False
model,0.82,0.4,2.5,0.2,score_point,0.018439716312056736,1.6232499999999999,0.5825,0.4175,0.5758620689655173,705,400,False
model,0.72,1.0,2.5,0.2,score_point,0.018439716312056736,1.6375,0.425,0.575,0.7153965785381026,705,400,False
model,0.72,0.3,3.5,0.2,score_point,0.018439716312056736,1.6600000000000004,0.425,0.575,0.7153965785381026,705,400,False
model,0.82,0.5,2.5,0.2,score_point,0.018439716312056736,1.665,0.5825,0.4175,0.5758620689655173,705,400,False
model,0.82,0.2,3.0,0.2,score_point,0.018439716312056736,1.8309999999999997,0.5825,0.4175,0.5758620689655173,705,400,False
model,0.9,0.2,2.5,0.2,score_point,0.018439716312056736,2.0745,0.815,0.185,0.30390143737166325,705,400,False
model,0.91,0.2,2.5,0.2,score_point,0.018439716312056736,2.1377499999999996,0.8425,0.1575,0.26470588235294124,705,400,False
model,0.36,0.8,3.5,0.2,score_point,0.019858156028368795,1.2657500000000002,0.1725,0.8275,0.8885906040268456,705,400,True
model,0.42,0.7,3.5,0.2,score_point,0.019858156028368795,1.2739999999999998,0.205,0.795,0.8688524590163935,705,400,False
model,0.37,0.8,3.5,0.2,score_point,0.019858156028368795,1.2792500000000002,0.1775,0.8225,0.8855989232839838,705,400,False
model,0.38,0.8,3.5,0.2,score_point,0.019858156028368795,1.2792500000000002,0.1775,0.8225,0.8855989232839838,705,400,False
model,0.43,0.7,3.5,0.2,score_point,0.019858156028368795,1.2879999999999996,0.21,0.79,0.8657534246575342,705,400,False
model,0.33,0.9,3.5,0.2,score_point,0.019858156028368795,1.2965,0.1525,0.8475,0.900398406374502,705,400,False
model,0.39,0.8,3.5,0.2,score_point,0.019858156028368795,1.2995000000000005,0.185,0.815,0.881081081081081,705,400,False
model,0.34,0.9,3.5,0.2,score_point,0.019858156028368795,1.3095,0.1575,0.8425,0.8974700399467377,705,400,False
model,0.4,0.8,3.5,0.2,score_point,0.019858156028368795,1.3197500000000002,0.1925,0.8075,0.8765264586160109,705,400,False
model,0.52,0.7,3.0,0.2,score_point,0.019858156028368795,1.3209999999999997,0.27,0.73,0.8271954674220963,705,400,False
model,0.41,0.8,3.5,0.2,score_point,0.019858156028368795,1.3265000000000002,0.195,0.805,0.875,705,400,False
model,0.35,0.9,3.5,0.2,score_point,0.019858156028368795,1.329,0.165,0.835,0.893048128342246,705,400,False
model,0.44,0.7,3.5,0.2,score_point,0.019858156028368795,1.3299999999999996,0.225,0.775,0.8563535911602209,705,400,False
model,0.47,0.8,3.0,0.2,score_point,0.019858156028368795,1.3335000000000001,0.2425,0.7575,0.8451882845188284,705,400,False
model,0.45,0.7,3.5,0.2,score_point,0.019858156028368795,1.3369999999999995,0.2275,0.7725,0.8547717842323652,705,400,False
model,0.53,0.7,3.0,0.2,score_point,0.019858156028368795,1.3439999999999999,0.28,0.72,0.8205128205128205,705,400,False
model,0.36,0.9,3.5,0.2,score_point,0.019858156028368795,1.3485000000000003,0.1725,0.8275,0.8885906040268456,705,400,False
model,0.48,0.8,3.0,0.2,score_point,0.019858156028368795,1.35,0.25,0.75,0.8403361344537814,705,400,False
model,0.49,0.8,3.0,0.2,score_point,0.019858156028368795,1.3555000000000001,0.2525,0.7475,0.8387096774193548,705,400,False
model,0.5,0.8,3.0,0.2,score_point,0.019858156028368795,1.3555000000000001,0.2525,0.7475,0.8387096774193548,705,400,False
model,0.54,0.7,3.0,0.2,score_point,0.019858156028368795,1.36125,0.2875,0.7125,0.8154506437768241,705,400,False
model,0.37,0.9,3.5,0.2,score_point,0.019858156028368795,1.3614999999999997,0.1775,0.8225,0.8855989232839838,705,400,False
model,0.38,0.9,3.5,0.2,score_point,0.019858156028368795,1.3614999999999997,0.1775,0.8225,0.8855989232839838,705,400,False
model,0.59,0.6,3.0,0.2,score_point,0.019858156028368795,1.3679999999999999,0.32,0.68,0.7930029154518952,705,400,False
model,0.6,0.6,3.0,0.2,score_point,0.019858156028368795,1.38,0.325,0.675,0.7894736842105263,705,400,False
model,0.39,0.9,3.5,0.2,score_point,0.019858156028368795,1.381,0.185,0.815,0.881081081081081,705,400,False
model,0.52,0.6,3.5,0.2,score_point,0.019858156028368795,1.383,0.27,0.73,0.8271954674220963,705,400,False
model,0.51,0.8,3.0,0.2,score_point,0.019858156028368795,1.3940000000000003,0.27,0.73,0.8271954674220963,705,400,False
model,0.69,0.7,2.5,0.2,score_point,0.019858156028368795,1.3974999999999997,0.3875,0.6125,0.7435508345978756,705,400,False
model,0.75,0.4,2.5,0.2,score_point,0.019858156028368795,1.3975,0.475,0.525,0.6730769230769231,705,400,False
model,0.76,0.4,2.5,0.2,score_point,0.019858156028368795,1.3975,0.475,0.525,0.6730769230769231,705,400,False
model,0.61,0.6,3.0,0.2,score_point,0.019858156028368795,1.3980000000000001,0.3325,0.6675,0.7841409691629957,705,400,False
model,0.4,0.9,3.5,0.2,score_point,0.019858156028368795,1.4005,0.1925,0.8075,0.8765264586160109,705,400,False
model,0.41,0.9,3.5,0.2,score_point,0.019858156028368795,1.4069999999999998,0.195,0.805,0.875,705,400,False
model,0.47,0.9,3.0,0.2,score_point,0.019858156028368795,1.4092500000000001,0.2425,0.7575,0.8451882845188284,705,400,False
model,0.62,0.6,3.0,0.2,score_point,0.019858156028368795,1.41,0.3375,0.6625,0.780559646539028,705,400,False
model,0.53,0.6,3.5,0.2,score_point,0.019858156028368795,1.412,0.28,0.72,0.8205128205128205,705,400,False
model,0.63,0.6,3.0,0.2,score_point,0.019858156028368795,1.422,0.3425,0.6575,0.776957163958641,705,400,False
model,0.7,0.7,2.5,0.2,score_point,0.019858156028368795,1.4244999999999999,0.4025,0.5975,0.7320061255742726,705,400,False
model,0.48,0.9,3.0,0.2,score_point,0.019858156028368795,1.425,0.25,0.75,0.8403361344537814,705,400,False
model,0.73,0.6,2.5,0.2,score_point,0.019858156028368795,1.4264999999999999,0.435,0.565,0.70625,705,400,False
model,0.49,0.9,3.0,0.2,score_point,0.019858156028368795,1.43025,0.2525,0.7475,0.8387096774193548,705,400,False
model,0.5,0.9,3.0,0.2,score_point,0.019858156028368795,1.43025,0.2525,0.7475,0.8387096774193548,705,400,False
model,0.54,0.6,3.5,0.2,score_point,0.019858156028368795,1.43375,0.2875,0.7125,0.8154506437768241,705,400,False
model,0.64,0.6,3.0,0.2,score_point,0.019858156028368795,1.4339999999999997,0.3475,0.6525,0.7733333333333333,705,400,False
model,0.68,0.8,2.5,0.2,score_point,0.019858156028368795,1.44175,0.3775,0.6225,0.751131221719457,705,400,False
model,0.7,0.4,3.0,0.2,score_point,0.019858156028368795,1.4464999999999997,0.4025,0.5975,0.7320061255742726,705,400,False
model,0.71,0.7,2.5,0.2,score_point,0.019858156028368795,1.4469999999999998,0.415,0.585,0.7222222222222222,705,400,False
model,0.75,0.5,2.5,0.2,score_point,0.019858156028368795,1.45,0.475,0.525,0.6730769230769231,705,400,False
model,0.76,0.5,2.5,0.2,score_point,0.019858156028368795,1.45,0.475,0.525,0.6730769230769231,705,400,False
model,0.77,0.4,2.5,0.2,score_point,0.019858156028368795,1.4605000000000001,0.505,0.495,0.6470588235294118,705,400,False
model,0.72,0.7,2.5,0.2,score_point,0.019858156028368795,1.4649999999999996,0.425,0.575,0.7142857142857143,705,400,False
model,0.51,0.9,3.0,0.2,score_point,0.019858156028368795,1.467,0.27,0.73,0.8271954674220963,705,400,False
model,0.69,0.5,3.0,0.2,score_point,0.019858156028368795,1.46875,0.3875,0.6125,0.7435508345978756,705,400,False
model,0.46,1.0,3.0,0.2,score_point,0.019858156028368795,1.47,0.235,0.765,0.8500000000000001,705,400,False
model,0.71,0.4,3.0,0.2,score_point,0.019858156028368795,1.4789999999999999,0.415,0.585,0.7222222222222222,705,400,False
model,0.78,0.4,2.5,0.2,score_point,0.019858156028368795,1.4972500000000002,0.5225,0.4775,0.631404958677686,705,400,False
model,0.68,0.9,2.5,0.2,score_point,0.019858156028368795,1.5039999999999998,0.3775,0.6225,0.751131221719457,705,400,False
model,0.77,0.5,2.5,0.2,score_point,0.019858156028368795,1.51,0.505,0.495,0.6470588235294118,705,400,False
model,0.79,0.4,2.5,0.2,score_point,0.019858156028368795,1.5130000000000001,0.53,0.47,0.6245847176079734,705,400,False
model,0.74,0.3,3.0,0.2,score_point,0.019858156028368795,1.5217500000000002,0.4525,0.5475,0.6919431279620852,705,400,False
model,0.75,0.2,3.0,0.2,score_point,0.019858156028368795,1.5299999999999998,0.475,0.525,0.6730769230769231,705,400,False
model,0.76,0.2,3.0,0.2,score_point,0.019858156028368795,1.5299999999999998,0.475,0.525,0.6730769230769231,705,400,False
model,0.78,0.5,2.5,0.2,score_point,0.019858156028368795,1.545,0.5225,0.4775,0.631404958677686,705,400,False
model,0.8,0.4,2.5,0.2,score_point,0.019858156028368795,1.555,0.55,0.45,0.6060606060606061,705,400,False
model,0.79,0.5,2.5,0.2,score_point,0.019858156028368795,1.56,0.53,0.47,0.6245847176079734,705,400,False
model,0.65,0.5,3.5,0.2,score_point,0.019858156028368795,1.565,0.355,0.645,0.7678571428571429,705,400,False
model,0.68,1.0,2.5,0.2,score_point,0.019858156028368795,1.56625,0.3775,0.6225,0.751131221719457,705,400,False
model,0.81,0.4,2.5,0.2,score_point,0.019858156028368795,1.5864999999999998,0.565,0.435,0.5918367346938775,705,400,False
model,0.66,0.5,3.5,0.2,score_point,0.019858156028368795,1.5875,0.3625,0.6375,0.7623318385650224,705,400,False
model,0.7,0.3,3.5,0.2,score_point,0.019858156028368795,1.588,0.4025,0.5975,0.7320061255742726,705,400,False
model,0.8,0.5,2.5,0.2,score_point,0.019858156028368795,1.6,0.55,0.45,0.6060606060606061,705,400,False
model,0.77,0.2,3.0,0.2,score_point,0.019858156028368795,1.6139999999999999,0.505,0.495,0.6470588235294118,705,400,False
model,0.71,0.3,3.5,0.2,score_point,0.019858156028368795,1.6280000000000001,0.415,0.585,0.7222222222222222,705,400,False
model,0.81,0.5,2.5,0.2,score_point,0.019858156028368795,1.63,0.565,0.435,0.5918367346938775,705,400,False
model,0.78,0.2,3.0,0.2,score_point,0.019858156028368795,1.6629999999999998,0.5225,0.4775,0.631404958677686,705,400,False
model,0.79,0.2,3.0,0.2,score_point,0.019858156028368795,1.6839999999999997,0.53,0.47,0.6245847176079734,705,400,False
model,0.74,0.2,3.5,0.2,score_point,0.019858156028368795,1.69325,0.4525,0.5475,0.6919431279620852,705,400,False
model,0.8,0.2,3.0,0.2,score_point,0.019858156028368795,1.74,0.55,0.45,0.6060606060606061,705,400,False
model,0.81,0.2,3.0,0.2,score_point,0.019858156028368795,1.7819999999999998,0.565,0.435,0.5918367346938775,705,400,False
model,0.87,0.3,2.5,0.2,score_point,0.019858156028368795,1.8125,0.6875,0.3125,0.46382189239332094,705,400,False
model,0.88,0.3,2.5,0.2,score_point,0.019858156028368795,1.9115000000000004,0.7325,0.2675,0.4107485604606526,705,400,False
model,0.89,0.3,2.5,0.2,score_point,0.019858156028368795,2.016,0.78,0.22,0.350597609561753,705,400,False
model,0.36,0.7,3.5,0.2,score_point,0.02127659574468085,1.1829999999999998,0.1725,0.8275,0.8873994638069705,705,400,True
model,0.37,0.7,3.5,0.2,score_point,0.02127659574468085,1.1969999999999998,0.1775,0.8225,0.8844086021505376,705,400,False
model,0.38,0.7,3.5,0.2,score_point,0.02127659574468085,1.1969999999999998,0.1775,0.8225,0.8844086021505376,705,400,False
model,0.39,0.7,3.5,0.2,score_point,0.02127659574468085,1.2179999999999997,0.185,0.815,0.8798920377867747,705,400,False
model,0.4,0.7,3.5,0.2,score_point,0.02127659574468085,1.2389999999999999,0.1925,0.8075,0.8753387533875339,705,400,False
model,0.35,0.8,3.5,0.2,score_point,0.02127659574468085,1.2455000000000003,0.165,0.835,0.8918558077436582,705,400,False
model,0.41,0.7,3.5,0.2,score_point,0.02127659574468085,1.2459999999999996,0.195,0.805,0.8738127544097694,705,400,False
model,0.47,0.7,3.0,0.2,score_point,0.02127659574468085,1.2577499999999997,0.2425,0.7575,0.8440111420612812,705,400,False
model,0.48,0.7,3.0,0.2,score_point,0.02127659574468085,1.2749999999999997,0.25,0.75,0.8391608391608391,705,400,False
model,0.49,0.7,3.0,0.2,score_point,0.02127659574468085,1.2807499999999998,0.2525,0.7475,0.8375350140056023,705,400,False
model,0.5,0.7,3.0,0.2,score_point,0.02127659574468085,1.2807499999999998,0.2525,0.7475,0.8375350140056023,705,400,False
model,0.47,0.6,3.5,0.2,score_point,0.02127659574468085,1.3032499999999998,0.2425,0.7575,0.8440111420612812,705,400,False
model,0.46,0.8,3.0,0.2,score_point,0.02127659574468085,1.3170000000000004,0.235,0.765,0.8488210818307905,705,400,False
model,0.51,0.7,3.0,0.2,score_point,0.02127659574468085,1.3209999999999997,0.27,0.73,0.8260254596888259,705,400,False
model,0.48,0.6,3.5,0.2,score_point,0.02127659574468085,1.325,0.25,0.75,0.8391608391608391,705,400,False
model,0.49,0.6,3.5,0.2,score_point,0.02127659574468085,1.33225,0.2525,0.7475,0.8375350140056023,705,400,False
model,0.5,0.6,3.5,0.2,score_point,0.02127659574468085,1.33225,0.2525,0.7475,0.8375350140056023,705,400,False
model,0.7,0.6,2.5,0.2,score_point,0.02127659574468085,1.3647499999999997,0.4025,0.5975,0.7308868501529052,705,400,False
model,0.68,0.7,2.5,0.2,score_point,0.02127659574468085,1.3795,0.3775,0.6225,0.7500000000000001,705,400,False
model,0.51,0.6,3.5,0.2,score_point,0.02127659574468085,1.383,0.27,0.73,0.8260254596888259,705,400,False
model,0.71,0.6,2.5,0.2,score_point,0.02127659574468085,1.3884999999999998,0.415,0.585,0.7211093990755008,705,400,False
model,0.46,0.9,3.0,0.2,score_point,0.02127659574468085,1.3935000000000002,0.235,0.765,0.8488210818307905,705,400,False
model,0.65,0.8,2.5,0.2,score_point,0.02127659574468085,1.4035000000000002,0.355,0.645,0.7667161961367014,705,400,False
model,0.69,0.4,3.0,0.2,score_point,0.02127659574468085,1.4075,0.3875,0.6125,0.7424242424242424,705,400,False
model,0.72,0.6,2.5,0.2,score_point,0.02127659574468085,1.4075,0.425,0.575,0.7131782945736435,705,400,False
model,0.42,1.0,3.0,0.2,score_point,0.02127659574468085,1.41,0.205,0.795,0.8676671214188267,705,400,False
model,0.66,0.8,2.5,0.2,score_point,0.02127659574468085,1.4162500000000002,0.3625,0.6375,0.7611940298507462,705,400,False
model,0.43,1.0,3.0,0.2,score_point,0.02127659574468085,1.42,0.21,0.79,0.8645690834473325,705,400,False
model,0.67,0.8,2.5,0.2,score_point,0.02127659574468085,1.4290000000000003,0.37,0.63,0.7556221889055472,705,400,False
model,0.68,0.5,3.0,0.2,score_point,0.02127659574468085,1.44375,0.3775,0.6225,0.7500000000000001,705,400,False
model,0.44,1.0,3.0,0.2,score_point,0.02127659574468085,1.45,0.225,0.775,0.8551724137931034,705,400,False
model,0.45,1.0,3.0,0.2,score_point,0.02127659574468085,1.455,0.2275,0.7725,0.8535911602209943,705,400,False
model,0.59,0.5,3.5,0.2,score_point,0.02127659574468085,1.46,0.32,0.68,0.7918486171761281,705,400,False
model,0.65,0.9,2.5,0.2,score_point,0.02127659574468085,1.4679999999999997,0.355,0.645,0.7667161961367014,705,400,False
model,0.73,0.3,3.0,0.2,score_point,0.02127659574468085,1.4745000000000004,0.435,0.565,0.7051482059282371,705,400,False
model,0.6,0.5,3.5,0.2,score_point,0.02127659574468085,1.475,0.325,0.675,0.7883211678832116,705,400,False
model,0.66,0.9,2.5,0.2,score_point,0.02127659574468085,1.48,0.3625,0.6375,0.7611940298507462,705,400,False
model,0.67,0.9,2.5,0.2,score_point,0.02127659574468085,1.492,0.37,0.63,0.7556221889055472,705,400,False
model,0.61,0.5,3.5,0.2,score_point,0.02127659574468085,1.4975,0.3325,0.6675,0.7829912023460411,705,400,False
model,0.62,0.5,3.5,0.2,score_point,0.02127659574468085,1.5125,0.3375,0.6625,0.7794117647058824,705,400,False
model,0.63,0.5,3.5,0.2,score_point,0.02127659574468085,1.5275,0.3425,0.6575,0.775811209439528,705,400,False
model,0.65,1.0,2.5,0.2,score_point,0.02127659574468085,1.5325,0.355,0.645,0.7667161961367014,705,400,False
model,0.69,0.3,3.5,0.2,score_point,0.02127659574468085,1.5400000000000003,0.3875,0.6125,0.7424242424242424,705,400,False
model,0.64,0.5,3.5,0.2,score_point,0.02127659574468085,1.5425,0.3475,0.6525,0.7721893491124261,705,400,False
model,0.66,1.0,2.5,0.2,score_point,0.02127659574468085,1.54375,0.3625,0.6375,0.7611940298507462,705,400,False
model,0.67,0.4,3.5,0.2,score_point,0.02127659574468085,1.547,0.37,0.63,0.7556221889055472,705,400,False
model,0.67,1.0,2.5,0.2,score_point,0.02127659574468085,1.555,0.37,0.63,0.7556221889055472,705,400,False
model,0.83,0.3,2.5,0.2,score_point,0.02127659574468085,1.598,0.59,0.41,0.5664939550949913,705,400,False
model,0.73,0.2,3.5,0.2,score_point,0.02127659574468085,1.6354999999999995,0.435,0.565,0.7051482059282371,705,400,False
model,0.84,0.3,2.5,0.2,score_point,0.02127659574468085,1.6475,0.6125,0.3875,0.543859649122807,705,400,False
model,0.85,0.3,2.5,0.2,score_point,0.02127659574468085,1.6915000000000004,0.6325,0.3675,0.5231316725978647,705,400,False
model,0.86,0.3,2.5,0.2,score_point,0.02127659574468085,1.7465000000000004,0.6575,0.3425,0.4963768115942028,705,400,False
model,0.87,0.2,2.5,0.2,score_point,0.02127659574468085,1.78125,0.6875,0.3125,0.462962962962963,705,400,False
model,0.88,0.2,2.5,0.2,score_point,0.02127659574468085,1.8847499999999997,0.7325,0.2675,0.4099616858237548,705,400,False
model,0.89,0.2,2.5,0.2,score_point,0.02127659574468085,1.9939999999999998,0.78,0.22,0.34990059642147114,705,400,False
model,0.33,0.8,3.5,0.2,score_point,0.02269503546099291,1.21175,0.1525,0.8475,0.8980132450331126,705,400,False
model,0.34,0.8,3.5,0.2,score_point,0.02269503546099291,1.22525,0.1575,0.8425,0.8950863213811422,705,400,False
model,0.46,0.7,3.0,0.2,score_point,0.02269503546099291,1.2405,0.235,0.765,0.8476454293628808,705,400,False
model,0.42,0.8,3.0,0.2,score_point,0.02269503546099291,1.2510000000000003,0.205,0.795,0.8664850136239781,705,400,False
model,0.43,0.8,3.0,0.2,score_point,0.02269503546099291,1.2620000000000002,0.21,0.79,0.8633879781420766,705,400,False
model,0.46,0.6,3.5,0.2,score_point,0.02269503546099291,1.2814999999999999,0.235,0.765,0.8476454293628808,705,400,False
model,0.44,0.8,3.0,0.2,score_point,0.02269503546099291,1.2950000000000004,0.225,0.775,0.8539944903581268,705,400,False
model,0.45,0.8,3.0,0.2,score_point,0.02269503546099291,1.3005000000000004,0.2275,0.7725,0.8524137931034482,705,400,False
model,0.55,0.6,3.0,0.2,score_point,0.02269503546099291,1.3019999999999998,0.2925,0.7075,0.8097281831187412,705,400,False
model,0.56,0.6,3.0,0.2,score_point,0.02269503546099291,1.3019999999999998,0.2925,0.7075,0.8097281831187412,705,400,False
model,0.33,1.0,3.0,0.2,score_point,0.02269503546099291,1.305,0.1525,0.8475,0.8980132450331126,705,400,False
model,0.34,1.0,3.0,0.2,score_point,0.02269503546099291,1.315,0.1575,0.8425,0.8950863213811422,705,400,False
model,0.35,1.0,3.0,0.2,score_point,0.02269503546099291,1.33,0.165,0.835,0.8906666666666667,705,400,False
model,0.42,0.9,3.0,0.2,score_point,0.02269503546099291,1.3305,0.205,0.795,0.8664850136239781,705,400,False
model,0.57,0.6,3.0,0.2,score_point,0.02269503546099291,1.3319999999999999,0.305,0.695,0.8011527377521614,705,400,False
model,0.69,0.6,2.5,0.2,score_point,0.02269503546099291,1.33625,0.3875,0.6125,0.7413010590015129,705,400,False
model,0.58,0.6,3.0,0.2,score_point,0.02269503546099291,1.338,0.3075,0.6925,0.7994227994227994,705,400,False
model,0.65,0.7,2.5,0.2,score_point,0.02269503546099291,1.3389999999999997,0.355,0.645,0.7655786350148367,705,400,False
model,0.43,0.9,3.0,0.2,score_point,0.02269503546099291,1.3410000000000002,0.21,0.79,0.8633879781420766,705,400,False
model,0.59,0.8,2.5,0.2,score_point,0.02269503546099291,1.3440000000000003,0.32,0.68,0.7906976744186047,705,400,False
model,0.36,1.0,3.0,0.2,score_point,0.02269503546099291,1.345,0.1725,0.8275,0.8862115127175368,705,400,False
model,0.31,1.0,3.5,0.2,score_point,0.02269503546099291,1.35,0.14,0.86,0.9052631578947369,705,400,False
model,0.74,0.4,2.5,0.2,score_point,0.02269503546099291,1.35025,0.4525,0.5475,0.689763779527559,705,400,False
model,0.66,0.7,2.5,0.2,score_point,0.02269503546099291,1.3524999999999998,0.3625,0.6375,0.7600596125186289,705,400,False
model,0.6,0.8,2.5,0.2,score_point,0.02269503546099291,1.3525,0.325,0.675,0.7871720116618077,705,400,False
model,0.37,1.0,3.0,0.2,score_point,0.02269503546099291,1.355,0.1775,0.8225,0.8832214765100671,705,400,False
model,0.38,1.0,3.0,0.2,score_point,0.02269503546099291,1.355,0.1775,0.8225,0.8832214765100671,705,400,False
model,0.61,0.8,2.5,0.2,score_point,0.02269503546099291,1.36525,0.3325,0.6675,0.7818448023426061,705,400,False
model,0.67,0.7,2.5,0.2,score_point,0.02269503546099291,1.3659999999999997,0.37,0.63,0.7544910179640718,705,400,False
model,0.32,1.0,3.5,0.2,score_point,0.02269503546099291,1.36875,0.1475,0.8525,0.9009247027741083,705,400,False
model,0.39,1.0,3.0,0.2,score_point,0.02269503546099291,1.37,0.185,0.815,0.8787061994609164,705,400,False
model,0.44,0.9,3.0,0.2,score_point,0.02269503546099291,1.3725,0.225,0.775,0.8539944903581268,705,400,False
model,0.62,0.8,2.5,0.2,score_point,0.02269503546099291,1.3737500000000002,0.3375,0.6625,0.7782672540381792,705,400,False
model,0.45,0.9,3.0,0.2,score_point,0.02269503546099291,1.3777500000000003,0.2275,0.7725,0.8524137931034482,705,400,False
model,0.68,0.4,3.0,0.2,score_point,0.02269503546099291,1.3815,0.3775,0.6225,0.7488721804511279,705,400,False
model,0.63,0.8,2.5,0.2,score_point,0.02269503546099291,1.3822500000000002,0.3425,0.6575,0.7746686303387335,705,400,False
model,0.4,1.0,3.0,0.2,score_point,0.02269503546099291,1.385,0.1925,0.8075,0.8741542625169149,705,400,False
model,0.41,1.0,3.0,0.2,score_point,0.02269503546099291,1.39,0.195,0.805,0.872628726287263,705,400,False
model,0.64,0.8,2.5,0.2,score_point,0.02269503546099291,1.3907500000000002,0.3475,0.6525,0.7710487444608567,705,400,False
model,0.74,0.5,2.5,0.2,score_point,0.02269503546099291,1.405,0.4525,0.5475,0.689763779527559,705,400,False
model,0.59,0.9,2.5,0.2,score_point,0.02269503546099291,1.412,0.32,0.68,0.7906976744186047,705,400,False
model,0.6,0.9,2.5,0.2,score_point,0.02269503546099291,1.42,0.325,0.675,0.7871720116618077,705,400,False
model,0.67,0.5,3.0,0.2,score_point,0.02269503546099291,1.425,0.37,0.63,0.7544910179640718,705,400,False
model,0.61,0.9,2.5,0.2,score_point,0.02269503546099291,1.432,0.3325,0.6675,0.7818448023426061,705,400,False
model,0.62,0.9,2.5,0.2,score_point,0.02269503546099291,1.44,0.3375,0.6625,0.7782672540381792,705,400,False
model,0.72,0.3,3.0,0.2,score_point,0.02269503546099291,1.4475000000000002,0.425,0.575,0.7120743034055729,705,400,False
model,0.63,0.9,2.5,0.2,score_point,0.02269503546099291,1.4480000000000002,0.3425,0.6575,0.7746686303387335,705,400,False
model,0.64,0.9,2.5,0.2,score_point,0.02269503546099291,1.4560000000000002,0.3475,0.6525,0.7710487444608567,705,400,False
model,0.59,1.0,2.5,0.2,score_point,0.02269503546099291,1.48,0.32,0.68,0.7906976744186047,705,400,False
model,0.6,1.0,2.5,0.2,score_point,0.02269503546099291,1.4875,0.325,0.675,0.7871720116618077,705,400,False
model,0.61,1.0,2.5,0.2,score_point,0.02269503546099291,1.49875,0.3325,0.6675,0.7818448023426061,705,400,False
model,0.65,0.4,3.5,0.2,score_point,0.02269503546099291,1.5005000000000002,0.355,0.645,0.7655786350148367,705,400,False
model,0.62,1.0,2.5,0.2,score_point,0.02269503546099291,1.50625,0.3375,0.6625,0.7782672540381792,705,400,False
model,0.68,0.3,3.5,0.2,score_point,0.02269503546099291,1.508,0.3775,0.6225,0.7488721804511279,705,400,False
model,0.63,1.0,2.5,0.2,score_point,0.02269503546099291,1.51375,0.3425,0.6575,0.7746686303387335,705,400,False
model,0.64,1.0,2.5,0.2,score_point,0.02269503546099291,1.52125,0.3475,0.6525,0.7710487444608567,705,400,False
model,0.66,0.4,3.5,0.2,score_point,0.02269503546099291,1.52375,0.3625,0.6375,0.7600596125186289,705,400,False
model,0.83,0.2,2.5,0.2,score_point,0.02269503546099291,1.557,0.59,0.41,0.5655172413793103,705,400,False
model,0.82,0.3,2.5,0.2,score_point,0.02269503546099291,1.5815000000000003,0.5825,0.4175,0.5728987993138936,705,400,False
model,0.72,0.2,3.5,0.2,score_point,0.02269503546099291,1.6024999999999998,0.425,0.575,0.7120743034055729,705,400,False
model,0.84,0.2,2.5,0.2,score_point,0.02269503546099291,1.60875,0.6125,0.3875,0.542907180385289,705,400,False
model,0.85,0.2,2.5,0.2,score_point,0.02269503546099291,1.65475,0.6325,0.3675,0.522202486678508,705,400,False
model,0.86,0.2,2.5,0.2,score_point,0.02269503546099291,1.7122499999999996,0.6575,0.3425,0.49547920433996384,705,400,False
model,0.35,0.7,3.5,0.2,score_point,0.024113475177304965,1.1619999999999997,0.165,0.835,0.8894806924101198,705,400,True
model,0.42,0.7,3.0,0.2,score_point,0.024113475177304965,1.1714999999999998,0.205,0.795,0.8653061224489796,705,400,False
model,0.36,0.8,3.0,0.2,score_point,0.024113475177304965,1.1795000000000002,0.1725,0.8275,0.8850267379679144,705,400,False
model,0.43,0.7,3.0,0.2,score_point,0.024113475177304965,1.1829999999999998,0.21,0.79,0.8622100954979537,705,400,False
model,0.37,0.8,3.0,0.2,score_point,0.024113475177304965,1.1905000000000001,0.1775,0.8225,0.8820375335120644,705,400,False
model,0.38,0.8,3.0,0.2,score_point,0.024113475177304965,1.1905000000000001,0.1775,0.8225,0.8820375335120644,705,400,False
model,0.42,0.6,3.5,0.2,score_point,0.024113475177304965,1.1945,0.205,0.795,0.8653061224489796,705,400,False
model,0.39,0.8,3.0,0.2,score_point,0.024113475177304965,1.207,0.185,0.815,0.8775235531628532,705,400,False
model,0.43,0.6,3.5,0.2,score_point,0.024113475177304965,1.2089999999999999,0.21,0.79,0.8622100954979537,705,400,False
model,0.44,0.7,3.0,0.2,score_point,0.024113475177304965,1.2174999999999998,0.225,0.775,0.8528198074277854,705,400,False
model,0.33,0.9,3.0,0.2,score_point,0.024113475177304965,1.2202500000000003,0.1525,0.8475,0.8968253968253969,705,400,False
model,0.45,0.7,3.0,0.2,score_point,0.024113475177304965,1.2232499999999995,0.2275,0.7725,0.8512396694214874,705,400,False
model,0.4,0.8,3.0,0.2,score_point,0.024113475177304965,1.2235000000000003,0.1925,0.8075,0.8729729729729729,705,400,False
model,0.21,1.0,3.5,0.2,score_point,0.024113475177304965,1.225,0.09,0.91,0.9321382842509603,705,400,False
model,0.41,0.8,3.0,0.2,score_point,0.024113475177304965,1.2290000000000003,0.195,0.805,0.8714479025710419,705,400,False
model,0.34,0.9,3.0,0.2,score_point,0.024113475177304965,1.2307500000000002,0.1575,0.8425,0.8938992042440319,705,400,False
model,0.22,1.0,3.5,0.2,score_point,0.024113475177304965,1.23125,0.0925,0.9075,0.9307692307692307,705,400,False
model,0.23,1.0,3.5,0.2,score_point,0.024113475177304965,1.23125,0.0925,0.9075,0.9307692307692307,705,400,False
model,0.24,1.0,3.5,0.2,score_point,0.024113475177304965,1.23125,0.0925,0.9075,0.9307692307692307,705,400,False
model,0.25,1.0,3.5,0.2,score_point,0.024113475177304965,1.2375,0.095,0.905,0.9293966623876765,705,400,False
model,0.35,0.9,3.0,0.2,score_point,0.024113475177304965,1.2465000000000002,0.165,0.835,0.8894806924101198,705,400,False
model,0.52,0.6,3.0,0.2,score_point,0.024113475177304965,1.248,0.27,0.73,0.8236953455571228,705,400,False
model,0.44,0.6,3.5,0.2,score_point,0.024113475177304965,1.2525,0.225,0.775,0.8528198074277854,705,400,False
model,0.26,1.0,3.5,0.2,score_point,0.024113475177304965,1.25625,0.1025,0.8975,0.9252577319587628,705,400,False
model,0.45,0.6,3.5,0.2,score_point,0.024113475177304965,1.2597499999999997,0.2275,0.7725,0.8512396694214874,705,400,False
model,0.36,0.9,3.0,0.2,score_point,0.024113475177304965,1.2622500000000003,0.1725,0.8275,0.8850267379679144,705,400,False
model,0.31,0.9,3.5,0.2,score_point,0.024113475177304965,1.264,0.14,0.86,0.9040735873850196,705,400,False
model,0.53,0.6,3.0,0.2,score_point,0.024113475177304965,1.272,0.28,0.72,0.8170212765957446,705,400,False
model,0.37,0.9,3.0,0.2,score_point,0.024113475177304965,1.2727500000000003,0.1775,0.8225,0.8820375335120644,705,400,False
model,0.38,0.9,3.0,0.2,score_point,0.024113475177304965,1.2727500000000003,0.1775,0.8225,0.8820375335120644,705,400,False
model,0.59,0.7,2.5,0.2,score_point,0.024113475177304965,1.2759999999999998,0.32,0.68,0.7895500725689405,705,400,False
model,0.27,1.0,3.5,0.2,score_point,0.024113475177304965,1.28125,0.1125,0.8875,0.9196891191709844,705,400,False
model,0.32,0.9,3.5,0.2,score_point,0.024113475177304965,1.2835000000000003,0.1475,0.8525,0.899736147757256,705,400,False
model,0.6,0.7,2.5,0.2,score_point,0.024113475177304965,1.285,0.325,0.675,0.7860262008733625,705,400,False
model,0.39,0.9,3.0,0.2,score_point,0.024113475177304965,1.2885,0.185,0.815,0.8775235531628532,705,400,False
model,0.54,0.6,3.0,0.2,score_point,0.024113475177304965,1.29,0.2875,0.7125,0.811965811965812,705,400,False
model,0.28,1.0,3.5,0.2,score_point,0.024113475177304965,1.29375,0.1175,0.8825,0.9168831168831169,705,400,False
model,0.55,0.8,2.5,0.2,score_point,0.024113475177304965,1.2972500000000002,0.2925,0.7075,0.8085714285714286,705,400,False
model,0.56,0.8,2.5,0.2,score_point,0.024113475177304965,1.2972500000000002,0.2925,0.7075,0.8085714285714286,705,400,False
model,0.61,0.7,2.5,0.2,score_point,0.024113475177304965,1.2985,0.3325,0.6675,0.7807017543859649,705,400,False
model,0.4,0.9,3.0,0.2,score_point,0.024113475177304965,1.3042500000000001,0.1925,0.8075,0.8729729729729729,705,400,False
model,0.29,1.0,3.5,0.2,score_point,0.024113475177304965,1.30625,0.1225,0.8775,0.9140624999999999,705,400,False
model,0.62,0.7,2.5,0.2,score_point,0.024113475177304965,1.3074999999999997,0.3375,0.6625,0.7771260997067447,705,400,False
model,0.41,0.9,3.0,0.2,score_point,0.024113475177304965,1.3094999999999999,0.195,0.805,0.8714479025710419,705,400,False
model,0.73,0.4,2.5,0.2,score_point,0.024113475177304965,1.3135000000000003,0.435,0.565,0.702954898911353,705,400,False
model,0.63,0.7,2.5,0.2,score_point,0.024113475177304965,1.3164999999999998,0.3425,0.6575,0.7735294117647058,705,400,False
model,0.68,0.6,2.5,0.2,score_point,0.024113475177304965,1.3172499999999996,0.3775,0.6225,0.7477477477477478,705,400,False
model,0.57,0.8,2.5,0.2,score_point,0.024113475177304965,1.3185000000000002,0.305,0.695,0.7999999999999999,705,400,False
model,0.58,0.8,2.5,0.2,score_point,0.024113475177304965,1.3227500000000003,0.3075,0.6925,0.7982708933717578,705,400,False
model,0.3,1.0,3.5,0.2,score_point,0.024113475177304965,1.325,0.13,0.87,0.9098039215686274,705,400,False
model,0.64,0.7,2.5,0.2,score_point,0.024113475177304965,1.3255,0.3475,0.6525,0.7699115044247787,705,400,False
model,0.75,0.3,2.5,0.2,score_point,0.024113475177304965,1.3450000000000002,0.475,0.525,0.6698564593301436,705,400,False
model,0.76,0.3,2.5,0.2,score_point,0.024113475177304965,1.3450000000000002,0.475,0.525,0.6698564593301436,705,400,False
model,0.55,0.9,2.5,0.2,score_point,0.024113475177304965,1.368,0.2925,0.7075,0.8085714285714286,705,400,False
model,0.56,0.9,2.5,0.2,score_point,0.024113475177304965,1.368,0.2925,0.7075,0.8085714285714286,705,400,False
model,0.73,0.5,2.5,0.2,score_point,0.024113475177304965,1.37,0.435,0.565,0.702954898911353,705,400,False
model,0.55,0.5,3.5,0.2,score_point,0.024113475177304965,1.3775,0.2925,0.7075,0.8085714285714286,705,400,False
model,0.56,0.5,3.5,0.2,score_point,0.024113475177304965,1.3775,0.2925,0.7075,0.8085714285714286,705,400,False
model,0.7,0.3,3.0,0.2,score_point,0.024113475177304965,1.3867500000000001,0.4025,0.5975,0.7286585365853658,705,400,False
model,0.65,0.5,3.0,0.2,score_point,0.024113475177304965,1.3875,0.355,0.645,0.7644444444444444,705,400,False
model,0.57,0.9,2.5,0.2,score_point,0.024113475177304965,1.3880000000000001,0.305,0.695,0.7999999999999999,705,400,False
model,0.58,0.9,2.5,0.2,score_point,0.024113475177304965,1.392,0.3075,0.6925,0.7982708933717578,705,400,False
model,0.66,0.5,3.0,0.2,score_point,0.024113475177304965,1.40625,0.3625,0.6375,0.7589285714285714,705,400,False
model,0.77,0.3,2.5,0.2,score_point,0.024113475177304965,1.4110000000000003,0.505,0.495,0.6439024390243903,705,400,False
model,0.57,0.5,3.5,0.2,score_point,0.024113475177304965,1.415,0.305,0.695,0.7999999999999999,705,400,False
model,0.71,0.3,3.0,0.2,score_point,0.024113475177304965,1.4205,0.415,0.585,0.7188940092165899,705,400,False
model,0.58,0.5,3.5,0.2,score_point,0.024113475177304965,1.4225,0.3075,0.6925,0.7982708933717578,705,400,False
model,0.55,1.0,2.5,0.2,score_point,0.024113475177304965,1.43875,0.2925,0.7075,0.8085714285714286,705,400,False
model,0.56,1.0,2.5,0.2,score_point,0.024113475177304965,1.43875,0.2925,0.7075,0.8085714285714286,705,400,False
model,0.78,0.3,2.5,0.2,score_point,0.024113475177304965,1.4495000000000002,0.5225,0.4775,0.6282894736842105,705,400,False
model,0.57,1.0,2.5,0.2,score_point,0.024113475177304965,1.4575,0.305,0.695,0.7999999999999999,705,400,False
model,0.58,1.0,2.5,0.2,score_point,0.024113475177304965,1.46125,0.3075,0.6925,0.7982708933717578,705,400,False
model,0.63,0.4,3.5,0.2,score_point,0.024113475177304965,1.46175,0.3425,0.6575,0.7735294117647058,705,400,False
model,0.79,0.3,2.5,0.2,score_point,0.024113475177304965,1.4660000000000002,0.53,0.47,0.621487603305785,705,400,False
model,0.74,0.2,3.0,0.2,score_point,0.024113475177304965,1.4669999999999999,0.4525,0.5475,0.6886792452830189,705,400,False
model,0.64,0.4,3.5,0.2,score_point,0.024113475177304965,1.4772499999999997,0.3475,0.6525,0.7699115044247787,705,400,False
model,0.8,0.3,2.5,0.2,score_point,0.024113475177304965,1.51,0.55,0.45,0.6030150753768845,705,400,False
model,0.7,0.2,3.5,0.2,score_point,0.024113475177304965,1.5282499999999999,0.4025,0.5975,0.7286585365853658,705,400,False
model,0.81,0.3,2.5,0.2,score_point,0.024113475177304965,1.5430000000000001,0.565,0.435,0.5888324873096447,705,400,False
model,0.71,0.2,3.5,0.2,score_point,0.024113475177304965,1.5695,0.415,0.585,0.7188940092165899,705,400,False
model,0.36,0.7,3.0,0.2,score_point,0.02553191489361702,1.09675,0.1725,0.8275,0.883845126835781,705,400,True
model,0.36,0.6,3.5,0.2,score_point,0.02553191489361702,1.1002499999999997,0.1725,0.8275,0.883845126835781,705,400,False
model,0.37,0.7,3.0,0.2,score_point,0.02553191489361702,1.10825,0.1775,0.8225,0.8808567603748326,705,400,False
model,0.38,0.7,3.0,0.2,score_point,0.02553191489361702,1.10825,0.1775,0.8225,0.8808567603748326,705,400,False
model,0.37,0.6,3.5,0.2,score_point,0.02553191489361702,1.11475,0.1775,0.8225,0.8808567603748326,705,400,False
model,0.38,0.6,3.5,0.2,score_point,0.02553191489361702,1.11475,0.1775,0.8225,0.8808567603748326,705,400,False
model,0.39,0.7,3.0,0.2,score_point,0.02553191489361702,1.1254999999999997,0.185,0.815,0.8763440860215054,705,400,False
model,0.33,0.7,3.5,0.2,score_point,0.02553191489361702,1.1269999999999998,0.1525,0.8475,0.8956406869220608,705,400,False
model,0.39,0.6,3.5,0.2,score_point,0.02553191489361702,1.1364999999999998,0.185,0.815,0.8763440860215054,705,400,False
model,0.34,0.7,3.5,0.2,score_point,0.02553191489361702,1.1409999999999998,0.1575,0.8425,0.8927152317880795,705,400,False
model,0.4,0.7,3.0,0.2,score_point,0.02553191489361702,1.1427499999999997,0.1925,0.8075,0.8717948717948717,705,400,False
model,0.41,0.7,3.0,0.2,score_point,0.02553191489361702,1.1484999999999999,0.195,0.805,0.8702702702702704,705,400,False
model,0.4,0.6,3.5,0.2,score_point,0.02553191489361702,1.1582499999999998,0.1925,0.8075,0.8717948717948717,705,400,False
model,0.35,0.8,3.0,0.2,score_point,0.02553191489361702,1.1630000000000003,0.165,0.835,0.8882978723404256,705,400,False
model,0.41,0.6,3.5,0.2,score_point,0.02553191489361702,1.1654999999999998,0.195,0.805,0.8702702702702704,705,400,False
model,0.26,0.9,3.5,0.2,score_point,0.02553191489361702,1.1665,0.1025,0.8975,0.924066924066924,705,400,False
model,0.18,1.0,3.5,0.2,score_point,0.02553191489361702,1.18125,0.0725,0.9275,0.9404309252217998,705,400,False
model,0.47,0.6,3.0,0.2,score_point,0.02553191489361702,1.182,0.2425,0.7575,0.8404993065187238,705,400,False
model,0.27,0.9,3.5,0.2,score_point,0.02553191489361702,1.1925,0.1125,0.8875,0.9184993531694695,705,400,False
model,0.19,1.0,3.5,0.2,score_point,0.02553191489361702,1.19375,0.0775,0.9225,0.937738246505718,705,400,False
model,0.48,0.6,3.0,0.2,score_point,0.02553191489361702,1.2,0.25,0.75,0.8356545961002785,705,400,False
model,0.28,0.9,3.5,0.2,score_point,0.02553191489361702,1.2055,0.1175,0.8825,0.9156939040207522,705,400,False
model,0.49,0.6,3.0,0.2,score_point,0.02553191489361702,1.206,0.2525,0.7475,0.8340306834030684,705,400,False
model,0.5,0.6,3.0,0.2,score_point,0.02553191489361702,1.206,0.2525,0.7475,0.8340306834030684,705,400,False
model,0.2,1.0,3.5,0.2,score_point,0.02553191489361702,1.2125,0.085,0.915,0.9336734693877552,705,400,False
model,0.29,0.9,3.5,0.2,score_point,0.02553191489361702,1.2185000000000001,0.1225,0.8775,0.9128738621586475,705,400,False
model,0.55,0.7,2.5,0.2,score_point,0.02553191489361702,1.2264999999999997,0.2925,0.7075,0.8074179743223966,705,400,False
model,0.56,0.7,2.5,0.2,score_point,0.02553191489361702,1.2264999999999997,0.2925,0.7075,0.8074179743223966,705,400,False
model,0.3,0.9,3.5,0.2,score_point,0.02553191489361702,1.2380000000000002,0.13,0.87,0.9086161879895561,705,400,False
model,0.51,0.6,3.0,0.2,score_point,0.02553191489361702,1.248,0.27,0.73,0.8225352112676055,705,400,False
model,0.57,0.7,2.5,0.2,score_point,0.02553191489361702,1.2489999999999997,0.305,0.695,0.7988505747126436,705,400,False
model,0.58,0.7,2.5,0.2,score_point,0.02553191489361702,1.2534999999999996,0.3075,0.6925,0.7971223021582734,705,400,False
model,0.52,0.8,2.5,0.2,score_point,0.02553191489361702,1.2590000000000003,0.27,0.73,0.8225352112676055,705,400,False
model,0.65,0.6,2.5,0.2,score_point,0.02553191489361702,1.2745,0.355,0.645,0.7633136094674556,705,400,False
model,0.53,0.8,2.5,0.2,score_point,0.02553191489361702,1.276,0.28,0.72,0.8158640226628895,705,400,False
model,0.54,0.8,2.5,0.2,score_point,0.02553191489361702,1.28875,0.2875,0.7125,0.8108108108108109,705,400,False
model,0.66,0.6,2.5,0.2,score_point,0.02553191489361702,1.28875,0.3625,0.6375,0.7578008915304606,705,400,False
model,0.72,0.4,2.5,0.2,score_point,0.02553191489361702,1.2925,0.425,0.575,0.7098765432098765,705,400,False
model,0.59,0.5,3.0,0.2,score_point,0.02553191489361702,1.3,0.32,0.68,0.7884057971014493,705,400,False
model,0.67,0.6,2.5,0.2,score_point,0.02553191489361702,1.303,0.37,0.63,0.7522388059701491,705,400,False
model,0.7,0.5,2.5,0.2,score_point,0.02553191489361702,1.305,0.4025,0.5975,0.7275494672754947,705,400,False
model,0.6,0.5,3.0,0.2,score_point,0.02553191489361702,1.3125,0.325,0.675,0.7848837209302325,705,400,False
model,0.71,0.5,2.5,0.2,score_point,0.02553191489361702,1.33,0.415,0.585,0.7177914110429447,705,400,False
model,0.61,0.5,3.0,0.2,score_point,0.02553191489361702,1.33125,0.3325,0.6675,0.7795620437956204,705,400,False
model,0.52,0.9,2.5,0.2,score_point,0.02553191489361702,1.332,0.27,0.73,0.8225352112676055,705,400,False
model,0.62,0.5,3.0,0.2,score_point,0.02553191489361702,1.34375,0.3375,0.6625,0.7759882869692533,705,400,False
model,0.69,0.3,3.0,0.2,score_point,0.02553191489361702,1.3462500000000004,0.3875,0.6125,0.7390648567119156,705,400,False
model,0.53,0.9,2.5,0.2,score_point,0.02553191489361702,1.348,0.28,0.72,0.8158640226628895,705,400,False
model,0.72,0.5,2.5,0.2,score_point,0.02553191489361702,1.35,0.425,0.575,0.7098765432098765,705,400,False
model,0.63,0.5,3.0,0.2,score_point,0.02553191489361702,1.35625,0.3425,0.6575,0.7723935389133627,705,400,False
model,0.54,0.9,2.5,0.2,score_point,0.02553191489361702,1.36,0.2875,0.7125,0.8108108108108109,705,400,False
model,0.67,0.4,3.0,0.2,score_point,0.02553191489361702,1.362,0.37,0.63,0.7522388059701491,705,400,False
model,0.47,1.0,2.5,0.2,score_point,0.02553191489361702,1.36375,0.2425,0.7575,0.8404993065187238,705,400,False
model,0.64,0.5,3.0,0.2,score_point,0.02553191489361702,1.36875,0.3475,0.6525,0.7687776141384388,705,400,False
model,0.48,1.0,2.5,0.2,score_point,0.02553191489361702,1.375,0.25,0.75,0.8356545961002785,705,400,False
model,0.49,1.0,2.5,0.2,score_point,0.02553191489361702,1.37875,0.2525,0.7475,0.8340306834030684,705,400,False
model,0.5,1.0,2.5,0.2,score_point,0.02553191489361702,1.37875,0.2525,0.7475,0.8340306834030684,705,400,False
model,0.59,0.4,3.5,0.2,score_point,0.02553191489361702,1.392,0.32,0.68,0.7884057971014493,705,400,False
model,0.51,1.0,2.5,0.2,score_point,0.02553191489361702,1.405,0.27,0.73,0.8225352112676055,705,400,False
model,0.52,1.0,2.5,0.2,score_point,0.02553191489361702,1.405,0.27,0.73,0.8225352112676055,705,400,False
model,0.6,0.4,3.5,0.2,score_point,0.02553191489361702,1.4075,0.325,0.675,0.7848837209302325,705,400,False
model,0.73,0.2,3.0,0.2,score_point,0.02553191489361702,1.418,0.435,0.565,0.7018633540372671,705,400,False
model,0.53,1.0,2.5,0.2,score_point,0.02553191489361702,1.42,0.28,0.72,0.8158640226628895,705,400,False
model,0.83,0.6,2.0,0.2,score_point,0.02553191489361702,1.426,0.59,0.41,0.563573883161512,705,400,False
model,0.61,0.4,3.5,0.2,score_point,0.02553191489361702,1.43075,0.3325,0.6675,0.7795620437956204,705,400,False
model,0.54,1.0,2.5,0.2,score_point,0.02553191489361702,1.43125,0.2875,0.7125,0.8108108108108109,705,400,False
model,0.62,0.4,3.5,0.2,score_point,0.02553191489361702,1.44625,0.3375,0.6625,0.7759882869692533,705,400,False
model,0.82,0.7,2.0,0.2,score_point,0.02553191489361702,1.4572499999999997,0.5825,0.4175,0.5709401709401708,705,400,False
model,0.84,0.6,2.0,0.2,score_point,0.02553191489361702,1.4575,0.6125,0.3875,0.5410122164048866,705,400,False
model,0.83,0.7,2.0,0.2,score_point,0.02553191489361702,1.4669999999999999,0.59,0.41,0.563573883161512,705,400,False
model,0.67,0.3,3.5,0.2,score_point,0.02553191489361702,1.4840000000000004,0.37,0.63,0.7522388059701491,705,400,False
model,0.85,0.6,2.0,0.2,score_point,0.02553191489361702,1.4855,0.6325,0.3675,0.5203539823008849,705,400,False
model,0.84,0.7,2.0,0.2,score_point,0.02553191489361702,1.49625,0.6125,0.3875,0.5410122164048866,705,400,False
model,0.82,0.8,2.0,0.2,score_point,0.02553191489361702,1.4990000000000003,0.5825,0.4175,0.5709401709401708,705,400,False
model,0.83,0.8,2.0,0.2,score_point,0.02553191489361702,1.508,0.59,0.41,0.563573883161512,705,400,False
model,0.86,0.6,2.0,0.2,score_point,0.02553191489361702,1.5204999999999997,0.6575,0.3425,0.4936936936936937,705,400,False
model,0.85,0.7,2.0,0.2,score_point,0.02553191489361702,1.5222499999999999,0.6325,0.3675,0.5203539823008849,705,400,False
model,0.84,0.8,2.0,0.2,score_point,0.02553191489361702,1.535,0.6125,0.3875,0.5410122164048866,705,400,False
model,0.82,0.2,2.5,0.2,score_point,0.02553191489361702,1.5397499999999997,0.5825,0.4175,0.5709401709401708,705,400,False
model,0.82,0.9,2.0,0.2,score_point,0.02553191489361702,1.5407499999999998,0.5825,0.4175,0.5709401709401708,705,400,False
model,0.83,0.9,2.0,0.2,score_point,0.02553191489361702,1.5490000000000002,0.59,0.41,0.563573883161512,705,400,False
model,0.86,0.7,2.0,0.2,score_point,0.02553191489361702,1.5547499999999996,0.6575,0.3425,0.4936936936936937,705,400,False
model,0.85,0.8,2.0,0.2,score_point,0.02553191489361702,1.5590000000000002,0.6325,0.3675,0.5203539823008849,705,400,False
model,0.87,0.6,2.0,0.2,score_point,0.02553191489361702,1.5625,0.6875,0.3125,0.4604051565377532,705,400,False
model,0.84,0.9,2.0,0.2,score_point,0.02553191489361702,1.57375,0.6125,0.3875,0.5410122164048866,705,400,False
model,0.82,1.0,2.0,0.2,score_point,0.02553191489361702,1.5825,0.5825,0.4175,0.5709401709401708,705,400,False
model,0.86,0.8,2.0,0.2,score_point,0.02553191489361702,1.5890000000000004,0.6575,0.3425,0.4936936936936937,705,400,False
model,0.83,1.0,2.0,0.2,score_point,0.02553191489361702,1.59,0.59,0.41,0.563573883161512,705,400,False
model,0.87,0.7,2.0,0.2,score_point,0.02553191489361702,1.59375,0.6875,0.3125,0.4604051565377532,705,400,False
model,0.85,0.9,2.0,0.2,score_point,0.02553191489361702,1.5957499999999998,0.6325,0.3675,0.5203539823008849,705,400,False
model,0.84,1.0,2.0,0.2,score_point,0.02553191489361702,1.6125,0.6125,0.3875,0.5410122164048866,705,400,False
model,0.86,0.9,2.0,0.2,score_point,0.02553191489361702,1.6232499999999999,0.6575,0.3425,0.4936936936936937,705,400,False
model,0.87,0.8,2.0,0.2,score_point,0.02553191489361702,1.625,0.6875,0.3125,0.4604051565377532,705,400,False
model,0.88,0.6,2.0,0.2,score_point,0.02553191489361702,1.6254999999999997,0.7325,0.2675,0.40761904761904766,705,400,False
model,0.85,1.0,2.0,0.2,score_point,0.02553191489361702,1.6325,0.6325,0.3675,0.5203539823008849,705,400,False
model,0.88,0.7,2.0,0.2,score_point,0.02553191489361702,1.6522499999999996,0.7325,0.2675,0.40761904761904766,705,400,False
model,0.87,0.9,2.0,0.2,score_point,0.02553191489361702,1.65625,0.6875,0.3125,0.4604051565377532,705,400,False
model,0.86,1.0,2.0,0.2,score_point,0.02553191489361702,1.6575,0.6575,0.3425,0.4936936936936937,705,400,False
model,0.88,0.8,2.0,0.2,score_point,0.02553191489361702,1.6790000000000003,0.7325,0.2675,0.40761904761904766,705,400,False
model,0.87,1.0,2.0,0.2,score_point,0.02553191489361702,1.6875,0.6875,0.3125,0.4604051565377532,705,400,False
model,0.89,0.6,2.0,0.2,score_point,0.02553191489361702,1.6920000000000002,0.78,0.22,0.34782608695652173,705,400,False
model,0.88,0.9,2.0,0.2,score_point,0.02553191489361702,1.7057499999999999,0.7325,0.2675,0.40761904761904766,705,400,False
model,0.89,0.7,2.0,0.2,score_point,0.02553191489361702,1.7139999999999997,0.78,0.22,0.34782608695652173,705,400,False
model,0.88,1.0,2.0,0.2,score_point,0.02553191489361702,1.7325,0.7325,0.2675,0.40761904761904766,705,400,False
model,0.89,0.8,2.0,0.2,score_point,0.02553191489361702,1.7360000000000002,0.78,0.22,0.34782608695652173,705,400,False
model,0.9,0.6,2.0,0.2,score_point,0.02553191489361702,1.7410000000000003,0.815,0.185,0.30081300813008127,705,400,False
model,0.89,0.9,2.0,0.2,score_point,0.02553191489361702,1.7579999999999998,0.78,0.22,0.34782608695652173,705,400,False
model,0.9,0.7,2.0,0.2,score_point,0.02553191489361702,1.7594999999999998,0.815,0.185,0.30081300813008127,705,400,False
model,0.9,0.8,2.0,0.2,score_point,0.02553191489361702,1.778,0.815,0.185,0.30081300813008127,705,400,False
model,0.91,0.6,2.0,0.2,score_point,0.02553191489361702,1.7794999999999999,0.8425,0.1575,0.26195426195426197,705,400,False
model,0.89,1.0,2.0,0.2,score_point,0.02553191489361702,1.78,0.78,0.22,0.34782608695652173,705,400,False
model,0.91,0.7,2.0,0.2,score_point,0.02553191489361702,1.7952499999999998,0.8425,0.1575,0.26195426195426197,705,400,False
model,0.9,0.9,2.0,0.2,score_point,0.02553191489361702,1.7964999999999998,0.815,0.185,0.30081300813008127,705,400,False
model,0.91,0.8,2.0,0.2,score_point,0.02553191489361702,1.8110000000000002,0.8425,0.1575,0.26195426195426197,705,400,False
model,0.9,1.0,2.0,0.2,score_point,0.02553191489361702,1.815,0.815,0.185,0.30081300813008127,705,400,False
model,0.92,0.6,2.0,0.2,score_point,0.02553191489361702,1.818,0.87,0.13,0.22127659574468084,705,400,False
model,0.93,0.2,2.0,0.2,score_point,0.02553191489361702,1.8244999999999998,0.9025,0.0975,0.17067833698030635,705,400,False
model,0.91,0.9,2.0,0.2,score_point,0.02553191489361702,1.82675,0.8425,0.1575,0.26195426195426197,705,400,False
model,0.92,0.7,2.0,0.2,score_point,0.02553191489361702,1.8309999999999997,0.87,0.13,0.22127659574468084,705,400,False
model,0.93,0.3,2.0,0.2,score_point,0.02553191489361702,1.8342500000000002,0.9025,0.0975,0.17067833698030635,705,400,False
model,0.91,1.0,2.0,0.2,score_point,0.02553191489361702,1.8425,0.8425,0.1575,0.26195426195426197,705,400,False
model,0.93,0.4,2.0,0.2,score_point,0.02553191489361702,1.8439999999999999,0.9025,0.0975,0.17067833698030635,705,400,False
model,0.92,0.8,2.0,0.2,score_point,0.02553191489361702,1.8440000000000003,0.87,0.13,0.22127659574468084,705,400,False
model,0.93,0.5,2.0,0.2,score_point,0.02553191489361702,1.85375,0.9025,0.0975,0.17067833698030635,705,400,False
model,0.92,0.9,2.0,0.2,score_point,0.02553191489361702,1.857,0.87,0.13,0.22127659574468084,705,400,False
model,0.93,0.6,2.0,0.2,score_point,0.02553191489361702,1.8635000000000002,0.9025,0.0975,0.17067833698030635,705,400,False
model,0.92,1.0,2.0,0.2,score_point,0.02553191489361702,1.87,0.87,0.13,0.22127659574468084,705,400,False
model,0.93,0.7,2.0,0.2,score_point,0.02553191489361702,1.8732499999999999,0.9025,0.0975,0.17067833698030635,705,400,False
model,0.94,0.2,2.0,0.2,score_point,0.02553191489361702,1.8785000000000003,0.9325,0.0675,0.12134831460674159,705,400,False
model,0.93,0.8,2.0,0.2,score_point,0.02553191489361702,1.883,0.9025,0.0975,0.17067833698030635,705,400,False
model,0.94,0.3,2.0,0.2,score_point,0.02553191489361702,1.8852499999999999,0.9325,0.0675,0.12134831460674159,705,400,False
model,0.94,0.4,2.0,0.2,score_point,0.02553191489361702,1.892,0.9325,0.0675,0.12134831460674159,705,400,False
model,0.93,0.9,2.0,0.2,score_point,0.02553191489361702,1.8927499999999997,0.9025,0.0975,0.17067833698030635,705,400,False
model,0.94,0.5,2.0,0.2,score_point,0.02553191489361702,1.89875,0.9325,0.0675,0.12134831460674159,705,400,False
model,0.93,1.0,2.0,0.2,score_point,0.02553191489361702,1.9025,0.9025,0.0975,0.17067833698030635,705,400,False
model,0.94,0.6,2.0,0.2,score_point,0.02553191489361702,1.9055000000000002,0.9325,0.0675,0.12134831460674159,705,400,False
model,0.94,0.7,2.0,0.2,score_point,0.02553191489361702,1.9122500000000002,0.9325,0.0675,0.12134831460674159,705,400,False
model,0.94,0.8,2.0,0.2,score_point,0.02553191489361702,1.9189999999999998,0.9325,0.0675,0.12134831460674159,705,400,False
model,0.94,0.9,2.0,0.2,score_point,0.02553191489361702,1.9257499999999999,0.9325,0.0675,0.12134831460674159,705,400,False
model,0.95,0.2,2.0,0.2,score_point,0.02553191489361702,1.9280000000000002,0.96,0.04,0.07373271889400922,705,400,False
model,0.95,0.3,2.0,0.2,score_point,0.02553191489361702,1.932,0.96,0.04,0.07373271889400922,705,400,False
model,0.94,1.0,2.0,0.2,score_point,0.02553191489361702,1.9325,0.9325,0.0675,0.12134831460674159,705,400,False
model,0.95,0.4,2.0,0.2,score_point,0.02553191489361702,1.9359999999999997,0.96,0.04,0.07373271889400922,705,400,False
model,0.95,0.5,2.0,0.2,score_point,0.02553191489361702,1.94,0.96,0.04,0.07373271889400922,705,400,False
model,0.95,0.6,2.0,0.2,score_point,0.02553191489361702,1.9440000000000004,0.96,0.04,0.07373271889400922,705,400,False
model,0.95,0.7,2.0,0.2,score_point,0.02553191489361702,1.9480000000000002,0.96,0.04,0.07373271889400922,705,400,False
model,0.95,0.8,2.0,0.2,score_point,0.02553191489361702,1.952,0.96,0.04,0.07373271889400922,705,400,False
model,0.95,0.9,2.0,0.2,score_point,0.02553191489361702,1.9559999999999997,0.96,0.04,0.07373271889400922,705,400,False
model,0.95,1.0,2.0,0.2,score_point,0.02553191489361702,1.96,0.96,0.04,0.07373271889400922,705,400,False
model,0.96,0.2,2.0,0.2,score_point,0.02553191489361702,1.964,0.98,0.02,0.03755868544600939,705,400,False
model,0.96,0.3,2.0,0.2,score_point,0.02553191489361702,1.966,0.98,0.02,0.03755868544600939,705,400,False
model,0.96,0.4,2.0,0.2,score_point,0.02553191489361702,1.9680000000000002,0.98,0.02,0.03755868544600939,705,400,False
model,0.96,0.5,2.0,0.2,score_point,0.02553191489361702,1.97,0.98,0.02,0.03755868544600939,705,400,False
model,0.96,0.6,2.0,0.2,score_point,0.02553191489361702,1.972,0.98,0.02,0.03755868544600939,705,400,False
model,0.96,0.7,2.0,0.2,score_point,0.02553191489361702,1.974,0.98,0.02,0.03755868544600939,705,400,False
model,0.96,0.8,2.0,0.2,score_point,0.02553191489361702,1.976,0.98,0.02,0.03755868544600939,705,400,False
model,0.96,0.9,2.0,0.2,score_point,0.02553191489361702,1.9780000000000002,0.98,0.02,0.03755868544600939,705,400,False
model,0.96,1.0,2.0,0.2,score_point,0.02553191489361702,1.98,0.98,0.02,0.03755868544600939,705,400,False
model,0.97,0.2,2.0,0.2,score_point,0.02553191489361702,1.9864999999999997,0.9925,0.0075,0.014251781472684083,705,400,False
model,0.97,0.3,2.0,0.2,score_point,0.02553191489361702,1.9872500000000002,0.9925,0.0075,0.014251781472684083,705,400,False
model,0.97,0.4,2.0,0.2,score_point,0.02553191489361702,1.9880000000000002,0.9925,0.0075,0.014251781472684083,705,400,False
model,0.97,0.5,2.0,0.2,score_point,0.02553191489361702,1.98875,0.9925,0.0075,0.014251781472684083,705,400,False
model,0.97,0.6,2.0,0.2,score_point,0.02553191489361702,1.9894999999999998,0.9925,0.0075,0.014251781472684083,705,400,False
model,0.97,0.7,2.0,0.2,score_point,0.02553191489361702,1.9902499999999999,0.9925,0.0075,0.014251781472684083,705,400,False
model,0.97,0.8,2.0,0.2,score_point,0.02553191489361702,1.9910000000000003,0.9925,0.0075,0.014251781472684083,705,400,False
model,0.97,0.9,2.0,0.2,score_point,0.02553191489361702,1.9917500000000001,0.9925,0.0075,0.014251781472684083,705,400,False
model,0.97,1.0,2.0,0.2,score_point,0.02553191489361702,1.9925,0.9925,0.0075,0.014251781472684083,705,400,False
model,0.98,0.2,2.0,0.2,score_point,0.02553191489361702,1.9955,0.9975,0.0025,0.00477326968973747,705,400,False
model,0.98,0.3,2.0,0.2,score_point,0.02553191489361702,1.99575,0.9975,0.0025,0.00477326968973747,705,400,False
model,0.98,0.4,2.0,0.2,score_point,0.02553191489361702,1.996,0.9975,0.0025,0.00477326968973747,705,400,False
model,0.98,0.5,2.0,0.2,score_point,0.02553191489361702,1.99625,0.9975,0.0025,0.00477326968973747,705,400,False
model,0.98,0.6,2.0,0.2,score_point,0.02553191489361702,1.9965000000000002,0.9975,0.0025,0.00477326968973747,705,400,False
model,0.98,0.7,2.0,0.2,score_point,0.02553191489361702,1.99675,0.9975,0.0025,0.00477326968973747,705,400,False
model,0.98,0.8,2.0,0.2,score_point,0.02553191489361702,1.9969999999999999,0.9975,0.0025,0.00477326968973747,705,400,False
model,0.98,0.9,2.0,0.2,score_point,0.02553191489361702,1.99725,0.9975,0.0025,0.00477326968973747,705,400,False
model,0.98,1.0,2.0,0.2,score_point,0.02553191489361702,1.9975,0.9975,0.0025,0.00477326968973747,705,400,False
model,0.99,0.2,2.0,0.2,score_point,0.02553191489361702,2.0,1.0,0.0,0.0,705,400,False
model,1.0,0.2,2.0,0.2,score_point,0.02553191489361702,2.0,1.0,0.0,0.0,705,400,False
model,0.99,0.3,2.0,0.2,score_point,0.02553191489361702,2.0,1.0,0.0,0.0,705,400,False
model,1.0,0.3,2.0,0.2,score_point,0.02553191489361702,2.0,1.0,0.0,0.0,705,400,False
model,0.99,0.4,2.0,0.2,score_point,0.02553191489361702,2.0,1.0,0.0,0.0,705,400,False
model,1.0,0.4,2.0,0.2,score_point,0.02553191489361702,2.0,1.0,0.0,0.0,705,400,False
model,0.99,0.5,2.0,0.2,score_point,0.02553191489361702,2.0,1.0,0.0,0.0,705,400,False
model,1.0,0.5,2.0,0.2,score_point,0.02553191489361702,2.0,1.0,0.0,0.0,705,400,False
model,0.99,0.6,2.0,0.2,score_point,0.02553191489361702,2.0,1.0,0.0,0.0,705,400,False
model,1.0,0.6,2.0,0.2,score_point,0.02553191489361702,2.0,1.0,0.0,0.0,705,400,False
model,0.99,0.7,2.0,0.2,score_point,0.02553191489361702,2.0,1.0,0.0,0.0,705,400,False
model,1.0,0.7,2.0,0.2,score_point,0.02553191489361702,2.0,1.0,0.0,0.0,705,400,False
model,0.99,0.8,2.0,0.2,score_point,0.02553191489361702,2.0,1.0,0.0,0.0,705,400,False
model,1.0,0.8,2.0,0.2,score_point,0.02553191489361702,2.0,1.0,0.0,0.0,705,400,False
model,0.99,0.9,2.0,0.2,score_point,0.02553191489361702,2.0,1.0,0.0,0.0,705,400,False
model,1.0,0.9,2.0,0.2,score_point,0.02553191489361702,2.0,1.0,0.0,0.0,705,400,False
model,0.99,1.0,2.0,0.2,score_point,0.02553191489361702,2.0,1.0,0.0,0.0,705,400,False
model,1.0,1.0,2.0,0.2,score_point,0.02553191489361702,2.0,1.0,0.0,0.0,705,400,False
model,0.21,0.9,3.5,0.2,score_point,0.02695035460992908,1.1340000000000001,0.09,0.91,0.9297573435504469,705,400,False
model,0.33,0.8,3.0,0.2,score_point,0.02695035460992908,1.1355000000000002,0.1525,0.8475,0.8944591029023746,705,400,False
model,0.22,0.9,3.5,0.2,score_point,0.02695035460992908,1.1405000000000003,0.0925,0.9075,0.9283887468030692,705,400,False
model,0.23,0.9,3.5,0.2,score_point,0.02695035460992908,1.1405000000000003,0.0925,0.9075,0.9283887468030692,705,400,False
model,0.24,0.9,3.5,0.2,score_point,0.02695035460992908,1.1405000000000003,0.0925,0.9075,0.9283887468030692,705,400,False
model,0.34,0.8,3.0,0.2,score_point,0.02695035460992908,1.1465,0.1575,0.8425,0.8915343915343915,705,400,False
model,0.25,0.9,3.5,0.2,score_point,0.02695035460992908,1.1470000000000002,0.095,0.905,0.9270166453265045,705,400,False
model,0.17,1.0,3.5,0.2,score_point,0.02695035460992908,1.15625,0.0625,0.9375,0.9445843828715365,705,400,False
model,0.46,0.6,3.0,0.2,score_point,0.02695035460992908,1.164,0.235,0.765,0.8441379310344829,705,400,False
model,0.31,0.8,3.5,0.2,score_point,0.02695035460992908,1.1780000000000002,0.14,0.86,0.9017038007863695,705,400,False
model,0.52,0.7,2.5,0.2,score_point,0.02695035460992908,1.1859999999999997,0.27,0.73,0.8213783403656822,705,400,False
model,0.32,0.8,3.5,0.2,score_point,0.02695035460992908,1.1982500000000003,0.1475,0.8525,0.8973684210526316,705,400,False
model,0.53,0.7,2.5,0.2,score_point,0.02695035460992908,1.2039999999999997,0.28,0.72,0.8147100424328146,705,400,False
model,0.59,0.6,2.5,0.2,score_point,0.02695035460992908,1.2079999999999997,0.32,0.68,0.7872648335745297,705,400,False
model,0.47,0.8,2.5,0.2,score_point,0.02695035460992908,1.2122500000000003,0.2425,0.7575,0.8393351800554018,705,400,False
model,0.54,0.7,2.5,0.2,score_point,0.02695035460992908,1.2174999999999998,0.2875,0.7125,0.8096590909090909,705,400,False
model,0.6,0.6,2.5,0.2,score_point,0.02695035460992908,1.2175,0.325,0.675,0.7837445573294631,705,400,False
model,0.48,0.8,2.5,0.2,score_point,0.02695035460992908,1.2250000000000003,0.25,0.75,0.8344923504867872,705,400,False
model,0.49,0.8,2.5,0.2,score_point,0.02695035460992908,1.2292500000000002,0.2525,0.7475,0.8328690807799444,705,400,False
model,0.5,0.8,2.5,0.2,score_point,0.02695035460992908,1.2292500000000002,0.2525,0.7475,0.8328690807799444,705,400,False
model,0.61,0.6,2.5,0.2,score_point,0.02695035460992908,1.23175,0.3325,0.6675,0.7784256559766765,705,400,False
model,0.62,0.6,2.5,0.2,score_point,0.02695035460992908,1.24125,0.3375,0.6625,0.7748538011695907,705,400,False
model,0.7,0.4,2.5,0.2,score_point,0.02695035460992908,1.24525,0.4025,0.5975,0.7264437689969605,705,400,False
model,0.63,0.6,2.5,0.2,score_point,0.02695035460992908,1.2507499999999998,0.3425,0.6575,0.7712609970674488,705,400,False
model,0.51,0.8,2.5,0.2,score_point,0.02695035460992908,1.2590000000000003,0.27,0.73,0.8213783403656822,705,400,False
model,0.64,0.6,2.5,0.2,score_point,0.02695035460992908,1.2602499999999999,0.3475,0.6525,0.7676470588235293,705,400,False
model,0.71,0.4,2.5,0.2,score_point,0.02695035460992908,1.2715,0.415,0.585,0.7166921898928025,705,400,False
model,0.69,0.5,2.5,0.2,score_point,0.02695035460992908,1.275,0.3875,0.6125,0.7379518072289157,705,400,False
model,0.31,1.0,3.0,0.2,score_point,0.02695035460992908,1.28,0.14,0.86,0.9017038007863695,705,400,False
model,0.47,0.9,2.5,0.2,score_point,0.02695035460992908,1.288,0.2425,0.7575,0.8393351800554018,705,400,False
model,0.75,0.2,2.5,0.2,score_point,0.02695035460992908,1.2924999999999998,0.475,0.525,0.6677265500794913,705,400,False
model,0.76,0.2,2.5,0.2,score_point,0.02695035460992908,1.2924999999999998,0.475,0.525,0.6677265500794913,705,400,False
model,0.32,1.0,3.0,0.2,score_point,0.02695035460992908,1.295,0.1475,0.8525,0.8973684210526316,705,400,False
model,0.74,0.3,2.5,0.2,score_point,0.02695035460992908,1.2955,0.4525,0.5475,0.6865203761755486,705,400,False
model,0.48,0.9,2.5,0.2,score_point,0.02695035460992908,1.3,0.25,0.75,0.8344923504867872,705,400,False
model,0.49,0.9,2.5,0.2,score_point,0.02695035460992908,1.304,0.2525,0.7475,0.8328690807799444,705,400,False
model,0.5,0.9,2.5,0.2,score_point,0.02695035460992908,1.304,0.2525,0.7475,0.8328690807799444,705,400,False
model,0.52,0.5,3.5,0.2,score_point,0.02695035460992908,1.31,0.27,0.73,0.8213783403656822,705,400,False
model,0.75,0.7,2.0,0.2,score_point,0.02695035460992908,1.3175,0.475,0.525,0.6677265500794913,705,400,False
model,0.76,0.7,2.0,0.2,score_point,0.02695035460992908,1.3175,0.475,0.525,0.6677265500794913,705,400,False
model,0.68,0.3,3.0,0.2,score_point,0.02695035460992908,1.31925,0.3775,0.6225,0.7455089820359281,705,400,False
model,0.65,0.4,3.0,0.2,score_point,0.02695035460992908,1.3230000000000002,0.355,0.645,0.7621861152141802,705,400,False
model,0.51,0.9,2.5,0.2,score_point,0.02695035460992908,1.332,0.27,0.73,0.8213783403656822,705,400,False
model,0.53,0.5,3.5,0.2,score_point,0.02695035460992908,1.34,0.28,0.72,0.8147100424328146,705,400,False
model,0.66,0.4,3.0,0.2,score_point,0.02695035460992908,1.3425,0.3625,0.6375,0.7566765578635015,705,400,False
model,0.74,0.8,2.0,0.2,score_point,0.02695035460992908,1.3430000000000002,0.4525,0.5475,0.6865203761755486,705,400,False
model,0.46,1.0,2.5,0.2,score_point,0.02695035460992908,1.3525,0.235,0.765,0.8441379310344829,705,400,False
model,0.77,0.7,2.0,0.2,score_point,0.02695035460992908,1.3564999999999998,0.505,0.495,0.6418152350081038,705,400,False
model,0.77,0.2,2.5,0.2,score_point,0.02695035460992908,1.3614999999999997,0.505,0.495,0.6418152350081038,705,400,False
model,0.54,0.5,3.5,0.2,score_point,0.02695035460992908,1.3625,0.2875,0.7125,0.8096590909090909,705,400,False
model,0.75,0.8,2.0,0.2,score_point,0.02695035460992908,1.37,0.475,0.525,0.6677265500794913,705,400,False
model,0.76,0.8,2.0,0.2,score_point,0.02695035460992908,1.37,0.475,0.525,0.6677265500794913,705,400,False
model,0.78,0.7,2.0,0.2,score_point,0.02695035460992908,1.3792499999999999,0.5225,0.4775,0.6262295081967213,705,400,False
model,0.79,0.7,2.0,0.2,score_point,0.02695035460992908,1.3889999999999998,0.53,0.47,0.6194398682042833,705,400,False
model,0.72,0.2,3.0,0.2,score_point,0.02695035460992908,1.3899999999999997,0.425,0.575,0.7087827426810477,705,400,False
model,0.74,0.9,2.0,0.2,score_point,0.02695035460992908,1.39775,0.4525,0.5475,0.6865203761755486,705,400,False
model,0.78,0.2,2.5,0.2,score_point,0.02695035460992908,1.4017499999999998,0.5225,0.4775,0.6262295081967213,705,400,False
model,0.77,0.8,2.0,0.2,score_point,0.02695035460992908,1.4060000000000001,0.505,0.495,0.6418152350081038,705,400,False
model,0.8,0.7,2.0,0.2,score_point,0.02695035460992908,1.415,0.55,0.45,0.6010016694490818,705,400,False
model,0.82,0.6,2.0,0.2,score_point,0.02695035460992908,1.4155000000000002,0.5825,0.4175,0.5699658703071672,705,400,False
model,0.79,0.2,2.5,0.2,score_point,0.02695035460992908,1.4189999999999998,0.53,0.47,0.6194398682042833,705,400,False
model,0.75,0.9,2.0,0.2,score_point,0.02695035460992908,1.4225,0.475,0.525,0.6677265500794913,705,400,False
model,0.76,0.9,2.0,0.2,score_point,0.02695035460992908,1.4225,0.475,0.525,0.6677265500794913,705,400,False
model,0.78,0.8,2.0,0.2,score_point,0.02695035460992908,1.4270000000000003,0.5225,0.4775,0.6262295081967213,705,400,False
model,0.81,0.7,2.0,0.2,score_point,0.02695035460992908,1.4344999999999999,0.565,0.435,0.5868465430016864,705,400,False
model,0.79,0.8,2.0,0.2,score_point,0.02695035460992908,1.4360000000000002,0.53,0.47,0.6194398682042833,705,400,False
model,0.74,1.0,2.0,0.2,score_point,0.02695035460992908,1.4525,0.4525,0.5475,0.6865203761755486,705,400,False
model,0.77,0.9,2.0,0.2,score_point,0.02695035460992908,1.4555,0.505,0.495,0.6418152350081038,705,400,False
model,0.8,0.8,2.0,0.2,score_point,0.02695035460992908,1.46,0.55,0.45,0.6010016694490818,705,400,False
model,0.66,0.3,3.5,0.2,score_point,0.02695035460992908,1.4600000000000002,0.3625,0.6375,0.7566765578635015,705,400,False
model,0.8,0.2,2.5,0.2,score_point,0.02695035460992908,1.465,0.55,0.45,0.6010016694490818,705,400,False
model,0.78,0.9,2.0,0.2,score_point,0.02695035460992908,1.4747500000000002,0.5225,0.4775,0.6262295081967213,705,400,False
model,0.75,1.0,2.0,0.2,score_point,0.02695035460992908,1.475,0.475,0.525,0.6677265500794913,705,400,False
model,0.76,1.0,2.0,0.2,score_point,0.02695035460992908,1.475,0.475,0.525,0.6677265500794913,705,400,False
model,0.81,0.8,2.0,0.2,score_point,0.02695035460992908,1.4780000000000002,0.565,0.435,0.5868465430016864,705,400,False
model,0.69,0.2,3.5,0.2,score_point,0.02695035460992908,1.4787499999999998,0.3875,0.6125,0.7379518072289157,705,400,False
model,0.79,0.9,2.0,0.2,score_point,0.02695035460992908,1.483,0.53,0.47,0.6194398682042833,705,400,False
model,0.81,0.2,2.5,0.2,score_point,0.02695035460992908,1.4994999999999998,0.565,0.435,0.5868465430016864,705,400,False
model,0.87,0.4,2.0,0.2,score_point,0.02695035460992908,1.5,0.6875,0.3125,0.45955882352941174,705,400,False
model,0.77,1.0,2.0,0.2,score_point,0.02695035460992908,1.505,0.505,0.495,0.6418152350081038,705,400,False
model,0.8,0.9,2.0,0.2,score_point,0.02695035460992908,1.505,0.55,0.45,0.6010016694490818,705,400,False
model,0.81,0.9,2.0,0.2,score_point,0.02695035460992908,1.5214999999999999,0.565,0.435,0.5868465430016864,705,400,False
model,0.78,1.0,2.0,0.2,score_point,0.02695035460992908,1.5225,0.5225,0.4775,0.6262295081967213,705,400,False
model,0.79,1.0,2.0,0.2,score_point,0.02695035460992908,1.53,0.53,0.47,0.6194398682042833,705,400,False
model,0.87,0.5,2.0,0.2,score_point,0.02695035460992908,1.53125,0.6875,0.3125,0.45955882352941174,705,400,False
model,0.8,1.0,2.0,0.2,score_point,0.02695035460992908,1.55,0.55,0.45,0.6010016694490818,705,400,False
model,0.81,1.0,2.0,0.2,score_point,0.02695035460992908,1.565,0.565,0.435,0.5868465430016864,705,400,False
model,0.88,0.4,2.0,0.2,score_point,0.02695035460992908,1.572,0.7325,0.2675,0.40684410646387836,705,400,False
model,0.88,0.5,2.0,0.2,score_point,0.02695035460992908,1.59875,0.7325,0.2675,0.40684410646387836,705,400,False
model,0.89,0.4,2.0,0.2,score_point,0.02695035460992908,1.648,0.78,0.22,0.34714003944773175,705,400,False
model,0.89,0.5,2.0,0.2,score_point,0.02695035460992908,1.67,0.78,0.22,0.34714003944773175,705,400,False
model,0.9,0.4,2.0,0.2,score_point,0.02695035460992908,1.7039999999999997,0.815,0.185,0.30020283975659223,705,400,False
model,0.9,0.5,2.0,0.2,score_point,0.02695035460992908,1.7225,0.815,0.185,0.30020283975659223,705,400,False
model,0.91,0.4,2.0,0.2,score_point,0.02695035460992908,1.7480000000000002,0.8425,0.1575,0.26141078838174275,705,400,False
model,0.91,0.5,2.0,0.2,score_point,0.02695035460992908,1.76375,0.8425,0.1575,0.26141078838174275,705,400,False
model,0.92,0.2,2.0,0.2,score_point,0.02695035460992908,1.7659999999999996,0.87,0.13,0.2208067940552017,705,400,False
model,0.92,0.3,2.0,0.2,score_point,0.02695035460992908,1.7790000000000004,0.87,0.13,0.2208067940552017,705,400,False
model,0.92,0.4,2.0,0.2,score_point,0.02695035460992908,1.7919999999999998,0.87,0.13,0.2208067940552017,705,400,False
model,0.92,0.5,2.0,0.2,score_point,0.02695035460992908,1.805,0.87,0.13,0.2208067940552017,705,400,False
model,0.35,0.6,3.5,0.2,score_point,0.028368794326241134,1.0784999999999998,0.165,0.835,0.8859416445623343,705,400,True
model,0.35,0.7,3.0,0.2,score_point,0.028368794326241134,1.0794999999999997,0.165,0.835,0.8859416445623343,705,400,False
model,0.18,0.9,3.5,0.2,score_point,0.028368794326241134,1.0885,0.0725,0.9275,0.9380530973451328,705,400,False
model,0.42,0.6,3.0,0.2,score_point,0.028368794326241134,1.0919999999999999,0.205,0.795,0.8617886178861789,705,400,False
model,0.19,0.9,3.5,0.2,score_point,0.028368794326241134,1.1015000000000001,0.0775,0.9225,0.9353612167300381,705,400,False
model,0.43,0.6,3.0,0.2,score_point,0.028368794326241134,1.1039999999999999,0.21,0.79,0.858695652173913,705,400,False
model,0.28,0.8,3.5,0.2,score_point,0.028368794326241134,1.11725,0.1175,0.8825,0.9133247089262613,705,400,False
model,0.2,0.9,3.5,0.2,score_point,0.028368794326241134,1.1210000000000002,0.085,0.915,0.9312977099236642,705,400,False
model,0.29,0.8,3.5,0.2,score_point,0.028368794326241134,1.1307500000000001,0.1225,0.8775,0.9105058365758755,705,400,False
model,0.47,0.7,2.5,0.2,score_point,0.028368794326241134,1.1364999999999998,0.2425,0.7575,0.8381742738589211,705,400,False
model,0.44,0.6,3.0,0.2,score_point,0.028368794326241134,1.14,0.225,0.775,0.8493150684931509,705,400,False
model,0.45,0.6,3.0,0.2,score_point,0.028368794326241134,1.146,0.2275,0.7725,0.8477366255144032,705,400,False
model,0.48,0.7,2.5,0.2,score_point,0.028368794326241134,1.1499999999999997,0.25,0.75,0.8333333333333334,705,400,False
model,0.16,1.0,3.5,0.2,score_point,0.028368794326241134,1.15,0.06,0.94,0.9447236180904524,705,400,False
model,0.3,0.8,3.5,0.2,score_point,0.028368794326241134,1.151,0.13,0.87,0.90625,705,400,False
model,0.49,0.7,2.5,0.2,score_point,0.028368794326241134,1.1544999999999996,0.2525,0.7475,0.8317107093184979,705,400,False
model,0.5,0.7,2.5,0.2,score_point,0.028368794326241134,1.1544999999999996,0.2525,0.7475,0.8317107093184979,705,400,False
model,0.21,1.0,3.0,0.2,score_point,0.028368794326241134,1.18,0.09,0.91,0.9285714285714285,705,400,False
model,0.22,1.0,3.0,0.2,score_point,0.028368794326241134,1.185,0.0925,0.9075,0.9272030651340996,705,400,False
model,0.23,1.0,3.0,0.2,score_point,0.028368794326241134,1.185,0.0925,0.9075,0.9272030651340996,705,400,False
model,0.24,1.0,3.0,0.2,score_point,0.028368794326241134,1.185,0.0925,0.9075,0.9272030651340996,705,400,False
model,0.51,0.7,2.5,0.2,score_point,0.028368794326241134,1.1859999999999997,0.27,0.73,0.8202247191011236,705,400,False
model,0.25,1.0,3.0,0.2,score_point,0.028368794326241134,1.19,0.095,0.905,0.9258312020460359,705,400,False
model,0.31,0.9,3.0,0.2,score_point,0.028368794326241134,1.1940000000000002,0.14,0.86,0.9005235602094239,705,400,False
model,0.46,0.8,2.5,0.2,score_point,0.028368794326241134,1.1995000000000002,0.235,0.765,0.8429752066115703,705,400,False
model,0.26,1.0,3.0,0.2,score_point,0.028368794326241134,1.205,0.1025,0.8975,0.9216944801026956,705,400,False
model,0.32,0.9,3.0,0.2,score_point,0.028368794326241134,1.2097500000000003,0.1475,0.8525,0.8961892247043363,705,400,False
model,0.69,0.4,2.5,0.2,score_point,0.028368794326241134,1.21375,0.3875,0.6125,0.7368421052631579,705,400,False
model,0.27,1.0,3.0,0.2,score_point,0.028368794326241134,1.225,0.1125,0.8875,0.9161290322580645,705,400,False
model,0.47,0.5,3.5,0.2,score_point,0.028368794326241134,1.2275,0.2425,0.7575,0.8381742738589211,705,400,False
model,0.55,0.5,3.0,0.2,score_point,0.028368794326241134,1.23125,0.2925,0.7075,0.8051209103840682,705,400,False
model,0.56,0.5,3.0,0.2,score_point,0.028368794326241134,1.23125,0.2925,0.7075,0.8051209103840682,705,400,False
model,0.28,1.0,3.0,0.2,score_point,0.028368794326241134,1.235,0.1175,0.8825,0.9133247089262613,705,400,False
model,0.29,1.0,3.0,0.2,score_point,0.028368794326241134,1.245,0.1225,0.8775,0.9105058365758755,705,400,False
model,0.48,0.5,3.5,0.2,score_point,0.028368794326241134,1.25,0.25,0.75,0.8333333333333334,705,400,False
model,0.68,0.5,2.5,0.2,score_point,0.028368794326241134,1.255,0.3775,0.6225,0.7443946188340808,705,400,False
model,0.73,0.3,2.5,0.2,score_point,0.028368794326241134,1.2570000000000001,0.435,0.565,0.6996904024767802,705,400,False
model,0.49,0.5,3.5,0.2,score_point,0.028368794326241134,1.2575,0.2525,0.7475,0.8317107093184979,705,400,False
model,0.5,0.5,3.5,0.2,score_point,0.028368794326241134,1.2575,0.2525,0.7475,0.8317107093184979,705,400,False
model,0.3,1.0,3.0,0.2,score_point,0.028368794326241134,1.26,0.13,0.87,0.90625,705,400,False
model,0.57,0.5,3.0,0.2,score_point,0.028368794326241134,1.2625,0.305,0.695,0.7965616045845272,705,400,False
model,0.75,0.6,2.0,0.2,score_point,0.028368794326241134,1.265,0.475,0.525,0.6666666666666667,705,400,False
model,0.76,0.6,2.0,0.2,score_point,0.028368794326241134,1.265,0.475,0.525,0.6666666666666667,705,400,False
model,0.69,0.8,2.0,0.2,score_point,0.028368794326241134,1.2650000000000003,0.3875,0.6125,0.7368421052631579,705,400,False
model,0.58,0.5,3.0,0.2,score_point,0.028368794326241134,1.26875,0.3075,0.6925,0.7948350071736011,705,400,False
model,0.46,0.9,2.5,0.2,score_point,0.028368794326241134,1.2760000000000002,0.235,0.765,0.8429752066115703,705,400,False
model,0.7,0.8,2.0,0.2,score_point,0.028368794326241134,1.2830000000000001,0.4025,0.5975,0.725341426403642,705,400,False
model,0.74,0.7,2.0,0.2,score_point,0.028368794326241134,1.28825,0.4525,0.5475,0.6854460093896715,705,400,False
model,0.63,0.4,3.0,0.2,score_point,0.028368794326241134,1.2905000000000002,0.3425,0.6575,0.7701317715959004,705,400,False
model,0.71,0.8,2.0,0.2,score_point,0.028368794326241134,1.298,0.415,0.585,0.7155963302752293,705,400,False
model,0.64,0.4,3.0,0.2,score_point,0.028368794326241134,1.3035000000000003,0.3475,0.6525,0.7665198237885462,705,400,False
model,0.77,0.6,2.0,0.2,score_point,0.028368794326241134,1.307,0.505,0.495,0.6407766990291262,705,400,False
model,0.42,1.0,2.5,0.2,score_point,0.028368794326241134,1.3075,0.205,0.795,0.8617886178861789,705,400,False
model,0.51,0.5,3.5,0.2,score_point,0.028368794326241134,1.31,0.27,0.73,0.8202247191011236,705,400,False
model,0.72,0.8,2.0,0.2,score_point,0.028368794326241134,1.3100000000000003,0.425,0.575,0.7076923076923077,705,400,False
model,0.43,1.0,2.5,0.2,score_point,0.028368794326241134,1.315,0.21,0.79,0.858695652173913,705,400,False
model,0.73,0.8,2.0,0.2,score_point,0.028368794326241134,1.322,0.435,0.565,0.6996904024767802,705,400,False
model,0.69,0.9,2.0,0.2,score_point,0.028368794326241134,1.32625,0.3875,0.6125,0.7368421052631579,705,400,False
model,0.7,0.2,3.0,0.2,score_point,0.028368794326241134,1.327,0.4025,0.5975,0.725341426403642,705,400,False
model,0.78,0.6,2.0,0.2,score_point,0.028368794326241134,1.3314999999999997,0.5225,0.4775,0.6252045826513911,705,400,False
model,0.44,1.0,2.5,0.2,score_point,0.028368794326241134,1.3375,0.225,0.775,0.8493150684931509,705,400,False
model,0.45,1.0,2.5,0.2,score_point,0.028368794326241134,1.34125,0.2275,0.7725,0.8477366255144032,705,400,False
model,0.79,0.6,2.0,0.2,score_point,0.028368794326241134,1.3419999999999999,0.53,0.47,0.6184210526315789,705,400,False
model,0.7,0.9,2.0,0.2,score_point,0.028368794326241134,1.3427500000000003,0.4025,0.5975,0.725341426403642,705,400,False
model,0.83,0.4,2.0,0.2,score_point,0.028368794326241134,1.344,0.59,0.41,0.5616438356164384,705,400,False
model,0.58,0.4,3.5,0.2,score_point,0.028368794326241134,1.3532499999999998,0.3075,0.6925,0.7948350071736011,705,400,False
model,0.71,0.9,2.0,0.2,score_point,0.028368794326241134,1.3565,0.415,0.585,0.7155963302752293,705,400,False
model,0.71,0.2,3.0,0.2,score_point,0.028368794326241134,1.3619999999999999,0.415,0.585,0.7155963302752293,705,400,False
model,0.72,0.9,2.0,0.2,score_point,0.028368794326241134,1.3675,0.425,0.575,0.7076923076923077,705,400,False
model,0.8,0.6,2.0,0.2,score_point,0.028368794326241134,1.37,0.55,0.45,0.6,705,400,False
model,0.73,0.9,2.0,0.2,score_point,0.028368794326241134,1.3785000000000003,0.435,0.565,0.6996904024767802,705,400,False
model,0.84,0.4,2.0,0.2,score_point,0.028368794326241134,1.38,0.6125,0.3875,0.5391304347826087,705,400,False
model,0.83,0.5,2.0,0.2,score_point,0.028368794326241134,1.385,0.59,0.41,0.5616438356164384,705,400,False
model,0.69,1.0,2.0,0.2,score_point,0.028368794326241134,1.3875,0.3875,0.6125,0.7368421052631579,705,400,False
model,0.81,0.6,2.0,0.2,score_point,0.028368794326241134,1.3910000000000002,0.565,0.435,0.5858585858585859,705,400,False
model,0.7,1.0,2.0,0.2,score_point,0.028368794326241134,1.4025,0.4025,0.5975,0.725341426403642,705,400,False
model,0.85,0.4,2.0,0.2,score_point,0.028368794326241134,1.412,0.6325,0.3675,0.5185185185185185,705,400,False
model,0.71,1.0,2.0,0.2,score_point,0.028368794326241134,1.415,0.415,0.585,0.7155963302752293,705,400,False
model,0.84,0.5,2.0,0.2,score_point,0.028368794326241134,1.41875,0.6125,0.3875,0.5391304347826087,705,400,False
model,0.72,1.0,2.0,0.2,score_point,0.028368794326241134,1.425,0.425,0.575,0.7076923076923077,705,400,False
model,0.73,1.0,2.0,0.2,score_point,0.028368794326241134,1.435,0.435,0.565,0.6996904024767802,705,400,False
model,0.65,0.3,3.5,0.2,score_point,0.028368794326241134,1.4360000000000002,0.355,0.645,0.7610619469026549,705,400,False
model,0.68,0.2,3.5,0.2,score_point,0.028368794326241134,1.4457499999999999,0.3775,0.6225,0.7443946188340808,705,400,False
model,0.85,0.5,2.0,0.2,score_point,0.028368794326241134,1.44875,0.6325,0.3675,0.5185185185185185,705,400,False
model,0.86,0.4,2.0,0.2,score_point,0.028368794326241134,1.4520000000000002,0.6575,0.3425,0.4919210053859964,705,400,False
model,0.86,0.5,2.0,0.2,score_point,0.028368794326241134,1.48625,0.6575,0.3425,0.4919210053859964,705,400,False
model,0.9,0.3,2.0,0.2,score_point,0.028368794326241134,1.6855000000000002,0.815,0.185,0.29959514170040485,705,400,False
model,0.91,0.3,2.0,0.2,score_point,0.028368794326241134,1.7322500000000003,0.8425,0.1575,0.2608695652173913,705,400,False
model,0.36,0.6,3.0,0.2,score_point,0.029787234042553193,1.0139999999999998,0.1725,0.8275,0.8803191489361701,705,400,True
model,0.37,0.6,3.0,0.2,score_point,0.029787234042553193,1.0259999999999998,0.1775,0.8225,0.8773333333333334,705,400,False
model,0.38,0.6,3.0,0.2,score_point,0.029787234042553193,1.0259999999999998,0.1775,0.8225,0.8773333333333334,705,400,False
model,0.33,0.6,3.5,0.2,score_point,0.029787234042553193,1.04225,0.1525,0.8475,0.8921052631578948,705,400,False
model,0.39,0.6,3.0,0.2,score_point,0.029787234042553193,1.0439999999999998,0.185,0.815,0.8728246318607764,705,400,False
model,0.33,0.7,3.0,0.2,score_point,0.029787234042553193,1.0507499999999999,0.1525,0.8475,0.8921052631578948,705,400,False
model,0.34,0.6,3.5,0.2,score_point,0.029787234042553193,1.0567499999999999,0.1575,0.8425,0.8891820580474934,705,400,False
model,0.4,0.6,3.0,0.2,score_point,0.029787234042553193,1.0619999999999998,0.1925,0.8075,0.8682795698924731,705,400,False
model,0.34,0.7,3.0,0.2,score_point,0.029787234042553193,1.06225,0.1575,0.8425,0.8891820580474934,705,400,False
model,0.17,0.9,3.5,0.2,score_point,0.029787234042553193,1.0625000000000002,0.0625,0.9375,0.9422110552763819,705,400,False
model,0.41,0.6,3.0,0.2,score_point,0.029787234042553193,1.0679999999999998,0.195,0.805,0.8667563930013459,705,400,False
model,0.26,0.8,3.5,0.2,score_point,0.029787234042553193,1.07675,0.1025,0.8975,0.9205128205128206,705,400,False
model,0.31,0.7,3.5,0.2,score_point,0.029787234042553193,1.0919999999999999,0.14,0.86,0.8993464052287581,705,400,False
model,0.1,1.0,3.5,0.2,score_point,0.029787234042553193,1.1,0.04,0.96,0.9540372670807454,705,400,False
model,0.11,1.0,3.5,0.2,score_point,0.029787234042553193,1.1,0.04,0.96,0.9540372670807454,705,400,False
model,0.27,0.8,3.5,0.2,score_point,0.029787234042553193,1.1037500000000002,0.1125,0.8875,0.9149484536082474,705,400,False
model,0.12,1.0,3.5,0.2,score_point,0.029787234042553193,1.1125,0.045,0.955,0.9514321295143212,705,400,False
model,0.32,0.7,3.5,0.2,score_point,0.029787234042553193,1.1129999999999998,0.1475,0.8525,0.89501312335958,705,400,False
model,0.26,0.9,3.0,0.2,score_point,0.029787234042553193,1.1152500000000003,0.1025,0.8975,0.9205128205128206,705,400,False
model,0.46,0.7,2.5,0.2,score_point,0.029787234042553193,1.1229999999999998,0.235,0.765,0.8418156808803302,705,400,False
model,0.13,1.0,3.5,0.2,score_point,0.029787234042553193,1.125,0.05,0.95,0.9488139825218477,705,400,False
model,0.14,1.0,3.5,0.2,score_point,0.029787234042553193,1.13125,0.0525,0.9475,0.9475,705,400,False
model,0.27,0.9,3.0,0.2,score_point,0.029787234042553193,1.1362500000000002,0.1125,0.8875,0.9149484536082474,705,400,False
model,0.15,1.0,3.5,0.2,score_point,0.029787234042553193,1.1375,0.055,0.945,0.9461827284105131,705,400,False
model,0.18,1.0,3.0,0.2,score_point,0.029787234042553193,1.145,0.0725,0.9275,0.9368686868686869,705,400,False
model,0.28,0.9,3.0,0.2,score_point,0.029787234042553193,1.1467500000000002,0.1175,0.8825,0.9121447028423773,705,400,False
model,0.42,0.8,2.5,0.2,score_point,0.029787234042553193,1.1485000000000003,0.205,0.795,0.8606224627875508,705,400,False
model,0.19,1.0,3.0,0.2,score_point,0.029787234042553193,1.155,0.0775,0.9225,0.9341772151898733,705,400,False
model,0.55,0.6,2.5,0.2,score_point,0.029787234042553193,1.1557499999999998,0.2925,0.7075,0.8039772727272728,705,400,False
model,0.56,0.6,2.5,0.2,score_point,0.029787234042553193,1.1557499999999998,0.2925,0.7075,0.8039772727272728,705,400,False
model,0.43,0.8,2.5,0.2,score_point,0.029787234042553193,1.1570000000000003,0.21,0.79,0.8575305291723202,705,400,False
model,0.29,0.9,3.0,0.2,score_point,0.029787234042553193,1.1572500000000003,0.1225,0.8775,0.9093264248704663,705,400,False
model,0.2,1.0,3.0,0.2,score_point,0.029787234042553193,1.17,0.085,0.915,0.9301143583227447,705,400,False
model,0.3,0.9,3.0,0.2,score_point,0.029787234042553193,1.173,0.13,0.87,0.9050715214564371,705,400,False
model,0.57,0.6,2.5,0.2,score_point,0.029787234042553193,1.1795,0.305,0.695,0.7954220314735336,705,400,False
model,0.44,0.8,2.5,0.2,score_point,0.029787234042553193,1.1825000000000003,0.225,0.775,0.8481532147742818,705,400,False
model,0.58,0.6,2.5,0.2,score_point,0.029787234042553193,1.18425,0.3075,0.6925,0.7936962750716331,705,400,False
model,0.45,0.8,2.5,0.2,score_point,0.029787234042553193,1.1867500000000002,0.2275,0.7725,0.8465753424657534,705,400,False
model,0.68,0.4,2.5,0.2,score_point,0.029787234042553193,1.19275,0.3775,0.6225,0.7432835820895523,705,400,False
model,0.69,0.7,2.0,0.2,score_point,0.029787234042553193,1.2037499999999997,0.3875,0.6125,0.7357357357357358,705,400,False
model,0.46,0.5,3.5,0.2,score_point,0.029787234042553193,1.205,0.235,0.765,0.8418156808803302,705,400,False
model,0.7,0.7,2.0,0.2,score_point,0.029787234042553193,1.22325,0.4025,0.5975,0.7242424242424242,705,400,False
model,0.42,0.9,2.5,0.2,score_point,0.029787234042553193,1.2280000000000002,0.205,0.795,0.8606224627875508,705,400,False
model,0.33,1.0,2.5,0.2,score_point,0.029787234042553193,1.22875,0.1525,0.8475,0.8921052631578948,705,400,False
model,0.59,0.4,3.0,0.2,score_point,0.029787234042553193,1.2320000000000002,0.32,0.68,0.784992784992785,705,400,False
model,0.74,0.6,2.0,0.2,score_point,0.029787234042553193,1.2335,0.4525,0.5475,0.6843750000000001,705,400,False
model,0.72,0.3,2.5,0.2,score_point,0.029787234042553193,1.2350000000000003,0.425,0.575,0.7066052227342551,705,400,False
model,0.43,0.9,2.5,0.2,score_point,0.029787234042553193,1.2360000000000002,0.21,0.79,0.8575305291723202,705,400,False
model,0.34,1.0,2.5,0.2,score_point,0.029787234042553193,1.23625,0.1575,0.8425,0.8891820580474934,705,400,False
model,0.71,0.7,2.0,0.2,score_point,0.029787234042553193,1.2394999999999998,0.415,0.585,0.7145038167938932,705,400,False
model,0.67,0.5,2.5,0.2,score_point,0.029787234042553193,1.24,0.37,0.63,0.7488855869242198,705,400,False
model,0.6,0.4,3.0,0.2,score_point,0.029787234042553193,1.245,0.325,0.675,0.7814761215629523,705,400,False
model,0.35,1.0,2.5,0.2,score_point,0.029787234042553193,1.2475,0.165,0.835,0.8847682119205298,705,400,False
model,0.72,0.7,2.0,0.2,score_point,0.029787234042553193,1.2524999999999997,0.425,0.575,0.7066052227342551,705,400,False
model,0.68,0.8,2.0,0.2,score_point,0.029787234042553193,1.2530000000000001,0.3775,0.6225,0.7432835820895523,705,400,False
model,0.36,1.0,2.5,0.2,score_point,0.029787234042553193,1.25875,0.1725,0.8275,0.8803191489361701,705,400,False
model,0.44,0.9,2.5,0.2,score_point,0.029787234042553193,1.2600000000000002,0.225,0.775,0.8481532147742818,705,400,False
model,0.45,0.9,2.5,0.2,score_point,0.029787234042553193,1.2640000000000002,0.2275,0.7725,0.8465753424657534,705,400,False
model,0.61,0.4,3.0,0.2,score_point,0.029787234042553193,1.2645000000000002,0.3325,0.6675,0.7761627906976745,705,400,False
model,0.73,0.7,2.0,0.2,score_point,0.029787234042553193,1.2654999999999998,0.435,0.565,0.6986089644513137,705,400,False
model,0.37,1.0,2.5,0.2,score_point,0.029787234042553193,1.26625,0.1775,0.8225,0.8773333333333334,705,400,False
model,0.38,1.0,2.5,0.2,score_point,0.029787234042553193,1.26625,0.1775,0.8225,0.8773333333333334,705,400,False
model,0.39,1.0,2.5,0.2,score_point,0.029787234042553193,1.2775,0.185,0.815,0.8728246318607764,705,400,False
model,0.62,0.4,3.0,0.2,score_point,0.029787234042553193,1.2775,0.3375,0.6625,0.7725947521865889,705,400,False
model,0.4,1.0,2.5,0.2,score_point,0.029787234042553193,1.28875,0.1925,0.8075,0.8682795698924731,705,400,False
model,0.41,1.0,2.5,0.2,score_point,0.029787234042553193,1.2925,0.195,0.805,0.8667563930013459,705,400,False
model,0.67,0.3,3.0,0.2,score_point,0.029787234042553193,1.2990000000000004,0.37,0.63,0.7488855869242198,705,400,False
model,0.55,0.4,3.5,0.2,score_point,0.029787234042553193,1.30675,0.2925,0.7075,0.8039772727272728,705,400,False
model,0.56,0.4,3.5,0.2,score_point,0.029787234042553193,1.30675,0.2925,0.7075,0.8039772727272728,705,400,False
model,0.68,0.9,2.0,0.2,score_point,0.029787234042553193,1.3152500000000003,0.3775,0.6225,0.7432835820895523,705,400,False
model,0.82,0.4,2.0,0.2,score_point,0.029787234042553193,1.3319999999999999,0.5825,0.4175,0.5680272108843537,705,400,False
model,0.57,0.4,3.5,0.2,score_point,0.029787234042553193,1.3455000000000001,0.305,0.695,0.7954220314735336,705,400,False
model,0.82,0.5,2.0,0.2,score_point,0.029787234042553193,1.37375,0.5825,0.4175,0.5680272108843537,705,400,False
model,0.68,1.0,2.0,0.2,score_point,0.029787234042553193,1.3775,0.3775,0.6225,0.7432835820895523,705,400,False
model,0.63,0.3,3.5,0.2,score_point,0.029787234042553193,1.3960000000000001,0.3425,0.6575,0.7690058479532162,705,400,False
model,0.64,0.3,3.5,0.2,score_point,0.029787234042553193,1.4120000000000001,0.3475,0.6525,0.7653958944281524,705,400,False
model,0.9,0.2,2.0,0.2,score_point,0.029787234042553193,1.6669999999999998,0.815,0.185,0.298989898989899,705,400,False
model,0.91,0.2,2.0,0.2,score_point,0.029787234042553193,1.7164999999999997,0.8425,0.1575,0.2603305785123967,705,400,False
model,0.28,0.7,3.5,0.2,score_point,0.031205673758865248,1.029,0.1175,0.8825,0.9109677419354838,705,400,False
model,0.29,0.7,3.5,0.2,score_point,0.031205673758865248,1.043,0.1225,0.8775,0.908150064683053,705,400,False
model,0.21,0.8,3.5,0.2,score_point,0.031205673758865248,1.0430000000000001,0.09,0.91,0.9262086513994912,705,400,False
model,0.22,0.8,3.5,0.2,score_point,0.031205673758865248,1.0497500000000002,0.0925,0.9075,0.9248407643312102,705,400,False
model,0.23,0.8,3.5,0.2,score_point,0.031205673758865248,1.0497500000000002,0.0925,0.9075,0.9248407643312102,705,400,False
model,0.24,0.8,3.5,0.2,score_point,0.031205673758865248,1.0497500000000002,0.0925,0.9075,0.9248407643312102,705,400,False
model,0.16,0.9,3.5,0.2,score_point,0.031205673758865248,1.0560000000000003,0.06,0.94,0.9423558897243106,705,400,False
model,0.25,0.8,3.5,0.2,score_point,0.031205673758865248,1.0565000000000002,0.095,0.905,0.9234693877551022,705,400,False
model,0.3,0.7,3.5,0.2,score_point,0.031205673758865248,1.0639999999999998,0.13,0.87,0.903896103896104,705,400,False
model,0.42,0.7,2.5,0.2,score_point,0.031205673758865248,1.0689999999999997,0.205,0.795,0.8594594594594595,705,400,False
model,0.43,0.7,2.5,0.2,score_point,0.031205673758865248,1.0779999999999998,0.21,0.79,0.856368563685637,705,400,False
model,0.21,0.9,3.0,0.2,score_point,0.031205673758865248,1.0890000000000004,0.09,0.91,0.9262086513994912,705,400,False
model,0.36,0.8,2.5,0.2,score_point,0.031205673758865248,1.0932500000000003,0.1725,0.8275,0.8791500664010624,705,400,False
model,0.22,0.9,3.0,0.2,score_point,0.031205673758865248,1.0942500000000002,0.0925,0.9075,0.9248407643312102,705,400,False
model,0.23,0.9,3.0,0.2,score_point,0.031205673758865248,1.0942500000000002,0.0925,0.9075,0.9248407643312102,705,400,False
model,0.24,0.9,3.0,0.2,score_point,0.031205673758865248,1.0942500000000002,0.0925,0.9075,0.9248407643312102,705,400,False
model,0.25,0.9,3.0,0.2,score_point,0.031205673758865248,1.0995000000000001,0.095,0.905,0.9234693877551022,705,400,False
model,0.37,0.8,2.5,0.2,score_point,0.031205673758865248,1.10175,0.1775,0.8225,0.8761651131824234,705,400,False
model,0.38,0.8,2.5,0.2,score_point,0.031205673758865248,1.10175,0.1775,0.8225,0.8761651131824234,705,400,False
model,0.44,0.7,2.5,0.2,score_point,0.031205673758865248,1.1049999999999998,0.225,0.775,0.8469945355191257,705,400,False
model,0.31,0.8,3.0,0.2,score_point,0.031205673758865248,1.108,0.14,0.86,0.8981723237597912,705,400,False
model,0.45,0.7,2.5,0.2,score_point,0.031205673758865248,1.1095,0.2275,0.7725,0.8454172366621067,705,400,False
model,0.52,0.6,2.5,0.2,score_point,0.031205673758865248,1.1129999999999998,0.27,0.73,0.8179271708683473,705,400,False
model,0.39,0.8,2.5,0.2,score_point,0.031205673758865248,1.1145000000000003,0.185,0.815,0.8716577540106951,705,400,False
model,0.42,0.5,3.5,0.2,score_point,0.031205673758865248,1.115,0.205,0.795,0.8594594594594595,705,400,False
model,0.32,0.8,3.0,0.2,score_point,0.031205673758865248,1.1245000000000003,0.1475,0.8525,0.8938401048492792,705,400,False
model,0.17,1.0,3.0,0.2,score_point,0.031205673758865248,1.125,0.0625,0.9375,0.9410288582183187,705,400,False
model,0.4,0.8,2.5,0.2,score_point,0.031205673758865248,1.1272500000000003,0.1925,0.8075,0.8671140939597316,705,400,False
model,0.43,0.5,3.5,0.2,score_point,0.031205673758865248,1.13,0.21,0.79,0.856368563685637,705,400,False
model,0.41,0.8,2.5,0.2,score_point,0.031205673758865248,1.1315000000000002,0.195,0.805,0.8655913978494625,705,400,False
model,0.53,0.6,2.5,0.2,score_point,0.031205673758865248,1.132,0.28,0.72,0.8112676056338028,705,400,False
model,0.33,0.9,2.5,0.2,score_point,0.031205673758865248,1.1440000000000001,0.1525,0.8475,0.8909329829172142,705,400,False
model,0.54,0.6,2.5,0.2,score_point,0.031205673758865248,1.14625,0.2875,0.7125,0.8062234794908063,705,400,False
model,0.34,0.9,2.5,0.2,score_point,0.031205673758865248,1.1520000000000001,0.1575,0.8425,0.8880105401844532,705,400,False
model,0.75,0.4,2.0,0.2,score_point,0.031205673758865248,1.16,0.475,0.525,0.6645569620253164,705,400,False
model,0.76,0.4,2.0,0.2,score_point,0.031205673758865248,1.16,0.475,0.525,0.6645569620253164,705,400,False
model,0.7,0.6,2.0,0.2,score_point,0.031205673758865248,1.1635,0.4025,0.5975,0.7231467473524963,705,400,False
model,0.35,0.9,2.5,0.2,score_point,0.031205673758865248,1.1640000000000001,0.165,0.835,0.8835978835978836,705,400,False
model,0.44,0.5,3.5,0.2,score_point,0.031205673758865248,1.175,0.225,0.775,0.8469945355191257,705,400,False
model,0.52,0.5,3.0,0.2,score_point,0.031205673758865248,1.175,0.27,0.73,0.8179271708683473,705,400,False
model,0.36,0.9,2.5,0.2,score_point,0.031205673758865248,1.1760000000000002,0.1725,0.8275,0.8791500664010624,705,400,False
model,0.71,0.6,2.0,0.2,score_point,0.031205673758865248,1.181,0.415,0.585,0.7134146341463414,705,400,False
model,0.45,0.5,3.5,0.2,score_point,0.031205673758865248,1.1825,0.2275,0.7725,0.8454172366621067,705,400,False
model,0.37,0.9,2.5,0.2,score_point,0.031205673758865248,1.1840000000000002,0.1775,0.8225,0.8761651131824234,705,400,False
model,0.38,0.9,2.5,0.2,score_point,0.031205673758865248,1.1840000000000002,0.1775,0.8225,0.8761651131824234,705,400,False
model,0.7,0.3,2.5,0.2,score_point,0.031205673758865248,1.1855000000000002,0.4025,0.5975,0.7231467473524963,705,400,False
model,0.68,0.7,2.0,0.2,score_point,0.031205673758865248,1.19075,0.3775,0.6225,0.7421758569299554,705,400,False
model,0.72,0.6,2.0,0.2,score_point,0.031205673758865248,1.1949999999999998,0.425,0.575,0.7055214723926378,705,400,False
model,0.39,0.9,2.5,0.2,score_point,0.031205673758865248,1.1960000000000002,0.185,0.815,0.8716577540106951,705,400,False
model,0.53,0.5,3.0,0.2,score_point,0.031205673758865248,1.2,0.28,0.72,0.8112676056338028,705,400,False
model,0.4,0.9,2.5,0.2,score_point,0.031205673758865248,1.2080000000000002,0.1925,0.8075,0.8671140939597316,705,400,False
model,0.77,0.4,2.0,0.2,score_point,0.031205673758865248,1.2080000000000002,0.505,0.495,0.6387096774193548,705,400,False
model,0.73,0.6,2.0,0.2,score_point,0.031205673758865248,1.2089999999999999,0.435,0.565,0.6975308641975309,705,400,False
model,0.65,0.5,2.5,0.2,score_point,0.031205673758865248,1.21,0.355,0.645,0.7588235294117648,705,400,False
model,0.41,0.9,2.5,0.2,score_point,0.031205673758865248,1.2120000000000002,0.195,0.805,0.8655913978494625,705,400,False
model,0.75,0.5,2.0,0.2,score_point,0.031205673758865248,1.2125,0.475,0.525,0.6645569620253164,705,400,False
model,0.76,0.5,2.0,0.2,score_point,0.031205673758865248,1.2125,0.475,0.525,0.6645569620253164,705,400,False
model,0.71,0.3,2.5,0.2,score_point,0.031205673758865248,1.213,0.415,0.585,0.7134146341463414,705,400,False
model,0.54,0.5,3.0,0.2,score_point,0.031205673758865248,1.21875,0.2875,0.7125,0.8062234794908063,705,400,False
model,0.66,0.5,2.5,0.2,score_point,0.031205673758865248,1.225,0.3625,0.6375,0.7533234859675036,705,400,False
model,0.65,0.8,2.0,0.2,score_point,0.031205673758865248,1.2260000000000002,0.355,0.645,0.7588235294117648,705,400,False
model,0.66,0.8,2.0,0.2,score_point,0.031205673758865248,1.235,0.3625,0.6375,0.7533234859675036,705,400,False
model,0.78,0.4,2.0,0.2,score_point,0.031205673758865248,1.236,0.5225,0.4775,0.6231647634584013,705,400,False
model,0.74,0.2,2.5,0.2,score_point,0.031205673758865248,1.2407499999999998,0.4525,0.5475,0.6833073322932917,705,400,False
model,0.67,0.8,2.0,0.2,score_point,0.031205673758865248,1.2440000000000002,0.37,0.63,0.7477744807121662,705,400,False
model,0.79,0.4,2.0,0.2,score_point,0.031205673758865248,1.2480000000000002,0.53,0.47,0.6163934426229508,705,400,False
model,0.77,0.5,2.0,0.2,score_point,0.031205673758865248,1.2575,0.505,0.495,0.6387096774193548,705,400,False
model,0.66,0.3,3.0,0.2,score_point,0.031205673758865248,1.27875,0.3625,0.6375,0.7533234859675036,705,400,False
model,0.8,0.4,2.0,0.2,score_point,0.031205673758865248,1.28,0.55,0.45,0.5980066445182725,705,400,False
model,0.78,0.5,2.0,0.2,score_point,0.031205673758865248,1.28375,0.5225,0.4775,0.6231647634584013,705,400,False
model,0.69,0.2,3.0,0.2,score_point,0.031205673758865248,1.2849999999999997,0.3875,0.6125,0.7346326836581709,705,400,False
model,0.65,0.9,2.0,0.2,score_point,0.031205673758865248,1.2905000000000002,0.355,0.645,0.7588235294117648,705,400,False
model,0.79,0.5,2.0,0.2,score_point,0.031205673758865248,1.295,0.53,0.47,0.6163934426229508,705,400,False
model,0.66,0.9,2.0,0.2,score_point,0.031205673758865248,1.29875,0.3625,0.6375,0.7533234859675036,705,400,False
model,0.81,0.4,2.0,0.2,score_point,0.031205673758865248,1.304,0.565,0.435,0.5838926174496644,705,400,False
model,0.67,0.9,2.0,0.2,score_point,0.031205673758865248,1.307,0.37,0.63,0.7477744807121662,705,400,False
model,0.59,0.3,3.5,0.2,score_point,0.031205673758865248,1.3240000000000003,0.32,0.68,0.7838616714697407,705,400,False
model,0.8,0.5,2.0,0.2,score_point,0.031205673758865248,1.325,0.55,0.45,0.5980066445182725,705,400,False
model,0.6,0.3,3.5,0.2,score_point,0.031205673758865248,1.34,0.325,0.675,0.7803468208092484,705,400,False
model,0.81,0.5,2.0,0.2,score_point,0.031205673758865248,1.3475,0.565,0.435,0.5838926174496644,705,400,False
model,0.65,1.0,2.0,0.2,score_point,0.031205673758865248,1.355,0.355,0.645,0.7588235294117648,705,400,False
model,0.66,1.0,2.0,0.2,score_point,0.031205673758865248,1.3625,0.3625,0.6375,0.7533234859675036,705,400,False
model,0.61,0.3,3.5,0.2,score_point,0.031205673758865248,1.364,0.3325,0.6675,0.7750362844702468,705,400,False
model,0.67,1.0,2.0,0.2,score_point,0.031205673758865248,1.37,0.37,0.63,0.7477744807121662,705,400,False
model,0.62,0.3,3.5,0.2,score_point,0.031205673758865248,1.3800000000000003,0.3375,0.6625,0.7714701601164483,705,400,False
model,0.67,0.2,3.5,0.2,score_point,0.031205673758865248,1.4209999999999996,0.37,0.63,0.7477744807121662,705,400,False
model,0.87,0.3,2.0,0.2,score_point,0.031205673758865248,1.46875,0.6875,0.3125,0.4570383912248629,705,400,False
model,0.88,0.3,2.0,0.2,score_point,0.031205673758865248,1.5452500000000002,0.7325,0.2675,0.40453686200378075,705,400,False
model,0.89,0.3,2.0,0.2,score_point,0.031205673758865248,1.6260000000000003,0.78,0.22,0.3450980392156863,705,400,False
model,0.26,0.7,3.5,0.2,score_point,0.032624113475177303,0.9869999999999999,0.1025,0.8975,0.9181585677749361,705,400,True
model,0.18,0.8,3.5,0.2,score_point,0.032624113475177303,0.9957500000000001,0.0725,0.9275,0.9345088161209067,705,400,False
model,0.35,0.6,3.0,0.2,score_point,0.032624113475177303,0.996,0.165,0.835,0.8824306472919419,705,400,False
model,0.1,0.9,3.5,0.2,score_point,0.032624113475177303,1.0040000000000002,0.04,0.96,0.9516728624535317,705,400,False
model,0.11,0.9,3.5,0.2,score_point,0.032624113475177303,1.0040000000000002,0.04,0.96,0.9516728624535317,705,400,False
model,0.19,0.8,3.5,0.2,score_point,0.032624113475177303,1.0092500000000002,0.0775,0.9225,0.9318181818181819,705,400,False
model,0.36,0.7,2.5,0.2,score_point,0.032624113475177303,1.0104999999999997,0.1725,0.8275,0.8779840848806366,705,400,False
model,0.27,0.7,3.5,0.2,score_point,0.032624113475177303,1.015,0.1125,0.8875,0.9125964010282775,705,400,False
model,0.12,0.9,3.5,0.2,score_point,0.032624113475177303,1.0170000000000001,0.045,0.955,0.9490683229813665,705,400,False
model,0.36,0.5,3.5,0.2,score_point,0.032624113475177303,1.0175,0.1725,0.8275,0.8779840848806366,705,400,False
model,0.37,0.7,2.5,0.2,score_point,0.032624113475177303,1.0194999999999999,0.1775,0.8225,0.875,705,400,False
model,0.38,0.7,2.5,0.2,score_point,0.032624113475177303,1.0194999999999999,0.1775,0.8225,0.875,705,400,False
model,0.2,0.8,3.5,0.2,score_point,0.032624113475177303,1.0295,0.085,0.915,0.9277566539923954,705,400,False
model,0.13,0.9,3.5,0.2,score_point,0.032624113475177303,1.0300000000000002,0.05,0.95,0.9464508094645081,705,400,False
model,0.37,0.5,3.5,0.2,score_point,0.032624113475177303,1.0325,0.1775,0.8225,0.875,705,400,False
model,0.38,0.5,3.5,0.2,score_point,0.032624113475177303,1.0325,0.1775,0.8225,0.875,705,400,False
model,0.39,0.7,2.5,0.2,score_point,0.032624113475177303,1.033,0.185,0.815,0.8704939919893191,705,400,False
model,0.14,0.9,3.5,0.2,score_point,0.032624113475177303,1.0365000000000002,0.0525,0.9475,0.9451371571072319,705,400,False
model,0.15,0.9,3.5,0.2,score_point,0.032624113475177303,1.0430000000000001,0.055,0.945,0.9438202247191011,705,400,False
model,0.4,0.7,2.5,0.2,score_point,0.032624113475177303,1.0464999999999998,0.1925,0.8075,0.8659517426273459,705,400,False
model,0.41,0.7,2.5,0.2,score_point,0.032624113475177303,1.0509999999999997,0.195,0.805,0.8644295302013424,705,400,False
model,0.18,0.9,3.0,0.2,score_point,0.032624113475177303,1.0522500000000001,0.0725,0.9275,0.9345088161209067,705,400,False
model,0.39,0.5,3.5,0.2,score_point,0.032624113475177303,1.055,0.185,0.815,0.8704939919893191,705,400,False
model,0.28,0.8,3.0,0.2,score_point,0.032624113475177303,1.0585,0.1175,0.8825,0.9097938144329897,705,400,False
model,0.47,0.6,2.5,0.2,score_point,0.032624113475177303,1.0607499999999999,0.2425,0.7575,0.8347107438016528,705,400,False
model,0.19,0.9,3.0,0.2,score_point,0.032624113475177303,1.06275,0.0775,0.9225,0.9318181818181819,705,400,False
model,0.29,0.8,3.0,0.2,score_point,0.032624113475177303,1.0695000000000001,0.1225,0.8775,0.9069767441860465,705,400,False
model,0.48,0.6,2.5,0.2,score_point,0.032624113475177303,1.075,0.25,0.75,0.8298755186721991,705,400,False
model,0.4,0.5,3.5,0.2,score_point,0.032624113475177303,1.0775,0.1925,0.8075,0.8659517426273459,705,400,False
model,0.2,0.9,3.0,0.2,score_point,0.032624113475177303,1.0785000000000002,0.085,0.915,0.9277566539923954,705,400,False
model,0.49,0.6,2.5,0.2,score_point,0.032624113475177303,1.07975,0.2525,0.7475,0.8282548476454294,705,400,False
model,0.5,0.6,2.5,0.2,score_point,0.032624113475177303,1.07975,0.2525,0.7475,0.8282548476454294,705,400,False
model,0.35,0.8,2.5,0.2,score_point,0.032624113475177303,1.0805000000000002,0.165,0.835,0.8824306472919419,705,400,False
model,0.41,0.5,3.5,0.2,score_point,0.032624113475177303,1.085,0.195,0.805,0.8644295302013424,705,400,False
model,0.3,0.8,3.0,0.2,score_point,0.032624113475177303,1.086,0.13,0.87,0.9027237354085604,705,400,False
model,0.08,1.0,3.5,0.2,score_point,0.032624113475177303,1.0875,0.035,0.965,0.9542645241038319,705,400,False
model,0.09,1.0,3.5,0.2,score_point,0.032624113475177303,1.1,0.04,0.96,0.9516728624535317,705,400,False
model,0.47,0.5,3.0,0.2,score_point,0.032624113475177303,1.10625,0.2425,0.7575,0.8347107438016528,705,400,False
model,0.51,0.6,2.5,0.2,score_point,0.032624113475177303,1.1129999999999998,0.27,0.73,0.8167832167832167,705,400,False
model,0.16,1.0,3.0,0.2,score_point,0.032624113475177303,1.12,0.06,0.94,0.9411764705882353,705,400,False
model,0.48,0.5,3.0,0.2,score_point,0.032624113475177303,1.125,0.25,0.75,0.8298755186721991,705,400,False
model,0.49,0.5,3.0,0.2,score_point,0.032624113475177303,1.13125,0.2525,0.7475,0.8282548476454294,705,400,False
model,0.5,0.5,3.0,0.2,score_point,0.032624113475177303,1.13125,0.2525,0.7475,0.8282548476454294,705,400,False
model,0.59,0.5,2.5,0.2,score_point,0.032624113475177303,1.14,0.32,0.68,0.7827338129496403,705,400,False
model,0.69,0.6,2.0,0.2,score_point,0.032624113475177303,1.1425,0.3875,0.6125,0.7335329341317365,705,400,False
model,0.6,0.5,2.5,0.2,score_point,0.032624113475177303,1.15,0.325,0.675,0.7792207792207793,705,400,False
model,0.55,0.8,2.0,0.2,score_point,0.032624113475177303,1.1510000000000002,0.2925,0.7075,0.8016997167138811,705,400,False
model,0.56,0.8,2.0,0.2,score_point,0.032624113475177303,1.1510000000000002,0.2925,0.7075,0.8016997167138811,705,400,False
model,0.69,0.3,2.5,0.2,score_point,0.032624113475177303,1.1525000000000003,0.3875,0.6125,0.7335329341317365,705,400,False
model,0.65,0.7,2.0,0.2,score_point,0.032624113475177303,1.1614999999999998,0.355,0.645,0.7577092511013217,705,400,False
model,0.61,0.5,2.5,0.2,score_point,0.032624113475177303,1.165,0.3325,0.6675,0.7739130434782608,705,400,False
model,0.57,0.8,2.0,0.2,score_point,0.032624113475177303,1.1660000000000001,0.305,0.695,0.7931526390870186,705,400,False
model,0.58,0.8,2.0,0.2,score_point,0.032624113475177303,1.169,0.3075,0.6925,0.7914285714285715,705,400,False
model,0.66,0.7,2.0,0.2,score_point,0.032624113475177303,1.17125,0.3625,0.6375,0.752212389380531,705,400,False
model,0.51,0.5,3.0,0.2,score_point,0.032624113475177303,1.175,0.27,0.73,0.8167832167832167,705,400,False
model,0.62,0.5,2.5,0.2,score_point,0.032624113475177303,1.175,0.3375,0.6625,0.7703488372093023,705,400,False
model,0.67,0.4,2.5,0.2,score_point,0.032624113475177303,1.1770000000000003,0.37,0.63,0.7466666666666666,705,400,False
model,0.67,0.7,2.0,0.2,score_point,0.032624113475177303,1.1809999999999998,0.37,0.63,0.7466666666666666,705,400,False
model,0.59,0.8,2.0,0.2,score_point,0.032624113475177303,1.1840000000000002,0.32,0.68,0.7827338129496403,705,400,False
model,0.63,0.5,2.5,0.2,score_point,0.032624113475177303,1.185,0.3425,0.6575,0.7667638483965015,705,400,False
model,0.6,0.8,2.0,0.2,score_point,0.032624113475177303,1.1900000000000002,0.325,0.675,0.7792207792207793,705,400,False
model,0.64,0.5,2.5,0.2,score_point,0.032624113475177303,1.195,0.3475,0.6525,0.7631578947368419,705,400,False
model,0.61,0.8,2.0,0.2,score_point,0.032624113475177303,1.199,0.3325,0.6675,0.7739130434782608,705,400,False
model,0.58,0.4,3.0,0.2,score_point,0.032624113475177303,1.1995,0.3075,0.6925,0.7914285714285715,705,400,False
model,0.73,0.2,2.5,0.2,score_point,0.032624113475177303,1.2005,0.435,0.565,0.6964560862865947,705,400,False
model,0.62,0.8,2.0,0.2,score_point,0.032624113475177303,1.205,0.3375,0.6625,0.7703488372093023,705,400,False
model,0.31,1.0,2.5,0.2,score_point,0.032624113475177303,1.21,0.14,0.86,0.8970013037809648,705,400,False
model,0.63,0.8,2.0,0.2,score_point,0.032624113475177303,1.2110000000000003,0.3425,0.6575,0.7667638483965015,705,400,False
model,0.64,0.8,2.0,0.2,score_point,0.032624113475177303,1.217,0.3475,0.6525,0.7631578947368419,705,400,False
model,0.32,1.0,2.5,0.2,score_point,0.032624113475177303,1.22125,0.1475,0.8525,0.8926701570680629,705,400,False
model,0.55,0.9,2.0,0.2,score_point,0.032624113475177303,1.2217500000000001,0.2925,0.7075,0.8016997167138811,705,400,False
model,0.56,0.9,2.0,0.2,score_point,0.032624113475177303,1.2217500000000001,0.2925,0.7075,0.8016997167138811,705,400,False
model,0.57,0.9,2.0,0.2,score_point,0.032624113475177303,1.2355,0.305,0.695,0.7931526390870186,705,400,False
model,0.52,0.4,3.5,0.2,score_point,0.032624113475177303,1.2369999999999999,0.27,0.73,0.8167832167832167,705,400,False
model,0.58,0.9,2.0,0.2,score_point,0.032624113475177303,1.23825,0.3075,0.6925,0.7914285714285715,705,400,False
model,0.59,0.9,2.0,0.2,score_point,0.032624113475177303,1.252,0.32,0.68,0.7827338129496403,705,400,False
model,0.68,0.2,3.0,0.2,score_point,0.032624113475177303,1.257,0.3775,0.6225,0.7410714285714286,705,400,False
model,0.6,0.9,2.0,0.2,score_point,0.032624113475177303,1.2575,0.325,0.675,0.7792207792207793,705,400,False
model,0.65,0.3,3.0,0.2,score_point,0.032624113475177303,1.2585000000000002,0.355,0.645,0.7577092511013217,705,400,False
model,0.61,0.9,2.0,0.2,score_point,0.032624113475177303,1.26575,0.3325,0.6675,0.7739130434782608,705,400,False
model,0.53,0.4,3.5,0.2,score_point,0.032624113475177303,1.268,0.28,0.72,0.810126582278481,705,400,False
model,0.62,0.9,2.0,0.2,score_point,0.032624113475177303,1.2712500000000002,0.3375,0.6625,0.7703488372093023,705,400,False
model,0.63,0.9,2.0,0.2,score_point,0.032624113475177303,1.27675,0.3425,0.6575,0.7667638483965015,705,400,False
model,0.64,0.9,2.0,0.2,score_point,0.032624113475177303,1.2822500000000003,0.3475,0.6525,0.7631578947368419,705,400,False
model,0.54,0.4,3.5,0.2,score_point,0.032624113475177303,1.29125,0.2875,0.7125,0.8050847457627118,705,400,False
model,0.55,1.0,2.0,0.2,score_point,0.032624113475177303,1.2925,0.2925,0.7075,0.8016997167138811,705,400,False
model,0.56,1.0,2.0,0.2,score_point,0.032624113475177303,1.2925,0.2925,0.7075,0.8016997167138811,705,400,False
model,0.83,0.3,2.0,0.2,score_point,0.032624113475177303,1.3030000000000002,0.59,0.41,0.5587734241908007,705,400,False
model,0.57,1.0,2.0,0.2,score_point,0.032624113475177303,1.305,0.305,0.695,0.7931526390870186,705,400,False
model,0.58,1.0,2.0,0.2,score_point,0.032624113475177303,1.3075,0.3075,0.6925,0.7914285714285715,705,400,False
model,0.59,1.0,2.0,0.2,score_point,0.032624113475177303,1.32,0.32,0.68,0.7827338129496403,705,400,False
model,0.6,1.0,2.0,0.2,score_point,0.032624113475177303,1.325,0.325,0.675,0.7792207792207793,705,400,False
model,0.61,1.0,2.0,0.2,score_point,0.032624113475177303,1.3325,0.3325,0.6675,0.7739130434782608,705,400,False
model,0.62,1.0,2.0,0.2,score_point,0.032624113475177303,1.3375,0.3375,0.6625,0.7703488372093023,705,400,False
model,0.84,0.3,2.0,0.2,score_point,0.032624113475177303,1.34125,0.6125,0.3875,0.5363321799307958,705,400,False
model,0.63,1.0,2.0,0.2,score_point,0.032624113475177303,1.3425,0.3425,0.6575,0.7667638483965015,705,400,False
model,0.64,1.0,2.0,0.2,score_point,0.032624113475177303,1.3475,0.3475,0.6525,0.7631578947368419,705,400,False
model,0.85,0.3,2.0,0.2,score_point,0.032624113475177303,1.37525,0.6325,0.3675,0.5157894736842105,705,400,False
model,0.66,0.2,3.5,0.2,score_point,0.032624113475177303,1.39625,0.3625,0.6375,0.752212389380531,705,400,False
model,0.86,0.3,2.0,0.2,score_point,0.032624113475177303,1.4177500000000003,0.6575,0.3425,0.4892857142857143,705,400,False
model,0.87,0.2,2.0,0.2,score_point,0.032624113475177303,1.4375,0.6875,0.3125,0.45620437956204374,705,400,False
model,0.88,0.2,2.0,0.2,score_point,0.032624113475177303,1.5184999999999997,0.7325,0.2675,0.40377358490566034,705,400,False
model,0.89,0.2,2.0,0.2,score_point,0.032624113475177303,1.6039999999999999,0.78,0.22,0.34442270058708413,705,400,False
model,0.21,0.7,3.5,0.2,score_point,0.03404255319148936,0.9519999999999998,0.09,0.91,0.9238578680203046,705,400,True
model,0.22,0.7,3.5,0.2,score_point,0.03404255319148936,0.959,0.0925,0.9075,0.9224904701397711,705,400,False
model,0.23,0.7,3.5,0.2,score_point,0.03404255319148936,0.959,0.0925,0.9075,0.9224904701397711,705,400,False
model,0.24,0.7,3.5,0.2,score_point,0.03404255319148936,0.959,0.0925,0.9075,0.9224904701397711,705,400,False
model,0.33,0.6,3.0,0.2,score_point,0.03404255319148936,0.9659999999999997,0.1525,0.8475,0.888597640891219,705,400,False
model,0.25,0.7,3.5,0.2,score_point,0.03404255319148936,0.966,0.095,0.905,0.9211195928753181,705,400,False
model,0.17,0.8,3.5,0.2,score_point,0.03404255319148936,0.96875,0.0625,0.9375,0.9386733416770964,705,400,False
model,0.34,0.6,3.0,0.2,score_point,0.03404255319148936,0.9779999999999999,0.1575,0.8425,0.885676741130092,705,400,False
model,0.31,0.6,3.5,0.2,score_point,0.03404255319148936,1.0059999999999998,0.14,0.86,0.8958333333333334,705,400,False
model,0.31,0.7,3.0,0.2,score_point,0.03404255319148936,1.0219999999999998,0.14,0.86,0.8958333333333334,705,400,False
model,0.26,0.8,3.0,0.2,score_point,0.03404255319148936,1.0255,0.1025,0.8975,0.9169859514687101,705,400,False
model,0.32,0.6,3.5,0.2,score_point,0.03404255319148936,1.0277499999999997,0.1475,0.8525,0.8915032679738562,705,400,False
model,0.17,0.9,3.0,0.2,score_point,0.03404255319148936,1.0312500000000002,0.0625,0.9375,0.9386733416770964,705,400,False
model,0.32,0.7,3.0,0.2,score_point,0.03404255319148936,1.0392499999999998,0.1475,0.8525,0.8915032679738562,705,400,False
model,0.46,0.6,2.5,0.2,score_point,0.03404255319148936,1.0464999999999998,0.235,0.765,0.8383561643835615,705,400,False
model,0.27,0.8,3.0,0.2,score_point,0.03404255319148936,1.0475,0.1125,0.8875,0.9114249037227214,705,400,False
model,0.33,0.8,2.5,0.2,score_point,0.03404255319148936,1.05925,0.1525,0.8475,0.888597640891219,705,400,False
model,0.34,0.8,2.5,0.2,score_point,0.03404255319148936,1.06775,0.1575,0.8425,0.885676741130092,705,400,False
model,0.1,1.0,3.0,0.2,score_point,0.03404255319148936,1.08,0.04,0.96,0.9504950495049505,705,400,False
model,0.11,1.0,3.0,0.2,score_point,0.03404255319148936,1.08,0.04,0.96,0.9504950495049505,705,400,False
model,0.55,0.7,2.0,0.2,score_point,0.03404255319148936,1.0802499999999997,0.2925,0.7075,0.8005657708628007,705,400,False
model,0.56,0.7,2.0,0.2,score_point,0.03404255319148936,1.0802499999999997,0.2925,0.7075,0.8005657708628007,705,400,False
model,0.07,1.0,3.5,0.2,score_point,0.03404255319148936,1.0875,0.035,0.965,0.9530864197530864,705,400,False
model,0.46,0.5,3.0,0.2,score_point,0.03404255319148936,1.0875,0.235,0.765,0.8383561643835615,705,400,False
model,0.12,1.0,3.0,0.2,score_point,0.03404255319148936,1.09,0.045,0.955,0.9478908188585607,705,400,False
model,0.57,0.7,2.0,0.2,score_point,0.03404255319148936,1.0964999999999998,0.305,0.695,0.792022792022792,705,400,False
model,0.58,0.7,2.0,0.2,score_point,0.03404255319148936,1.09975,0.3075,0.6925,0.7902995720399429,705,400,False
model,0.13,1.0,3.0,0.2,score_point,0.03404255319148936,1.1,0.05,0.95,0.9452736318407959,705,400,False
model,0.14,1.0,3.0,0.2,score_point,0.03404255319148936,1.105,0.0525,0.9475,0.9439601494396014,705,400,False
model,0.15,1.0,3.0,0.2,score_point,0.03404255319148936,1.11,0.055,0.945,0.942643391521197,705,400,False
model,0.59,0.7,2.0,0.2,score_point,0.03404255319148936,1.1159999999999999,0.32,0.68,0.7816091954022989,705,400,False
model,0.6,0.7,2.0,0.2,score_point,0.03404255319148936,1.1224999999999998,0.325,0.675,0.7780979827089337,705,400,False
model,0.31,0.9,2.5,0.2,score_point,0.03404255319148936,1.124,0.14,0.86,0.8958333333333334,705,400,False
model,0.52,0.8,2.0,0.2,score_point,0.03404255319148936,1.124,0.27,0.73,0.8156424581005587,705,400,False
model,0.74,0.4,2.0,0.2,score_point,0.03404255319148936,1.124,0.4525,0.5475,0.6811819595645413,705,400,False
model,0.68,0.6,2.0,0.2,score_point,0.03404255319148936,1.1284999999999998,0.3775,0.6225,0.7399702823179792,705,400,False
model,0.68,0.3,2.5,0.2,score_point,0.03404255319148936,1.1305,0.3775,0.6225,0.7399702823179792,705,400,False
model,0.61,0.7,2.0,0.2,score_point,0.03404255319148936,1.13225,0.3325,0.6675,0.7727930535455861,705,400,False
model,0.21,1.0,2.5,0.2,score_point,0.03404255319148936,1.135,0.09,0.91,0.9238578680203046,705,400,False
model,0.32,0.9,2.5,0.2,score_point,0.03404255319148936,1.1360000000000001,0.1475,0.8525,0.8915032679738562,705,400,False
model,0.53,0.8,2.0,0.2,score_point,0.03404255319148936,1.1360000000000001,0.28,0.72,0.8089887640449438,705,400,False
model,0.22,1.0,2.5,0.2,score_point,0.03404255319148936,1.13875,0.0925,0.9075,0.9224904701397711,705,400,False
model,0.23,1.0,2.5,0.2,score_point,0.03404255319148936,1.13875,0.0925,0.9075,0.9224904701397711,705,400,False
model,0.24,1.0,2.5,0.2,score_point,0.03404255319148936,1.13875,0.0925,0.9075,0.9224904701397711,705,400,False
model,0.62,0.7,2.0,0.2,score_point,0.03404255319148936,1.13875,0.3375,0.6625,0.7692307692307692,705,400,False
model,0.25,1.0,2.5,0.2,score_point,0.03404255319148936,1.1425,0.095,0.905,0.9211195928753181,705,400,False
model,0.54,0.8,2.0,0.2,score_point,0.03404255319148936,1.1450000000000002,0.2875,0.7125,0.8039492242595205,705,400,False
model,0.63,0.7,2.0,0.2,score_point,0.03404255319148936,1.1452499999999999,0.3425,0.6575,0.7656477438136826,705,400,False
model,0.65,0.4,2.5,0.2,score_point,0.03404255319148936,1.1455000000000002,0.355,0.645,0.7565982404692083,705,400,False
model,0.64,0.7,2.0,0.2,score_point,0.03404255319148936,1.1517499999999998,0.3475,0.6525,0.7620437956204379,705,400,False
model,0.47,0.4,3.5,0.2,score_point,0.03404255319148936,1.15175,0.2425,0.7575,0.8335625859697386,705,400,False
model,0.26,1.0,2.5,0.2,score_point,0.03404255319148936,1.15375,0.1025,0.8975,0.9169859514687101,705,400,False
model,0.55,0.4,3.0,0.2,score_point,0.03404255319148936,1.1605,0.2925,0.7075,0.8005657708628007,705,400,False
model,0.56,0.4,3.0,0.2,score_point,0.03404255319148936,1.1605,0.2925,0.7075,0.8005657708628007,705,400,False
model,0.66,0.4,2.5,0.2,score_point,0.03404255319148936,1.1612500000000001,0.3625,0.6375,0.7511045655375553,705,400,False
model,0.27,1.0,2.5,0.2,score_point,0.03404255319148936,1.16875,0.1125,0.8875,0.9114249037227214,705,400,False
model,0.48,0.4,3.5,0.2,score_point,0.03404255319148936,1.175,0.25,0.75,0.8287292817679557,705,400,False
model,0.28,1.0,2.5,0.2,score_point,0.03404255319148936,1.17625,0.1175,0.8825,0.9086229086229085,705,400,False
model,0.72,0.2,2.5,0.2,score_point,0.03404255319148936,1.1774999999999998,0.425,0.575,0.7033639143730887,705,400,False
model,0.74,0.5,2.0,0.2,score_point,0.03404255319148936,1.17875,0.4525,0.5475,0.6811819595645413,705,400,False
model,0.49,0.4,3.5,0.2,score_point,0.03404255319148936,1.18275,0.2525,0.7475,0.8271092669432919,705,400,False
model,0.5,0.4,3.5,0.2,score_point,0.03404255319148936,1.18275,0.2525,0.7475,0.8271092669432919,705,400,False
model,0.29,1.0,2.5,0.2,score_point,0.03404255319148936,1.18375,0.1225,0.8775,0.9058064516129032,705,400,False
model,0.57,0.4,3.0,0.2,score_point,0.03404255319148936,1.193,0.305,0.695,0.792022792022792,705,400,False
model,0.3,1.0,2.5,0.2,score_point,0.03404255319148936,1.195,0.13,0.87,0.9015544041450777,705,400,False
model,0.52,0.9,2.0,0.2,score_point,0.03404255319148936,1.197,0.27,0.73,0.8156424581005587,705,400,False
model,0.53,0.9,2.0,0.2,score_point,0.03404255319148936,1.2080000000000002,0.28,0.72,0.8089887640449438,705,400,False
model,0.54,0.9,2.0,0.2,score_point,0.03404255319148936,1.21625,0.2875,0.7125,0.8039492242595205,705,400,False
model,0.63,0.3,3.0,0.2,score_point,0.03404255319148936,1.2247500000000002,0.3425,0.6575,0.7656477438136826,705,400,False
model,0.51,0.4,3.5,0.2,score_point,0.03404255319148936,1.2369999999999999,0.27,0.73,0.8156424581005587,705,400,False
model,0.64,0.3,3.0,0.2,score_point,0.03404255319148936,1.23825,0.3475,0.6525,0.7620437956204379,705,400,False
model,0.47,1.0,2.0,0.2,score_point,0.03404255319148936,1.2425,0.2425,0.7575,0.8335625859697386,705,400,False
model,0.48,1.0,2.0,0.2,score_point,0.03404255319148936,1.25,0.25,0.75,0.8287292817679557,705,400,False
model,0.49,1.0,2.0,0.2,score_point,0.03404255319148936,1.2525,0.2525,0.7475,0.8271092669432919,705,400,False
model,0.5,1.0,2.0,0.2,score_point,0.03404255319148936,1.2525,0.2525,0.7475,0.8271092669432919,705,400,False
model,0.83,0.2,2.0,0.2,score_point,0.03404255319148936,1.2619999999999998,0.59,0.41,0.5578231292517007,705,400,False
model,0.51,1.0,2.0,0.2,score_point,0.03404255319148936,1.27,0.27,0.73,0.8156424581005587,705,400,False
model,0.52,1.0,2.0,0.2,score_point,0.03404255319148936,1.27,0.27,0.73,0.8156424581005587,705,400,False
model,0.53,1.0,2.0,0.2,score_point,0.03404255319148936,1.28,0.28,0.72,0.8089887640449438,705,400,False
model,0.58,0.3,3.5,0.2,score_point,0.03404255319148936,1.2840000000000003,0.3075,0.6925,0.7902995720399429,705,400,False
model,0.54,1.0,2.0,0.2,score_point,0.03404255319148936,1.2875,0.2875,0.7125,0.8039492242595205,705,400,False
model,0.82,0.3,2.0,0.2,score_point,0.03404255319148936,1.2902500000000003,0.5825,0.4175,0.5651438240270727,705,400,False
model,0.84,0.2,2.0,0.2,score_point,0.03404255319148936,1.3025,0.6125,0.3875,0.5354058721934369,705,400,False
model,0.85,0.2,2.0,0.2,score_point,0.03404255319148936,1.3385,0.6325,0.3675,0.5148861646234676,705,400,False
model,0.65,0.2,3.5,0.2,score_point,0.03404255319148936,1.3714999999999997,0.355,0.645,0.7565982404692083,705,400,False
model,0.86,0.2,2.0,0.2,score_point,0.03404255319148936,1.3834999999999997,0.6575,0.3425,0.48841354723707675,705,400,False
model,0.18,0.7,3.5,0.2,score_point,0.03546099290780142,0.9029999999999998,0.0725,0.9275,0.9321608040201005,705,400,True
model,0.19,0.7,3.5,0.2,score_point,0.03546099290780142,0.9169999999999999,0.0775,0.9225,0.9294710327455918,705,400,False
model,0.2,0.7,3.5,0.2,score_point,0.03546099290780142,0.9379999999999998,0.085,0.915,0.9254108723135273,705,400,False
model,0.29,0.6,3.5,0.2,score_point,0.03546099290780142,0.9552499999999998,0.1225,0.8775,0.9046391752577319,705,400,False
model,0.16,0.8,3.5,0.2,score_point,0.03546099290780142,0.9620000000000002,0.06,0.94,0.9388264669163545,705,400,False
model,0.28,0.7,3.0,0.2,score_point,0.03546099290780142,0.9702499999999997,0.1175,0.8825,0.9074550128534704,705,400,False
model,0.3,0.6,3.5,0.2,score_point,0.03546099290780142,0.9769999999999999,0.13,0.87,0.9003880983182407,705,400,False
model,0.29,0.7,3.0,0.2,score_point,0.03546099290780142,0.9817499999999998,0.1225,0.8775,0.9046391752577319,705,400,False
model,0.42,0.6,2.5,0.2,score_point,0.03546099290780142,0.9894999999999999,0.205,0.795,0.8559892328398384,705,400,False
model,0.08,0.9,3.5,0.2,score_point,0.03546099290780142,0.9910000000000002,0.035,0.965,0.9519112207151664,705,400,False
model,0.35,0.5,3.5,0.2,score_point,0.03546099290780142,0.995,0.165,0.835,0.8801054018445323,705,400,False
model,0.35,0.7,2.5,0.2,score_point,0.03546099290780142,0.9969999999999998,0.165,0.835,0.8801054018445323,705,400,False
model,0.21,0.8,3.0,0.2,score_point,0.03546099290780142,0.9980000000000001,0.09,0.91,0.9226869455006338,705,400,False
model,0.43,0.6,2.5,0.2,score_point,0.03546099290780142,0.9989999999999998,0.21,0.79,0.8529014844804318,705,400,False
model,0.3,0.7,3.0,0.2,score_point,0.03546099290780142,0.9989999999999999,0.13,0.87,0.9003880983182407,705,400,False
model,0.22,0.8,3.0,0.2,score_point,0.03546099290780142,1.0035,0.0925,0.9075,0.9213197969543148,705,400,False
model,0.23,0.8,3.0,0.2,score_point,0.03546099290780142,1.0035,0.0925,0.9075,0.9213197969543148,705,400,False
model,0.24,0.8,3.0,0.2,score_point,0.03546099290780142,1.0035,0.0925,0.9075,0.9213197969543148,705,400,False
model,0.09,0.9,3.5,0.2,score_point,0.03546099290780142,1.0040000000000002,0.04,0.96,0.9493201483312732,705,400,False
model,0.25,0.8,3.0,0.2,score_point,0.03546099290780142,1.0090000000000001,0.095,0.905,0.9199491740787803,705,400,False
model,0.42,0.5,3.0,0.2,score_point,0.03546099290780142,1.0125,0.205,0.795,0.8559892328398384,705,400,False
model,0.43,0.5,3.0,0.2,score_point,0.03546099290780142,1.025,0.21,0.79,0.8529014844804318,705,400,False
model,0.16,0.9,3.0,0.2,score_point,0.03546099290780142,1.0260000000000002,0.06,0.94,0.9388264669163545,705,400,False
model,0.44,0.6,2.5,0.2,score_point,0.03546099290780142,1.0274999999999999,0.225,0.775,0.8435374149659864,705,400,False
model,0.45,0.6,2.5,0.2,score_point,0.03546099290780142,1.03225,0.2275,0.7725,0.8419618528610355,705,400,False
model,0.52,0.7,2.0,0.2,score_point,0.03546099290780142,1.0509999999999997,0.27,0.73,0.8145048814504882,705,400,False
model,0.44,0.5,3.0,0.2,score_point,0.03546099290780142,1.0625,0.225,0.775,0.8435374149659864,705,400,False
model,0.53,0.7,2.0,0.2,score_point,0.03546099290780142,1.0639999999999998,0.28,0.72,0.8078541374474052,705,400,False
model,0.26,0.9,2.5,0.2,score_point,0.03546099290780142,1.0640000000000003,0.1025,0.8975,0.9158163265306122,705,400,False
model,0.45,0.5,3.0,0.2,score_point,0.03546099290780142,1.06875,0.2275,0.7725,0.8419618528610355,705,400,False
model,0.54,0.7,2.0,0.2,score_point,0.03546099290780142,1.0737499999999998,0.2875,0.7125,0.8028169014084507,705,400,False
model,0.27,0.9,2.5,0.2,score_point,0.03546099290780142,1.08,0.1125,0.8875,0.9102564102564101,705,400,False
model,0.72,0.4,2.0,0.2,score_point,0.03546099290780142,1.08,0.425,0.575,0.7022900763358777,705,400,False
model,0.55,0.5,2.5,0.2,score_point,0.03546099290780142,1.085,0.2925,0.7075,0.7994350282485875,705,400,False
model,0.56,0.5,2.5,0.2,score_point,0.03546099290780142,1.085,0.2925,0.7075,0.7994350282485875,705,400,False
model,0.28,0.9,2.5,0.2,score_point,0.03546099290780142,1.0880000000000003,0.1175,0.8825,0.9074550128534704,705,400,False
model,0.47,0.8,2.0,0.2,score_point,0.03546099290780142,1.0910000000000002,0.2425,0.7575,0.8324175824175825,705,400,False
model,0.29,0.9,2.5,0.2,score_point,0.03546099290780142,1.0960000000000003,0.1225,0.8775,0.9046391752577319,705,400,False
model,0.73,0.4,2.0,0.2,score_point,0.03546099290780142,1.0960000000000003,0.435,0.565,0.69431643625192,705,400,False
model,0.65,0.6,2.0,0.2,score_point,0.03546099290780142,1.097,0.355,0.645,0.7554904831625183,705,400,False
model,0.48,0.8,2.0,0.2,score_point,0.03546099290780142,1.1,0.25,0.75,0.8275862068965517,705,400,False
model,0.49,0.8,2.0,0.2,score_point,0.03546099290780142,1.1030000000000002,0.2525,0.7475,0.8259668508287293,705,400,False
model,0.5,0.8,2.0,0.2,score_point,0.03546099290780142,1.1030000000000002,0.2525,0.7475,0.8259668508287293,705,400,False
model,0.7,0.5,2.0,0.2,score_point,0.03546099290780142,1.10375,0.4025,0.5975,0.7198795180722891,705,400,False
model,0.66,0.6,2.0,0.2,score_point,0.03546099290780142,1.1075,0.3625,0.6375,0.7499999999999999,705,400,False
model,0.75,0.3,2.0,0.2,score_point,0.03546099290780142,1.1075000000000002,0.475,0.525,0.6614173228346456,705,400,False
model,0.76,0.3,2.0,0.2,score_point,0.03546099290780142,1.1075000000000002,0.475,0.525,0.6614173228346456,705,400,False
model,0.3,0.9,2.5,0.2,score_point,0.03546099290780142,1.108,0.13,0.87,0.9003880983182407,705,400,False
model,0.18,1.0,2.5,0.2,score_point,0.03546099290780142,1.10875,0.0725,0.9275,0.9321608040201005,705,400,False
model,0.57,0.5,2.5,0.2,score_point,0.03546099290780142,1.11,0.305,0.695,0.7908961593172118,705,400,False
model,0.58,0.5,2.5,0.2,score_point,0.03546099290780142,1.115,0.3075,0.6925,0.7891737891737891,705,400,False
model,0.19,1.0,2.5,0.2,score_point,0.03546099290780142,1.11625,0.0775,0.9225,0.9294710327455918,705,400,False
model,0.67,0.6,2.0,0.2,score_point,0.03546099290780142,1.1179999999999999,0.37,0.63,0.7444608567208273,705,400,False
model,0.63,0.4,2.5,0.2,score_point,0.03546099290780142,1.11925,0.3425,0.6575,0.7645348837209303,705,400,False
model,0.71,0.5,2.0,0.2,score_point,0.03546099290780142,1.1225,0.415,0.585,0.7101669195751138,705,400,False
model,0.51,0.8,2.0,0.2,score_point,0.03546099290780142,1.124,0.27,0.73,0.8145048814504882,705,400,False
model,0.7,0.2,2.5,0.2,score_point,0.03546099290780142,1.1257499999999998,0.4025,0.5975,0.7198795180722891,705,400,False
model,0.2,1.0,2.5,0.2,score_point,0.03546099290780142,1.1275,0.085,0.915,0.9254108723135273,705,400,False
model,0.46,0.4,3.5,0.2,score_point,0.03546099290780142,1.1285,0.235,0.765,0.8372093023255814,705,400,False
model,0.64,0.4,2.5,0.2,score_point,0.03546099290780142,1.12975,0.3475,0.6525,0.760932944606414,705,400,False
model,0.72,0.5,2.0,0.2,score_point,0.03546099290780142,1.1375,0.425,0.575,0.7022900763358777,705,400,False
model,0.73,0.5,2.0,0.2,score_point,0.03546099290780142,1.1525,0.435,0.565,0.69431643625192,705,400,False
model,0.71,0.2,2.5,0.2,score_point,0.03546099290780142,1.1544999999999999,0.415,0.585,0.7101669195751138,705,400,False
model,0.77,0.3,2.0,0.2,score_point,0.03546099290780142,1.1585000000000003,0.505,0.495,0.6356340288924558,705,400,False
model,0.59,0.3,3.0,0.2,score_point,0.03546099290780142,1.1640000000000001,0.32,0.68,0.7804878048780489,705,400,False
model,0.47,0.9,2.0,0.2,score_point,0.03546099290780142,1.1667500000000002,0.2425,0.7575,0.8324175824175825,705,400,False
model,0.48,0.9,2.0,0.2,score_point,0.03546099290780142,1.175,0.25,0.75,0.8275862068965517,705,400,False
model,0.6,0.3,3.0,0.2,score_point,0.03546099290780142,1.1775000000000002,0.325,0.675,0.7769784172661871,705,400,False
model,0.49,0.9,2.0,0.2,score_point,0.03546099290780142,1.17775,0.2525,0.7475,0.8259668508287293,705,400,False
model,0.5,0.9,2.0,0.2,score_point,0.03546099290780142,1.17775,0.2525,0.7475,0.8259668508287293,705,400,False
model,0.78,0.3,2.0,0.2,score_point,0.03546099290780142,1.1882500000000003,0.5225,0.4775,0.6201298701298701,705,400,False
model,0.51,0.9,2.0,0.2,score_point,0.03546099290780142,1.197,0.27,0.73,0.8145048814504882,705,400,False
model,0.61,0.3,3.0,0.2,score_point,0.03546099290780142,1.19775,0.3325,0.6675,0.7716763005780346,705,400,False
model,0.79,0.3,2.0,0.2,score_point,0.03546099290780142,1.2010000000000003,0.53,0.47,0.6133768352365415,705,400,False
model,0.62,0.3,3.0,0.2,score_point,0.03546099290780142,1.2112500000000002,0.3375,0.6625,0.7681159420289855,705,400,False
model,0.46,1.0,2.0,0.2,score_point,0.03546099290780142,1.235,0.235,0.765,0.8372093023255814,705,400,False
model,0.8,0.3,2.0,0.2,score_point,0.03546099290780142,1.2350000000000003,0.55,0.45,0.5950413223140496,705,400,False
model,0.67,0.2,3.0,0.2,score_point,0.03546099290780142,1.2359999999999998,0.37,0.63,0.7444608567208273,705,400,False
model,0.55,0.3,3.5,0.2,score_point,0.03546099290780142,1.2360000000000002,0.2925,0.7075,0.7994350282485875,705,400,False
model,0.56,0.3,3.5,0.2,score_point,0.03546099290780142,1.2360000000000002,0.2925,0.7075,0.7994350282485875,705,400,False
model,0.81,0.3,2.0,0.2,score_point,0.03546099290780142,1.2605000000000002,0.565,0.435,0.5809682804674458,705,400,False
model,0.57,0.3,3.5,0.2,score_point,0.03546099290780142,1.2760000000000005,0.305,0.695,0.7908961593172118,705,400,False
model,0.64,0.2,3.5,0.2,score_point,0.03546099290780142,1.34675,0.3475,0.6525,0.760932944606414,705,400,False
model,0.17,0.7,3.5,0.2,score_point,0.03687943262411347,0.875,0.0625,0.9375,0.9363295880149813,705,400,True
model,0.36,0.6,2.5,0.2,score_point,0.03687943262411347,0.9277499999999997,0.1725,0.8275,0.8745046235138706,705,400,False
model,0.36,0.5,3.0,0.2,score_point,0.03687943262411347,0.93125,0.1725,0.8275,0.8745046235138706,705,400,False
model,0.26,0.7,3.0,0.2,score_point,0.03687943262411347,0.9357499999999999,0.1025,0.8975,0.9146496815286623,705,400,False
model,0.37,0.6,2.5,0.2,score_point,0.03687943262411347,0.9372499999999998,0.1775,0.8225,0.871523178807947,705,400,False
model,0.38,0.6,2.5,0.2,score_point,0.03687943262411347,0.9372499999999998,0.1775,0.8225,0.871523178807947,705,400,False
model,0.28,0.6,3.5,0.2,score_point,0.03687943262411347,0.9407499999999999,0.1175,0.8825,0.9062901155327342,705,400,False
model,0.37,0.5,3.0,0.2,score_point,0.03687943262411347,0.94375,0.1775,0.8225,0.871523178807947,705,400,False
model,0.38,0.5,3.0,0.2,score_point,0.03687943262411347,0.94375,0.1775,0.8225,0.871523178807947,705,400,False
model,0.15,0.8,3.5,0.2,score_point,0.03687943262411347,0.9485000000000001,0.055,0.945,0.9402985074626865,705,400,False
model,0.39,0.6,2.5,0.2,score_point,0.03687943262411347,0.9514999999999998,0.185,0.815,0.8670212765957446,705,400,False
model,0.33,0.5,3.5,0.2,score_point,0.03687943262411347,0.9575,0.1525,0.8475,0.8862745098039216,705,400,False
model,0.27,0.7,3.0,0.2,score_point,0.03687943262411347,0.95875,0.1125,0.8875,0.9090909090909091,705,400,False
model,0.18,0.8,3.0,0.2,score_point,0.03687943262411347,0.9595000000000001,0.0725,0.9275,0.9309912170639899,705,400,False
model,0.39,0.5,3.0,0.2,score_point,0.03687943262411347,0.9625,0.185,0.815,0.8670212765957446,705,400,False
model,0.4,0.6,2.5,0.2,score_point,0.03687943262411347,0.9657499999999999,0.1925,0.8075,0.8624833110814419,705,400,False
model,0.41,0.6,2.5,0.2,score_point,0.03687943262411347,0.9704999999999998,0.195,0.805,0.8609625668449198,705,400,False
model,0.19,0.8,3.0,0.2,score_point,0.03687943262411347,0.9705000000000001,0.0775,0.9225,0.9283018867924528,705,400,False
model,0.34,0.5,3.5,0.2,score_point,0.03687943262411347,0.9725,0.1575,0.8425,0.8833551769331586,705,400,False
model,0.33,0.7,2.5,0.2,score_point,0.03687943262411347,0.9744999999999999,0.1525,0.8475,0.8862745098039216,705,400,False
model,0.4,0.5,3.0,0.2,score_point,0.03687943262411347,0.98125,0.1925,0.8075,0.8624833110814419,705,400,False
model,0.34,0.7,2.5,0.2,score_point,0.03687943262411347,0.9834999999999999,0.1575,0.8425,0.8833551769331586,705,400,False
model,0.1,0.9,3.0,0.2,score_point,0.03687943262411347,0.9840000000000002,0.04,0.96,0.9481481481481482,705,400,False
model,0.11,0.9,3.0,0.2,score_point,0.03687943262411347,0.9840000000000002,0.04,0.96,0.9481481481481482,705,400,False
model,0.2,0.8,3.0,0.2,score_point,0.03687943262411347,0.9870000000000002,0.085,0.915,0.9242424242424242,705,400,False
model,0.41,0.5,3.0,0.2,score_point,0.03687943262411347,0.9875,0.195,0.805,0.8609625668449198,705,400,False
model,0.07,0.9,3.5,0.2,score_point,0.03687943262411347,0.9910000000000002,0.035,0.965,0.9507389162561576,705,400,False
model,0.12,0.9,3.0,0.2,score_point,0.03687943262411347,0.9945000000000002,0.045,0.955,0.9455445544554456,705,400,False
model,0.13,0.9,3.0,0.2,score_point,0.03687943262411347,1.0050000000000003,0.05,0.95,0.9429280397022333,705,400,False
model,0.14,0.9,3.0,0.2,score_point,0.03687943262411347,1.0102500000000003,0.0525,0.9475,0.9416149068322981,705,400,False
model,0.47,0.7,2.0,0.2,score_point,0.03687943262411347,1.0152499999999998,0.2425,0.7575,0.831275720164609,705,400,False
model,0.15,0.9,3.0,0.2,score_point,0.03687943262411347,1.0155000000000003,0.055,0.945,0.9402985074626865,705,400,False
model,0.48,0.7,2.0,0.2,score_point,0.03687943262411347,1.025,0.25,0.75,0.8264462809917356,705,400,False
model,0.49,0.7,2.0,0.2,score_point,0.03687943262411347,1.0282499999999999,0.2525,0.7475,0.8248275862068967,705,400,False
model,0.5,0.7,2.0,0.2,score_point,0.03687943262411347,1.0282499999999999,0.2525,0.7475,0.8248275862068967,705,400,False
model,0.31,0.8,2.5,0.2,score_point,0.03687943262411347,1.038,0.14,0.86,0.8935064935064935,705,400,False
model,0.7,0.4,2.0,0.2,score_point,0.03687943262411347,1.044,0.4025,0.5975,0.718796992481203,705,400,False
model,0.21,0.9,2.5,0.2,score_point,0.03687943262411347,1.0440000000000003,0.09,0.91,0.9215189873417723,705,400,False
model,0.59,0.6,2.0,0.2,score_point,0.03687943262411347,1.0479999999999998,0.32,0.68,0.7793696275071633,705,400,False
model,0.22,0.9,2.5,0.2,score_point,0.03687943262411347,1.0480000000000003,0.0925,0.9075,0.9201520912547528,705,400,False
model,0.23,0.9,2.5,0.2,score_point,0.03687943262411347,1.0480000000000003,0.0925,0.9075,0.9201520912547528,705,400,False
model,0.24,0.9,2.5,0.2,score_point,0.03687943262411347,1.0480000000000003,0.0925,0.9075,0.9201520912547528,705,400,False
model,0.32,0.8,2.5,0.2,score_point,0.03687943262411347,1.05075,0.1475,0.8525,0.8891786179921772,705,400,False
model,0.51,0.7,2.0,0.2,score_point,0.03687943262411347,1.0509999999999997,0.27,0.73,0.8133704735376044,705,400,False
model,0.25,0.9,2.5,0.2,score_point,0.03687943262411347,1.0520000000000003,0.095,0.905,0.918781725888325,705,400,False
model,0.6,0.6,2.0,0.2,score_point,0.03687943262411347,1.055,0.325,0.675,0.7758620689655173,705,400,False
model,0.05,1.0,3.5,0.2,score_point,0.03687943262411347,1.0625,0.025,0.975,0.9558823529411764,705,400,False
model,0.71,0.4,2.0,0.2,score_point,0.03687943262411347,1.064,0.415,0.585,0.7090909090909091,705,400,False
model,0.61,0.6,2.0,0.2,score_point,0.03687943262411347,1.0655,0.3325,0.6675,0.7705627705627704,705,400,False
model,0.06,1.0,3.5,0.2,score_point,0.03687943262411347,1.06875,0.0275,0.9725,0.954601226993865,705,400,False
model,0.08,1.0,3.0,0.2,score_point,0.03687943262411347,1.07,0.035,0.965,0.9507389162561576,705,400,False
model,0.59,0.4,2.5,0.2,score_point,0.03687943262411347,1.072,0.32,0.68,0.7793696275071633,705,400,False
model,0.62,0.6,2.0,0.2,score_point,0.03687943262411347,1.0724999999999998,0.3375,0.6625,0.7670043415340086,705,400,False
model,0.63,0.6,2.0,0.2,score_point,0.03687943262411347,1.0795,0.3425,0.6575,0.7634252539912917,705,400,False
model,0.09,1.0,3.0,0.2,score_point,0.03687943262411347,1.08,0.04,0.96,0.9481481481481482,705,400,False
model,0.69,0.5,2.0,0.2,score_point,0.03687943262411347,1.08125,0.3875,0.6125,0.7302533532041728,705,400,False
model,0.46,0.8,2.0,0.2,score_point,0.03687943262411347,1.082,0.235,0.765,0.8360655737704918,705,400,False
model,0.6,0.4,2.5,0.2,score_point,0.03687943262411347,1.0825000000000002,0.325,0.675,0.7758620689655173,705,400,False
model,0.64,0.6,2.0,0.2,score_point,0.03687943262411347,1.0865,0.3475,0.6525,0.7598253275109169,705,400,False
model,0.17,1.0,2.5,0.2,score_point,0.03687943262411347,1.09375,0.0625,0.9375,0.9363295880149813,705,400,False
model,0.61,0.4,2.5,0.2,score_point,0.03687943262411347,1.0982500000000002,0.3325,0.6675,0.7705627705627704,705,400,False
model,0.52,0.4,3.0,0.2,score_point,0.03687943262411347,1.102,0.27,0.73,0.8133704735376044,705,400,False
model,0.45,0.4,3.5,0.2,score_point,0.03687943262411347,1.10525,0.2275,0.7725,0.8408163265306122,705,400,False
model,0.62,0.4,2.5,0.2,score_point,0.03687943262411347,1.1087500000000001,0.3375,0.6625,0.7670043415340086,705,400,False
model,0.67,0.3,2.5,0.2,score_point,0.03687943262411347,1.114,0.37,0.63,0.743362831858407,705,400,False
model,0.53,0.4,3.0,0.2,score_point,0.03687943262411347,1.1280000000000001,0.28,0.72,0.8067226890756303,705,400,False
model,0.54,0.4,3.0,0.2,score_point,0.03687943262411347,1.1475,0.2875,0.7125,0.8016877637130801,705,400,False
model,0.46,0.9,2.0,0.2,score_point,0.03687943262411347,1.1585,0.235,0.765,0.8360655737704918,705,400,False
model,0.42,1.0,2.0,0.2,score_point,0.03687943262411347,1.205,0.205,0.795,0.8548387096774194,705,400,False
model,0.43,1.0,2.0,0.2,score_point,0.03687943262411347,1.21,0.21,0.79,0.8517520215633423,705,400,False
model,0.66,0.2,3.0,0.2,score_point,0.03687943262411347,1.2149999999999999,0.3625,0.6375,0.7488986784140969,705,400,False
model,0.44,1.0,2.0,0.2,score_point,0.03687943262411347,1.225,0.225,0.775,0.842391304347826,705,400,False
model,0.45,1.0,2.0,0.2,score_point,0.03687943262411347,1.2275,0.2275,0.7725,0.8408163265306122,705,400,False
model,0.82,0.2,2.0,0.2,score_point,0.03687943262411347,1.2485,0.5825,0.4175,0.5632377740303541,705,400,False
model,0.63,0.2,3.5,0.2,score_point,0.03687943262411347,1.3302499999999997,0.3425,0.6575,0.7634252539912917,705,400,False
model,0.16,0.7,3.5,0.2,score_point,0.03829787234042553,0.868,0.06,0.94,0.9364881693648817,705,400,True
model,0.26,0.6,3.5,0.2,score_point,0.03829787234042553,0.8972499999999998,0.1025,0.8975,0.9134860050890585,705,400,False
model,0.21,0.7,3.0,0.2,score_point,0.03829787234042553,0.9069999999999999,0.09,0.91,0.9203539823008849,705,400,False
model,0.1,0.8,3.5,0.2,score_point,0.03829787234042553,0.9080000000000001,0.04,0.96,0.9469790382244143,705,400,False
model,0.11,0.8,3.5,0.2,score_point,0.03829787234042553,0.9080000000000001,0.04,0.96,0.9469790382244143,705,400,False
model,0.22,0.7,3.0,0.2,score_point,0.03829787234042553,0.91275,0.0925,0.9075,0.9189873417721519,705,400,False
model,0.23,0.7,3.0,0.2,score_point,0.03829787234042553,0.91275,0.0925,0.9075,0.9189873417721519,705,400,False
model,0.24,0.7,3.0,0.2,score_point,0.03829787234042553,0.91275,0.0925,0.9075,0.9189873417721519,705,400,False
model,0.25,0.7,3.0,0.2,score_point,0.03829787234042553,0.9185,0.095,0.905,0.9176172370088721,705,400,False
model,0.12,0.8,3.5,0.2,score_point,0.03829787234042553,0.9215000000000001,0.045,0.955,0.9443757725587144,705,400,False
model,0.27,0.6,3.5,0.2,score_point,0.03829787234042553,0.9262499999999999,0.1125,0.8875,0.9079283887468029,705,400,False
model,0.13,0.8,3.5,0.2,score_point,0.03829787234042553,0.9350000000000002,0.05,0.95,0.9417596034696406,705,400,False
model,0.31,0.6,3.0,0.2,score_point,0.03829787234042553,0.9359999999999998,0.14,0.86,0.8923476005188066,705,400,False
model,0.17,0.8,3.0,0.2,score_point,0.03829787234042553,0.9375,0.0625,0.9375,0.9351620947630922,705,400,False
model,0.14,0.8,3.5,0.2,score_point,0.03829787234042553,0.9417500000000001,0.0525,0.9475,0.9404466501240695,705,400,False
model,0.32,0.6,3.0,0.2,score_point,0.03829787234042553,0.9539999999999997,0.1475,0.8525,0.8880208333333334,705,400,False
model,0.28,0.8,2.5,0.2,score_point,0.03829787234042553,0.9997500000000001,0.1175,0.8825,0.9051282051282051,705,400,False
model,0.46,0.7,2.0,0.2,score_point,0.03829787234042553,1.0054999999999998,0.235,0.765,0.834924965893588,705,400,False
model,0.29,0.8,2.5,0.2,score_point,0.03829787234042553,1.00825,0.1225,0.8775,0.9023136246786633,705,400,False
model,0.55,0.6,2.0,0.2,score_point,0.03829787234042553,1.0094999999999998,0.2925,0.7075,0.7971830985915492,705,400,False
model,0.56,0.6,2.0,0.2,score_point,0.03829787234042553,1.0094999999999998,0.2925,0.7075,0.7971830985915492,705,400,False
model,0.18,0.9,2.5,0.2,score_point,0.03829787234042553,1.016,0.0725,0.9275,0.9298245614035087,705,400,False
model,0.69,0.4,2.0,0.2,score_point,0.03829787234042553,1.0200000000000002,0.3875,0.6125,0.7291666666666667,705,400,False
model,0.3,0.8,2.5,0.2,score_point,0.03829787234042553,1.0210000000000001,0.13,0.87,0.8980645161290324,705,400,False
model,0.19,0.9,2.5,0.2,score_point,0.03829787234042553,1.024,0.0775,0.9225,0.9271356783919598,705,400,False
model,0.57,0.6,2.0,0.2,score_point,0.03829787234042553,1.027,0.305,0.695,0.7886524822695035,705,400,False
model,0.58,0.6,2.0,0.2,score_point,0.03829787234042553,1.0304999999999997,0.3075,0.6925,0.7869318181818182,705,400,False
model,0.47,0.4,3.0,0.2,score_point,0.03829787234042553,1.0305000000000002,0.2425,0.7575,0.8301369863013698,705,400,False
model,0.2,0.9,2.5,0.2,score_point,0.03829787234042553,1.0360000000000003,0.085,0.915,0.9230769230769231,705,400,False
model,0.52,0.5,2.5,0.2,score_point,0.03829787234042553,1.04,0.27,0.73,0.8122392211404729,705,400,False
model,0.42,0.8,2.0,0.2,score_point,0.03829787234042553,1.0460000000000003,0.205,0.795,0.8536912751677853,705,400,False
model,0.48,0.4,3.0,0.2,score_point,0.03829787234042553,1.05,0.25,0.75,0.8253094910591473,705,400,False
model,0.43,0.8,2.0,0.2,score_point,0.03829787234042553,1.0520000000000003,0.21,0.79,0.8506056527590848,705,400,False
model,0.75,0.2,2.0,0.2,score_point,0.03829787234042553,1.055,0.475,0.525,0.6593406593406593,705,400,False
model,0.76,0.2,2.0,0.2,score_point,0.03829787234042553,1.055,0.475,0.525,0.6593406593406593,705,400,False
model,0.49,0.4,3.0,0.2,score_point,0.03829787234042553,1.0565,0.2525,0.7475,0.8236914600550964,705,400,False
model,0.5,0.4,3.0,0.2,score_point,0.03829787234042553,1.0565,0.2525,0.7475,0.8236914600550964,705,400,False
model,0.53,0.5,2.5,0.2,score_point,0.03829787234042553,1.06,0.28,0.72,0.8055944055944055,705,400,False
model,0.68,0.5,2.0,0.2,score_point,0.03829787234042553,1.06625,0.3775,0.6225,0.7366863905325444,705,400,False
model,0.74,0.3,2.0,0.2,score_point,0.03829787234042553,1.06925,0.4525,0.5475,0.6780185758513932,705,400,False
model,0.07,1.0,3.0,0.2,score_point,0.03829787234042553,1.07,0.035,0.965,0.9495694956949571,705,400,False
model,0.44,0.8,2.0,0.2,score_point,0.03829787234042553,1.0700000000000003,0.225,0.775,0.8412483039348712,705,400,False
model,0.45,0.8,2.0,0.2,score_point,0.03829787234042553,1.0730000000000002,0.2275,0.7725,0.8396739130434782,705,400,False
model,0.54,0.5,2.5,0.2,score_point,0.03829787234042553,1.075,0.2875,0.7125,0.800561797752809,705,400,False
model,0.16,1.0,2.5,0.2,score_point,0.03829787234042553,1.09,0.06,0.94,0.9364881693648817,705,400,False
model,0.69,0.2,2.5,0.2,score_point,0.03829787234042553,1.0912499999999996,0.3875,0.6125,0.7291666666666667,705,400,False
model,0.44,0.4,3.5,0.2,score_point,0.03829787234042553,1.0975,0.225,0.775,0.8412483039348712,705,400,False
model,0.66,0.3,2.5,0.2,score_point,0.03829787234042553,1.0975000000000001,0.3625,0.6375,0.7478005865102639,705,400,False
model,0.51,0.4,3.0,0.2,score_point,0.03829787234042553,1.102,0.27,0.73,0.8122392211404729,705,400,False
model,0.77,0.2,2.0,0.2,score_point,0.03829787234042553,1.1089999999999998,0.505,0.495,0.6335999999999999,705,400,False
model,0.42,0.9,2.0,0.2,score_point,0.03829787234042553,1.1255000000000002,0.205,0.795,0.8536912751677853,705,400,False
model,0.58,0.3,3.0,0.2,score_point,0.03829787234042553,1.1302500000000004,0.3075,0.6925,0.7869318181818182,705,400,False
model,0.43,0.9,2.0,0.2,score_point,0.03829787234042553,1.1310000000000002,0.21,0.79,0.8506056527590848,705,400,False
model,0.78,0.2,2.0,0.2,score_point,0.03829787234042553,1.1404999999999998,0.5225,0.4775,0.6181229773462783,705,400,False
model,0.44,0.9,2.0,0.2,score_point,0.03829787234042553,1.1475,0.225,0.775,0.8412483039348712,705,400,False
model,0.45,0.9,2.0,0.2,score_point,0.03829787234042553,1.15025,0.2275,0.7725,0.8396739130434782,705,400,False
model,0.33,1.0,2.0,0.2,score_point,0.03829787234042553,1.1525,0.1525,0.8475,0.8851174934725848,705,400,False
model,0.79,0.2,2.0,0.2,score_point,0.03829787234042553,1.1539999999999997,0.53,0.47,0.6113821138211382,705,400,False
model,0.34,1.0,2.0,0.2,score_point,0.03829787234042553,1.1575,0.1575,0.8425,0.8821989528795812,705,400,False
model,0.52,0.3,3.5,0.2,score_point,0.03829787234042553,1.1640000000000001,0.27,0.73,0.8122392211404729,705,400,False
model,0.35,1.0,2.0,0.2,score_point,0.03829787234042553,1.165,0.165,0.835,0.8777923784494086,705,400,False
model,0.36,1.0,2.0,0.2,score_point,0.03829787234042553,1.1725,0.1725,0.8275,0.8733509234828497,705,400,False
model,0.37,1.0,2.0,0.2,score_point,0.03829787234042553,1.1775,0.1775,0.8225,0.8703703703703702,705,400,False
model,0.38,1.0,2.0,0.2,score_point,0.03829787234042553,1.1775,0.1775,0.8225,0.8703703703703702,705,400,False
model,0.39,1.0,2.0,0.2,score_point,0.03829787234042553,1.185,0.185,0.815,0.8658698539176626,705,400,False
model,0.8,0.2,2.0,0.2,score_point,0.03829787234042553,1.1899999999999997,0.55,0.45,0.5930807248764415,705,400,False
model,0.4,1.0,2.0,0.2,score_point,0.03829787234042553,1.1925,0.1925,0.8075,0.8613333333333334,705,400,False
model,0.65,0.2,3.0,0.2,score_point,0.03829787234042553,1.1939999999999997,0.355,0.645,0.7532846715328467,705,400,False
model,0.41,1.0,2.0,0.2,score_point,0.03829787234042553,1.195,0.195,0.805,0.8598130841121496,705,400,False
model,0.53,0.3,3.5,0.2,score_point,0.03829787234042553,1.1960000000000002,0.28,0.72,0.8055944055944055,705,400,False
model,0.81,0.2,2.0,0.2,score_point,0.03829787234042553,1.2169999999999999,0.565,0.435,0.5790349417637272,705,400,False
model,0.54,0.3,3.5,0.2,score_point,0.03829787234042553,1.2200000000000002,0.2875,0.7125,0.800561797752809,705,400,False
model,0.62,0.2,3.5,0.2,score_point,0.03829787234042553,1.31375,0.3375,0.6625,0.7658959537572254,705,400,False
model,0.15,0.7,3.5,0.2,score_point,0.03971631205673759,0.8540000000000001,0.055,0.945,0.9379652605459057,705,400,True
model,0.18,0.7,3.0,0.2,score_point,0.03971631205673759,0.86675,0.0725,0.9275,0.9286608260325406,705,400,False
model,0.19,0.7,3.0,0.2,score_point,0.03971631205673759,0.8782499999999999,0.0775,0.9225,0.9259723964868257,705,400,False
model,0.29,0.6,3.0,0.2,score_point,0.03971631205673759,0.8939999999999998,0.1225,0.8775,0.9011553273427471,705,400,False
model,0.2,0.7,3.0,0.2,score_point,0.03971631205673759,0.8955,0.085,0.915,0.9219143576826196,705,400,False
model,0.3,0.6,3.0,0.2,score_point,0.03971631205673759,0.9119999999999999,0.13,0.87,0.8969072164948454,705,400,False
model,0.35,0.5,3.0,0.2,score_point,0.03971631205673759,0.9125,0.165,0.835,0.8766404199475066,705,400,False
model,0.35,0.6,2.5,0.2,score_point,0.03971631205673759,0.9135,0.165,0.835,0.8766404199475066,705,400,False
model,0.16,0.8,3.0,0.2,score_point,0.03971631205673759,0.932,0.06,0.94,0.9353233830845772,705,400,False
model,0.31,0.7,2.5,0.2,score_point,0.03971631205673759,0.9519999999999998,0.14,0.86,0.8911917098445595,705,400,False
model,0.05,0.9,3.5,0.2,score_point,0.03971631205673759,0.9650000000000003,0.025,0.975,0.9535452322738386,705,400,False
model,0.32,0.7,2.5,0.2,score_point,0.03971631205673759,0.9654999999999998,0.1475,0.8525,0.8868660598179454,705,400,False
model,0.42,0.7,2.0,0.2,score_point,0.03971631205673759,0.9664999999999998,0.205,0.795,0.8525469168900806,705,400,False
model,0.06,0.9,3.5,0.2,score_point,0.03971631205673759,0.9715000000000003,0.0275,0.9725,0.9522643818849449,705,400,False
model,0.43,0.7,2.0,0.2,score_point,0.03971631205673759,0.9729999999999999,0.21,0.79,0.8494623655913979,705,400,False
model,0.08,0.9,3.0,0.2,score_point,0.03971631205673759,0.9735000000000003,0.035,0.965,0.9484029484029484,705,400,False
model,0.26,0.8,2.5,0.2,score_point,0.03971631205673759,0.9742500000000001,0.1025,0.8975,0.9123252858958069,705,400,False
model,0.52,0.6,2.0,0.2,score_point,0.03971631205673759,0.9779999999999999,0.27,0.73,0.811111111111111,705,400,False
model,0.09,0.9,3.0,0.2,score_point,0.03971631205673759,0.9840000000000002,0.04,0.96,0.9458128078817734,705,400,False
model,0.47,0.5,2.5,0.2,score_point,0.03971631205673759,0.985,0.2425,0.7575,0.829001367989056,705,400,False
model,0.27,0.8,2.5,0.2,score_point,0.03971631205673759,0.99125,0.1125,0.8875,0.9067688378033206,705,400,False
model,0.53,0.6,2.0,0.2,score_point,0.03971631205673759,0.9919999999999999,0.28,0.72,0.8044692737430168,705,400,False
model,0.44,0.7,2.0,0.2,score_point,0.03971631205673759,0.9924999999999998,0.225,0.775,0.8401084010840109,705,400,False
model,0.45,0.7,2.0,0.2,score_point,0.03971631205673759,0.9957499999999999,0.2275,0.7725,0.8385345997286295,705,400,False
model,0.48,0.5,2.5,0.2,score_point,0.03971631205673759,1.0,0.25,0.75,0.8241758241758242,705,400,False
model,0.17,0.9,2.5,0.2,score_point,0.03971631205673759,1.0000000000000002,0.0625,0.9375,0.9339975093399752,705,400,False
model,0.54,0.6,2.0,0.2,score_point,0.03971631205673759,1.0025,0.2875,0.7125,0.7994389901823281,705,400,False
model,0.68,0.4,2.0,0.2,score_point,0.03971631205673759,1.004,0.3775,0.6225,0.7355982274741507,705,400,False
model,0.49,0.5,2.5,0.2,score_point,0.03971631205673759,1.005,0.2525,0.7475,0.8225584594222835,705,400,False
model,0.5,0.5,2.5,0.2,score_point,0.03971631205673759,1.005,0.2525,0.7475,0.8225584594222835,705,400,False
model,0.36,0.8,2.0,0.2,score_point,0.03971631205673759,1.0070000000000001,0.1725,0.8275,0.8722002635046113,705,400,False
model,0.46,0.4,3.0,0.2,score_point,0.03971631205673759,1.0110000000000001,0.235,0.765,0.8337874659400544,705,400,False
model,0.37,0.8,2.0,0.2,score_point,0.03971631205673759,1.0130000000000001,0.1775,0.8225,0.8692206076618229,705,400,False
model,0.38,0.8,2.0,0.2,score_point,0.03971631205673759,1.0130000000000001,0.1775,0.8225,0.8692206076618229,705,400,False
model,0.39,0.8,2.0,0.2,score_point,0.03971631205673759,1.0220000000000002,0.185,0.815,0.8647214854111405,705,400,False
model,0.72,0.3,2.0,0.2,score_point,0.03971631205673759,1.0225,0.425,0.575,0.6990881458966566,705,400,False
model,0.4,0.8,2.0,0.2,score_point,0.03971631205673759,1.0310000000000001,0.1925,0.8075,0.8601864181091877,705,400,False
model,0.41,0.8,2.0,0.2,score_point,0.03971631205673759,1.0340000000000003,0.195,0.805,0.8586666666666667,705,400,False
model,0.73,0.3,2.0,0.2,score_point,0.03971631205673759,1.0395,0.435,0.565,0.691131498470948,705,400,False
model,0.51,0.5,2.5,0.2,score_point,0.03971631205673759,1.04,0.27,0.73,0.811111111111111,705,400,False
model,0.58,0.4,2.5,0.2,score_point,0.03971631205673759,1.0457500000000002,0.3075,0.6925,0.7858156028368795,705,400,False
model,0.04,1.0,3.5,0.2,score_point,0.03971631205673759,1.05,0.02,0.98,0.9560975609756097,705,400,False
model,0.05,1.0,3.0,0.2,score_point,0.03971631205673759,1.05,0.025,0.975,0.9535452322738386,705,400,False
model,0.06,1.0,3.0,0.2,score_point,0.03971631205673759,1.055,0.0275,0.9725,0.9522643818849449,705,400,False
model,0.67,0.5,2.0,0.2,score_point,0.03971631205673759,1.055,0.37,0.63,0.7411764705882353,705,400,False
model,0.1,1.0,2.5,0.2,score_point,0.03971631205673759,1.06,0.04,0.96,0.9458128078817734,705,400,False
model,0.11,1.0,2.5,0.2,score_point,0.03971631205673759,1.06,0.04,0.96,0.9458128078817734,705,400,False
model,0.12,1.0,2.5,0.2,score_point,0.03971631205673759,1.0675,0.045,0.955,0.9432098765432099,705,400,False
model,0.33,0.9,2.0,0.2,score_point,0.03971631205673759,1.0677500000000002,0.1525,0.8475,0.8839634941329858,705,400,False
model,0.68,0.2,2.5,0.2,score_point,0.03971631205673759,1.06825,0.3775,0.6225,0.7355982274741507,705,400,False
model,0.34,0.9,2.0,0.2,score_point,0.03971631205673759,1.0732500000000003,0.1575,0.8425,0.8810457516339869,705,400,False
model,0.13,1.0,2.5,0.2,score_point,0.03971631205673759,1.075,0.05,0.95,0.9405940594059405,705,400,False
model,0.14,1.0,2.5,0.2,score_point,0.03971631205673759,1.07875,0.0525,0.9475,0.939281288723668,705,400,False
model,0.65,0.3,2.5,0.2,score_point,0.03971631205673759,1.0810000000000002,0.355,0.645,0.7521865889212828,705,400,False
model,0.35,0.9,2.0,0.2,score_point,0.03971631205673759,1.0815000000000003,0.165,0.835,0.8766404199475066,705,400,False
model,0.15,1.0,2.5,0.2,score_point,0.03971631205673759,1.0825,0.055,0.945,0.9379652605459057,705,400,False
model,0.36,0.9,2.0,0.2,score_point,0.03971631205673759,1.0897500000000002,0.1725,0.8275,0.8722002635046113,705,400,False
model,0.55,0.3,3.0,0.2,score_point,0.03971631205673759,1.0897500000000002,0.2925,0.7075,0.7960618846694796,705,400,False
model,0.56,0.3,3.0,0.2,score_point,0.03971631205673759,1.0897500000000002,0.2925,0.7075,0.7960618846694796,705,400,False
model,0.37,0.9,2.0,0.2,score_point,0.03971631205673759,1.0952500000000003,0.1775,0.8225,0.8692206076618229,705,400,False
model,0.38,0.9,2.0,0.2,score_point,0.03971631205673759,1.0952500000000003,0.1775,0.8225,0.8692206076618229,705,400,False
model,0.39,0.9,2.0,0.2,score_point,0.03971631205673759,1.1035000000000001,0.185,0.815,0.8647214854111405,705,400,False
model,0.5,0.3,3.5,0.2,score_point,0.03971631205673759,1.1080000000000003,0.2525,0.7475,0.8225584594222835,705,400,False
model,0.4,0.9,2.0,0.2,score_point,0.03971631205673759,1.11175,0.1925,0.8075,0.8601864181091877,705,400,False
model,0.41,0.9,2.0,0.2,score_point,0.03971631205673759,1.1145000000000003,0.195,0.805,0.8586666666666667,705,400,False
model,0.57,0.3,3.0,0.2,score_point,0.03971631205673759,1.1235000000000002,0.305,0.695,0.7875354107648724,705,400,False
model,0.51,0.3,3.5,0.2,score_point,0.03971631205673759,1.1640000000000001,0.27,0.73,0.811111111111111,705,400,False
model,0.64,0.2,3.0,0.2,score_point,0.03971631205673759,1.1729999999999998,0.3475,0.6525,0.7576197387518142,705,400,False
model,0.59,0.2,3.5,0.2,score_point,0.03971631205673759,1.2559999999999998,0.32,0.68,0.7771428571428572,705,400,False
model,0.6,0.2,3.5,0.2,score_point,0.03971631205673759,1.2725,0.325,0.675,0.7736389684813753,705,400,False
model,0.61,0.2,3.5,0.2,score_point,0.03971631205673759,1.29725,0.3325,0.6675,0.7683453237410072,705,400,False
model,0.17,0.7,3.0,0.2,score_point,0.04113475177304964,0.84375,0.0625,0.9375,0.9328358208955223,705,400,True
model,0.14,0.7,3.5,0.2,score_point,0.04113475177304964,0.8469999999999999,0.0525,0.9475,0.9381188118811882,705,400,False
model,0.33,0.5,3.0,0.2,score_point,0.04113475177304964,0.88125,0.1525,0.8475,0.8828125,705,400,False
model,0.28,0.6,3.0,0.2,score_point,0.04113475177304964,0.8819999999999999,0.1175,0.8825,0.9028132992327365,705,400,False
model,0.33,0.6,2.5,0.2,score_point,0.04113475177304964,0.8897499999999998,0.1525,0.8475,0.8828125,705,400,False
model,0.34,0.5,3.0,0.2,score_point,0.04113475177304964,0.89375,0.1575,0.8425,0.8798955613577023,705,400,False
model,0.08,0.8,3.5,0.2,score_point,0.04113475177304964,0.8945000000000001,0.035,0.965,0.9472392638036808,705,400,False
model,0.34,0.6,2.5,0.2,score_point,0.04113475177304964,0.8992499999999999,0.1575,0.8425,0.8798955613577023,705,400,False
model,0.09,0.8,3.5,0.2,score_point,0.04113475177304964,0.9080000000000001,0.04,0.96,0.944649446494465,705,400,False
model,0.28,0.7,2.5,0.2,score_point,0.04113475177304964,0.9114999999999999,0.1175,0.8825,0.9028132992327365,705,400,False
model,0.31,0.5,3.5,0.2,score_point,0.04113475177304964,0.92,0.14,0.86,0.890038809831824,705,400,False
model,0.29,0.7,2.5,0.2,score_point,0.04113475177304964,0.9204999999999999,0.1225,0.8775,0.9,705,400,False
model,0.15,0.8,3.0,0.2,score_point,0.04113475177304964,0.9209999999999999,0.055,0.945,0.9368029739776951,705,400,False
model,0.36,0.7,2.0,0.2,score_point,0.04113475177304964,0.9242499999999998,0.1725,0.8275,0.8710526315789473,705,400,False
model,0.37,0.7,2.0,0.2,score_point,0.04113475177304964,0.9307499999999999,0.1775,0.8225,0.8680738786279684,705,400,False
model,0.38,0.7,2.0,0.2,score_point,0.04113475177304964,0.9307499999999999,0.1775,0.8225,0.8680738786279684,705,400,False
model,0.3,0.7,2.5,0.2,score_point,0.04113475177304964,0.9339999999999999,0.13,0.87,0.8957528957528959,705,400,False
model,0.47,0.6,2.0,0.2,score_point,0.04113475177304964,0.9394999999999999,0.2425,0.7575,0.8278688524590163,705,400,False
model,0.39,0.7,2.0,0.2,score_point,0.04113475177304964,0.9404999999999998,0.185,0.815,0.8635761589403973,705,400,False
model,0.32,0.5,3.5,0.2,score_point,0.04113475177304964,0.9425,0.1475,0.8525,0.8857142857142857,705,400,False
model,0.48,0.6,2.0,0.2,score_point,0.04113475177304964,0.9499999999999997,0.25,0.75,0.8230452674897119,705,400,False
model,0.4,0.7,2.0,0.2,score_point,0.04113475177304964,0.9502499999999998,0.1925,0.8075,0.8590425531914894,705,400,False
model,0.21,0.8,2.5,0.2,score_point,0.04113475177304964,0.9530000000000001,0.09,0.91,0.9180327868852458,705,400,False
model,0.41,0.7,2.0,0.2,score_point,0.04113475177304964,0.9534999999999999,0.195,0.805,0.8575233022636485,705,400,False
model,0.49,0.6,2.0,0.2,score_point,0.04113475177304964,0.9534999999999999,0.2525,0.7475,0.8214285714285715,705,400,False
model,0.5,0.6,2.0,0.2,score_point,0.04113475177304964,0.9534999999999999,0.2525,0.7475,0.8214285714285715,705,400,False
model,0.22,0.8,2.5,0.2,score_point,0.04113475177304964,0.95725,0.0925,0.9075,0.9166666666666666,705,400,False
model,0.23,0.8,2.5,0.2,score_point,0.04113475177304964,0.95725,0.0925,0.9075,0.9166666666666666,705,400,False
model,0.24,0.8,2.5,0.2,score_point,0.04113475177304964,0.95725,0.0925,0.9075,0.9166666666666666,705,400,False
model,0.25,0.8,2.5,0.2,score_point,0.04113475177304964,0.9615,0.095,0.905,0.9152970922882426,705,400,False
model,0.46,0.5,2.5,0.2,score_point,0.04113475177304964,0.97,0.235,0.765,0.8326530612244899,705,400,False
model,0.07,0.9,3.0,0.2,score_point,0.04113475177304964,0.9735000000000003,0.035,0.965,0.9472392638036808,705,400,False
model,0.51,0.6,2.0,0.2,score_point,0.04113475177304964,0.9779999999999999,0.27,0.73,0.8099861303744798,705,400,False
model,0.7,0.3,2.0,0.2,score_point,0.04113475177304964,0.9842500000000001,0.4025,0.5975,0.7155688622754491,705,400,False
model,0.45,0.4,3.0,0.2,score_point,0.04113475177304964,0.9915000000000002,0.2275,0.7725,0.8373983739837398,705,400,False
model,0.16,0.9,2.5,0.2,score_point,0.04113475177304964,0.9960000000000002,0.06,0.94,0.9341614906832298,705,400,False
model,0.35,0.8,2.0,0.2,score_point,0.04113475177304964,0.9980000000000001,0.165,0.835,0.8754914809960681,705,400,False
model,0.71,0.3,2.0,0.2,score_point,0.04113475177304964,1.0055,0.415,0.585,0.7058823529411764,705,400,False
model,0.55,0.4,2.5,0.2,score_point,0.04113475177304964,1.01425,0.2925,0.7075,0.7949438202247192,705,400,False
model,0.56,0.4,2.5,0.2,score_point,0.04113475177304964,1.01425,0.2925,0.7075,0.7949438202247192,705,400,False
model,0.65,0.5,2.0,0.2,score_point,0.04113475177304964,1.0325,0.355,0.645,0.7510917030567685,705,400,False
model,0.57,0.4,2.5,0.2,score_point,0.04113475177304964,1.0405000000000002,0.305,0.695,0.7864214992927865,705,400,False
model,0.66,0.5,2.0,0.2,score_point,0.04113475177304964,1.04375,0.3625,0.6375,0.7456140350877193,705,400,False
model,0.43,0.4,3.5,0.2,score_point,0.04113475177304964,1.0510000000000002,0.21,0.79,0.8483221476510069,705,400,False
model,0.63,0.3,2.5,0.2,score_point,0.04113475177304964,1.0535,0.3425,0.6575,0.7601156069364163,705,400,False
model,0.64,0.3,2.5,0.2,score_point,0.04113475177304964,1.0645000000000002,0.3475,0.6525,0.7565217391304347,705,400,False
model,0.47,0.3,3.5,0.2,score_point,0.04113475177304964,1.0760000000000003,0.2425,0.7575,0.8278688524590163,705,400,False
model,0.48,0.3,3.5,0.2,score_point,0.04113475177304964,1.1000000000000003,0.25,0.75,0.8230452674897119,705,400,False
model,0.49,0.3,3.5,0.2,score_point,0.04113475177304964,1.1080000000000003,0.2525,0.7475,0.8214285714285715,705,400,False
model,0.31,1.0,2.0,0.2,score_point,0.04113475177304964,1.14,0.14,0.86,0.890038809831824,705,400,False
model,0.32,1.0,2.0,0.2,score_point,0.04113475177304964,1.1475,0.1475,0.8525,0.8857142857142857,705,400,False
model,0.63,0.2,3.0,0.2,score_point,0.04113475177304964,1.1589999999999998,0.3425,0.6575,0.7601156069364163,705,400,False
model,0.1,0.7,3.5,0.2,score_point,0.0425531914893617,0.8119999999999998,0.04,0.96,0.9434889434889435,705,400,False
model,0.11,0.7,3.5,0.2,score_point,0.0425531914893617,0.8119999999999998,0.04,0.96,0.9434889434889435,705,400,True
model,0.12,0.7,3.5,0.2,score_point,0.0425531914893617,0.826,0.045,0.955,0.9408866995073892,705,400,False
model,0.16,0.7,3.0,0.2,score_point,0.0425531914893617,0.838,0.06,0.94,0.9330024813895781,705,400,False
model,0.13,0.7,3.5,0.2,score_point,0.0425531914893617,0.84,0.05,0.95,0.9382716049382716,705,400,False
model,0.26,0.6,3.0,0.2,score_point,0.0425531914893617,0.846,0.1025,0.8975,0.9100126742712293,705,400,False
model,0.29,0.5,3.5,0.2,score_point,0.0425531914893617,0.8675,0.1225,0.8775,0.8988476312419974,705,400,False
model,0.27,0.6,3.0,0.2,score_point,0.0425531914893617,0.8699999999999999,0.1125,0.8875,0.9044585987261146,705,400,False
model,0.25,0.6,3.5,0.2,score_point,0.0425531914893617,0.8754999999999998,0.095,0.905,0.9141414141414141,705,400,False
model,0.26,0.7,2.5,0.2,score_point,0.0425531914893617,0.8844999999999998,0.1025,0.8975,0.9100126742712293,705,400,False
model,0.1,0.8,3.0,0.2,score_point,0.0425531914893617,0.8880000000000001,0.04,0.96,0.9434889434889435,705,400,False
model,0.11,0.8,3.0,0.2,score_point,0.0425531914893617,0.8880000000000001,0.04,0.96,0.9434889434889435,705,400,False
model,0.3,0.5,3.5,0.2,score_point,0.0425531914893617,0.89,0.13,0.87,0.8946015424164524,705,400,False
model,0.07,0.8,3.5,0.2,score_point,0.0425531914893617,0.8945000000000001,0.035,0.965,0.9460784313725491,705,400,False
model,0.12,0.8,3.0,0.2,score_point,0.0425531914893617,0.899,0.045,0.955,0.9408866995073892,705,400,False
model,0.27,0.7,2.5,0.2,score_point,0.0425531914893617,0.9025,0.1125,0.8875,0.9044585987261146,705,400,False
model,0.13,0.8,3.0,0.2,score_point,0.0425531914893617,0.91,0.05,0.95,0.9382716049382716,705,400,False
model,0.42,0.5,2.5,0.2,score_point,0.0425531914893617,0.91,0.205,0.795,0.8502673796791445,705,400,False
model,0.14,0.8,3.0,0.2,score_point,0.0425531914893617,0.9155000000000001,0.0525,0.9475,0.9369592088998764,705,400,False
model,0.43,0.5,2.5,0.2,score_point,0.0425531914893617,0.92,0.21,0.79,0.8471849865951743,705,400,False
model,0.18,0.8,2.5,0.2,score_point,0.0425531914893617,0.9232500000000001,0.0725,0.9275,0.9263420724094881,705,400,False
model,0.46,0.6,2.0,0.2,score_point,0.0425531914893617,0.9289999999999998,0.235,0.765,0.8315217391304348,705,400,False
model,0.19,0.8,2.5,0.2,score_point,0.0425531914893617,0.9317500000000001,0.0775,0.9225,0.9236545682102628,705,400,False
model,0.2,0.8,2.5,0.2,score_point,0.0425531914893617,0.9445000000000001,0.085,0.915,0.9195979899497487,705,400,False
model,0.44,0.5,2.5,0.2,score_point,0.0425531914893617,0.95,0.225,0.775,0.8378378378378379,705,400,False
model,0.04,0.9,3.5,0.2,score_point,0.0425531914893617,0.9520000000000002,0.02,0.98,0.9537712895377128,705,400,False
model,0.05,0.9,3.0,0.2,score_point,0.0425531914893617,0.9525000000000002,0.025,0.975,0.951219512195122,705,400,False
model,0.45,0.5,2.5,0.2,score_point,0.0425531914893617,0.955,0.2275,0.7725,0.8362652232746955,705,400,False
model,0.06,0.9,3.0,0.2,score_point,0.0425531914893617,0.9577500000000002,0.0275,0.9725,0.9499389499389499,705,400,False
model,0.69,0.3,2.0,0.2,score_point,0.0425531914893617,0.95875,0.3875,0.6125,0.7259259259259259,705,400,False
model,0.1,0.9,2.5,0.2,score_point,0.0425531914893617,0.9640000000000002,0.04,0.96,0.9434889434889435,705,400,False
model,0.11,0.9,2.5,0.2,score_point,0.0425531914893617,0.9640000000000002,0.04,0.96,0.9434889434889435,705,400,False
model,0.12,0.9,2.5,0.2,score_point,0.0425531914893617,0.9720000000000002,0.045,0.955,0.9408866995073892,705,400,False
model,0.59,0.5,2.0,0.2,score_point,0.0425531914893617,0.98,0.32,0.68,0.774928774928775,705,400,False
model,0.13,0.9,2.5,0.2,score_point,0.0425531914893617,0.9800000000000003,0.05,0.95,0.9382716049382716,705,400,False
model,0.33,0.8,2.0,0.2,score_point,0.0425531914893617,0.9830000000000001,0.1525,0.8475,0.8816644993498051,705,400,False
model,0.14,0.9,2.5,0.2,score_point,0.0425531914893617,0.9840000000000003,0.0525,0.9475,0.9369592088998764,705,400,False
model,0.44,0.4,3.0,0.2,score_point,0.0425531914893617,0.9850000000000001,0.225,0.775,0.8378378378378379,705,400,False
model,0.6,0.5,2.0,0.2,score_point,0.0425531914893617,0.9875,0.325,0.675,0.7714285714285714,705,400,False
model,0.15,0.9,2.5,0.2,score_point,0.0425531914893617,0.9880000000000002,0.055,0.945,0.9356435643564356,705,400,False
model,0.34,0.8,2.0,0.2,score_point,0.0425531914893617,0.9890000000000001,0.1575,0.8425,0.878748370273794,705,400,False
model,0.67,0.4,2.0,0.2,score_point,0.0425531914893617,0.9920000000000002,0.37,0.63,0.7390029325513195,705,400,False
model,0.61,0.5,2.0,0.2,score_point,0.0425531914893617,0.99875,0.3325,0.6675,0.7661406025824964,705,400,False
model,0.59,0.3,2.5,0.2,score_point,0.0425531914893617,1.004,0.32,0.68,0.774928774928775,705,400,False
model,0.62,0.5,2.0,0.2,score_point,0.0425531914893617,1.00625,0.3375,0.6625,0.762589928057554,705,400,False
model,0.63,0.5,2.0,0.2,score_point,0.0425531914893617,1.01375,0.3425,0.6575,0.7590187590187589,705,400,False
model,0.74,0.2,2.0,0.2,score_point,0.0425531914893617,1.0145,0.4525,0.5475,0.674884437596302,705,400,False
model,0.6,0.3,2.5,0.2,score_point,0.0425531914893617,1.015,0.325,0.675,0.7714285714285714,705,400,False
model,0.64,0.5,2.0,0.2,score_point,0.0425531914893617,1.02125,0.3475,0.6525,0.7554269175108538,705,400,False
model,0.52,0.3,3.0,0.2,score_point,0.0425531914893617,1.0290000000000001,0.27,0.73,0.8088642659279778,705,400,False
model,0.61,0.3,2.5,0.2,score_point,0.0425531914893617,1.0315,0.3325,0.6675,0.7661406025824964,705,400,False
model,0.03,1.0,3.5,0.2,score_point,0.0425531914893617,1.0375,0.015,0.985,0.9563106796116505,705,400,False
model,0.04,1.0,3.0,0.2,score_point,0.0425531914893617,1.04,0.02,0.98,0.9537712895377128,705,400,False
model,0.62,0.3,2.5,0.2,score_point,0.0425531914893617,1.0425,0.3375,0.6625,0.762589928057554,705,400,False
model,0.67,0.2,2.5,0.2,score_point,0.0425531914893617,1.0509999999999997,0.37,0.63,0.7390029325513195,705,400,False
model,0.08,1.0,2.5,0.2,score_point,0.0425531914893617,1.0525,0.035,0.965,0.9460784313725491,705,400,False
model,0.31,0.9,2.0,0.2,score_point,0.0425531914893617,1.0540000000000003,0.14,0.86,0.8888888888888888,705,400,False
model,0.53,0.3,3.0,0.2,score_point,0.0425531914893617,1.0560000000000003,0.28,0.72,0.8022284122562674,705,400,False
model,0.09,1.0,2.5,0.2,score_point,0.0425531914893617,1.06,0.04,0.96,0.9434889434889435,705,400,False
model,0.32,0.9,2.0,0.2,score_point,0.0425531914893617,1.0622500000000001,0.1475,0.8525,0.8845654993514916,705,400,False
model,0.54,0.3,3.0,0.2,score_point,0.0425531914893617,1.0762500000000004,0.2875,0.7125,0.7972027972027972,705,400,False
model,0.21,1.0,2.0,0.2,score_point,0.0425531914893617,1.09,0.09,0.91,0.9168765743073047,705,400,False
model,0.22,1.0,2.0,0.2,score_point,0.0425531914893617,1.0925,0.0925,0.9075,0.9155107187894074,705,400,False
model,0.23,1.0,2.0,0.2,score_point,0.0425531914893617,1.0925,0.0925,0.9075,0.9155107187894074,705,400,False
model,0.24,1.0,2.0,0.2,score_point,0.0425531914893617,1.0925,0.0925,0.9075,0.9155107187894074,705,400,False
model,0.25,1.0,2.0,0.2,score_point,0.0425531914893617,1.095,0.095,0.905,0.9141414141414141,705,400,False
model,0.26,1.0,2.0,0.2,score_point,0.0425531914893617,1.1025,0.1025,0.8975,0.9100126742712293,705,400,False
model,0.27,1.0,2.0,0.2,score_point,0.0425531914893617,1.1125,0.1125,0.8875,0.9044585987261146,705,400,False
model,0.28,1.0,2.0,0.2,score_point,0.0425531914893617,1.1175,0.1175,0.8825,0.9016602809706258,705,400,False
model,0.29,1.0,2.0,0.2,score_point,0.0425531914893617,1.1225,0.1225,0.8775,0.8988476312419974,705,400,False
model,0.3,1.0,2.0,0.2,score_point,0.0425531914893617,1.13,0.13,0.87,0.8946015424164524,705,400,False
model,0.62,0.2,3.0,0.2,score_point,0.0425531914893617,1.1449999999999998,0.3375,0.6625,0.762589928057554,705,400,False
model,0.58,0.2,3.5,0.2,score_point,0.0425531914893617,1.2147499999999998,0.3075,0.6925,0.7835926449787836,705,400,False
model,0.15,0.7,3.0,0.2,score_point,0.04397163120567376,0.8265,0.055,0.945,0.934487021013597,705,400,False
model,0.36,0.5,2.5,0.2,score_point,0.04397163120567376,0.845,0.1725,0.8275,0.868766404199475,705,400,False
model,0.28,0.5,3.5,0.2,score_point,0.04397163120567376,0.8525,0.1175,0.8825,0.9005102040816327,705,400,False
model,0.37,0.5,2.5,0.2,score_point,0.04397163120567376,0.855,0.1775,0.8225,0.8657894736842104,705,400,False
model,0.38,0.5,2.5,0.2,score_point,0.04397163120567376,0.855,0.1775,0.8225,0.8657894736842104,705,400,False
model,0.21,0.7,2.5,0.2,score_point,0.04397163120567376,0.8619999999999999,0.09,0.91,0.9157232704402516,705,400,False
model,0.31,0.6,2.5,0.2,score_point,0.04397163120567376,0.8659999999999998,0.14,0.86,0.8877419354838709,705,400,False
model,0.22,0.7,2.5,0.2,score_point,0.04397163120567376,0.8664999999999999,0.0925,0.9075,0.9143576826196473,705,400,False
model,0.23,0.7,2.5,0.2,score_point,0.04397163120567376,0.8664999999999999,0.0925,0.9075,0.9143576826196473,705,400,False
model,0.24,0.7,2.5,0.2,score_point,0.04397163120567376,0.8664999999999999,0.0925,0.9075,0.9143576826196473,705,400,False
model,0.22,0.6,3.5,0.2,score_point,0.04397163120567376,0.8682499999999997,0.0925,0.9075,0.9143576826196473,705,400,False
model,0.23,0.6,3.5,0.2,score_point,0.04397163120567376,0.8682499999999997,0.0925,0.9075,0.9143576826196473,705,400,False
model,0.24,0.6,3.5,0.2,score_point,0.04397163120567376,0.8682499999999997,0.0925,0.9075,0.9143576826196473,705,400,False
model,0.39,0.5,2.5,0.2,score_point,0.04397163120567376,0.87,0.185,0.815,0.8612945838837516,705,400,False
model,0.25,0.7,2.5,0.2,score_point,0.04397163120567376,0.871,0.095,0.905,0.9129886506935688,705,400,False
model,0.32,0.6,2.5,0.2,score_point,0.04397163120567376,0.8802499999999998,0.1475,0.8525,0.8834196891191711,705,400,False
model,0.4,0.5,2.5,0.2,score_point,0.04397163120567376,0.885,0.1925,0.8075,0.8567639257294429,705,400,False
model,0.42,0.6,2.0,0.2,score_point,0.04397163120567376,0.8869999999999999,0.205,0.795,0.84913217623498,705,400,False
model,0.41,0.5,2.5,0.2,score_point,0.04397163120567376,0.89,0.195,0.805,0.8552456839309429,705,400,False
model,0.43,0.6,2.0,0.2,score_point,0.04397163120567376,0.8939999999999998,0.21,0.79,0.8460508701472558,705,400,False
model,0.17,0.8,2.5,0.2,score_point,0.04397163120567376,0.90625,0.0625,0.9375,0.9305210918114144,705,400,False
model,0.35,0.7,2.0,0.2,score_point,0.04397163120567376,0.9144999999999999,0.165,0.835,0.873202614379085,705,400,False
model,0.44,0.6,2.0,0.2,score_point,0.04397163120567376,0.9149999999999998,0.225,0.775,0.8367071524966262,705,400,False
model,0.45,0.6,2.0,0.2,score_point,0.04397163120567376,0.9184999999999998,0.2275,0.7725,0.8351351351351352,705,400,False
model,0.55,0.5,2.0,0.2,score_point,0.04397163120567376,0.93875,0.2925,0.7075,0.7927170868347339,705,400,False
model,0.56,0.5,2.0,0.2,score_point,0.04397163120567376,0.93875,0.2925,0.7075,0.7927170868347339,705,400,False
model,0.68,0.3,2.0,0.2,score_point,0.04397163120567376,0.9417500000000001,0.3775,0.6225,0.7323529411764705,705,400,False
model,0.57,0.5,2.0,0.2,score_point,0.04397163120567376,0.9575,0.305,0.695,0.7842031029619181,705,400,False
model,0.58,0.5,2.0,0.2,score_point,0.04397163120567376,0.96125,0.3075,0.6925,0.7824858757062148,705,400,False
model,0.72,0.2,2.0,0.2,score_point,0.04397163120567376,0.965,0.425,0.575,0.6959152798789712,705,400,False
model,0.52,0.4,2.5,0.2,score_point,0.04397163120567376,0.9670000000000002,0.27,0.73,0.8077455048409405,705,400,False
model,0.65,0.4,2.0,0.2,score_point,0.04397163120567376,0.9680000000000001,0.355,0.645,0.7489114658925982,705,400,False
model,0.66,0.4,2.0,0.2,score_point,0.04397163120567376,0.9800000000000001,0.3625,0.6375,0.7434402332361516,705,400,False
model,0.5,0.3,3.0,0.2,score_point,0.04397163120567376,0.9817500000000002,0.2525,0.7475,0.8191780821917809,705,400,False
model,0.73,0.2,2.0,0.2,score_point,0.04397163120567376,0.9829999999999999,0.435,0.565,0.6879756468797564,705,400,False
model,0.53,0.4,2.5,0.2,score_point,0.04397163120567376,0.9880000000000001,0.28,0.72,0.8011126564673158,705,400,False
model,0.54,0.4,2.5,0.2,score_point,0.04397163120567376,1.00375,0.2875,0.7125,0.7960893854748604,705,400,False
model,0.26,0.9,2.0,0.2,score_point,0.04397163120567376,1.0127500000000003,0.1025,0.8975,0.908860759493671,705,400,False
model,0.27,0.9,2.0,0.2,score_point,0.04397163120567376,1.0237500000000002,0.1125,0.8875,0.9033078880407125,705,400,False
model,0.51,0.3,3.0,0.2,score_point,0.04397163120567376,1.0290000000000001,0.27,0.73,0.8077455048409405,705,400,False
model,0.28,0.9,2.0,0.2,score_point,0.04397163120567376,1.0292500000000002,0.1175,0.8825,0.9005102040816327,705,400,False
model,0.66,0.2,2.5,0.2,score_point,0.04397163120567376,1.03375,0.3625,0.6375,0.7434402332361516,705,400,False
model,0.29,0.9,2.0,0.2,score_point,0.04397163120567376,1.0347500000000003,0.1225,0.8775,0.8976982097186701,705,400,False
model,0.42,0.4,3.5,0.2,score_point,0.04397163120567376,1.0355,0.205,0.795,0.84913217623498,705,400,False
model,0.3,0.9,2.0,0.2,score_point,0.04397163120567376,1.0430000000000001,0.13,0.87,0.8934531450577664,705,400,False
model,0.46,0.3,3.5,0.2,score_point,0.04397163120567376,1.0520000000000003,0.235,0.765,0.830393487109905,705,400,False
model,0.07,1.0,2.5,0.2,score_point,0.04397163120567376,1.0525,0.035,0.965,0.944920440636475,705,400,False
model,0.18,1.0,2.0,0.2,score_point,0.04397163120567376,1.0725,0.0725,0.9275,0.9251870324189526,705,400,False
model,0.19,1.0,2.0,0.2,score_point,0.04397163120567376,1.0775,0.0775,0.9225,0.9225,705,400,False
model,0.2,1.0,2.0,0.2,score_point,0.04397163120567376,1.085,0.085,0.915,0.9184441656210791,705,400,False
model,0.59,0.2,3.0,0.2,score_point,0.04397163120567376,1.0959999999999999,0.32,0.68,0.7738264580369845,705,400,False
model,0.6,0.2,3.0,0.2,score_point,0.04397163120567376,1.1099999999999999,0.325,0.675,0.7703281027104136,705,400,False
model,0.61,0.2,3.0,0.2,score_point,0.04397163120567376,1.131,0.3325,0.6675,0.7650429799426933,705,400,False
model,0.26,0.5,3.5,0.2,score_point,0.04539007092198582,0.8075,0.1025,0.8975,0.9077117572692794,705,400,True
model,0.14,0.7,3.0,0.2,score_point,0.04539007092198582,0.8207499999999999,0.0525,0.9475,0.9346485819975339,705,400,False
model,0.18,0.7,2.5,0.2,score_point,0.04539007092198582,0.8305,0.0725,0.9275,0.9240348692403487,705,400,False
model,0.29,0.6,2.5,0.2,score_point,0.04539007092198582,0.8327499999999998,0.1225,0.8775,0.8965517241379309,705,400,False
model,0.27,0.5,3.5,0.2,score_point,0.04539007092198582,0.8375,0.1125,0.8875,0.9021601016518425,705,400,False
model,0.19,0.7,2.5,0.2,score_point,0.04539007092198582,0.8394999999999999,0.0775,0.9225,0.9213483146067415,705,400,False
model,0.36,0.6,2.0,0.2,score_point,0.04539007092198582,0.8414999999999998,0.1725,0.8275,0.8676277850589776,705,400,False
model,0.3,0.6,2.5,0.2,score_point,0.04539007092198582,0.8469999999999999,0.13,0.87,0.8923076923076922,705,400,False
model,0.37,0.6,2.0,0.2,score_point,0.04539007092198582,0.8484999999999998,0.1775,0.8225,0.8646517739816032,705,400,False
model,0.38,0.6,2.0,0.2,score_point,0.04539007092198582,0.8484999999999998,0.1775,0.8225,0.8646517739816032,705,400,False
model,0.31,0.5,3.0,0.2,score_point,0.04539007092198582,0.85,0.14,0.86,0.8865979381443299,705,400,False
model,0.2,0.7,2.5,0.2,score_point,0.04539007092198582,0.853,0.085,0.915,0.9172932330827068,705,400,False
model,0.39,0.6,2.0,0.2,score_point,0.04539007092198582,0.8589999999999998,0.185,0.815,0.8601583113456464,705,400,False
model,0.21,0.6,3.5,0.2,score_point,0.04539007092198582,0.8609999999999997,0.09,0.91,0.9145728643216081,705,400,False
model,0.05,0.8,3.5,0.2,score_point,0.04539007092198582,0.8675,0.025,0.975,0.948905109489051,705,400,False
model,0.32,0.5,3.0,0.2,score_point,0.04539007092198582,0.86875,0.1475,0.8525,0.8822768434670119,705,400,False
model,0.4,0.6,2.0,0.2,score_point,0.04539007092198582,0.8694999999999999,0.1925,0.8075,0.8556291390728477,705,400,False
model,0.41,0.6,2.0,0.2,score_point,0.04539007092198582,0.8729999999999998,0.195,0.805,0.8541114058355438,705,400,False
model,0.06,0.8,3.5,0.2,score_point,0.04539007092198582,0.8742500000000001,0.0275,0.9725,0.9476248477466505,705,400,False
model,0.08,0.8,3.0,0.2,score_point,0.04539007092198582,0.8769999999999999,0.035,0.965,0.9437652811735943,705,400,False
model,0.09,0.8,3.0,0.2,score_point,0.04539007092198582,0.8880000000000001,0.04,0.96,0.9411764705882353,705,400,False
model,0.33,0.7,2.0,0.2,score_point,0.04539007092198582,0.8982499999999999,0.1525,0.8475,0.879377431906615,705,400,False
model,0.16,0.8,2.5,0.2,score_point,0.04539007092198582,0.902,0.06,0.94,0.9306930693069307,705,400,False
model,0.34,0.7,2.0,0.2,score_point,0.04539007092198582,0.9047499999999999,0.1575,0.8425,0.8764629388816645,705,400,False
model,0.47,0.4,2.5,0.2,score_point,0.04539007092198582,0.9092500000000001,0.2425,0.7575,0.8244897959183674,705,400,False
model,0.7,0.2,2.0,0.2,score_point,0.04539007092198582,0.9244999999999999,0.4025,0.5975,0.7123695976154993,705,400,False
model,0.48,0.4,2.5,0.2,score_point,0.04539007092198582,0.9250000000000002,0.25,0.75,0.8196721311475409,705,400,False
model,0.49,0.4,2.5,0.2,score_point,0.04539007092198582,0.93025,0.2525,0.7475,0.8180574555403557,705,400,False
model,0.5,0.4,2.5,0.2,score_point,0.04539007092198582,0.93025,0.2525,0.7475,0.8180574555403557,705,400,False
model,0.36,0.4,3.5,0.2,score_point,0.04539007092198582,0.9347500000000002,0.1725,0.8275,0.8676277850589776,705,400,False
model,0.04,0.9,3.0,0.2,score_point,0.04539007092198582,0.9420000000000002,0.02,0.98,0.9514563106796116,705,400,False
model,0.43,0.4,3.0,0.2,score_point,0.04539007092198582,0.9460000000000002,0.21,0.79,0.8449197860962566,705,400,False
model,0.71,0.2,2.0,0.2,score_point,0.04539007092198582,0.9469999999999998,0.415,0.585,0.7027027027027026,705,400,False
model,0.63,0.4,2.0,0.2,score_point,0.04539007092198582,0.9480000000000001,0.3425,0.6575,0.7568345323741007,705,400,False
model,0.37,0.4,3.5,0.2,score_point,0.04539007092198582,0.9502500000000002,0.1775,0.8225,0.8646517739816032,705,400,False
model,0.38,0.4,3.5,0.2,score_point,0.04539007092198582,0.9502500000000002,0.1775,0.8225,0.8646517739816032,705,400,False
model,0.47,0.3,3.0,0.2,score_point,0.04539007092198582,0.9547500000000002,0.2425,0.7575,0.8244897959183674,705,400,False
model,0.64,0.4,2.0,0.2,score_point,0.04539007092198582,0.9560000000000001,0.3475,0.6525,0.7532467532467533,705,400,False
model,0.08,0.9,2.5,0.2,score_point,0.04539007092198582,0.9560000000000002,0.035,0.965,0.9437652811735943,705,400,False
model,0.09,0.9,2.5,0.2,score_point,0.04539007092198582,0.9640000000000002,0.04,0.96,0.9411764705882353,705,400,False
model,0.51,0.4,2.5,0.2,score_point,0.04539007092198582,0.9670000000000002,0.27,0.73,0.8066298342541436,705,400,False
model,0.31,0.8,2.0,0.2,score_point,0.04539007092198582,0.9680000000000001,0.14,0.86,0.8865979381443299,705,400,False
model,0.39,0.4,3.5,0.2,score_point,0.04539007092198582,0.9735000000000003,0.185,0.815,0.8601583113456464,705,400,False
model,0.48,0.3,3.0,0.2,score_point,0.04539007092198582,0.9750000000000003,0.25,0.75,0.8196721311475409,705,400,False
model,0.58,0.3,2.5,0.2,score_point,0.04539007092198582,0.9765,0.3075,0.6925,0.7813822284908322,705,400,False
model,0.32,0.8,2.0,0.2,score_point,0.04539007092198582,0.9770000000000002,0.1475,0.8525,0.8822768434670119,705,400,False
model,0.49,0.3,3.0,0.2,score_point,0.04539007092198582,0.9817500000000002,0.2525,0.7475,0.8180574555403557,705,400,False
model,0.4,0.4,3.5,0.2,score_point,0.04539007092198582,0.9967500000000001,0.1925,0.8075,0.8556291390728477,705,400,False
model,0.21,0.9,2.0,0.2,score_point,0.04539007092198582,0.9990000000000003,0.09,0.91,0.9145728643216081,705,400,False
model,0.22,0.9,2.0,0.2,score_point,0.04539007092198582,1.0017500000000004,0.0925,0.9075,0.9132075471698113,705,400,False
model,0.23,0.9,2.0,0.2,score_point,0.04539007092198582,1.0017500000000004,0.0925,0.9075,0.9132075471698113,705,400,False
model,0.24,0.9,2.0,0.2,score_point,0.04539007092198582,1.0017500000000004,0.0925,0.9075,0.9132075471698113,705,400,False
model,0.25,0.9,2.0,0.2,score_point,0.04539007092198582,1.0045000000000002,0.095,0.905,0.9118387909319899,705,400,False
model,0.41,0.4,3.5,0.2,score_point,0.04539007092198582,1.0045000000000002,0.195,0.805,0.8541114058355438,705,400,False
model,0.02,1.0,3.5,0.2,score_point,0.04539007092198582,1.0125,0.005,0.995,0.9590361445783133,705,400,False
model,0.65,0.2,2.5,0.2,score_point,0.04539007092198582,1.0165,0.355,0.645,0.7478260869565218,705,400,False
model,0.45,0.3,3.5,0.2,score_point,0.04539007092198582,1.028,0.2275,0.7725,0.8340080971659918,705,400,False
model,0.03,1.0,3.0,0.2,score_point,0.04539007092198582,1.03,0.015,0.985,0.9539951573849877,705,400,False
model,0.05,1.0,2.5,0.2,score_point,0.04539007092198582,1.0375,0.025,0.975,0.948905109489051,705,400,False
model,0.06,1.0,2.5,0.2,score_point,0.04539007092198582,1.04125,0.0275,0.9725,0.9476248477466505,705,400,False
model,0.17,1.0,2.0,0.2,score_point,0.04539007092198582,1.0625,0.0625,0.9375,0.9293680297397771,705,400,False
model,0.55,0.2,3.5,0.2,score_point,0.04539007092198582,1.1652499999999997,0.2925,0.7075,0.7916083916083917,705,400,False
model,0.56,0.2,3.5,0.2,score_point,0.04539007092198582,1.1652499999999997,0.2925,0.7075,0.7916083916083917,705,400,False
model,0.57,0.2,3.5,0.2,score_point,0.04539007092198582,1.2064999999999997,0.305,0.695,0.7830985915492957,705,400,False
model,0.1,0.7,3.0,0.2,score_point,0.04680851063829787,0.7919999999999999,0.04,0.96,0.9400244798041616,705,400,False
model,0.11,0.7,3.0,0.2,score_point,0.04680851063829787,0.7919999999999999,0.04,0.96,0.9400244798041616,705,400,True
model,0.08,0.7,3.5,0.2,score_point,0.04680851063829787,0.7980000000000002,0.035,0.965,0.9426129426129426,705,400,False
model,0.12,0.7,3.0,0.2,score_point,0.04680851063829787,0.8035,0.045,0.955,0.9374233128834355,705,400,False
model,0.29,0.5,3.0,0.2,score_point,0.04680851063829787,0.80625,0.1225,0.8775,0.895408163265306,705,400,False
model,0.18,0.6,3.5,0.2,score_point,0.04680851063829787,0.8102499999999998,0.0725,0.9275,0.9228855721393036,705,400,False
model,0.09,0.7,3.5,0.2,score_point,0.04680851063829787,0.8119999999999998,0.04,0.96,0.9400244798041616,705,400,False
model,0.17,0.7,2.5,0.2,score_point,0.04680851063829787,0.8125,0.0625,0.9375,0.9282178217821782,705,400,False
model,0.13,0.7,3.0,0.2,score_point,0.04680851063829787,0.815,0.05,0.95,0.9348093480934809,705,400,False
model,0.28,0.6,2.5,0.2,score_point,0.04680851063829787,0.8232499999999999,0.1175,0.8825,0.8982188295165394,705,400,False
model,0.19,0.6,3.5,0.2,score_point,0.04680851063829787,0.82475,0.0775,0.9225,0.9201995012468828,705,400,False
model,0.3,0.5,3.0,0.2,score_point,0.04680851063829787,0.825,0.13,0.87,0.8911651728553137,705,400,False
model,0.25,0.6,3.0,0.2,score_point,0.04680851063829787,0.8279999999999998,0.095,0.905,0.9106918238993711,705,400,False
model,0.35,0.5,2.5,0.2,score_point,0.04680851063829787,0.83,0.165,0.835,0.8709256844850065,705,400,False
model,0.2,0.6,3.5,0.2,score_point,0.04680851063829787,0.8464999999999998,0.085,0.915,0.916145181476846,705,400,False
model,0.07,0.8,3.0,0.2,score_point,0.04680851063829787,0.8769999999999999,0.035,0.965,0.9426129426129426,705,400,False
model,0.15,0.8,2.5,0.2,score_point,0.04680851063829787,0.8935,0.055,0.945,0.9321824907521579,705,400,False
model,0.46,0.4,2.5,0.2,score_point,0.04680851063829787,0.8935000000000002,0.235,0.765,0.8281461434370772,705,400,False
model,0.52,0.5,2.0,0.2,score_point,0.04680851063829787,0.905,0.27,0.73,0.8055172413793104,705,400,False
model,0.59,0.4,2.0,0.2,score_point,0.04680851063829787,0.9120000000000001,0.32,0.68,0.7716312056737589,705,400,False
model,0.53,0.5,2.0,0.2,score_point,0.04680851063829787,0.92,0.28,0.72,0.7988904299583912,705,400,False
model,0.6,0.4,2.0,0.2,score_point,0.04680851063829787,0.9200000000000002,0.325,0.675,0.7681365576102418,705,400,False
model,0.67,0.3,2.0,0.2,score_point,0.04680851063829787,0.9290000000000002,0.37,0.63,0.7357664233576642,705,400,False
model,0.54,0.5,2.0,0.2,score_point,0.04680851063829787,0.93125,0.2875,0.7125,0.7938718662952647,705,400,False
model,0.61,0.4,2.0,0.2,score_point,0.04680851063829787,0.9320000000000002,0.3325,0.6675,0.7628571428571428,705,400,False
model,0.62,0.4,2.0,0.2,score_point,0.04680851063829787,0.9400000000000002,0.3375,0.6625,0.7593123209169055,705,400,False
model,0.28,0.8,2.0,0.2,score_point,0.04680851063829787,0.9410000000000001,0.1175,0.8825,0.8982188295165394,705,400,False
model,0.55,0.3,2.5,0.2,score_point,0.04680851063829787,0.9435000000000001,0.2925,0.7075,0.7905027932960894,705,400,False
model,0.56,0.3,2.5,0.2,score_point,0.04680851063829787,0.9435000000000001,0.2925,0.7075,0.7905027932960894,705,400,False
model,0.29,0.8,2.0,0.2,score_point,0.04680851063829787,0.9470000000000002,0.1225,0.8775,0.895408163265306,705,400,False
model,0.3,0.8,2.0,0.2,score_point,0.04680851063829787,0.9560000000000001,0.13,0.87,0.8911651728553137,705,400,False
model,0.07,0.9,2.5,0.2,score_point,0.04680851063829787,0.9560000000000002,0.035,0.965,0.9426129426129426,705,400,False
model,0.57,0.3,2.5,0.2,score_point,0.04680851063829787,0.9710000000000001,0.305,0.695,0.7819971870604782,705,400,False
model,0.18,0.9,2.0,0.2,score_point,0.04680851063829787,0.9797500000000001,0.0725,0.9275,0.9228855721393036,705,400,False
model,0.19,0.9,2.0,0.2,score_point,0.04680851063829787,0.9852500000000001,0.0775,0.9225,0.9201995012468828,705,400,False
model,0.2,0.9,2.0,0.2,score_point,0.04680851063829787,0.9935000000000003,0.085,0.915,0.916145181476846,705,400,False
model,0.64,0.2,2.5,0.2,score_point,0.04680851063829787,0.9992499999999999,0.3475,0.6525,0.7521613832853025,705,400,False
model,0.44,0.3,3.5,0.2,score_point,0.04680851063829787,1.0200000000000002,0.225,0.775,0.8344549125168237,705,400,False
model,0.16,1.0,2.0,0.2,score_point,0.04680851063829787,1.06,0.06,0.94,0.9295426452410382,705,400,False
model,0.58,0.2,3.0,0.2,score_point,0.04680851063829787,1.061,0.3075,0.6925,0.7802816901408451,705,400,False
model,0.17,0.6,3.5,0.2,score_point,0.04822695035460993,0.7812499999999999,0.0625,0.9375,0.927070457354759,705,400,True
model,0.28,0.5,3.0,0.2,score_point,0.04822695035460993,0.79375,0.1175,0.8825,0.8970775095298603,705,400,False
model,0.26,0.6,2.5,0.2,score_point,0.04822695035460993,0.79475,0.1025,0.8975,0.905422446406053,705,400,False
model,0.33,0.5,2.5,0.2,score_point,0.04822695035460993,0.805,0.1525,0.8475,0.8771021992238034,705,400,False
model,0.16,0.7,2.5,0.2,score_point,0.04822695035460993,0.8079999999999999,0.06,0.94,0.9283950617283951,705,400,False
model,0.27,0.6,2.5,0.2,score_point,0.04822695035460993,0.8137499999999999,0.1125,0.8875,0.899873257287706,705,400,False
model,0.34,0.5,2.5,0.2,score_point,0.04822695035460993,0.815,0.1575,0.8425,0.874189364461738,705,400,False
model,0.22,0.6,3.0,0.2,score_point,0.04822695035460993,0.8219999999999998,0.0925,0.9075,0.9109159347553325,705,400,False
model,0.23,0.6,3.0,0.2,score_point,0.04822695035460993,0.8219999999999998,0.0925,0.9075,0.9109159347553325,705,400,False
model,0.24,0.6,3.0,0.2,score_point,0.04822695035460993,0.8219999999999998,0.0925,0.9075,0.9109159347553325,705,400,False
model,0.35,0.6,2.0,0.2,score_point,0.04822695035460993,0.831,0.165,0.835,0.8697916666666666,705,400,False
model,0.04,0.8,3.5,0.2,score_point,0.04822695035460993,0.8540000000000001,0.02,0.98,0.9491525423728814,705,400,False
model,0.05,0.8,3.0,0.2,score_point,0.04822695035460993,0.855,0.025,0.975,0.9466019417475728,705,400,False
model,0.06,0.8,3.0,0.2,score_point,0.04822695035460993,0.8605000000000002,0.0275,0.9725,0.945321992709599,705,400,False
model,0.47,0.5,2.0,0.2,score_point,0.04822695035460993,0.86375,0.2425,0.7575,0.8222523744911805,705,400,False
model,0.1,0.8,2.5,0.2,score_point,0.04822695035460993,0.8680000000000001,0.04,0.96,0.9388753056234719,705,400,False
model,0.11,0.8,2.5,0.2,score_point,0.04822695035460993,0.8680000000000001,0.04,0.96,0.9388753056234719,705,400,False
model,0.48,0.5,2.0,0.2,score_point,0.04822695035460993,0.875,0.25,0.75,0.8174386920980926,705,400,False
model,0.12,0.8,2.5,0.2,score_point,0.04822695035460993,0.8765000000000001,0.045,0.955,0.9362745098039216,705,400,False
model,0.45,0.4,2.5,0.2,score_point,0.04822695035460993,0.8777500000000003,0.2275,0.7725,0.8317631224764468,705,400,False
model,0.49,0.5,2.0,0.2,score_point,0.04822695035460993,0.87875,0.2525,0.7475,0.8158253751705322,705,400,False
model,0.5,0.5,2.0,0.2,score_point,0.04822695035460993,0.87875,0.2525,0.7475,0.8158253751705322,705,400,False
model,0.31,0.7,2.0,0.2,score_point,0.04822695035460993,0.8819999999999999,0.14,0.86,0.884318766066838,705,400,False
model,0.13,0.8,2.5,0.2,score_point,0.04822695035460993,0.885,0.05,0.95,0.9336609336609336,705,400,False
model,0.14,0.8,2.5,0.2,score_point,0.04822695035460993,0.8892500000000001,0.0525,0.9475,0.932349323493235,705,400,False
model,0.32,0.7,2.0,0.2,score_point,0.04822695035460993,0.8917499999999998,0.1475,0.8525,0.88,705,400,False
model,0.58,0.4,2.0,0.2,score_point,0.04822695035460993,0.8920000000000001,0.3075,0.6925,0.7791842475386778,705,400,False
model,0.69,0.2,2.0,0.2,score_point,0.04822695035460993,0.8975,0.3875,0.6125,0.7216494845360826,705,400,False
model,0.51,0.5,2.0,0.2,score_point,0.04822695035460993,0.905,0.27,0.73,0.8044077134986226,705,400,False
model,0.35,0.4,3.5,0.2,score_point,0.04822695035460993,0.9115000000000001,0.165,0.835,0.8697916666666666,705,400,False
model,0.66,0.3,2.0,0.2,score_point,0.04822695035460993,0.91625,0.3625,0.6375,0.7402031930333816,705,400,False
model,0.26,0.8,2.0,0.2,score_point,0.04822695035460993,0.9230000000000002,0.1025,0.8975,0.905422446406053,705,400,False
model,0.42,0.4,3.0,0.2,score_point,0.04822695035460993,0.9330000000000002,0.205,0.795,0.8457446808510638,705,400,False
model,0.46,0.3,3.0,0.2,score_point,0.04822695035460993,0.9345000000000002,0.235,0.765,0.827027027027027,705,400,False
model,0.27,0.8,2.0,0.2,score_point,0.04822695035460993,0.935,0.1125,0.8875,0.899873257287706,705,400,False
model,0.03,0.9,3.5,0.2,score_point,0.04822695035460993,0.9390000000000004,0.015,0.985,0.9516908212560387,705,400,False
model,0.05,0.9,2.5,0.2,score_point,0.04822695035460993,0.9400000000000003,0.025,0.975,0.9466019417475728,705,400,False
model,0.06,0.9,2.5,0.2,score_point,0.04822695035460993,0.9440000000000002,0.0275,0.9725,0.945321992709599,705,400,False
model,0.17,0.9,2.0,0.2,score_point,0.04822695035460993,0.9687500000000001,0.0625,0.9375,0.927070457354759,705,400,False
model,0.63,0.2,2.5,0.2,score_point,0.04822695035460993,0.9877499999999999,0.3425,0.6575,0.7546628407460545,705,400,False
model,0.02,1.0,3.0,0.2,score_point,0.04822695035460993,1.01,0.005,0.995,0.9567307692307692,705,400,False
model,0.01,1.0,3.5,0.2,score_point,0.04822695035460993,1.0125,0.005,0.995,0.9567307692307692,705,400,False
model,0.04,1.0,2.5,0.2,score_point,0.04822695035460993,1.03,0.02,0.98,0.9491525423728814,705,400,False
model,0.1,1.0,2.0,0.2,score_point,0.04822695035460993,1.04,0.04,0.96,0.9388753056234719,705,400,False
model,0.11,1.0,2.0,0.2,score_point,0.04822695035460993,1.04,0.04,0.96,0.9388753056234719,705,400,False
model,0.12,1.0,2.0,0.2,score_point,0.04822695035460993,1.045,0.045,0.955,0.9362745098039216,705,400,False
model,0.13,1.0,2.0,0.2,score_point,0.04822695035460993,1.05,0.05,0.95,0.9336609336609336,705,400,False
model,0.14,1.0,2.0,0.2,score_point,0.04822695035460993,1.0525,0.0525,0.9475,0.932349323493235,705,400,False
model,0.15,1.0,2.0,0.2,score_point,0.04822695035460993,1.055,0.055,0.945,0.9310344827586207,705,400,False
model,0.52,0.2,3.5,0.2,score_point,0.04822695035460993,1.0909999999999997,0.27,0.73,0.8044077134986226,705,400,False
model,0.53,0.2,3.5,0.2,score_point,0.04822695035460993,1.1239999999999997,0.28,0.72,0.7977839335180055,705,400,False
model,0.54,0.2,3.5,0.2,score_point,0.04822695035460993,1.1487499999999997,0.2875,0.7125,0.7927677329624478,705,400,False
model,0.26,0.5,3.0,0.2,score_point,0.04964539007092199,0.75625,0.1025,0.8975,0.9042821158690176,705,400,True
model,0.27,0.5,3.0,0.2,score_point,0.04964539007092199,0.78125,0.1125,0.8875,0.8987341772151898,705,400,False
model,0.15,0.7,2.5,0.2,score_point,0.04964539007092199,0.799,0.055,0.945,0.9298892988929889,705,400,False
model,0.33,0.6,2.0,0.2,score_point,0.04964539007092199,0.8134999999999999,0.1525,0.8475,0.875968992248062,705,400,False
model,0.21,0.6,3.0,0.2,score_point,0.04964539007092199,0.816,0.09,0.91,0.9111389236545683,705,400,False
model,0.34,0.6,2.0,0.2,score_point,0.04964539007092199,0.8204999999999998,0.1575,0.8425,0.8730569948186527,705,400,False
model,0.36,0.4,3.0,0.2,score_point,0.04964539007092199,0.8485000000000003,0.1725,0.8275,0.8642297650130547,705,400,False
model,0.46,0.5,2.0,0.2,score_point,0.04964539007092199,0.8525,0.235,0.765,0.8259109311740891,705,400,False
model,0.28,0.7,2.0,0.2,score_point,0.04964539007092199,0.85275,0.1175,0.8825,0.8959390862944162,705,400,False
model,0.29,0.7,2.0,0.2,score_point,0.04964539007092199,0.85925,0.1225,0.8775,0.8931297709923663,705,400,False
model,0.37,0.4,3.0,0.2,score_point,0.04964539007092199,0.8615000000000002,0.1775,0.8225,0.8612565445026178,705,400,False
model,0.38,0.4,3.0,0.2,score_point,0.04964539007092199,0.8615000000000002,0.1775,0.8225,0.8612565445026178,705,400,False
model,0.55,0.4,2.0,0.2,score_point,0.04964539007092199,0.8680000000000001,0.2925,0.7075,0.7883008356545961,705,400,False
model,0.56,0.4,2.0,0.2,score_point,0.04964539007092199,0.8680000000000001,0.2925,0.7075,0.7883008356545961,705,400,False
model,0.3,0.7,2.0,0.2,score_point,0.04964539007092199,0.8689999999999999,0.13,0.87,0.8888888888888888,705,400,False
model,0.44,0.4,2.5,0.2,score_point,0.04964539007092199,0.8725000000000002,0.225,0.775,0.8322147651006713,705,400,False
model,0.68,0.2,2.0,0.2,score_point,0.04964539007092199,0.8794999999999998,0.3775,0.6225,0.7280701754385965,705,400,False
model,0.39,0.4,3.0,0.2,score_point,0.04964539007092199,0.8810000000000002,0.185,0.815,0.8567674113009198,705,400,False
model,0.57,0.4,2.0,0.2,score_point,0.04964539007092199,0.8880000000000001,0.305,0.695,0.7798036465638148,705,400,False
model,0.34,0.4,3.5,0.2,score_point,0.04964539007092199,0.8882500000000002,0.1575,0.8425,0.8730569948186527,705,400,False
model,0.52,0.3,2.5,0.2,score_point,0.04964539007092199,0.894,0.27,0.73,0.8033012379642366,705,400,False
model,0.4,0.4,3.0,0.2,score_point,0.04964539007092199,0.9005000000000001,0.1925,0.8075,0.8522427440633245,705,400,False
model,0.65,0.3,2.0,0.2,score_point,0.04964539007092199,0.9035000000000001,0.355,0.645,0.7445887445887447,705,400,False
model,0.41,0.4,3.0,0.2,score_point,0.04964539007092199,0.9070000000000001,0.195,0.805,0.8507265521796566,705,400,False
model,0.21,0.8,2.0,0.2,score_point,0.04964539007092199,0.9080000000000001,0.09,0.91,0.9111389236545683,705,400,False
model,0.22,0.8,2.0,0.2,score_point,0.04964539007092199,0.911,0.0925,0.9075,0.9097744360902256,705,400,False
model,0.23,0.8,2.0,0.2,score_point,0.04964539007092199,0.911,0.0925,0.9075,0.9097744360902256,705,400,False
model,0.24,0.8,2.0,0.2,score_point,0.04964539007092199,0.911,0.0925,0.9075,0.9097744360902256,705,400,False
model,0.25,0.8,2.0,0.2,score_point,0.04964539007092199,0.914,0.095,0.905,0.9084065244667504,705,400,False
model,0.45,0.3,3.0,0.2,score_point,0.04964539007092199,0.9142500000000001,0.2275,0.7725,0.8306451612903226,705,400,False
model,0.53,0.3,2.5,0.2,score_point,0.04964539007092199,0.916,0.28,0.72,0.7966804979253113,705,400,False
model,0.54,0.3,2.5,0.2,score_point,0.04964539007092199,0.9325,0.2875,0.7125,0.7916666666666667,705,400,False
model,0.16,0.9,2.0,0.2,score_point,0.04964539007092199,0.9660000000000002,0.06,0.94,0.9272503082614056,705,400,False
model,0.43,0.3,3.5,0.2,score_point,0.04964539007092199,0.9720000000000002,0.21,0.79,0.8415446071904128,705,400,False
model,0.62,0.2,2.5,0.2,score_point,0.04964539007092199,0.97625,0.3375,0.6625,0.7571428571428571,705,400,False
model,0.55,0.2,3.0,0.2,score_point,0.04964539007092199,1.0189999999999997,0.2925,0.7075,0.7883008356545961,705,400,False
model,0.56,0.2,3.0,0.2,score_point,0.04964539007092199,1.0189999999999997,0.2925,0.7075,0.7883008356545961,705,400,False
model,0.5,0.2,3.5,0.2,score_point,0.04964539007092199,1.0332499999999998,0.2525,0.7475,0.8147138964577657,705,400,False
model,0.57,0.2,3.0,0.2,score_point,0.04964539007092199,1.0539999999999998,0.305,0.695,0.7798036465638148,705,400,False
model,0.51,0.2,3.5,0.2,score_point,0.04964539007092199,1.0909999999999997,0.27,0.73,0.8033012379642366,705,400,False
model,0.18,0.6,3.0,0.2,score_point,0.05106382978723404,0.7739999999999999,0.0725,0.9275,0.9194547707558859,705,400,False
model,0.31,0.5,2.5,0.2,score_point,0.05106382978723404,0.78,0.14,0.86,0.8820512820512821,705,400,False
model,0.08,0.7,3.0,0.2,score_point,0.05106382978723404,0.7805000000000001,0.035,0.965,0.9391727493917275,705,400,False
model,0.25,0.5,3.5,0.2,score_point,0.05106382978723404,0.785,0.095,0.905,0.9072681704260652,705,400,False
model,0.19,0.6,3.0,0.2,score_point,0.05106382978723404,0.7859999999999999,0.0775,0.9225,0.9167701863354037,705,400,False
model,0.09,0.7,3.0,0.2,score_point,0.05106382978723404,0.7919999999999999,0.04,0.96,0.9365853658536586,705,400,False
model,0.14,0.7,2.5,0.2,score_point,0.05106382978723404,0.7944999999999999,0.0525,0.9475,0.9300613496932516,705,400,False
model,0.32,0.5,2.5,0.2,score_point,0.05106382978723404,0.795,0.1475,0.8525,0.8777348777348778,705,400,False
model,0.07,0.7,3.5,0.2,score_point,0.05106382978723404,0.7980000000000002,0.035,0.965,0.9391727493917275,705,400,False
model,0.2,0.6,3.0,0.2,score_point,0.05106382978723404,0.8039999999999998,0.085,0.915,0.912718204488778,705,400,False
model,0.42,0.5,2.0,0.2,score_point,0.05106382978723404,0.8075,0.205,0.795,0.8435013262599469,705,400,False
model,0.43,0.5,2.0,0.2,score_point,0.05106382978723404,0.815,0.21,0.79,0.8404255319148937,705,400,False
model,0.26,0.7,2.0,0.2,score_point,0.05106382978723404,0.83325,0.1025,0.8975,0.9031446540880502,705,400,False
model,0.44,0.5,2.0,0.2,score_point,0.05106382978723404,0.8375,0.225,0.775,0.8310991957104559,705,400,False
model,0.45,0.5,2.0,0.2,score_point,0.05106382978723404,0.84125,0.2275,0.7725,0.8295302013422818,705,400,False
model,0.04,0.8,3.0,0.2,score_point,0.05106382978723404,0.8440000000000001,0.02,0.98,0.9468599033816426,705,400,False
model,0.27,0.7,2.0,0.2,score_point,0.05106382978723404,0.84625,0.1125,0.8875,0.8975979772439948,705,400,False
model,0.5,0.3,2.5,0.2,score_point,0.05106382978723404,0.8554999999999999,0.2525,0.7475,0.8136054421768708,705,400,False
model,0.08,0.8,2.5,0.2,score_point,0.05106382978723404,0.8594999999999999,0.035,0.965,0.9391727493917275,705,400,False
model,0.09,0.8,2.5,0.2,score_point,0.05106382978723404,0.8680000000000001,0.04,0.96,0.9365853658536586,705,400,False
model,0.33,0.4,3.5,0.2,score_point,0.05106382978723404,0.87275,0.1525,0.8475,0.8748387096774194,705,400,False
model,0.63,0.3,2.0,0.2,score_point,0.05106382978723404,0.8822500000000001,0.3425,0.6575,0.7525035765379113,705,400,False
model,0.18,0.8,2.0,0.2,score_point,0.05106382978723404,0.887,0.0725,0.9275,0.9194547707558859,705,400,False
model,0.64,0.3,2.0,0.2,score_point,0.05106382978723404,0.8907500000000002,0.3475,0.6525,0.7489239598278336,705,400,False
model,0.19,0.8,2.0,0.2,score_point,0.05106382978723404,0.8930000000000001,0.0775,0.9225,0.9167701863354037,705,400,False
model,0.51,0.3,2.5,0.2,score_point,0.05106382978723404,0.894,0.27,0.73,0.8021978021978022,705,400,False
model,0.2,0.8,2.0,0.2,score_point,0.05106382978723404,0.902,0.085,0.915,0.912718204488778,705,400,False
model,0.44,0.3,3.0,0.2,score_point,0.05106382978723404,0.9075000000000002,0.225,0.775,0.8310991957104559,705,400,False
model,0.03,0.9,3.0,0.2,score_point,0.05106382978723404,0.9315000000000003,0.015,0.985,0.9493975903614459,705,400,False
model,0.04,0.9,2.5,0.2,score_point,0.05106382978723404,0.9320000000000002,0.02,0.98,0.9468599033816426,705,400,False
model,0.59,0.2,2.5,0.2,score_point,0.05106382978723404,0.9359999999999999,0.32,0.68,0.768361581920904,705,400,False
model,0.1,0.9,2.0,0.2,score_point,0.05106382978723404,0.9440000000000002,0.04,0.96,0.9365853658536586,705,400,False
model,0.11,0.9,2.0,0.2,score_point,0.05106382978723404,0.9440000000000002,0.04,0.96,0.9365853658536586,705,400,False
model,0.6,0.2,2.5,0.2,score_point,0.05106382978723404,0.9475,0.325,0.675,0.7648725212464589,705,400,False
model,0.12,0.9,2.0,0.2,score_point,0.05106382978723404,0.9495000000000001,0.045,0.955,0.9339853300733496,705,400,False
model,0.13,0.9,2.0,0.2,score_point,0.05106382978723404,0.9550000000000003,0.05,0.95,0.9313725490196078,705,400,False
model,0.14,0.9,2.0,0.2,score_point,0.05106382978723404,0.9577500000000003,0.0525,0.9475,0.9300613496932516,705,400,False
model,0.15,0.9,2.0,0.2,score_point,0.05106382978723404,0.9605000000000002,0.055,0.945,0.9287469287469287,705,400,False
model,0.61,0.2,2.5,0.2,score_point,0.05106382978723404,0.96475,0.3325,0.6675,0.7596017069701281,705,400,False
model,0.47,0.2,3.5,0.2,score_point,0.05106382978723404,1.0002499999999999,0.2425,0.7575,0.8200270635994586,705,400,False
model,0.01,1.0,3.0,0.2,score_point,0.05106382978723404,1.01,0.005,0.995,0.9544364508393286,705,400,False
model,0.03,1.0,2.5,0.2,score_point,0.05106382978723404,1.0225,0.015,0.985,0.9493975903614459,705,400,False
model,0.48,0.2,3.5,0.2,score_point,0.05106382978723404,1.0249999999999997,0.25,0.75,0.8152173913043479,705,400,False
model,0.49,0.2,3.5,0.2,score_point,0.05106382978723404,1.0332499999999998,0.2525,0.7475,0.8136054421768708,705,400,False
model,0.08,1.0,2.0,0.2,score_point,0.05106382978723404,1.035,0.035,0.965,0.9391727493917275,705,400,False
model,0.09,1.0,2.0,0.2,score_point,0.05106382978723404,1.04,0.04,0.96,0.9365853658536586,705,400,False
model,0.29,0.5,2.5,0.2,score_point,0.0524822695035461,0.745,0.1225,0.8775,0.8908629441624365,705,400,True
model,0.17,0.6,3.0,0.2,score_point,0.0524822695035461,0.7499999999999999,0.0625,0.9375,0.9236453201970444,705,400,False
model,0.36,0.5,2.0,0.2,score_point,0.0524822695035461,0.75875,0.1725,0.8275,0.8619791666666667,705,400,False
model,0.3,0.5,2.5,0.2,score_point,0.0524822695035461,0.76,0.13,0.87,0.886624203821656,705,400,False
model,0.37,0.5,2.0,0.2,score_point,0.0524822695035461,0.76625,0.1775,0.8225,0.8590078328981723,705,400,False
model,0.38,0.5,2.0,0.2,score_point,0.0524822695035461,0.76625,0.1775,0.8225,0.8590078328981723,705,400,False
model,0.1,0.7,2.5,0.2,score_point,0.0524822695035461,0.7719999999999999,0.04,0.96,0.9354445797807552,705,400,False
model,0.11,0.7,2.5,0.2,score_point,0.0524822695035461,0.7719999999999999,0.04,0.96,0.9354445797807552,705,400,False
model,0.16,0.6,3.5,0.2,score_point,0.0524822695035461,0.7739999999999998,0.06,0.94,0.9249692496924968,705,400,False
model,0.24,0.5,3.5,0.2,score_point,0.0524822695035461,0.7775,0.0925,0.9075,0.9075,705,400,False
model,0.39,0.5,2.0,0.2,score_point,0.0524822695035461,0.7775,0.185,0.815,0.8545216251638269,705,400,False
model,0.25,0.6,2.5,0.2,score_point,0.0524822695035461,0.7804999999999999,0.095,0.905,0.9061326658322904,705,400,False
model,0.12,0.7,2.5,0.2,score_point,0.0524822695035461,0.7809999999999999,0.045,0.955,0.9328449328449329,705,400,False
model,0.4,0.5,2.0,0.2,score_point,0.0524822695035461,0.78875,0.1925,0.8075,0.85,705,400,False
model,0.13,0.7,2.5,0.2,score_point,0.0524822695035461,0.79,0.05,0.95,0.9302325581395349,705,400,False
model,0.41,0.5,2.0,0.2,score_point,0.0524822695035461,0.7925,0.195,0.805,0.8484848484848485,705,400,False
model,0.31,0.6,2.0,0.2,score_point,0.0524822695035461,0.7959999999999998,0.14,0.86,0.8809218950064021,705,400,False
model,0.32,0.6,2.0,0.2,score_point,0.0524822695035461,0.8064999999999998,0.1475,0.8525,0.8766066838046273,705,400,False
model,0.21,0.7,2.0,0.2,score_point,0.0524822695035461,0.8169999999999998,0.09,0.91,0.9088639200998752,705,400,False
model,0.22,0.7,2.0,0.2,score_point,0.0524822695035461,0.8202499999999999,0.0925,0.9075,0.9075,705,400,False
model,0.23,0.7,2.0,0.2,score_point,0.0524822695035461,0.8202499999999999,0.0925,0.9075,0.9075,705,400,False
model,0.24,0.7,2.0,0.2,score_point,0.0524822695035461,0.8202499999999999,0.0925,0.9075,0.9075,705,400,False
model,0.25,0.7,2.0,0.2,score_point,0.0524822695035461,0.8234999999999999,0.095,0.905,0.9061326658322904,705,400,False
model,0.35,0.4,3.0,0.2,score_point,0.0524822695035461,0.8290000000000001,0.165,0.835,0.8664072632944229,705,400,False
model,0.52,0.4,2.0,0.2,score_point,0.0524822695035461,0.8320000000000002,0.27,0.73,0.8010973936899863,705,400,False
model,0.47,0.3,2.5,0.2,score_point,0.0524822695035461,0.8334999999999999,0.2425,0.7575,0.8189189189189189,705,400,False
model,0.43,0.4,2.5,0.2,score_point,0.0524822695035461,0.8410000000000002,0.21,0.79,0.8393094289508632,705,400,False
model,0.59,0.3,2.0,0.2,score_point,0.0524822695035461,0.8440000000000001,0.32,0.68,0.7672778561354021,705,400,False
model,0.53,0.4,2.0,0.2,score_point,0.0524822695035461,0.8480000000000001,0.28,0.72,0.7944827586206896,705,400,False
model,0.48,0.3,2.5,0.2,score_point,0.0524822695035461,0.85,0.25,0.75,0.8141112618724559,705,400,False
model,0.6,0.3,2.0,0.2,score_point,0.0524822695035461,0.8525000000000001,0.325,0.675,0.7637906647807639,705,400,False
model,0.49,0.3,2.5,0.2,score_point,0.0524822695035461,0.8554999999999999,0.2525,0.7475,0.8125,705,400,False
model,0.07,0.8,2.5,0.2,score_point,0.0524822695035461,0.8594999999999999,0.035,0.965,0.9380315917375455,705,400,False
model,0.54,0.4,2.0,0.2,score_point,0.0524822695035461,0.86,0.2875,0.7125,0.7894736842105263,705,400,False
model,0.61,0.3,2.0,0.2,score_point,0.0524822695035461,0.8652500000000001,0.3325,0.6675,0.7585227272727273,705,400,False
model,0.67,0.2,2.0,0.2,score_point,0.0524822695035461,0.866,0.37,0.63,0.7314949201741656,705,400,False
model,0.62,0.3,2.0,0.2,score_point,0.0524822695035461,0.8737500000000001,0.3375,0.6625,0.754985754985755,705,400,False
model,0.17,0.8,2.0,0.2,score_point,0.0524822695035461,0.875,0.0625,0.9375,0.9236453201970444,705,400,False
model,0.52,0.2,3.0,0.2,score_point,0.0524822695035461,0.956,0.27,0.73,0.8010973936899863,705,400,False
model,0.42,0.3,3.5,0.2,score_point,0.0524822695035461,0.9560000000000002,0.205,0.795,0.842384105960265,705,400,False
model,0.53,0.2,3.0,0.2,score_point,0.0524822695035461,0.9839999999999998,0.28,0.72,0.7944827586206896,705,400,False
model,0.54,0.2,3.0,0.2,score_point,0.0524822695035461,1.005,0.2875,0.7125,0.7894736842105263,705,400,False
model,0.02,1.0,2.5,0.2,score_point,0.0524822695035461,1.0075,0.005,0.995,0.9532934131736527,705,400,False
model,0.07,1.0,2.0,0.2,score_point,0.0524822695035461,1.035,0.035,0.965,0.9380315917375455,705,400,False
model,0.28,0.5,2.5,0.2,score_point,0.05390070921985816,0.735,0.1175,0.8825,0.8925410872313527,705,400,True
model,0.15,0.6,3.5,0.2,score_point,0.05390070921985816,0.7594999999999998,0.055,0.945,0.926470588235294,705,400,False
model,0.29,0.6,2.0,0.2,score_point,0.05390070921985816,0.7714999999999997,0.1225,0.8775,0.8897338403041825,705,400,False
model,0.22,0.6,2.5,0.2,score_point,0.05390070921985816,0.7757499999999999,0.0925,0.9075,0.9063670411985019,705,400,False
model,0.23,0.6,2.5,0.2,score_point,0.05390070921985816,0.7757499999999999,0.0925,0.9075,0.9063670411985019,705,400,False
model,0.24,0.6,2.5,0.2,score_point,0.05390070921985816,0.7757499999999999,0.0925,0.9075,0.9063670411985019,705,400,False
model,0.06,0.7,3.5,0.2,score_point,0.05390070921985816,0.7769999999999999,0.0275,0.9725,0.9407496977025394,705,400,False
model,0.22,0.5,3.5,0.2,score_point,0.05390070921985816,0.7775,0.0925,0.9075,0.9063670411985019,705,400,False
model,0.23,0.5,3.5,0.2,score_point,0.05390070921985816,0.7775,0.0925,0.9075,0.9063670411985019,705,400,False
model,0.3,0.6,2.0,0.2,score_point,0.05390070921985816,0.7819999999999999,0.13,0.87,0.8854961832061069,705,400,False
model,0.47,0.4,2.0,0.2,score_point,0.05390070921985816,0.7880000000000001,0.2425,0.7575,0.8178137651821862,705,400,False
model,0.18,0.7,2.0,0.2,score_point,0.05390070921985816,0.79425,0.0725,0.9275,0.9171817058096416,705,400,False
model,0.48,0.4,2.0,0.2,score_point,0.05390070921985816,0.8000000000000002,0.25,0.75,0.8130081300813007,705,400,False
model,0.19,0.7,2.0,0.2,score_point,0.05390070921985816,0.8007499999999999,0.0775,0.9225,0.9144981412639404,705,400,False
model,0.49,0.4,2.0,0.2,score_point,0.05390070921985816,0.804,0.2525,0.7475,0.8113975576662145,705,400,False
model,0.5,0.4,2.0,0.2,score_point,0.05390070921985816,0.804,0.2525,0.7475,0.8113975576662145,705,400,False
model,0.34,0.4,3.0,0.2,score_point,0.05390070921985816,0.8095000000000002,0.1575,0.8425,0.8696774193548387,705,400,False
model,0.2,0.7,2.0,0.2,score_point,0.05390070921985816,0.8105,0.085,0.915,0.9104477611940299,705,400,False
model,0.58,0.3,2.0,0.2,score_point,0.05390070921985816,0.8227500000000001,0.3075,0.6925,0.7748251748251749,705,400,False
model,0.51,0.4,2.0,0.2,score_point,0.05390070921985816,0.8320000000000002,0.27,0.73,0.8,705,400,False
model,0.05,0.8,2.5,0.2,score_point,0.05390070921985816,0.8425,0.025,0.975,0.9420289855072463,705,400,False
model,0.06,0.8,2.5,0.2,score_point,0.05390070921985816,0.8467500000000001,0.0275,0.9725,0.9407496977025394,705,400,False
model,0.36,0.3,3.5,0.2,score_point,0.05390070921985816,0.8520000000000002,0.1725,0.8275,0.8608582574772432,705,400,False
model,0.66,0.2,2.0,0.2,score_point,0.05390070921985816,0.8525,0.3625,0.6375,0.7359307359307359,705,400,False
model,0.43,0.3,3.0,0.2,score_point,0.05390070921985816,0.8670000000000002,0.21,0.79,0.8381962864721486,705,400,False
model,0.37,0.3,3.5,0.2,score_point,0.05390070921985816,0.8680000000000001,0.1775,0.8225,0.8578878748370273,705,400,False
model,0.38,0.3,3.5,0.2,score_point,0.05390070921985816,0.8680000000000001,0.1775,0.8225,0.8578878748370273,705,400,False
model,0.16,0.8,2.0,0.2,score_point,0.05390070921985816,0.872,0.06,0.94,0.9238329238329238,705,400,False
model,0.39,0.3,3.5,0.2,score_point,0.05390070921985816,0.892,0.185,0.815,0.8534031413612566,705,400,False
model,0.5,0.2,3.0,0.2,score_point,0.05390070921985816,0.9069999999999999,0.2525,0.7475,0.8113975576662145,705,400,False
model,0.58,0.2,2.5,0.2,score_point,0.05390070921985816,0.9072499999999999,0.3075,0.6925,0.7748251748251749,705,400,False
model,0.02,0.9,3.5,0.2,score_point,0.05390070921985816,0.9130000000000001,0.005,0.995,0.9521531100478469,705,400,False
model,0.4,0.3,3.5,0.2,score_point,0.05390070921985816,0.916,0.1925,0.8075,0.8488830486202366,705,400,False
model,0.41,0.3,3.5,0.2,score_point,0.05390070921985816,0.924,0.195,0.805,0.8473684210526315,705,400,False
model,0.08,0.9,2.0,0.2,score_point,0.05390070921985816,0.9385000000000002,0.035,0.965,0.9368932038834951,705,400,False
model,0.09,0.9,2.0,0.2,score_point,0.05390070921985816,0.9440000000000002,0.04,0.96,0.9343065693430656,705,400,False
model,0.51,0.2,3.0,0.2,score_point,0.05390070921985816,0.956,0.27,0.73,0.8,705,400,False
model,0.46,0.2,3.5,0.2,score_point,0.05390070921985816,0.9754999999999998,0.235,0.765,0.8225806451612905,705,400,False
model,0.05,1.0,2.0,0.2,score_point,0.05390070921985816,1.025,0.025,0.975,0.9420289855072463,705,400,False
model,0.06,1.0,2.0,0.2,score_point,0.05390070921985816,1.0275,0.0275,0.9725,0.9407496977025394,705,400,False
model,0.83,0.6,1.5,0.2,score_point,0.05390070921985816,1.131,0.59,0.41,0.5448504983388704,705,400,False
model,0.84,0.6,1.5,0.2,score_point,0.05390070921985816,1.15125,0.6125,0.3875,0.5227655986509275,705,400,False
model,0.82,0.7,1.5,0.2,score_point,0.05390070921985816,1.166,0.5825,0.4175,0.5520661157024793,705,400,False
model,0.85,0.6,1.5,0.2,score_point,0.05390070921985816,1.16925,0.6325,0.3675,0.5025641025641026,705,400,False
model,0.83,0.7,1.5,0.2,score_point,0.05390070921985816,1.172,0.59,0.41,0.5448504983388704,705,400,False
model,0.84,0.7,1.5,0.2,score_point,0.05390070921985816,1.19,0.6125,0.3875,0.5227655986509275,705,400,False
model,0.86,0.6,1.5,0.2,score_point,0.05390070921985816,1.1917499999999999,0.6575,0.3425,0.47652173913043483,705,400,False
model,0.85,0.7,1.5,0.2,score_point,0.05390070921985816,1.206,0.6325,0.3675,0.5025641025641026,705,400,False
model,0.82,0.8,1.5,0.2,score_point,0.05390070921985816,1.20775,0.5825,0.4175,0.5520661157024793,705,400,False
model,0.83,0.8,1.5,0.2,score_point,0.05390070921985816,1.213,0.59,0.41,0.5448504983388704,705,400,False
model,0.87,0.6,1.5,0.2,score_point,0.05390070921985816,1.2187499999999998,0.6875,0.3125,0.44404973357015987,705,400,False
model,0.86,0.7,1.5,0.2,score_point,0.05390070921985816,1.226,0.6575,0.3425,0.47652173913043483,705,400,False
model,0.84,0.8,1.5,0.2,score_point,0.05390070921985816,1.22875,0.6125,0.3875,0.5227655986509275,705,400,False
model,0.85,0.8,1.5,0.2,score_point,0.05390070921985816,1.24275,0.6325,0.3675,0.5025641025641026,705,400,False
model,0.82,0.9,1.5,0.2,score_point,0.05390070921985816,1.2495000000000003,0.5825,0.4175,0.5520661157024793,705,400,False
model,0.87,0.7,1.5,0.2,score_point,0.05390070921985816,1.2499999999999998,0.6875,0.3125,0.44404973357015987,705,400,False
model,0.83,0.9,1.5,0.2,score_point,0.05390070921985816,1.254,0.59,0.41,0.5448504983388704,705,400,False
model,0.88,0.6,1.5,0.2,score_point,0.05390070921985816,1.2592499999999998,0.7325,0.2675,0.3926605504587156,705,400,False
model,0.86,0.8,1.5,0.2,score_point,0.05390070921985816,1.26025,0.6575,0.3425,0.47652173913043483,705,400,False
model,0.84,0.9,1.5,0.2,score_point,0.05390070921985816,1.2675,0.6125,0.3875,0.5227655986509275,705,400,False
model,0.85,0.9,1.5,0.2,score_point,0.05390070921985816,1.2794999999999999,0.6325,0.3675,0.5025641025641026,705,400,False
model,0.87,0.8,1.5,0.2,score_point,0.05390070921985816,1.28125,0.6875,0.3125,0.44404973357015987,705,400,False
model,0.88,0.7,1.5,0.2,score_point,0.05390070921985816,1.2859999999999996,0.7325,0.2675,0.3926605504587156,705,400,False
model,0.82,1.0,1.5,0.2,score_point,0.05390070921985816,1.29125,0.5825,0.4175,0.5520661157024793,705,400,False
model,0.86,0.9,1.5,0.2,score_point,0.05390070921985816,1.2945000000000002,0.6575,0.3425,0.47652173913043483,705,400,False
model,0.83,1.0,1.5,0.2,score_point,0.05390070921985816,1.295,0.59,0.41,0.5448504983388704,705,400,False
model,0.89,0.6,1.5,0.2,score_point,0.05390070921985816,1.3019999999999998,0.78,0.22,0.3346007604562738,705,400,False
model,0.84,1.0,1.5,0.2,score_point,0.05390070921985816,1.30625,0.6125,0.3875,0.5227655986509275,705,400,False
model,0.87,0.9,1.5,0.2,score_point,0.05390070921985816,1.3125,0.6875,0.3125,0.44404973357015987,705,400,False
model,0.88,0.8,1.5,0.2,score_point,0.05390070921985816,1.3127500000000003,0.7325,0.2675,0.3926605504587156,705,400,False
model,0.85,1.0,1.5,0.2,score_point,0.05390070921985816,1.31625,0.6325,0.3675,0.5025641025641026,705,400,False
model,0.89,0.7,1.5,0.2,score_point,0.05390070921985816,1.3239999999999998,0.78,0.22,0.3346007604562738,705,400,False
model,0.86,1.0,1.5,0.2,score_point,0.05390070921985816,1.32875,0.6575,0.3425,0.47652173913043483,705,400,False
model,0.9,0.6,1.5,0.2,score_point,0.05390070921985816,1.3335,0.815,0.185,0.28906250000000006,705,400,False
model,0.88,0.9,1.5,0.2,score_point,0.05390070921985816,1.3395000000000001,0.7325,0.2675,0.3926605504587156,705,400,False
model,0.87,1.0,1.5,0.2,score_point,0.05390070921985816,1.34375,0.6875,0.3125,0.44404973357015987,705,400,False
model,0.89,0.8,1.5,0.2,score_point,0.05390070921985816,1.3460000000000003,0.78,0.22,0.3346007604562738,705,400,False
model,0.9,0.7,1.5,0.2,score_point,0.05390070921985816,1.3519999999999999,0.815,0.185,0.28906250000000006,705,400,False
model,0.91,0.6,1.5,0.2,score_point,0.05390070921985816,1.35825,0.8425,0.1575,0.251497005988024,705,400,False
model,0.88,1.0,1.5,0.2,score_point,0.05390070921985816,1.36625,0.7325,0.2675,0.3926605504587156,705,400,False
model,0.89,0.9,1.5,0.2,score_point,0.05390070921985816,1.368,0.78,0.22,0.3346007604562738,705,400,False
model,0.9,0.8,1.5,0.2,score_point,0.05390070921985816,1.3705,0.815,0.185,0.28906250000000006,705,400,False
model,0.93,0.2,1.5,0.2,score_point,0.05390070921985816,1.3732499999999999,0.9025,0.0975,0.16352201257861637,705,400,False
model,0.91,0.7,1.5,0.2,score_point,0.05390070921985816,1.3739999999999997,0.8425,0.1575,0.251497005988024,705,400,False
model,0.92,0.6,1.5,0.2,score_point,0.05390070921985816,1.383,0.87,0.13,0.21224489795918366,705,400,False
model,0.93,0.3,1.5,0.2,score_point,0.05390070921985816,1.383,0.9025,0.0975,0.16352201257861637,705,400,False
model,0.9,0.9,1.5,0.2,score_point,0.05390070921985816,1.389,0.815,0.185,0.28906250000000006,705,400,False
model,0.91,0.8,1.5,0.2,score_point,0.05390070921985816,1.3897500000000003,0.8425,0.1575,0.251497005988024,705,400,False
model,0.89,1.0,1.5,0.2,score_point,0.05390070921985816,1.39,0.78,0.22,0.3346007604562738,705,400,False
model,0.93,0.4,1.5,0.2,score_point,0.05390070921985816,1.3927500000000002,0.9025,0.0975,0.16352201257861637,705,400,False
model,0.92,0.7,1.5,0.2,score_point,0.05390070921985816,1.3959999999999997,0.87,0.13,0.21224489795918366,705,400,False
model,0.93,0.5,1.5,0.2,score_point,0.05390070921985816,1.4025,0.9025,0.0975,0.16352201257861637,705,400,False
model,0.91,0.9,1.5,0.2,score_point,0.05390070921985816,1.4055000000000002,0.8425,0.1575,0.251497005988024,705,400,False
model,0.9,1.0,1.5,0.2,score_point,0.05390070921985816,1.4075,0.815,0.185,0.28906250000000006,705,400,False
model,0.92,0.8,1.5,0.2,score_point,0.05390070921985816,1.4090000000000003,0.87,0.13,0.21224489795918366,705,400,False
model,0.93,0.6,1.5,0.2,score_point,0.05390070921985816,1.41225,0.9025,0.0975,0.16352201257861637,705,400,False
model,0.94,0.2,1.5,0.2,score_point,0.05390070921985816,1.4122500000000002,0.9325,0.0675,0.11612903225806454,705,400,False
model,0.94,0.3,1.5,0.2,score_point,0.05390070921985816,1.4189999999999998,0.9325,0.0675,0.11612903225806454,705,400,False
model,0.91,1.0,1.5,0.2,score_point,0.05390070921985816,1.42125,0.8425,0.1575,0.251497005988024,705,400,False
model,0.92,0.9,1.5,0.2,score_point,0.05390070921985816,1.422,0.87,0.13,0.21224489795918366,705,400,False
model,0.93,0.7,1.5,0.2,score_point,0.05390070921985816,1.422,0.9025,0.0975,0.16352201257861637,705,400,False
model,0.94,0.4,1.5,0.2,score_point,0.05390070921985816,1.4257499999999999,0.9325,0.0675,0.11612903225806454,705,400,False
model,0.93,0.8,1.5,0.2,score_point,0.05390070921985816,1.43175,0.9025,0.0975,0.16352201257861637,705,400,False
model,0.94,0.5,1.5,0.2,score_point,0.05390070921985816,1.4325,0.9325,0.0675,0.11612903225806454,705,400,False
model,0.92,1.0,1.5,0.2,score_point,0.05390070921985816,1.435,0.87,0.13,0.21224489795918366,705,400,False
model,0.94,0.6,1.5,0.2,score_point,0.05390070921985816,1.4392500000000001,0.9325,0.0675,0.11612903225806454,705,400,False
model,0.93,0.9,1.5,0.2,score_point,0.05390070921985816,1.4415,0.9025,0.0975,0.16352201257861637,705,400,False
model,0.94,0.7,1.5,0.2,score_point,0.05390070921985816,1.4460000000000002,0.9325,0.0675,0.11612903225806454,705,400,False
model,0.95,0.2,1.5,0.2,score_point,0.05390070921985816,1.4480000000000002,0.96,0.04,0.07048458149779736,705,400,False
model,0.93,1.0,1.5,0.2,score_point,0.05390070921985816,1.45125,0.9025,0.0975,0.16352201257861637,705,400,False
model,0.95,0.3,1.5,0.2,score_point,0.05390070921985816,1.452,0.96,0.04,0.07048458149779736,705,400,False
model,0.94,0.8,1.5,0.2,score_point,0.05390070921985816,1.4527499999999998,0.9325,0.0675,0.11612903225806454,705,400,False
model,0.95,0.4,1.5,0.2,score_point,0.05390070921985816,1.4559999999999997,0.96,0.04,0.07048458149779736,705,400,False
model,0.94,0.9,1.5,0.2,score_point,0.05390070921985816,1.4594999999999998,0.9325,0.0675,0.11612903225806454,705,400,False
model,0.95,0.5,1.5,0.2,score_point,0.05390070921985816,1.46,0.96,0.04,0.07048458149779736,705,400,False
model,0.95,0.6,1.5,0.2,score_point,0.05390070921985816,1.4640000000000004,0.96,0.04,0.07048458149779736,705,400,False
model,0.94,1.0,1.5,0.2,score_point,0.05390070921985816,1.46625,0.9325,0.0675,0.11612903225806454,705,400,False
model,0.95,0.7,1.5,0.2,score_point,0.05390070921985816,1.4680000000000002,0.96,0.04,0.07048458149779736,705,400,False
model,0.95,0.8,1.5,0.2,score_point,0.05390070921985816,1.472,0.96,0.04,0.07048458149779736,705,400,False
model,0.96,0.2,1.5,0.2,score_point,0.05390070921985816,1.474,0.98,0.02,0.035874439461883414,705,400,False
model,0.95,0.9,1.5,0.2,score_point,0.05390070921985816,1.4759999999999998,0.96,0.04,0.07048458149779736,705,400,False
model,0.96,0.3,1.5,0.2,score_point,0.05390070921985816,1.476,0.98,0.02,0.035874439461883414,705,400,False
model,0.96,0.4,1.5,0.2,score_point,0.05390070921985816,1.4780000000000002,0.98,0.02,0.035874439461883414,705,400,False
model,0.95,1.0,1.5,0.2,score_point,0.05390070921985816,1.48,0.96,0.04,0.07048458149779736,705,400,False
model,0.96,0.5,1.5,0.2,score_point,0.05390070921985816,1.48,0.98,0.02,0.035874439461883414,705,400,False
model,0.96,0.6,1.5,0.2,score_point,0.05390070921985816,1.482,0.98,0.02,0.035874439461883414,705,400,False
model,0.96,0.7,1.5,0.2,score_point,0.05390070921985816,1.484,0.98,0.02,0.035874439461883414,705,400,False
model,0.96,0.8,1.5,0.2,score_point,0.05390070921985816,1.486,0.98,0.02,0.035874439461883414,705,400,False
model,0.96,0.9,1.5,0.2,score_point,0.05390070921985816,1.4880000000000002,0.98,0.02,0.035874439461883414,705,400,False
model,0.96,1.0,1.5,0.2,score_point,0.05390070921985816,1.49,0.98,0.02,0.035874439461883414,705,400,False
model,0.97,0.2,1.5,0.2,score_point,0.05390070921985816,1.4902499999999999,0.9925,0.0075,0.01360544217687075,705,400,False
model,0.97,0.3,1.5,0.2,score_point,0.05390070921985816,1.4910000000000003,0.9925,0.0075,0.01360544217687075,705,400,False
model,0.97,0.4,1.5,0.2,score_point,0.05390070921985816,1.4917500000000001,0.9925,0.0075,0.01360544217687075,705,400,False
model,0.97,0.5,1.5,0.2,score_point,0.05390070921985816,1.4925,0.9925,0.0075,0.01360544217687075,705,400,False
model,0.97,0.6,1.5,0.2,score_point,0.05390070921985816,1.49325,0.9925,0.0075,0.01360544217687075,705,400,False
model,0.97,0.7,1.5,0.2,score_point,0.05390070921985816,1.4939999999999998,0.9925,0.0075,0.01360544217687075,705,400,False
model,0.97,0.8,1.5,0.2,score_point,0.05390070921985816,1.4947500000000002,0.9925,0.0075,0.01360544217687075,705,400,False
model,0.97,0.9,1.5,0.2,score_point,0.05390070921985816,1.4955,0.9925,0.0075,0.01360544217687075,705,400,False
model,0.97,1.0,1.5,0.2,score_point,0.05390070921985816,1.49625,0.9925,0.0075,0.01360544217687075,705,400,False
model,0.98,0.2,1.5,0.2,score_point,0.05390070921985816,1.49675,0.9975,0.0025,0.004555808656036447,705,400,False
model,0.98,0.3,1.5,0.2,score_point,0.05390070921985816,1.4969999999999999,0.9975,0.0025,0.004555808656036447,705,400,False
model,0.98,0.4,1.5,0.2,score_point,0.05390070921985816,1.49725,0.9975,0.0025,0.004555808656036447,705,400,False
model,0.98,0.5,1.5,0.2,score_point,0.05390070921985816,1.4975,0.9975,0.0025,0.004555808656036447,705,400,False
model,0.98,0.6,1.5,0.2,score_point,0.05390070921985816,1.4977500000000001,0.9975,0.0025,0.004555808656036447,705,400,False
model,0.98,0.7,1.5,0.2,score_point,0.05390070921985816,1.4980000000000002,0.9975,0.0025,0.004555808656036447,705,400,False
model,0.98,0.8,1.5,0.2,score_point,0.05390070921985816,1.4982499999999999,0.9975,0.0025,0.004555808656036447,705,400,False
model,0.98,0.9,1.5,0.2,score_point,0.05390070921985816,1.4985,0.9975,0.0025,0.004555808656036447,705,400,False
model,0.98,1.0,1.5,0.2,score_point,0.05390070921985816,1.49875,0.9975,0.0025,0.004555808656036447,705,400,False
model,0.99,0.2,1.5,0.2,score_point,0.05390070921985816,1.5,1.0,0.0,0.0,705,400,False
model,1.0,0.2,1.5,0.2,score_point,0.05390070921985816,1.5,1.0,0.0,0.0,705,400,False
model,0.99,0.3,1.5,0.2,score_point,0.05390070921985816,1.5,1.0,0.0,0.0,705,400,False
model,1.0,0.3,1.5,0.2,score_point,0.05390070921985816,1.5,1.0,0.0,0.0,705,400,False
model,0.99,0.4,1.5,0.2,score_point,0.05390070921985816,1.5,1.0,0.0,0.0,705,400,False
model,1.0,0.4,1.5,0.2,score_point,0.05390070921985816,1.5,1.0,0.0,0.0,705,400,False
model,0.99,0.5,1.5,0.2,score_point,0.05390070921985816,1.5,1.0,0.0,0.0,705,400,False
model,1.0,0.5,1.5,0.2,score_point,0.05390070921985816,1.5,1.0,0.0,0.0,705,400,False
model,0.99,0.6,1.5,0.2,score_point,0.05390070921985816,1.5,1.0,0.0,0.0,705,400,False
model,1.0,0.6,1.5,0.2,score_point,0.05390070921985816,1.5,1.0,0.0,0.0,705,400,False
model,0.99,0.7,1.5,0.2,score_point,0.05390070921985816,1.5,1.0,0.0,0.0,705,400,False
model,1.0,0.7,1.5,0.2,score_point,0.05390070921985816,1.5,1.0,0.0,0.0,705,400,False
model,0.99,0.8,1.5,0.2,score_point,0.05390070921985816,1.5,1.0,0.0,0.0,705,400,False
model,1.0,0.8,1.5,0.2,score_point,0.05390070921985816,1.5,1.0,0.0,0.0,705,400,False
model,0.99,0.9,1.5,0.2,score_point,0.05390070921985816,1.5,1.0,0.0,0.0,705,400,False
model,1.0,0.9,1.5,0.2,score_point,0.05390070921985816,1.5,1.0,0.0,0.0,705,400,False
model,0.99,1.0,1.5,0.2,score_point,0.05390070921985816,1.5,1.0,0.0,0.0,705,400,False
model,1.0,1.0,1.5,0.2,score_point,0.05390070921985816,1.5,1.0,0.0,0.0,705,400,False
model,0.26,0.5,2.5,0.2,score_point,0.05531914893617021,0.705,0.1025,0.8975,0.899749373433584,705,400,True
model,0.27,0.5,2.5,0.2,score_point,0.05531914893617021,0.725,0.1125,0.8875,0.8942065491183878,705,400,False
model,0.25,0.5,3.0,0.2,score_point,0.05531914893617021,0.7375,0.095,0.905,0.9038701622971286,705,400,False
model,0.35,0.5,2.0,0.2,score_point,0.05531914893617021,0.7475,0.165,0.835,0.8641655886157826,705,400,False
model,0.28,0.6,2.0,0.2,score_point,0.05531914893617021,0.7644999999999998,0.1175,0.8825,0.8914141414141414,705,400,False
model,0.05,0.7,3.5,0.2,score_point,0.05531914893617021,0.77,0.025,0.975,0.9408926417370326,705,400,False
model,0.21,0.5,3.5,0.2,score_point,0.05531914893617021,0.77,0.09,0.91,0.9066002490660025,705,400,False
model,0.21,0.6,2.5,0.2,score_point,0.05531914893617021,0.7709999999999999,0.09,0.91,0.9066002490660025,705,400,False
model,0.46,0.4,2.0,0.2,score_point,0.05531914893617021,0.7760000000000002,0.235,0.765,0.8214765100671142,705,400,False
model,0.07,0.7,3.0,0.2,score_point,0.05531914893617021,0.7805000000000001,0.035,0.965,0.9357575757575758,705,400,False
model,0.17,0.7,2.0,0.2,score_point,0.05531914893617021,0.78125,0.0625,0.9375,0.9213759213759214,705,400,False
model,0.33,0.4,3.0,0.2,score_point,0.05531914893617021,0.7965000000000001,0.1525,0.8475,0.8714652956298201,705,400,False
model,0.55,0.3,2.0,0.2,score_point,0.05531914893617021,0.7972499999999999,0.2925,0.7075,0.7839335180055401,705,400,False
model,0.56,0.3,2.0,0.2,score_point,0.05531914893617021,0.7972499999999999,0.2925,0.7075,0.7839335180055401,705,400,False
model,0.46,0.3,2.5,0.2,score_point,0.05531914893617021,0.8170000000000001,0.235,0.765,0.8214765100671142,705,400,False
model,0.57,0.3,2.0,0.2,score_point,0.05531914893617021,0.8184999999999999,0.305,0.695,0.7754532775453277,705,400,False
model,0.42,0.4,2.5,0.2,score_point,0.05531914893617021,0.8305000000000001,0.205,0.795,0.8401585204755615,705,400,False
model,0.31,0.4,3.5,0.2,score_point,0.05531914893617021,0.8340000000000002,0.14,0.86,0.8786717752234994,705,400,False
model,0.65,0.2,2.0,0.2,score_point,0.05531914893617021,0.839,0.355,0.645,0.7403156384505021,705,400,False
model,0.32,0.4,3.5,0.2,score_point,0.05531914893617021,0.8572500000000002,0.1475,0.8525,0.8743589743589744,705,400,False
model,0.15,0.8,2.0,0.2,score_point,0.05531914893617021,0.866,0.055,0.945,0.9253365973072215,705,400,False
model,0.47,0.2,3.0,0.2,score_point,0.05531914893617021,0.8789999999999998,0.2425,0.7575,0.816711590296496,705,400,False
model,0.48,0.2,3.0,0.2,score_point,0.05531914893617021,0.8999999999999999,0.25,0.75,0.8119079837618404,705,400,False
model,0.49,0.2,3.0,0.2,score_point,0.05531914893617021,0.9069999999999999,0.2525,0.7475,0.8102981029810298,705,400,False
model,0.07,0.9,2.0,0.2,score_point,0.05531914893617021,0.9385000000000002,0.035,0.965,0.9357575757575758,705,400,False
model,0.45,0.2,3.5,0.2,score_point,0.05531914893617021,0.9507499999999999,0.2275,0.7725,0.8262032085561498,705,400,False
model,0.01,1.0,2.5,0.2,score_point,0.05531914893617021,1.0075,0.005,0.995,0.9510155316606929,705,400,False
model,0.04,1.0,2.0,0.2,score_point,0.05531914893617021,1.02,0.02,0.98,0.9434416365824307,705,400,False
model,0.68,0.8,1.5,0.2,score_point,0.05531914893617021,1.0642500000000001,0.3775,0.6225,0.7238372093023256,705,400,False
model,0.69,0.8,1.5,0.2,score_point,0.05531914893617021,1.0712500000000003,0.3875,0.6125,0.7163742690058479,705,400,False
model,0.75,0.7,1.5,0.2,score_point,0.05531914893617021,1.0799999999999998,0.475,0.525,0.6471494607087828,705,400,False
model,0.76,0.7,1.5,0.2,score_point,0.05531914893617021,1.0799999999999998,0.475,0.525,0.6471494607087828,705,400,False
model,0.7,0.8,1.5,0.2,score_point,0.05531914893617021,1.0817500000000002,0.4025,0.5975,0.7050147492625369,705,400,False
model,0.71,0.8,1.5,0.2,score_point,0.05531914893617021,1.0905,0.415,0.585,0.6953937592867755,705,400,False
model,0.72,0.8,1.5,0.2,score_point,0.05531914893617021,1.0975000000000001,0.425,0.575,0.6875934230194319,705,400,False
model,0.77,0.7,1.5,0.2,score_point,0.05531914893617021,1.1039999999999999,0.505,0.495,0.6216640502354788,705,400,False
model,0.73,0.8,1.5,0.2,score_point,0.05531914893617021,1.1045000000000003,0.435,0.565,0.6796992481203008,705,400,False
model,0.74,0.8,1.5,0.2,score_point,0.05531914893617021,1.1167500000000001,0.4525,0.5475,0.6656534954407294,705,400,False
model,0.78,0.7,1.5,0.2,score_point,0.05531914893617021,1.1179999999999999,0.5225,0.4775,0.6063492063492064,705,400,False
model,0.79,0.7,1.5,0.2,score_point,0.05531914893617021,1.1239999999999997,0.53,0.47,0.5996810207336523,705,400,False
model,0.82,0.6,1.5,0.2,score_point,0.05531914893617021,1.1242499999999997,0.5825,0.4175,0.5511551155115512,705,400,False
model,0.68,0.9,1.5,0.2,score_point,0.05531914893617021,1.1265,0.3775,0.6225,0.7238372093023256,705,400,False
model,0.69,0.9,1.5,0.2,score_point,0.05531914893617021,1.1325,0.3875,0.6125,0.7163742690058479,705,400,False
model,0.75,0.8,1.5,0.2,score_point,0.05531914893617021,1.1325,0.475,0.525,0.6471494607087828,705,400,False
model,0.76,0.8,1.5,0.2,score_point,0.05531914893617021,1.1325,0.475,0.525,0.6471494607087828,705,400,False
model,0.8,0.7,1.5,0.2,score_point,0.05531914893617021,1.14,0.55,0.45,0.5815831987075929,705,400,False
model,0.7,0.9,1.5,0.2,score_point,0.05531914893617021,1.1415,0.4025,0.5975,0.7050147492625369,705,400,False
model,0.71,0.9,1.5,0.2,score_point,0.05531914893617021,1.149,0.415,0.585,0.6953937592867755,705,400,False
model,0.81,0.7,1.5,0.2,score_point,0.05531914893617021,1.152,0.565,0.435,0.5676998368678629,705,400,False
model,0.77,0.8,1.5,0.2,score_point,0.05531914893617021,1.1535000000000002,0.505,0.495,0.6216640502354788,705,400,False
model,0.72,0.9,1.5,0.2,score_point,0.05531914893617021,1.1550000000000002,0.425,0.575,0.6875934230194319,705,400,False
model,0.87,0.4,1.5,0.2,score_point,0.05531914893617021,1.1562500000000002,0.6875,0.3125,0.44326241134751776,705,400,False
model,0.73,0.9,1.5,0.2,score_point,0.05531914893617021,1.1610000000000003,0.435,0.565,0.6796992481203008,705,400,False
model,0.78,0.8,1.5,0.2,score_point,0.05531914893617021,1.16575,0.5225,0.4775,0.6063492063492064,705,400,False
model,0.79,0.8,1.5,0.2,score_point,0.05531914893617021,1.1710000000000003,0.53,0.47,0.5996810207336523,705,400,False
model,0.74,0.9,1.5,0.2,score_point,0.05531914893617021,1.1715,0.4525,0.5475,0.6656534954407294,705,400,False
model,0.75,0.9,1.5,0.2,score_point,0.05531914893617021,1.185,0.475,0.525,0.6471494607087828,705,400,False
model,0.76,0.9,1.5,0.2,score_point,0.05531914893617021,1.185,0.475,0.525,0.6471494607087828,705,400,False
model,0.8,0.8,1.5,0.2,score_point,0.05531914893617021,1.1850000000000003,0.55,0.45,0.5815831987075929,705,400,False
model,0.87,0.5,1.5,0.2,score_point,0.05531914893617021,1.1875,0.6875,0.3125,0.44326241134751776,705,400,False
model,0.68,1.0,1.5,0.2,score_point,0.05531914893617021,1.18875,0.3775,0.6225,0.7238372093023256,705,400,False
model,0.69,1.0,1.5,0.2,score_point,0.05531914893617021,1.19375,0.3875,0.6125,0.7163742690058479,705,400,False
model,0.81,0.8,1.5,0.2,score_point,0.05531914893617021,1.1955,0.565,0.435,0.5676998368678629,705,400,False
model,0.7,1.0,1.5,0.2,score_point,0.05531914893617021,1.20125,0.4025,0.5975,0.7050147492625369,705,400,False
model,0.77,0.9,1.5,0.2,score_point,0.05531914893617021,1.203,0.505,0.495,0.6216640502354788,705,400,False
model,0.88,0.4,1.5,0.2,score_point,0.05531914893617021,1.20575,0.7325,0.2675,0.39194139194139194,705,400,False
model,0.71,1.0,1.5,0.2,score_point,0.05531914893617021,1.2075,0.415,0.585,0.6953937592867755,705,400,False
model,0.72,1.0,1.5,0.2,score_point,0.05531914893617021,1.2125,0.425,0.575,0.6875934230194319,705,400,False
model,0.78,0.9,1.5,0.2,score_point,0.05531914893617021,1.2135000000000002,0.5225,0.4775,0.6063492063492064,705,400,False
model,0.73,1.0,1.5,0.2,score_point,0.05531914893617021,1.2175,0.435,0.565,0.6796992481203008,705,400,False
model,0.79,0.9,1.5,0.2,score_point,0.05531914893617021,1.2180000000000002,0.53,0.47,0.5996810207336523,705,400,False
model,0.74,1.0,1.5,0.2,score_point,0.05531914893617021,1.22625,0.4525,0.5475,0.6656534954407294,705,400,False
model,0.8,0.9,1.5,0.2,score_point,0.05531914893617021,1.23,0.55,0.45,0.5815831987075929,705,400,False
model,0.88,0.5,1.5,0.2,score_point,0.05531914893617021,1.2325,0.7325,0.2675,0.39194139194139194,705,400,False
model,0.75,1.0,1.5,0.2,score_point,0.05531914893617021,1.2375,0.475,0.525,0.6471494607087828,705,400,False
model,0.76,1.0,1.5,0.2,score_point,0.05531914893617021,1.2375,0.475,0.525,0.6471494607087828,705,400,False
model,0.81,0.9,1.5,0.2,score_point,0.05531914893617021,1.239,0.565,0.435,0.5676998368678629,705,400,False
model,0.77,1.0,1.5,0.2,score_point,0.05531914893617021,1.2525,0.505,0.495,0.6216640502354788,705,400,False
model,0.89,0.4,1.5,0.2,score_point,0.05531914893617021,1.258,0.78,0.22,0.333965844402277,705,400,False
model,0.78,1.0,1.5,0.2,score_point,0.05531914893617021,1.26125,0.5225,0.4775,0.6063492063492064,705,400,False
model,0.79,1.0,1.5,0.2,score_point,0.05531914893617021,1.265,0.53,0.47,0.5996810207336523,705,400,False
model,0.8,1.0,1.5,0.2,score_point,0.05531914893617021,1.275,0.55,0.45,0.5815831987075929,705,400,False
model,0.89,0.5,1.5,0.2,score_point,0.05531914893617021,1.28,0.78,0.22,0.333965844402277,705,400,False
model,0.81,1.0,1.5,0.2,score_point,0.05531914893617021,1.2825,0.565,0.435,0.5676998368678629,705,400,False
model,0.9,0.4,1.5,0.2,score_point,0.05531914893617021,1.2965,0.815,0.185,0.28849902534113064,705,400,False
model,0.9,0.5,1.5,0.2,score_point,0.05531914893617021,1.315,0.815,0.185,0.28849902534113064,705,400,False
model,0.91,0.4,1.5,0.2,score_point,0.05531914893617021,1.32675,0.8425,0.1575,0.250996015936255,705,400,False
model,0.92,0.2,1.5,0.2,score_point,0.05531914893617021,1.331,0.87,0.13,0.21181262729124237,705,400,False
model,0.91,0.5,1.5,0.2,score_point,0.05531914893617021,1.3425,0.8425,0.1575,0.250996015936255,705,400,False
model,0.92,0.3,1.5,0.2,score_point,0.05531914893617021,1.344,0.87,0.13,0.21181262729124237,705,400,False
model,0.92,0.4,1.5,0.2,score_point,0.05531914893617021,1.357,0.87,0.13,0.21181262729124237,705,400,False
model,0.92,0.5,1.5,0.2,score_point,0.05531914893617021,1.37,0.87,0.13,0.21181262729124237,705,400,False
model,0.18,0.5,3.5,0.2,score_point,0.05673758865248227,0.7175,0.0725,0.9275,0.9149198520345253,705,400,False
model,0.33,0.5,2.0,0.2,score_point,0.05673758865248227,0.72875,0.1525,0.8475,0.8703465982028241,705,400,False
model,0.24,0.5,3.0,0.2,score_point,0.05673758865248227,0.73125,0.0925,0.9075,0.904109589041096,705,400,False
model,0.19,0.5,3.5,0.2,score_point,0.05673758865248227,0.7325,0.0775,0.9225,0.9122373300370828,705,400,False
model,0.34,0.5,2.0,0.2,score_point,0.05673758865248227,0.73625,0.1575,0.8425,0.8674388674388674,705,400,False
model,0.18,0.6,2.5,0.2,score_point,0.05673758865248227,0.7377499999999999,0.0725,0.9275,0.9149198520345253,705,400,False
model,0.26,0.6,2.0,0.2,score_point,0.05673758865248227,0.7434999999999999,0.1025,0.8975,0.8986232790988736,705,400,False
model,0.16,0.6,3.0,0.2,score_point,0.05673758865248227,0.7439999999999998,0.06,0.94,0.9215686274509804,705,400,False
model,0.19,0.6,2.5,0.2,score_point,0.05673758865248227,0.74725,0.0775,0.9225,0.9122373300370828,705,400,False
model,0.14,0.6,3.5,0.2,score_point,0.05673758865248227,0.75225,0.0525,0.9475,0.9255189255189256,705,400,False
model,0.2,0.5,3.5,0.2,score_point,0.05673758865248227,0.755,0.085,0.915,0.9081885856079405,705,400,False
model,0.27,0.6,2.0,0.2,score_point,0.05673758865248227,0.7574999999999998,0.1125,0.8875,0.8930817610062892,705,400,False
model,0.2,0.6,2.5,0.2,score_point,0.05673758865248227,0.7614999999999997,0.085,0.915,0.9081885856079405,705,400,False
model,0.36,0.4,2.5,0.2,score_point,0.05673758865248227,0.7622500000000002,0.1725,0.8275,0.8586251621271076,705,400,False
model,0.08,0.7,2.5,0.2,score_point,0.05673758865248227,0.7630000000000001,0.035,0.965,0.9346246973365617,705,400,False
model,0.06,0.7,3.0,0.2,score_point,0.05673758865248227,0.7632499999999999,0.0275,0.9725,0.9384800965018094,705,400,False
model,0.45,0.4,2.0,0.2,score_point,0.05673758865248227,0.7640000000000002,0.2275,0.7725,0.8251001335113485,705,400,False
model,0.09,0.7,2.5,0.2,score_point,0.05673758865248227,0.7719999999999999,0.04,0.96,0.9320388349514563,705,400,False
model,0.37,0.4,2.5,0.2,score_point,0.05673758865248227,0.7727500000000002,0.1775,0.8225,0.8556566970091026,705,400,False
model,0.38,0.4,2.5,0.2,score_point,0.05673758865248227,0.7727500000000002,0.1775,0.8225,0.8556566970091026,705,400,False
model,0.16,0.7,2.0,0.2,score_point,0.05673758865248227,0.778,0.06,0.94,0.9215686274509804,705,400,False
model,0.29,0.4,3.5,0.2,score_point,0.05673758865248227,0.7797500000000003,0.1225,0.8775,0.8874841972187104,705,400,False
model,0.39,0.4,2.5,0.2,score_point,0.05673758865248227,0.7885000000000002,0.185,0.815,0.8511749347258486,705,400,False
model,0.45,0.3,2.5,0.2,score_point,0.05673758865248227,0.8005000000000001,0.2275,0.7725,0.8251001335113485,705,400,False
model,0.3,0.4,3.5,0.2,score_point,0.05673758865248227,0.8030000000000002,0.13,0.87,0.883248730964467,705,400,False
model,0.4,0.4,2.5,0.2,score_point,0.05673758865248227,0.8042500000000001,0.1925,0.8075,0.8466579292267367,705,400,False
model,0.41,0.4,2.5,0.2,score_point,0.05673758865248227,0.8095000000000002,0.195,0.805,0.8451443569553806,705,400,False
model,0.64,0.2,2.0,0.2,score_point,0.05673758865248227,0.8255,0.3475,0.6525,0.7446504992867332,705,400,False
model,0.35,0.3,3.5,0.2,score_point,0.05673758865248227,0.8280000000000001,0.165,0.835,0.8630490956072352,705,400,False
model,0.04,0.8,2.5,0.2,score_point,0.05673758865248227,0.8340000000000001,0.02,0.98,0.9423076923076924,705,400,False
model,0.03,0.8,3.5,0.2,score_point,0.05673758865248227,0.8405,0.015,0.985,0.9448441247002398,705,400,False
model,0.1,0.8,2.0,0.2,score_point,0.05673758865248227,0.8480000000000001,0.04,0.96,0.9320388349514563,705,400,False
model,0.11,0.8,2.0,0.2,score_point,0.05673758865248227,0.8480000000000001,0.04,0.96,0.9320388349514563,705,400,False
model,0.42,0.3,3.0,0.2,score_point,0.05673758865248227,0.8535,0.205,0.795,0.8390501319261214,705,400,False
model,0.12,0.8,2.0,0.2,score_point,0.05673758865248227,0.8540000000000001,0.045,0.955,0.9294403892944039,705,400,False
model,0.13,0.8,2.0,0.2,score_point,0.05673758865248227,0.86,0.05,0.95,0.9268292682926829,705,400,False
model,0.14,0.8,2.0,0.2,score_point,0.05673758865248227,0.8630000000000001,0.0525,0.9475,0.9255189255189256,705,400,False
model,0.55,0.2,2.5,0.2,score_point,0.05673758865248227,0.8727499999999999,0.2925,0.7075,0.7828492392807747,705,400,False
model,0.56,0.2,2.5,0.2,score_point,0.05673758865248227,0.8727499999999999,0.2925,0.7075,0.7828492392807747,705,400,False
model,0.57,0.2,2.5,0.2,score_point,0.05673758865248227,0.9015,0.305,0.695,0.7743732590529249,705,400,False
model,0.02,0.9,3.0,0.2,score_point,0.05673758865248227,0.9105000000000001,0.005,0.995,0.9498806682577566,705,400,False
model,0.01,0.9,3.5,0.2,score_point,0.05673758865248227,0.9130000000000001,0.005,0.995,0.9498806682577566,705,400,False
model,0.03,0.9,2.5,0.2,score_point,0.05673758865248227,0.9240000000000004,0.015,0.985,0.9448441247002398,705,400,False
model,0.05,0.9,2.0,0.2,score_point,0.05673758865248227,0.9275000000000003,0.025,0.975,0.9397590361445783,705,400,False
model,0.06,0.9,2.0,0.2,score_point,0.05673758865248227,0.9302500000000002,0.0275,0.9725,0.9384800965018094,705,400,False
model,0.44,0.2,3.5,0.2,score_point,0.05673758865248227,0.9424999999999999,0.225,0.775,0.8266666666666667,705,400,False
model,0.68,0.7,1.5,0.2,score_point,0.05673758865248227,1.0019999999999998,0.3775,0.6225,0.7227866473149492,705,400,False
model,0.69,0.7,1.5,0.2,score_point,0.05673758865248227,1.0099999999999998,0.3875,0.6125,0.7153284671532847,705,400,False
model,0.7,0.7,1.5,0.2,score_point,0.05673758865248227,1.0219999999999998,0.4025,0.5975,0.7039764359351988,705,400,False
model,0.75,0.6,1.5,0.2,score_point,0.05673758865248227,1.0274999999999999,0.475,0.525,0.6461538461538462,705,400,False
model,0.76,0.6,1.5,0.2,score_point,0.05673758865248227,1.0274999999999999,0.475,0.525,0.6461538461538462,705,400,False
model,0.71,0.7,1.5,0.2,score_point,0.05673758865248227,1.0319999999999998,0.415,0.585,0.6943620178041543,705,400,False
model,0.72,0.7,1.5,0.2,score_point,0.05673758865248227,1.0399999999999998,0.425,0.575,0.6865671641791045,705,400,False
model,0.73,0.7,1.5,0.2,score_point,0.05673758865248227,1.0479999999999998,0.435,0.565,0.6786786786786787,705,400,False
model,0.65,0.8,1.5,0.2,score_point,0.05673758865248227,1.0485000000000002,0.355,0.645,0.7392550143266476,705,400,False
model,0.83,0.4,1.5,0.2,score_point,0.05673758865248227,1.0490000000000002,0.59,0.41,0.543046357615894,705,400,False
model,0.66,0.8,1.5,0.2,score_point,0.05673758865248227,1.0537500000000002,0.3625,0.6375,0.7338129496402878,705,400,False
model,0.77,0.6,1.5,0.2,score_point,0.05673758865248227,1.0545,0.505,0.495,0.6206896551724138,705,400,False
model,0.67,0.8,1.5,0.2,score_point,0.05673758865248227,1.0590000000000002,0.37,0.63,0.7283236994219653,705,400,False
model,0.74,0.7,1.5,0.2,score_point,0.05673758865248227,1.0619999999999998,0.4525,0.5475,0.6646433990895296,705,400,False
model,0.78,0.6,1.5,0.2,score_point,0.05673758865248227,1.07025,0.5225,0.4775,0.6053882725832013,705,400,False
model,0.84,0.4,1.5,0.2,score_point,0.05673758865248227,1.07375,0.6125,0.3875,0.5210084033613446,705,400,False
model,0.79,0.6,1.5,0.2,score_point,0.05673758865248227,1.077,0.53,0.47,0.5987261146496815,705,400,False
model,0.83,0.5,1.5,0.2,score_point,0.05673758865248227,1.09,0.59,0.41,0.543046357615894,705,400,False
model,0.8,0.6,1.5,0.2,score_point,0.05673758865248227,1.095,0.55,0.45,0.5806451612903226,705,400,False
model,0.85,0.4,1.5,0.2,score_point,0.05673758865248227,1.0957500000000002,0.6325,0.3675,0.5008517887563884,705,400,False
model,0.81,0.6,1.5,0.2,score_point,0.05673758865248227,1.1085,0.565,0.435,0.5667752442996742,705,400,False
model,0.84,0.5,1.5,0.2,score_point,0.05673758865248227,1.1125,0.6125,0.3875,0.5210084033613446,705,400,False
model,0.65,0.9,1.5,0.2,score_point,0.05673758865248227,1.1130000000000002,0.355,0.645,0.7392550143266476,705,400,False
model,0.66,0.9,1.5,0.2,score_point,0.05673758865248227,1.1175000000000002,0.3625,0.6375,0.7338129496402878,705,400,False
model,0.67,0.9,1.5,0.2,score_point,0.05673758865248227,1.122,0.37,0.63,0.7283236994219653,705,400,False
model,0.86,0.4,1.5,0.2,score_point,0.05673758865248227,1.12325,0.6575,0.3425,0.4748700173310225,705,400,False
model,0.85,0.5,1.5,0.2,score_point,0.05673758865248227,1.1325,0.6325,0.3675,0.5008517887563884,705,400,False
model,0.86,0.5,1.5,0.2,score_point,0.05673758865248227,1.1575,0.6575,0.3425,0.4748700173310225,705,400,False
model,0.65,1.0,1.5,0.2,score_point,0.05673758865248227,1.1775,0.355,0.645,0.7392550143266476,705,400,False
model,0.66,1.0,1.5,0.2,score_point,0.05673758865248227,1.18125,0.3625,0.6375,0.7338129496402878,705,400,False
model,0.67,1.0,1.5,0.2,score_point,0.05673758865248227,1.185,0.37,0.63,0.7283236994219653,705,400,False
model,0.9,0.3,1.5,0.2,score_point,0.05673758865248227,1.278,0.815,0.185,0.28793774319066145,705,400,False
model,0.91,0.3,1.5,0.2,score_point,0.05673758865248227,1.3110000000000002,0.8425,0.1575,0.2504970178926441,705,400,False
model,0.17,0.5,3.5,0.2,score_point,0.05815602836879433,0.6875,0.0625,0.9375,0.9191176470588235,705,400,True
model,0.17,0.6,2.5,0.2,score_point,0.05815602836879433,0.7187499999999999,0.0625,0.9375,0.9191176470588235,705,400,False
model,0.12,0.6,3.5,0.2,score_point,0.05815602836879433,0.7304999999999998,0.045,0.955,0.928311057108141,705,400,False
model,0.22,0.5,3.0,0.2,score_point,0.05815602836879433,0.73125,0.0925,0.9075,0.9029850746268657,705,400,False
model,0.23,0.5,3.0,0.2,score_point,0.05815602836879433,0.73125,0.0925,0.9075,0.9029850746268657,705,400,False
model,0.15,0.6,3.0,0.2,score_point,0.05815602836879433,0.7319999999999999,0.055,0.945,0.9230769230769231,705,400,False
model,0.13,0.6,3.5,0.2,score_point,0.05815602836879433,0.7449999999999997,0.05,0.95,0.9257003654080389,705,400,False
model,0.04,0.7,3.5,0.2,score_point,0.05815602836879433,0.7559999999999999,0.02,0.98,0.9411764705882352,705,400,False
model,0.05,0.7,3.0,0.2,score_point,0.05815602836879433,0.7575,0.025,0.975,0.9386281588447654,705,400,False
model,0.52,0.3,2.0,0.2,score_point,0.05815602836879433,0.759,0.27,0.73,0.7967257844474761,705,400,False
model,0.44,0.4,2.0,0.2,score_point,0.05815602836879433,0.7600000000000001,0.225,0.775,0.8255659121171771,705,400,False
model,0.28,0.4,3.5,0.2,score_point,0.05815602836879433,0.7642500000000001,0.1175,0.8825,0.889168765743073,705,400,False
model,0.36,0.3,3.0,0.2,score_point,0.05815602836879433,0.7657500000000002,0.1725,0.8275,0.8575129533678757,705,400,False
model,0.15,0.7,2.0,0.2,score_point,0.05815602836879433,0.7715000000000001,0.055,0.945,0.9230769230769231,705,400,False
model,0.53,0.3,2.0,0.2,score_point,0.05815602836879433,0.7760000000000001,0.28,0.72,0.7901234567901235,705,400,False
model,0.37,0.3,3.0,0.2,score_point,0.05815602836879433,0.7792500000000001,0.1775,0.8225,0.8545454545454545,705,400,False
model,0.38,0.3,3.0,0.2,score_point,0.05815602836879433,0.7792500000000001,0.1775,0.8225,0.8545454545454545,705,400,False
model,0.54,0.3,2.0,0.2,score_point,0.05815602836879433,0.78875,0.2875,0.7125,0.7851239669421487,705,400,False
model,0.44,0.3,2.5,0.2,score_point,0.05815602836879433,0.795,0.225,0.775,0.8255659121171771,705,400,False
model,0.39,0.3,3.0,0.2,score_point,0.05815602836879433,0.7995,0.185,0.815,0.8500651890482398,705,400,False
model,0.34,0.3,3.5,0.2,score_point,0.05815602836879433,0.804,0.1575,0.8425,0.8663239074550129,705,400,False
model,0.63,0.2,2.0,0.2,score_point,0.05815602836879433,0.8165,0.3425,0.6575,0.7471590909090909,705,400,False
model,0.4,0.3,3.0,0.2,score_point,0.05815602836879433,0.8197500000000001,0.1925,0.8075,0.8455497382198951,705,400,False
model,0.41,0.3,3.0,0.2,score_point,0.05815602836879433,0.8265,0.195,0.805,0.8440366972477065,705,400,False
model,0.46,0.2,3.0,0.2,score_point,0.05815602836879433,0.8579999999999999,0.235,0.765,0.8192771084337349,705,400,False
model,0.04,0.9,2.0,0.2,score_point,0.05815602836879433,0.9220000000000002,0.02,0.98,0.9411764705882352,705,400,False
model,0.7,0.6,1.5,0.2,score_point,0.05815602836879433,0.9622499999999999,0.4025,0.5975,0.7029411764705882,705,400,False
model,0.71,0.6,1.5,0.2,score_point,0.05815602836879433,0.9734999999999999,0.415,0.585,0.6933333333333332,705,400,False
model,0.72,0.6,1.5,0.2,score_point,0.05815602836879433,0.9824999999999998,0.425,0.575,0.6855439642324889,705,400,False
model,0.65,0.7,1.5,0.2,score_point,0.05815602836879433,0.9839999999999998,0.355,0.645,0.7381974248927039,705,400,False
model,0.52,0.8,1.5,0.2,score_point,0.05815602836879433,0.9890000000000001,0.27,0.73,0.7967257844474761,705,400,False
model,0.66,0.7,1.5,0.2,score_point,0.05815602836879433,0.9899999999999999,0.3625,0.6375,0.732758620689655,705,400,False
model,0.73,0.6,1.5,0.2,score_point,0.05815602836879433,0.9914999999999998,0.435,0.565,0.6776611694152924,705,400,False
model,0.67,0.7,1.5,0.2,score_point,0.05815602836879433,0.9959999999999998,0.37,0.63,0.7272727272727273,705,400,False
model,0.53,0.8,1.5,0.2,score_point,0.05815602836879433,0.9960000000000002,0.28,0.72,0.7901234567901235,705,400,False
model,0.54,0.8,1.5,0.2,score_point,0.05815602836879433,1.0012500000000002,0.2875,0.7125,0.7851239669421487,705,400,False
model,0.55,0.8,1.5,0.2,score_point,0.05815602836879433,1.0047500000000003,0.2925,0.7075,0.7817679558011049,705,400,False
model,0.56,0.8,1.5,0.2,score_point,0.05815602836879433,1.0047500000000003,0.2925,0.7075,0.7817679558011049,705,400,False
model,0.02,1.0,2.0,0.2,score_point,0.05815602836879433,1.005,0.005,0.995,0.9487485101311085,705,400,False
model,0.74,0.6,1.5,0.2,score_point,0.05815602836879433,1.00725,0.4525,0.5475,0.6636363636363637,705,400,False
model,0.57,0.8,1.5,0.2,score_point,0.05815602836879433,1.0135000000000003,0.305,0.695,0.7732962447844227,705,400,False
model,0.03,1.0,2.0,0.2,score_point,0.05815602836879433,1.015,0.015,0.985,0.9437125748502992,705,400,False
model,0.58,0.8,1.5,0.2,score_point,0.05815602836879433,1.01525,0.3075,0.6925,0.7715877437325905,705,400,False
model,0.59,0.8,1.5,0.2,score_point,0.05815602836879433,1.0240000000000002,0.32,0.68,0.7629733520336606,705,400,False
model,0.6,0.8,1.5,0.2,score_point,0.05815602836879433,1.0275,0.325,0.675,0.7594936708860759,705,400,False
model,0.61,0.8,1.5,0.2,score_point,0.05815602836879433,1.0327500000000003,0.3325,0.6675,0.7542372881355931,705,400,False
model,0.62,0.8,1.5,0.2,score_point,0.05815602836879433,1.0362500000000001,0.3375,0.6625,0.7507082152974504,705,400,False
model,0.63,0.8,1.5,0.2,score_point,0.05815602836879433,1.0397500000000002,0.3425,0.6575,0.7471590909090909,705,400,False
model,0.82,0.4,1.5,0.2,score_point,0.05815602836879433,1.04075,0.5825,0.4175,0.549342105263158,705,400,False
model,0.64,0.8,1.5,0.2,score_point,0.05815602836879433,1.0432500000000002,0.3475,0.6525,0.7435897435897435,705,400,False
model,0.52,0.9,1.5,0.2,score_point,0.05815602836879433,1.0620000000000003,0.27,0.73,0.7967257844474761,705,400,False
model,0.53,0.9,1.5,0.2,score_point,0.05815602836879433,1.068,0.28,0.72,0.7901234567901235,705,400,False
model,0.54,0.9,1.5,0.2,score_point,0.05815602836879433,1.0725000000000002,0.2875,0.7125,0.7851239669421487,705,400,False
model,0.55,0.9,1.5,0.2,score_point,0.05815602836879433,1.0755000000000001,0.2925,0.7075,0.7817679558011049,705,400,False
model,0.56,0.9,1.5,0.2,score_point,0.05815602836879433,1.0755000000000001,0.2925,0.7075,0.7817679558011049,705,400,False
model,0.82,0.5,1.5,0.2,score_point,0.05815602836879433,1.0825,0.5825,0.4175,0.549342105263158,705,400,False
model,0.57,0.9,1.5,0.2,score_point,0.05815602836879433,1.0830000000000002,0.305,0.695,0.7732962447844227,705,400,False
model,0.58,0.9,1.5,0.2,score_point,0.05815602836879433,1.0845000000000002,0.3075,0.6925,0.7715877437325905,705,400,False
model,0.59,0.9,1.5,0.2,score_point,0.05815602836879433,1.092,0.32,0.68,0.7629733520336606,705,400,False
model,0.6,0.9,1.5,0.2,score_point,0.05815602836879433,1.0950000000000002,0.325,0.675,0.7594936708860759,705,400,False
model,0.61,0.9,1.5,0.2,score_point,0.05815602836879433,1.0995000000000001,0.3325,0.6675,0.7542372881355931,705,400,False
model,0.62,0.9,1.5,0.2,score_point,0.05815602836879433,1.1025,0.3375,0.6625,0.7507082152974504,705,400,False
model,0.63,0.9,1.5,0.2,score_point,0.05815602836879433,1.1055000000000001,0.3425,0.6575,0.7471590909090909,705,400,False
model,0.64,0.9,1.5,0.2,score_point,0.05815602836879433,1.1085000000000003,0.3475,0.6525,0.7435897435897435,705,400,False
model,0.47,1.0,1.5,0.2,score_point,0.05815602836879433,1.12125,0.2425,0.7575,0.8145161290322581,705,400,False
model,0.48,1.0,1.5,0.2,score_point,0.05815602836879433,1.125,0.25,0.75,0.8097165991902833,705,400,False
model,0.49,1.0,1.5,0.2,score_point,0.05815602836879433,1.12625,0.2525,0.7475,0.8081081081081081,705,400,False
model,0.5,1.0,1.5,0.2,score_point,0.05815602836879433,1.12625,0.2525,0.7475,0.8081081081081081,705,400,False
model,0.51,1.0,1.5,0.2,score_point,0.05815602836879433,1.135,0.27,0.73,0.7967257844474761,705,400,False
model,0.52,1.0,1.5,0.2,score_point,0.05815602836879433,1.135,0.27,0.73,0.7967257844474761,705,400,False
model,0.53,1.0,1.5,0.2,score_point,0.05815602836879433,1.14,0.28,0.72,0.7901234567901235,705,400,False
model,0.54,1.0,1.5,0.2,score_point,0.05815602836879433,1.14375,0.2875,0.7125,0.7851239669421487,705,400,False
model,0.55,1.0,1.5,0.2,score_point,0.05815602836879433,1.14625,0.2925,0.7075,0.7817679558011049,705,400,False
model,0.56,1.0,1.5,0.2,score_point,0.05815602836879433,1.14625,0.2925,0.7075,0.7817679558011049,705,400,False
model,0.57,1.0,1.5,0.2,score_point,0.05815602836879433,1.1525,0.305,0.695,0.7732962447844227,705,400,False
model,0.58,1.0,1.5,0.2,score_point,0.05815602836879433,1.15375,0.3075,0.6925,0.7715877437325905,705,400,False
model,0.59,1.0,1.5,0.2,score_point,0.05815602836879433,1.16,0.32,0.68,0.7629733520336606,705,400,False
model,0.6,1.0,1.5,0.2,score_point,0.05815602836879433,1.1625,0.325,0.675,0.7594936708860759,705,400,False
model,0.61,1.0,1.5,0.2,score_point,0.05815602836879433,1.16625,0.3325,0.6675,0.7542372881355931,705,400,False
model,0.62,1.0,1.5,0.2,score_point,0.05815602836879433,1.16875,0.3375,0.6625,0.7507082152974504,705,400,False
model,0.63,1.0,1.5,0.2,score_point,0.05815602836879433,1.17125,0.3425,0.6575,0.7471590909090909,705,400,False
model,0.64,1.0,1.5,0.2,score_point,0.05815602836879433,1.17375,0.3475,0.6525,0.7435897435897435,705,400,False
model,0.9,0.2,1.5,0.2,score_point,0.05815602836879433,1.2594999999999998,0.815,0.185,0.28737864077669906,705,400,False
model,0.91,0.2,1.5,0.2,score_point,0.05815602836879433,1.2952499999999998,0.8425,0.1575,0.25,705,400,False
model,0.31,0.5,2.0,0.2,score_point,0.059574468085106386,0.71,0.14,0.86,0.8753180661577609,705,400,False
model,0.11,0.6,3.5,0.2,score_point,0.059574468085106386,0.716,0.04,0.96,0.9297820823244551,705,400,False
model,0.26,0.4,3.5,0.2,score_point,0.059574468085106386,0.7177500000000001,0.1025,0.8975,0.8963795255930087,705,400,False
model,0.32,0.5,2.0,0.2,score_point,0.059574468085106386,0.72125,0.1475,0.8525,0.8710089399744572,705,400,False
model,0.21,0.5,3.0,0.2,score_point,0.059574468085106386,0.725,0.09,0.91,0.9032258064516129,705,400,False
model,0.5,0.3,2.0,0.2,score_point,0.059574468085106386,0.72925,0.2525,0.7475,0.8070175438596492,705,400,False
model,0.35,0.4,2.5,0.2,score_point,0.059574468085106386,0.7465,0.165,0.835,0.8608247422680413,705,400,False
model,0.27,0.4,3.5,0.2,score_point,0.059574468085106386,0.7487500000000001,0.1125,0.8875,0.890840652446675,705,400,False
model,0.51,0.3,2.0,0.2,score_point,0.059574468085106386,0.759,0.27,0.73,0.7956403269754768,705,400,False
model,0.31,0.4,3.0,0.2,score_point,0.059574468085106386,0.7640000000000002,0.14,0.86,0.8753180661577609,705,400,False
model,0.14,0.7,2.0,0.2,score_point,0.059574468085106386,0.76825,0.0525,0.9475,0.92326431181486,705,400,False
model,0.32,0.4,3.0,0.2,score_point,0.059574468085106386,0.7835000000000002,0.1475,0.8525,0.8710089399744572,705,400,False
model,0.33,0.3,3.5,0.2,score_point,0.059574468085106386,0.7880000000000001,0.1525,0.8475,0.8681177976952625,705,400,False
model,0.62,0.2,2.0,0.2,score_point,0.059574468085106386,0.8075,0.3375,0.6625,0.7496463932107497,705,400,False
model,0.52,0.2,2.5,0.2,score_point,0.059574468085106386,0.821,0.27,0.73,0.7956403269754768,705,400,False
model,0.03,0.8,3.0,0.2,score_point,0.059574468085106386,0.833,0.015,0.985,0.9425837320574162,705,400,False
model,0.45,0.2,3.0,0.2,score_point,0.059574468085106386,0.8369999999999999,0.2275,0.7725,0.8229027962716379,705,400,False
model,0.08,0.8,2.0,0.2,score_point,0.059574468085106386,0.8419999999999999,0.035,0.965,0.932367149758454,705,400,False
model,0.53,0.2,2.5,0.2,score_point,0.059574468085106386,0.8439999999999999,0.28,0.72,0.7890410958904109,705,400,False
model,0.09,0.8,2.0,0.2,score_point,0.059574468085106386,0.8480000000000001,0.04,0.96,0.9297820823244551,705,400,False
model,0.54,0.2,2.5,0.2,score_point,0.059574468085106386,0.86125,0.2875,0.7125,0.7840440165061898,705,400,False
model,0.43,0.2,3.5,0.2,score_point,0.059574468085106386,0.8929999999999998,0.21,0.79,0.8337730870712402,705,400,False
model,0.01,0.9,3.0,0.2,score_point,0.059574468085106386,0.9105000000000001,0.005,0.995,0.9476190476190477,705,400,False
model,0.52,0.7,1.5,0.2,score_point,0.059574468085106386,0.9159999999999999,0.27,0.73,0.7956403269754768,705,400,False
model,0.75,0.4,1.5,0.2,score_point,0.059574468085106386,0.9225000000000001,0.475,0.525,0.6441717791411044,705,400,False
model,0.76,0.4,1.5,0.2,score_point,0.059574468085106386,0.9225000000000001,0.475,0.525,0.6441717791411044,705,400,False
model,0.53,0.7,1.5,0.2,score_point,0.059574468085106386,0.9239999999999998,0.28,0.72,0.7890410958904109,705,400,False
model,0.54,0.7,1.5,0.2,score_point,0.059574468085106386,0.9299999999999998,0.2875,0.7125,0.7840440165061898,705,400,False
model,0.55,0.7,1.5,0.2,score_point,0.059574468085106386,0.9339999999999997,0.2925,0.7075,0.7806896551724138,705,400,False
model,0.56,0.7,1.5,0.2,score_point,0.059574468085106386,0.9339999999999997,0.2925,0.7075,0.7806896551724138,705,400,False
model,0.68,0.6,1.5,0.2,score_point,0.059574468085106386,0.93975,0.3775,0.6225,0.7206946454413893,705,400,False
model,0.57,0.7,1.5,0.2,score_point,0.059574468085106386,0.9439999999999997,0.305,0.695,0.7722222222222221,705,400,False
model,0.58,0.7,1.5,0.2,score_point,0.059574468085106386,0.946,0.3075,0.6925,0.7705146036161336,705,400,False
model,0.69,0.6,1.5,0.2,score_point,0.059574468085106386,0.9487499999999999,0.3875,0.6125,0.7132459970887919,705,400,False
model,0.77,0.4,1.5,0.2,score_point,0.059574468085106386,0.9555000000000001,0.505,0.495,0.61875,705,400,False
model,0.59,0.7,1.5,0.2,score_point,0.059574468085106386,0.9559999999999998,0.32,0.68,0.761904761904762,705,400,False
model,0.6,0.7,1.5,0.2,score_point,0.059574468085106386,0.9599999999999999,0.325,0.675,0.7584269662921348,705,400,False
model,0.61,0.7,1.5,0.2,score_point,0.059574468085106386,0.9659999999999997,0.3325,0.6675,0.7531734837799717,705,400,False
model,0.47,0.8,1.5,0.2,score_point,0.059574468085106386,0.9697500000000002,0.2425,0.7575,0.8134228187919462,705,400,False
model,0.62,0.7,1.5,0.2,score_point,0.059574468085106386,0.9699999999999999,0.3375,0.6625,0.7496463932107497,705,400,False
model,0.63,0.7,1.5,0.2,score_point,0.059574468085106386,0.9739999999999998,0.3425,0.6575,0.7460992907801417,705,400,False
model,0.78,0.4,1.5,0.2,score_point,0.059574468085106386,0.9747500000000001,0.5225,0.4775,0.6034755134281201,705,400,False
model,0.75,0.5,1.5,0.2,score_point,0.059574468085106386,0.975,0.475,0.525,0.6441717791411044,705,400,False
model,0.76,0.5,1.5,0.2,score_point,0.059574468085106386,0.975,0.475,0.525,0.6441717791411044,705,400,False
model,0.48,0.8,1.5,0.2,score_point,0.059574468085106386,0.9750000000000001,0.25,0.75,0.8086253369272236,705,400,False
model,0.49,0.8,1.5,0.2,score_point,0.059574468085106386,0.9767500000000001,0.2525,0.7475,0.8070175438596492,705,400,False
model,0.5,0.8,1.5,0.2,score_point,0.059574468085106386,0.9767500000000001,0.2525,0.7475,0.8070175438596492,705,400,False
model,0.64,0.7,1.5,0.2,score_point,0.059574468085106386,0.9779999999999999,0.3475,0.6525,0.7425320056899004,705,400,False
model,0.79,0.4,1.5,0.2,score_point,0.059574468085106386,0.9830000000000001,0.53,0.47,0.5968253968253968,705,400,False
model,0.51,0.8,1.5,0.2,score_point,0.059574468085106386,0.9890000000000001,0.27,0.73,0.7956403269754768,705,400,False
model,0.77,0.5,1.5,0.2,score_point,0.059574468085106386,1.005,0.505,0.495,0.61875,705,400,False
model,0.8,0.4,1.5,0.2,score_point,0.059574468085106386,1.005,0.55,0.45,0.5787781350482315,705,400,False
model,0.81,0.4,1.5,0.2,score_point,0.059574468085106386,1.0215,0.565,0.435,0.5649350649350648,705,400,False
model,0.78,0.5,1.5,0.2,score_point,0.059574468085106386,1.0225,0.5225,0.4775,0.6034755134281201,705,400,False
model,0.79,0.5,1.5,0.2,score_point,0.059574468085106386,1.03,0.53,0.47,0.5968253968253968,705,400,False
model,0.47,0.9,1.5,0.2,score_point,0.059574468085106386,1.0455,0.2425,0.7575,0.8134228187919462,705,400,False
model,0.8,0.5,1.5,0.2,score_point,0.059574468085106386,1.05,0.55,0.45,0.5787781350482315,705,400,False
model,0.48,0.9,1.5,0.2,score_point,0.059574468085106386,1.0500000000000003,0.25,0.75,0.8086253369272236,705,400,False
model,0.49,0.9,1.5,0.2,score_point,0.059574468085106386,1.0515,0.2525,0.7475,0.8070175438596492,705,400,False
model,0.5,0.9,1.5,0.2,score_point,0.059574468085106386,1.0515,0.2525,0.7475,0.8070175438596492,705,400,False
model,0.51,0.9,1.5,0.2,score_point,0.059574468085106386,1.0620000000000003,0.27,0.73,0.7956403269754768,705,400,False
model,0.81,0.5,1.5,0.2,score_point,0.059574468085106386,1.065,0.565,0.435,0.5649350649350648,705,400,False
model,0.42,1.0,1.5,0.2,score_point,0.059574468085106386,1.1025,0.205,0.795,0.8368421052631579,705,400,False
model,0.43,1.0,1.5,0.2,score_point,0.059574468085106386,1.105,0.21,0.79,0.8337730870712402,705,400,False
model,0.44,1.0,1.5,0.2,score_point,0.059574468085106386,1.1125,0.225,0.775,0.824468085106383,705,400,False
model,0.45,1.0,1.5,0.2,score_point,0.059574468085106386,1.11375,0.2275,0.7725,0.8229027962716379,705,400,False
model,0.46,1.0,1.5,0.2,score_point,0.059574468085106386,1.1175,0.235,0.765,0.8181818181818182,705,400,False
model,0.87,0.3,1.5,0.2,score_point,0.059574468085106386,1.1250000000000002,0.6875,0.3125,0.4409171075837742,705,400,False
model,0.88,0.3,1.5,0.2,score_point,0.059574468085106386,1.179,0.7325,0.2675,0.38979963570127507,705,400,False
model,0.89,0.3,1.5,0.2,score_point,0.059574468085106386,1.236,0.78,0.22,0.33207547169811324,705,400,False
model,0.18,0.5,3.0,0.2,score_point,0.06099290780141844,0.68125,0.0725,0.9275,0.9115479115479116,705,400,True
model,0.29,0.5,2.0,0.2,score_point,0.06099290780141844,0.68375,0.1225,0.8775,0.8841309823677581,705,400,False
model,0.25,0.5,2.5,0.2,score_point,0.06099290780141844,0.69,0.095,0.905,0.8993788819875776,705,400,False
model,0.19,0.5,3.0,0.2,score_point,0.06099290780141844,0.69375,0.0775,0.9225,0.9088669950738917,705,400,False
model,0.3,0.5,2.0,0.2,score_point,0.06099290780141844,0.695,0.13,0.87,0.8798988621997472,705,400,False
model,0.47,0.3,2.0,0.2,score_point,0.06099290780141844,0.7122499999999999,0.2425,0.7575,0.8123324396782842,705,400,False
model,0.2,0.5,3.0,0.2,score_point,0.06099290780141844,0.7125,0.085,0.915,0.9048207663782448,705,400,False
model,0.1,0.6,3.5,0.2,score_point,0.06099290780141844,0.716,0.04,0.96,0.9286577992744861,705,400,False
model,0.29,0.4,3.0,0.2,score_point,0.06099290780141844,0.7185000000000002,0.1225,0.8775,0.8841309823677581,705,400,False
model,0.48,0.3,2.0,0.2,score_point,0.06099290780141844,0.725,0.25,0.75,0.8075370121130551,705,400,False
model,0.14,0.6,3.0,0.2,score_point,0.06099290780141844,0.726,0.0525,0.9475,0.9221411192214113,705,400,False
model,0.49,0.3,2.0,0.2,score_point,0.06099290780141844,0.72925,0.2525,0.7475,0.8059299191374663,705,400,False
model,0.34,0.4,2.5,0.2,score_point,0.06099290780141844,0.7307500000000001,0.1575,0.8425,0.8641025641025641,705,400,False
model,0.25,0.6,2.0,0.2,score_point,0.06099290780141844,0.7329999999999999,0.095,0.905,0.8993788819875776,705,400,False
model,0.43,0.4,2.0,0.2,score_point,0.06099290780141844,0.7360000000000002,0.21,0.79,0.8326745718050066,705,400,False
model,0.3,0.4,3.0,0.2,score_point,0.06099290780141844,0.7380000000000001,0.13,0.87,0.8798988621997472,705,400,False
model,0.35,0.3,3.0,0.2,score_point,0.06099290780141844,0.7455000000000002,0.165,0.835,0.8597168597168597,705,400,False
model,0.04,0.7,3.0,0.2,score_point,0.06099290780141844,0.746,0.02,0.98,0.9389221556886228,705,400,False
model,0.1,0.7,2.0,0.2,score_point,0.06099290780141844,0.7519999999999999,0.04,0.96,0.9286577992744861,705,400,False
model,0.11,0.7,2.0,0.2,score_point,0.06099290780141844,0.7519999999999999,0.04,0.96,0.9286577992744861,705,400,False
model,0.12,0.7,2.0,0.2,score_point,0.06099290780141844,0.7585,0.045,0.955,0.9260606060606061,705,400,False
model,0.43,0.3,2.5,0.2,score_point,0.06099290780141844,0.7619999999999999,0.21,0.79,0.8326745718050066,705,400,False
model,0.07,0.7,2.5,0.2,score_point,0.06099290780141844,0.7630000000000001,0.035,0.965,0.93124246079614,705,400,False
model,0.13,0.7,2.0,0.2,score_point,0.06099290780141844,0.765,0.05,0.95,0.9234507897934385,705,400,False
model,0.59,0.2,2.0,0.2,score_point,0.06099290780141844,0.7759999999999999,0.32,0.68,0.7608391608391608,705,400,False
model,0.5,0.2,2.5,0.2,score_point,0.06099290780141844,0.78075,0.2525,0.7475,0.8059299191374663,705,400,False
model,0.6,0.2,2.0,0.2,score_point,0.06099290780141844,0.785,0.325,0.675,0.7573632538569424,705,400,False
model,0.61,0.2,2.0,0.2,score_point,0.06099290780141844,0.7985,0.3325,0.6675,0.7521126760563381,705,400,False
model,0.51,0.2,2.5,0.2,score_point,0.06099290780141844,0.821,0.27,0.73,0.7945578231292516,705,400,False
model,0.44,0.2,3.0,0.2,score_point,0.06099290780141844,0.83,0.225,0.775,0.8233731739707835,705,400,False
model,0.07,0.8,2.0,0.2,score_point,0.06099290780141844,0.8419999999999999,0.035,0.965,0.93124246079614,705,400,False
model,0.47,0.7,1.5,0.2,score_point,0.06099290780141844,0.8939999999999998,0.2425,0.7575,0.8123324396782842,705,400,False
model,0.48,0.7,1.5,0.2,score_point,0.06099290780141844,0.8999999999999999,0.25,0.75,0.8075370121130551,705,400,False
model,0.49,0.7,1.5,0.2,score_point,0.06099290780141844,0.9019999999999999,0.2525,0.7475,0.8059299191374663,705,400,False
model,0.5,0.7,1.5,0.2,score_point,0.06099290780141844,0.9019999999999999,0.2525,0.7475,0.8059299191374663,705,400,False
model,0.02,0.9,2.5,0.2,score_point,0.06099290780141844,0.9080000000000001,0.005,0.995,0.9464922711058263,705,400,False
model,0.51,0.7,1.5,0.2,score_point,0.06099290780141844,0.9159999999999999,0.27,0.73,0.7945578231292516,705,400,False
model,0.65,0.6,1.5,0.2,score_point,0.06099290780141844,0.9194999999999999,0.355,0.645,0.7360912981455063,705,400,False
model,0.66,0.6,1.5,0.2,score_point,0.06099290780141844,0.9262499999999999,0.3625,0.6375,0.7306590257879656,705,400,False
model,0.67,0.6,1.5,0.2,score_point,0.06099290780141844,0.9329999999999998,0.37,0.63,0.7251798561151079,705,400,False
model,0.42,0.8,1.5,0.2,score_point,0.06099290780141844,0.9435000000000002,0.205,0.795,0.8357424441524312,705,400,False
model,0.43,0.8,1.5,0.2,score_point,0.06099290780141844,0.9470000000000002,0.21,0.79,0.8326745718050066,705,400,False
model,0.44,0.8,1.5,0.2,score_point,0.06099290780141844,0.9575000000000001,0.225,0.775,0.8233731739707835,705,400,False
model,0.45,0.8,1.5,0.2,score_point,0.06099290780141844,0.9592500000000002,0.2275,0.7725,0.8218085106382979,705,400,False
model,0.46,0.8,1.5,0.2,score_point,0.06099290780141844,0.9645000000000001,0.235,0.765,0.8170894526034713,705,400,False
model,0.01,1.0,2.0,0.2,score_point,0.06099290780141844,1.005,0.005,0.995,0.9464922711058263,705,400,False
model,0.83,0.3,1.5,0.2,score_point,0.06099290780141844,1.008,0.59,0.41,0.5403624382207578,705,400,False
model,0.42,0.9,1.5,0.2,score_point,0.06099290780141844,1.0230000000000001,0.205,0.795,0.8357424441524312,705,400,False
model,0.43,0.9,1.5,0.2,score_point,0.06099290780141844,1.0260000000000002,0.21,0.79,0.8326745718050066,705,400,False
model,0.84,0.3,1.5,0.2,score_point,0.06099290780141844,1.035,0.6125,0.3875,0.5183946488294314,705,400,False
model,0.44,0.9,1.5,0.2,score_point,0.06099290780141844,1.0350000000000001,0.225,0.775,0.8233731739707835,705,400,False
model,0.45,0.9,1.5,0.2,score_point,0.06099290780141844,1.0365000000000002,0.2275,0.7725,0.8218085106382979,705,400,False
model,0.46,0.9,1.5,0.2,score_point,0.06099290780141844,1.0410000000000001,0.235,0.765,0.8170894526034713,705,400,False
model,0.85,0.3,1.5,0.2,score_point,0.06099290780141844,1.0590000000000002,0.6325,0.3675,0.4983050847457627,705,400,False
model,0.33,1.0,1.5,0.2,score_point,0.06099290780141844,1.07625,0.1525,0.8475,0.867007672634271,705,400,False
model,0.34,1.0,1.5,0.2,score_point,0.06099290780141844,1.07875,0.1575,0.8425,0.8641025641025641,705,400,False
model,0.35,1.0,1.5,0.2,score_point,0.06099290780141844,1.0825,0.165,0.835,0.8597168597168597,705,400,False
model,0.36,1.0,1.5,0.2,score_point,0.06099290780141844,1.08625,0.1725,0.8275,0.8552971576227391,705,400,False
model,0.37,1.0,1.5,0.2,score_point,0.06099290780141844,1.08875,0.1775,0.8225,0.8523316062176165,705,400,False
model,0.38,1.0,1.5,0.2,score_point,0.06099290780141844,1.08875,0.1775,0.8225,0.8523316062176165,705,400,False
model,0.86,0.3,1.5,0.2,score_point,0.06099290780141844,1.089,0.6575,0.3425,0.47241379310344833,705,400,False
model,0.39,1.0,1.5,0.2,score_point,0.06099290780141844,1.0925,0.185,0.815,0.847854356306892,705,400,False
model,0.87,0.2,1.5,0.2,score_point,0.06099290780141844,1.0937499999999998,0.6875,0.3125,0.44014084507042256,705,400,False
model,0.4,1.0,1.5,0.2,score_point,0.06099290780141844,1.09625,0.1925,0.8075,0.8433420365535248,705,400,False
model,0.41,1.0,1.5,0.2,score_point,0.06099290780141844,1.0975,0.195,0.805,0.8418300653594771,705,400,False
model,0.88,0.2,1.5,0.2,score_point,0.06099290780141844,1.15225,0.7325,0.2675,0.3890909090909091,705,400,False
model,0.89,0.2,1.5,0.2,score_point,0.06099290780141844,1.214,0.78,0.22,0.3314500941619586,705,400,False
model,0.17,0.5,3.0,0.2,score_point,0.062411347517730496,0.65625,0.0625,0.9375,0.9157509157509158,705,400,True
model,0.28,0.5,2.0,0.2,score_point,0.062411347517730496,0.67625,0.1175,0.8825,0.8858218318695107,705,400,False
model,0.16,0.5,3.5,0.2,score_point,0.062411347517730496,0.68,0.06,0.94,0.9170731707317075,705,400,False
model,0.24,0.5,2.5,0.2,score_point,0.062411347517730496,0.685,0.0925,0.9075,0.8996282527881041,705,400,False
model,0.28,0.4,3.0,0.2,score_point,0.062411347517730496,0.7055000000000001,0.1175,0.8825,0.8858218318695107,705,400,False
model,0.12,0.6,3.0,0.2,score_point,0.062411347517730496,0.7079999999999999,0.045,0.955,0.9249394673123487,705,400,False
model,0.16,0.6,2.5,0.2,score_point,0.062411347517730496,0.7139999999999997,0.06,0.94,0.9170731707317075,705,400,False
model,0.13,0.6,3.0,0.2,score_point,0.062411347517730496,0.7199999999999998,0.05,0.95,0.9223300970873787,705,400,False
model,0.33,0.4,2.5,0.2,score_point,0.062411347517730496,0.7202500000000001,0.1525,0.8475,0.8659003831417624,705,400,False
model,0.34,0.3,3.0,0.2,score_point,0.062411347517730496,0.7252500000000001,0.1575,0.8425,0.8629961587708067,705,400,False
model,0.22,0.6,2.0,0.2,score_point,0.062411347517730496,0.7294999999999999,0.0925,0.9075,0.8996282527881041,705,400,False
model,0.23,0.6,2.0,0.2,score_point,0.062411347517730496,0.7294999999999999,0.0925,0.9075,0.8996282527881041,705,400,False
model,0.24,0.6,2.0,0.2,score_point,0.062411347517730496,0.7294999999999999,0.0925,0.9075,0.8996282527881041,705,400,False
model,0.06,0.7,2.5,0.2,score_point,0.062411347517730496,0.7494999999999998,0.0275,0.9725,0.9339735894357742,705,400,False
model,0.58,0.2,2.0,0.2,score_point,0.062411347517730496,0.7535,0.3075,0.6925,0.768377253814147,705,400,False
model,0.47,0.2,2.5,0.2,score_point,0.062411347517730496,0.75775,0.2425,0.7575,0.8112449799196788,705,400,False
model,0.48,0.2,2.5,0.2,score_point,0.062411347517730496,0.775,0.25,0.75,0.8064516129032259,705,400,False
model,0.49,0.2,2.5,0.2,score_point,0.062411347517730496,0.78075,0.2525,0.7475,0.8048452220726783,705,400,False
model,0.02,0.8,3.5,0.2,score_point,0.062411347517730496,0.8134999999999999,0.005,0.995,0.9453681710213777,705,400,False
model,0.05,0.8,2.0,0.2,score_point,0.062411347517730496,0.83,0.025,0.975,0.9352517985611511,705,400,False
model,0.06,0.8,2.0,0.2,score_point,0.062411347517730496,0.8330000000000001,0.0275,0.9725,0.9339735894357742,705,400,False
model,0.42,0.7,1.5,0.2,score_point,0.062411347517730496,0.8639999999999999,0.205,0.795,0.8346456692913387,705,400,False
model,0.72,0.4,1.5,0.2,score_point,0.062411347517730496,0.8675000000000002,0.425,0.575,0.6824925816023738,705,400,False
model,0.43,0.7,1.5,0.2,score_point,0.062411347517730496,0.8679999999999999,0.21,0.79,0.831578947368421,705,400,False
model,0.42,0.2,3.5,0.2,score_point,0.062411347517730496,0.8764999999999997,0.205,0.795,0.8346456692913387,705,400,False
model,0.73,0.4,1.5,0.2,score_point,0.062411347517730496,0.8785000000000003,0.435,0.565,0.6746268656716418,705,400,False
model,0.44,0.7,1.5,0.2,score_point,0.062411347517730496,0.8799999999999999,0.225,0.775,0.8222811671087533,705,400,False
model,0.45,0.7,1.5,0.2,score_point,0.062411347517730496,0.8819999999999999,0.2275,0.7725,0.8207171314741035,705,400,False
model,0.46,0.7,1.5,0.2,score_point,0.062411347517730496,0.8879999999999998,0.235,0.765,0.8160000000000001,705,400,False
model,0.59,0.6,1.5,0.2,score_point,0.062411347517730496,0.8879999999999998,0.32,0.68,0.7597765363128492,705,400,False
model,0.6,0.6,1.5,0.2,score_point,0.062411347517730496,0.8924999999999998,0.325,0.675,0.7563025210084033,705,400,False
model,0.74,0.4,1.5,0.2,score_point,0.062411347517730496,0.89775,0.4525,0.5475,0.6606334841628959,705,400,False
model,0.61,0.6,1.5,0.2,score_point,0.062411347517730496,0.8992499999999999,0.3325,0.6675,0.751054852320675,705,400,False
model,0.7,0.5,1.5,0.2,score_point,0.062411347517730496,0.9025,0.4025,0.5975,0.6998535871156664,705,400,False
model,0.62,0.6,1.5,0.2,score_point,0.062411347517730496,0.9037499999999998,0.3375,0.6625,0.7475317348377997,705,400,False
model,0.63,0.6,1.5,0.2,score_point,0.062411347517730496,0.9082499999999999,0.3425,0.6575,0.743988684582744,705,400,False
model,0.64,0.6,1.5,0.2,score_point,0.062411347517730496,0.91275,0.3475,0.6525,0.7404255319148936,705,400,False
model,0.71,0.5,1.5,0.2,score_point,0.062411347517730496,0.915,0.415,0.585,0.6902654867256637,705,400,False
model,0.36,0.8,1.5,0.2,score_point,0.062411347517730496,0.9207500000000002,0.1725,0.8275,0.8541935483870968,705,400,False
model,0.37,0.8,1.5,0.2,score_point,0.062411347517730496,0.9242500000000001,0.1775,0.8225,0.851228978007762,705,400,False
model,0.38,0.8,1.5,0.2,score_point,0.062411347517730496,0.9242500000000001,0.1775,0.8225,0.851228978007762,705,400,False
model,0.72,0.5,1.5,0.2,score_point,0.062411347517730496,0.925,0.425,0.575,0.6824925816023738,705,400,False
model,0.39,0.8,1.5,0.2,score_point,0.062411347517730496,0.9295000000000002,0.185,0.815,0.8467532467532468,705,400,False
model,0.4,0.8,1.5,0.2,score_point,0.062411347517730496,0.9347500000000002,0.1925,0.8075,0.8422425032594524,705,400,False
model,0.73,0.5,1.5,0.2,score_point,0.062411347517730496,0.935,0.435,0.565,0.6746268656716418,705,400,False
model,0.41,0.8,1.5,0.2,score_point,0.062411347517730496,0.9365000000000001,0.195,0.805,0.8407310704960835,705,400,False
model,0.74,0.5,1.5,0.2,score_point,0.062411347517730496,0.9525,0.4525,0.5475,0.6606334841628959,705,400,False
model,0.83,0.2,1.5,0.2,score_point,0.062411347517730496,0.9669999999999999,0.59,0.41,0.5394736842105263,705,400,False
model,0.33,0.9,1.5,0.2,score_point,0.062411347517730496,0.9915000000000002,0.1525,0.8475,0.8659003831417624,705,400,False
model,0.34,0.9,1.5,0.2,score_point,0.062411347517730496,0.9945000000000002,0.1575,0.8425,0.8629961587708067,705,400,False
model,0.84,0.2,1.5,0.2,score_point,0.062411347517730496,0.99625,0.6125,0.3875,0.5175292153589316,705,400,False
model,0.82,0.3,1.5,0.2,score_point,0.062411347517730496,0.9990000000000001,0.5825,0.4175,0.5466448445171849,705,400,False
model,0.35,0.9,1.5,0.2,score_point,0.062411347517730496,0.9990000000000002,0.165,0.835,0.858611825192802,705,400,False
model,0.36,0.9,1.5,0.2,score_point,0.062411347517730496,1.0035000000000003,0.1725,0.8275,0.8541935483870968,705,400,False
model,0.37,0.9,1.5,0.2,score_point,0.062411347517730496,1.0065000000000002,0.1775,0.8225,0.851228978007762,705,400,False
model,0.38,0.9,1.5,0.2,score_point,0.062411347517730496,1.0065000000000002,0.1775,0.8225,0.851228978007762,705,400,False
model,0.39,0.9,1.5,0.2,score_point,0.062411347517730496,1.0110000000000001,0.185,0.815,0.8467532467532468,705,400,False
model,0.4,0.9,1.5,0.2,score_point,0.062411347517730496,1.0155,0.1925,0.8075,0.8422425032594524,705,400,False
model,0.41,0.9,1.5,0.2,score_point,0.062411347517730496,1.0170000000000001,0.195,0.805,0.8407310704960835,705,400,False
model,0.85,0.2,1.5,0.2,score_point,0.062411347517730496,1.0222499999999999,0.6325,0.3675,0.4974619289340102,705,400,False
model,0.86,0.2,1.5,0.2,score_point,0.062411347517730496,1.0547499999999999,0.6575,0.3425,0.4716006884681584,705,400,False
model,0.31,1.0,1.5,0.2,score_point,0.062411347517730496,1.07,0.14,0.86,0.8730964467005077,705,400,False
model,0.32,1.0,1.5,0.2,score_point,0.062411347517730496,1.07375,0.1475,0.8525,0.8687898089171975,705,400,False
model,0.26,0.5,2.0,0.2,score_point,0.06382978723404255,0.65375,0.1025,0.8975,0.8930348258706466,705,400,True
model,0.15,0.5,3.5,0.2,score_point,0.06382978723404255,0.665,0.055,0.945,0.9185905224787363,705,400,False
model,0.26,0.4,3.0,0.2,score_point,0.06382978723404255,0.6665000000000001,0.1025,0.8975,0.8930348258706466,705,400,False
model,0.27,0.5,2.0,0.2,score_point,0.06382978723404255,0.66875,0.1125,0.8875,0.8875,705,400,False
model,0.22,0.5,2.5,0.2,score_point,0.06382978723404255,0.685,0.0925,0.9075,0.8985148514851485,705,400,False
model,0.23,0.5,2.5,0.2,score_point,0.06382978723404255,0.685,0.0925,0.9075,0.8985148514851485,705,400,False
model,0.27,0.4,3.0,0.2,score_point,0.06382978723404255,0.6925000000000001,0.1125,0.8875,0.8875,705,400,False
model,0.11,0.6,3.0,0.2,score_point,0.06382978723404255,0.696,0.04,0.96,0.9264173703256937,705,400,False
model,0.46,0.3,2.0,0.2,score_point,0.06382978723404255,0.6995,0.235,0.765,0.8149134487350199,705,400,False
model,0.15,0.6,2.5,0.2,score_point,0.06382978723404255,0.7044999999999999,0.055,0.945,0.9185905224787363,705,400,False
model,0.33,0.3,3.0,0.2,score_point,0.06382978723404255,0.7117500000000001,0.1525,0.8475,0.8647959183673468,705,400,False
model,0.21,0.6,2.0,0.2,score_point,0.06382978723404255,0.726,0.09,0.91,0.8998763906056861,705,400,False
model,0.42,0.4,2.0,0.2,score_point,0.06382978723404255,0.7280000000000001,0.205,0.795,0.8335517693315858,705,400,False
model,0.05,0.7,2.5,0.2,score_point,0.06382978723404255,0.745,0.025,0.975,0.934131736526946,705,400,False
model,0.42,0.3,2.5,0.2,score_point,0.06382978723404255,0.7509999999999999,0.205,0.795,0.8335517693315858,705,400,False
model,0.32,0.3,3.5,0.2,score_point,0.06382978723404255,0.7719999999999999,0.1475,0.8525,0.8676844783715013,705,400,False
model,0.43,0.2,3.0,0.2,score_point,0.06382978723404255,0.7879999999999998,0.21,0.79,0.8304862023653088,705,400,False
model,0.04,0.8,2.0,0.2,score_point,0.06382978723404255,0.8240000000000001,0.02,0.98,0.9366786140979689,705,400,False
model,0.36,0.7,1.5,0.2,score_point,0.06382978723404255,0.838,0.1725,0.8275,0.8530927835051546,705,400,False
model,0.37,0.7,1.5,0.2,score_point,0.06382978723404255,0.8419999999999999,0.1775,0.8225,0.8501291989664083,705,400,False
model,0.38,0.7,1.5,0.2,score_point,0.06382978723404255,0.8419999999999999,0.1775,0.8225,0.8501291989664083,705,400,False
model,0.7,0.4,1.5,0.2,score_point,0.06382978723404255,0.8427500000000001,0.4025,0.5975,0.6988304093567251,705,400,False
model,0.52,0.6,1.5,0.2,score_point,0.06382978723404255,0.8429999999999999,0.27,0.73,0.7924016282225238,705,400,False
model,0.39,0.7,1.5,0.2,score_point,0.06382978723404255,0.848,0.185,0.815,0.8456549935149157,705,400,False
model,0.53,0.6,1.5,0.2,score_point,0.06382978723404255,0.8519999999999999,0.28,0.72,0.7858117326057298,705,400,False
model,0.4,0.7,1.5,0.2,score_point,0.06382978723404255,0.8539999999999999,0.1925,0.8075,0.8411458333333333,705,400,False
model,0.41,0.7,1.5,0.2,score_point,0.06382978723404255,0.856,0.195,0.805,0.8396349413298566,705,400,False
model,0.71,0.4,1.5,0.2,score_point,0.06382978723404255,0.8565,0.415,0.585,0.6892488954344624,705,400,False
model,0.54,0.6,1.5,0.2,score_point,0.06382978723404255,0.85875,0.2875,0.7125,0.7808219178082192,705,400,False
model,0.55,0.6,1.5,0.2,score_point,0.06382978723404255,0.8632499999999999,0.2925,0.7075,0.7774725274725275,705,400,False
model,0.56,0.6,1.5,0.2,score_point,0.06382978723404255,0.8632499999999999,0.2925,0.7075,0.7774725274725275,705,400,False
model,0.75,0.3,1.5,0.2,score_point,0.06382978723404255,0.87,0.475,0.525,0.6412213740458015,705,400,False
model,0.76,0.3,1.5,0.2,score_point,0.06382978723404255,0.87,0.475,0.525,0.6412213740458015,705,400,False
model,0.57,0.6,1.5,0.2,score_point,0.06382978723404255,0.8744999999999998,0.305,0.695,0.7690179806362378,705,400,False
model,0.58,0.6,1.5,0.2,score_point,0.06382978723404255,0.8767499999999998,0.3075,0.6925,0.7673130193905817,705,400,False
model,0.68,0.5,1.5,0.2,score_point,0.06382978723404255,0.8775,0.3775,0.6225,0.7175792507204611,705,400,False
model,0.69,0.5,1.5,0.2,score_point,0.06382978723404255,0.8875,0.3875,0.6125,0.7101449275362319,705,400,False
model,0.77,0.3,1.5,0.2,score_point,0.06382978723404255,0.9059999999999999,0.505,0.495,0.6158631415241057,705,400,False
model,0.01,0.9,2.5,0.2,score_point,0.06382978723404255,0.9080000000000001,0.005,0.995,0.9442467378410437,705,400,False
model,0.35,0.8,1.5,0.2,score_point,0.06382978723404255,0.9155000000000001,0.165,0.835,0.8575096277278561,705,400,False
model,0.03,0.9,2.0,0.2,score_point,0.06382978723404255,0.9165000000000003,0.015,0.985,0.9392133492252682,705,400,False
model,0.78,0.3,1.5,0.2,score_point,0.06382978723404255,0.927,0.5225,0.4775,0.60062893081761,705,400,False
model,0.79,0.3,1.5,0.2,score_point,0.06382978723404255,0.9359999999999999,0.53,0.47,0.593996840442338,705,400,False
model,0.8,0.3,1.5,0.2,score_point,0.06382978723404255,0.96,0.55,0.45,0.5760000000000001,705,400,False
model,0.81,0.3,1.5,0.2,score_point,0.06382978723404255,0.9780000000000001,0.565,0.435,0.5621970920840065,705,400,False
model,0.31,0.9,1.5,0.2,score_point,0.06382978723404255,0.9840000000000002,0.14,0.86,0.8719898605830164,705,400,False
model,0.32,0.9,1.5,0.2,score_point,0.06382978723404255,0.9885000000000003,0.1475,0.8525,0.8676844783715013,705,400,False
model,0.21,1.0,1.5,0.2,score_point,0.06382978723404255,1.045,0.09,0.91,0.8998763906056861,705,400,False
model,0.22,1.0,1.5,0.2,score_point,0.06382978723404255,1.04625,0.0925,0.9075,0.8985148514851485,705,400,False
model,0.23,1.0,1.5,0.2,score_point,0.06382978723404255,1.04625,0.0925,0.9075,0.8985148514851485,705,400,False
model,0.24,1.0,1.5,0.2,score_point,0.06382978723404255,1.04625,0.0925,0.9075,0.8985148514851485,705,400,False
model,0.25,1.0,1.5,0.2,score_point,0.06382978723404255,1.0475,0.095,0.905,0.8971499380421314,705,400,False
model,0.26,1.0,1.5,0.2,score_point,0.06382978723404255,1.05125,0.1025,0.8975,0.8930348258706466,705,400,False
model,0.27,1.0,1.5,0.2,score_point,0.06382978723404255,1.05625,0.1125,0.8875,0.8875,705,400,False
model,0.28,1.0,1.5,0.2,score_point,0.06382978723404255,1.05875,0.1175,0.8825,0.8847117794486216,705,400,False
model,0.29,1.0,1.5,0.2,score_point,0.06382978723404255,1.06125,0.1225,0.8775,0.8819095477386935,705,400,False
model,0.3,1.0,1.5,0.2,score_point,0.06382978723404255,1.065,0.13,0.87,0.8776796973518285,705,400,False
model,0.36,0.4,2.0,0.2,score_point,0.06524822695035461,0.676,0.1725,0.8275,0.851994851994852,705,400,False
model,0.36,0.3,2.5,0.2,score_point,0.06524822695035461,0.6795,0.1725,0.8275,0.851994851994852,705,400,False
model,0.21,0.5,2.5,0.2,score_point,0.06524822695035461,0.68,0.09,0.91,0.8987654320987655,705,400,False
model,0.37,0.4,2.0,0.2,score_point,0.06524822695035461,0.6840000000000002,0.1775,0.8225,0.8490322580645161,705,400,False
model,0.38,0.4,2.0,0.2,score_point,0.06524822695035461,0.6840000000000002,0.1775,0.8225,0.8490322580645161,705,400,False
model,0.45,0.3,2.0,0.2,score_point,0.06524822695035461,0.68675,0.2275,0.7725,0.8185430463576159,705,400,False
model,0.37,0.3,2.5,0.2,score_point,0.06524822695035461,0.6905000000000001,0.1775,0.8225,0.8490322580645161,705,400,False
model,0.38,0.3,2.5,0.2,score_point,0.06524822695035461,0.6905000000000001,0.1775,0.8225,0.8490322580645161,705,400,False
model,0.31,0.4,2.5,0.2,score_point,0.06524822695035461,0.6940000000000002,0.14,0.86,0.8708860759493672,705,400,False
model,0.25,0.4,3.5,0.2,score_point,0.06524822695035461,0.6945000000000001,0.095,0.905,0.8960396039603961,705,400,False
model,0.1,0.6,3.0,0.2,score_point,0.06524822695035461,0.696,0.04,0.96,0.925301204819277,705,400,False
model,0.39,0.4,2.0,0.2,score_point,0.06524822695035461,0.6960000000000002,0.185,0.815,0.8445595854922279,705,400,False
model,0.18,0.6,2.0,0.2,score_point,0.06524822695035461,0.7014999999999999,0.0725,0.9275,0.9082007343941249,705,400,False
model,0.39,0.3,2.5,0.2,score_point,0.06524822695035461,0.7070000000000001,0.185,0.815,0.8445595854922279,705,400,False
model,0.4,0.4,2.0,0.2,score_point,0.06524822695035461,0.7080000000000001,0.1925,0.8075,0.8400520156046813,705,400,False
model,0.19,0.6,2.0,0.2,score_point,0.06524822695035461,0.7084999999999999,0.0775,0.9225,0.9055214723926381,705,400,False
model,0.32,0.4,2.5,0.2,score_point,0.06524822695035461,0.7097500000000002,0.1475,0.8525,0.8665819567979671,705,400,False
model,0.41,0.4,2.0,0.2,score_point,0.06524822695035461,0.7120000000000002,0.195,0.805,0.8385416666666667,705,400,False
model,0.2,0.6,2.0,0.2,score_point,0.06524822695035461,0.7189999999999998,0.085,0.915,0.9014778325123154,705,400,False
model,0.4,0.3,2.5,0.2,score_point,0.06524822695035461,0.7234999999999999,0.1925,0.8075,0.8400520156046813,705,400,False
model,0.55,0.2,2.0,0.2,score_point,0.06524822695035461,0.7265,0.2925,0.7075,0.776406035665295,705,400,False
model,0.56,0.2,2.0,0.2,score_point,0.06524822695035461,0.7265,0.2925,0.7075,0.776406035665295,705,400,False
model,0.41,0.3,2.5,0.2,score_point,0.06524822695035461,0.7290000000000001,0.195,0.805,0.8385416666666667,705,400,False
model,0.46,0.2,2.5,0.2,score_point,0.06524822695035461,0.7404999999999999,0.235,0.765,0.8138297872340425,705,400,False
model,0.08,0.7,2.0,0.2,score_point,0.06524822695035461,0.7455000000000002,0.035,0.965,0.9278846153846153,705,400,False
model,0.31,0.3,3.5,0.2,score_point,0.06524822695035461,0.748,0.14,0.86,0.8708860759493672,705,400,False
model,0.57,0.2,2.0,0.2,score_point,0.06524822695035461,0.7490000000000001,0.305,0.695,0.7679558011049723,705,400,False
model,0.09,0.7,2.0,0.2,score_point,0.06524822695035461,0.7519999999999999,0.04,0.96,0.925301204819277,705,400,False
model,0.02,0.8,3.0,0.2,score_point,0.06524822695035461,0.8109999999999999,0.005,0.995,0.9431279620853079,705,400,False
model,0.68,0.4,1.5,0.2,score_point,0.06524822695035461,0.81525,0.3775,0.6225,0.7165467625899281,705,400,False
model,0.47,0.6,1.5,0.2,score_point,0.06524822695035461,0.8182499999999999,0.2425,0.7575,0.8090787716955941,705,400,False
model,0.48,0.6,1.5,0.2,score_point,0.06524822695035461,0.8249999999999997,0.25,0.75,0.804289544235925,705,400,False
model,0.03,0.8,2.5,0.2,score_point,0.06524822695035461,0.8255,0.015,0.985,0.9380952380952382,705,400,False
model,0.69,0.4,1.5,0.2,score_point,0.06524822695035461,0.8262500000000002,0.3875,0.6125,0.7091172214182345,705,400,False
model,0.49,0.6,1.5,0.2,score_point,0.06524822695035461,0.8272499999999999,0.2525,0.7475,0.8026845637583893,705,400,False
model,0.5,0.6,1.5,0.2,score_point,0.06524822695035461,0.8272499999999999,0.2525,0.7475,0.8026845637583893,705,400,False
model,0.51,0.6,1.5,0.2,score_point,0.06524822695035461,0.8429999999999999,0.27,0.73,0.7913279132791328,705,400,False
model,0.41,0.2,3.5,0.2,score_point,0.06524822695035461,0.8434999999999999,0.195,0.805,0.8385416666666667,705,400,False
model,0.67,0.5,1.5,0.2,score_point,0.06524822695035461,0.87,0.37,0.63,0.7220630372492837,705,400,False
model,0.33,0.8,1.5,0.2,score_point,0.06524822695035461,0.9067500000000002,0.1525,0.8475,0.8636942675159236,705,400,False
model,0.34,0.8,1.5,0.2,score_point,0.06524822695035461,0.91025,0.1575,0.8425,0.8607918263090677,705,400,False
model,0.82,0.2,1.5,0.2,score_point,0.06524822695035461,0.9572499999999999,0.5825,0.4175,0.5448613376835236,705,400,False
model,0.26,0.9,1.5,0.2,score_point,0.06524822695035461,0.9615000000000002,0.1025,0.8975,0.8919254658385093,705,400,False
model,0.27,0.9,1.5,0.2,score_point,0.06524822695035461,0.9675000000000001,0.1125,0.8875,0.8863920099875157,705,400,False
model,0.28,0.9,1.5,0.2,score_point,0.06524822695035461,0.9705000000000003,0.1175,0.8825,0.8836045056320401,705,400,False
model,0.29,0.9,1.5,0.2,score_point,0.06524822695035461,0.9735000000000003,0.1225,0.8775,0.8808030112923464,705,400,False
model,0.3,0.9,1.5,0.2,score_point,0.06524822695035461,0.9780000000000001,0.13,0.87,0.8765743073047859,705,400,False
model,0.17,1.0,1.5,0.2,score_point,0.06524822695035461,1.03125,0.0625,0.9375,0.9135200974421437,705,400,False
model,0.18,1.0,1.5,0.2,score_point,0.06524822695035461,1.03625,0.0725,0.9275,0.9082007343941249,705,400,False
model,0.19,1.0,1.5,0.2,score_point,0.06524822695035461,1.03875,0.0775,0.9225,0.9055214723926381,705,400,False
model,0.2,1.0,1.5,0.2,score_point,0.06524822695035461,1.0425,0.085,0.915,0.9014778325123154,705,400,False
model,0.18,0.5,2.5,0.2,score_point,0.06666666666666667,0.645,0.0725,0.9275,0.9070904645476773,705,400,True
model,0.16,0.5,3.0,0.2,score_point,0.06666666666666667,0.65,0.06,0.94,0.913730255164034,705,400,False
model,0.19,0.5,2.5,0.2,score_point,0.06666666666666667,0.655,0.0775,0.9225,0.9044117647058822,705,400,False
model,0.29,0.4,2.5,0.2,score_point,0.06666666666666667,0.6572500000000002,0.1225,0.8775,0.8796992481203008,705,400,False
model,0.14,0.5,3.5,0.2,score_point,0.06666666666666667,0.6575,0.0525,0.9475,0.9176755447941889,705,400,False
model,0.2,0.5,2.5,0.2,score_point,0.06666666666666667,0.67,0.085,0.915,0.900369003690037,705,400,False
model,0.3,0.4,2.5,0.2,score_point,0.06666666666666667,0.6730000000000002,0.13,0.87,0.8754716981132076,705,400,False
model,0.44,0.3,2.0,0.2,score_point,0.06666666666666667,0.6825,0.225,0.775,0.8190224570673713,705,400,False
model,0.17,0.6,2.0,0.2,score_point,0.06666666666666667,0.6874999999999999,0.0625,0.9375,0.9124087591240876,705,400,False
model,0.29,0.3,3.5,0.2,score_point,0.06666666666666667,0.6919999999999998,0.1225,0.8775,0.8796992481203008,705,400,False
model,0.14,0.6,2.5,0.2,score_point,0.06666666666666667,0.69975,0.0525,0.9475,0.9176755447941889,705,400,False
model,0.08,0.6,3.5,0.2,score_point,0.06666666666666667,0.7014999999999998,0.035,0.965,0.9267707082833133,705,400,False
model,0.09,0.6,3.5,0.2,score_point,0.06666666666666667,0.716,0.04,0.96,0.9241877256317689,705,400,False
model,0.3,0.3,3.5,0.2,score_point,0.06666666666666667,0.716,0.13,0.87,0.8754716981132076,705,400,False
model,0.45,0.2,2.5,0.2,score_point,0.06666666666666667,0.7232499999999998,0.2275,0.7725,0.8174603174603174,705,400,False
model,0.04,0.7,2.5,0.2,score_point,0.06666666666666667,0.736,0.02,0.98,0.934445768772348,705,400,False
model,0.36,0.2,3.5,0.2,score_point,0.06666666666666667,0.7692499999999999,0.1725,0.8275,0.8508997429305912,705,400,False
model,0.42,0.2,3.0,0.2,score_point,0.06666666666666667,0.774,0.205,0.795,0.8313725490196078,705,400,False
model,0.42,0.6,1.5,0.2,score_point,0.06666666666666667,0.7844999999999999,0.205,0.795,0.8313725490196078,705,400,False
model,0.37,0.2,3.5,0.2,score_point,0.06666666666666667,0.7857499999999998,0.1775,0.8225,0.8479381443298969,705,400,False
model,0.38,0.2,3.5,0.2,score_point,0.06666666666666667,0.7857499999999998,0.1775,0.8225,0.8479381443298969,705,400,False
model,0.43,0.6,1.5,0.2,score_point,0.06666666666666667,0.7889999999999998,0.21,0.79,0.8283093053735257,705,400,False
model,0.44,0.6,1.5,0.2,score_point,0.06666666666666667,0.8024999999999999,0.225,0.775,0.8190224570673713,705,400,False
model,0.45,0.6,1.5,0.2,score_point,0.06666666666666667,0.8047499999999999,0.2275,0.7725,0.8174603174603174,705,400,False
model,0.72,0.3,1.5,0.2,score_point,0.06666666666666667,0.81,0.425,0.575,0.6794682422451993,705,400,False
model,0.39,0.2,3.5,0.2,score_point,0.06666666666666667,0.8105,0.185,0.815,0.8434670116429495,705,400,False
model,0.46,0.6,1.5,0.2,score_point,0.06666666666666667,0.8114999999999998,0.235,0.765,0.8127490039840638,705,400,False
model,0.75,0.2,1.5,0.2,score_point,0.06666666666666667,0.8175,0.475,0.525,0.639269406392694,705,400,False
model,0.76,0.2,1.5,0.2,score_point,0.06666666666666667,0.8175,0.475,0.525,0.639269406392694,705,400,False
model,0.73,0.3,1.5,0.2,score_point,0.06666666666666667,0.8219999999999998,0.435,0.565,0.6716196136701337,705,400,False
model,0.35,0.7,1.5,0.2,score_point,0.06666666666666667,0.8320000000000001,0.165,0.835,0.8553137003841228,705,400,False
model,0.4,0.2,3.5,0.2,score_point,0.06666666666666667,0.8352499999999999,0.1925,0.8075,0.838961038961039,705,400,False
model,0.74,0.3,1.5,0.2,score_point,0.06666666666666667,0.8430000000000001,0.4525,0.5475,0.6576576576576576,705,400,False
model,0.65,0.5,1.5,0.2,score_point,0.06666666666666667,0.855,0.355,0.645,0.7319148936170212,705,400,False
model,0.77,0.2,1.5,0.2,score_point,0.06666666666666667,0.8565,0.505,0.495,0.613953488372093,705,400,False
model,0.66,0.5,1.5,0.2,score_point,0.06666666666666667,0.8625,0.3625,0.6375,0.7264957264957264,705,400,False
model,0.78,0.2,1.5,0.2,score_point,0.06666666666666667,0.8792500000000001,0.5225,0.4775,0.5987460815047021,705,400,False
model,0.79,0.2,1.5,0.2,score_point,0.06666666666666667,0.889,0.53,0.47,0.5921259842519685,705,400,False
model,0.31,0.8,1.5,0.2,score_point,0.06666666666666667,0.8980000000000001,0.14,0.86,0.8697850821744627,705,400,False
model,0.32,0.8,1.5,0.2,score_point,0.06666666666666667,0.9032500000000002,0.1475,0.8525,0.8654822335025381,705,400,False
model,0.02,0.9,2.0,0.2,score_point,0.06666666666666667,0.9055000000000001,0.005,0.995,0.9420118343195266,705,400,False
model,0.8,0.2,1.5,0.2,score_point,0.06666666666666667,0.915,0.55,0.45,0.5741626794258373,705,400,False
model,0.81,0.2,1.5,0.2,score_point,0.06666666666666667,0.9344999999999999,0.565,0.435,0.5603864734299517,705,400,False
model,0.21,0.9,1.5,0.2,score_point,0.06666666666666667,0.9540000000000003,0.09,0.91,0.8976572133168927,705,400,False
model,0.22,0.9,1.5,0.2,score_point,0.06666666666666667,0.9555000000000002,0.0925,0.9075,0.8962962962962963,705,400,False
model,0.23,0.9,1.5,0.2,score_point,0.06666666666666667,0.9555000000000002,0.0925,0.9075,0.8962962962962963,705,400,False
model,0.24,0.9,1.5,0.2,score_point,0.06666666666666667,0.9555000000000002,0.0925,0.9075,0.8962962962962963,705,400,False
model,0.25,0.9,1.5,0.2,score_point,0.06666666666666667,0.9570000000000002,0.095,0.905,0.8949320148331273,705,400,False
model,0.1,1.0,1.5,0.2,score_point,0.06666666666666667,1.02,0.04,0.96,0.9241877256317689,705,400,False
model,0.11,1.0,1.5,0.2,score_point,0.06666666666666667,1.02,0.04,0.96,0.9241877256317689,705,400,False
model,0.12,1.0,1.5,0.2,score_point,0.06666666666666667,1.0225,0.045,0.955,0.9215922798552474,705,400,False
model,0.13,1.0,1.5,0.2,score_point,0.06666666666666667,1.025,0.05,0.95,0.9189842805320435,705,400,False
model,0.14,1.0,1.5,0.2,score_point,0.06666666666666667,1.02625,0.0525,0.9475,0.9176755447941889,705,400,False
model,0.15,1.0,1.5,0.2,score_point,0.06666666666666667,1.0275,0.055,0.945,0.9163636363636363,705,400,False
model,0.16,1.0,1.5,0.2,score_point,0.06666666666666667,1.03,0.06,0.94,0.913730255164034,705,400,False
model,0.17,0.5,2.5,0.2,score_point,0.06808510638297872,0.625,0.0625,0.9375,0.9113001215066829,705,400,True
model,0.15,0.5,3.0,0.2,score_point,0.06808510638297872,0.6375,0.055,0.945,0.9152542372881356,705,400,False
model,0.28,0.4,2.5,0.2,score_point,0.06808510638297872,0.6467500000000002,0.1175,0.8825,0.8813982521847691,705,400,False
model,0.13,0.5,3.5,0.2,score_point,0.06808510638297872,0.65,0.05,0.95,0.9178743961352657,705,400,False
model,0.35,0.3,2.5,0.2,score_point,0.06808510638297872,0.6629999999999999,0.165,0.835,0.8542199488491049,705,400,False
model,0.35,0.4,2.0,0.2,score_point,0.06808510638297872,0.664,0.165,0.835,0.8542199488491049,705,400,False
model,0.28,0.3,3.5,0.2,score_point,0.06808510638297872,0.6759999999999999,0.1175,0.8825,0.8813982521847691,705,400,False
model,0.12,0.6,2.5,0.2,score_point,0.06808510638297872,0.6854999999999998,0.045,0.955,0.9204819277108434,705,400,False
model,0.52,0.2,2.0,0.2,score_point,0.06808510638297872,0.6859999999999999,0.27,0.73,0.7891891891891891,705,400,False
model,0.24,0.4,3.5,0.2,score_point,0.06808510638297872,0.6867500000000001,0.0925,0.9075,0.8951911220715166,705,400,False
model,0.13,0.6,2.5,0.2,score_point,0.06808510638297872,0.6949999999999998,0.05,0.95,0.9178743961352657,705,400,False
model,0.32,0.3,3.0,0.2,score_point,0.06808510638297872,0.6982499999999999,0.1475,0.8525,0.8643852978453739,705,400,False
model,0.53,0.2,2.0,0.2,score_point,0.06808510638297872,0.7040000000000001,0.28,0.72,0.782608695652174,705,400,False
model,0.44,0.2,2.5,0.2,score_point,0.06808510638297872,0.7175,0.225,0.775,0.8179419525065964,705,400,False
model,0.54,0.2,2.0,0.2,score_point,0.06808510638297872,0.7175,0.2875,0.7125,0.7776261937244202,705,400,False
model,0.03,0.7,3.5,0.2,score_point,0.06808510638297872,0.742,0.015,0.985,0.9358669833729216,705,400,False
model,0.36,0.6,1.5,0.2,score_point,0.06808510638297872,0.7552499999999999,0.1725,0.8275,0.8498074454428753,705,400,False
model,0.37,0.6,1.5,0.2,score_point,0.06808510638297872,0.7597499999999998,0.1775,0.8225,0.8468468468468467,705,400,False
model,0.38,0.6,1.5,0.2,score_point,0.06808510638297872,0.7597499999999998,0.1775,0.8225,0.8468468468468467,705,400,False
model,0.39,0.6,1.5,0.2,score_point,0.06808510638297872,0.7664999999999997,0.185,0.815,0.8423772609819121,705,400,False
model,0.4,0.6,1.5,0.2,score_point,0.06808510638297872,0.7732499999999999,0.1925,0.8075,0.8378728923476004,705,400,False
model,0.41,0.6,1.5,0.2,score_point,0.06808510638297872,0.7754999999999999,0.195,0.805,0.8363636363636363,705,400,False
model,0.7,0.3,1.5,0.2,score_point,0.06808510638297872,0.7829999999999999,0.4025,0.5975,0.6957787481804949,705,400,False
model,0.71,0.3,1.5,0.2,score_point,0.06808510638297872,0.7980000000000002,0.415,0.585,0.6862170087976539,705,400,False
model,0.67,0.4,1.5,0.2,score_point,0.06808510638297872,0.8070000000000002,0.37,0.63,0.72,705,400,False
model,0.01,0.8,3.5,0.2,score_point,0.06808510638297872,0.8134999999999999,0.005,0.995,0.9408983451536643,705,400,False
model,0.59,0.5,1.5,0.2,score_point,0.06808510638297872,0.82,0.32,0.68,0.7555555555555556,705,400,False
model,0.33,0.7,1.5,0.2,score_point,0.06808510638297872,0.8219999999999998,0.1525,0.8475,0.8614993646759849,705,400,False
model,0.6,0.5,1.5,0.2,score_point,0.06808510638297872,0.825,0.325,0.675,0.7520891364902508,705,400,False
model,0.34,0.7,1.5,0.2,score_point,0.06808510638297872,0.826,0.1575,0.8425,0.8585987261146497,705,400,False
model,0.61,0.5,1.5,0.2,score_point,0.06808510638297872,0.8325,0.3325,0.6675,0.7468531468531467,705,400,False
model,0.62,0.5,1.5,0.2,score_point,0.06808510638297872,0.8375,0.3375,0.6625,0.7433380084151474,705,400,False
model,0.63,0.5,1.5,0.2,score_point,0.06808510638297872,0.8425,0.3425,0.6575,0.739803094233474,705,400,False
model,0.64,0.5,1.5,0.2,score_point,0.06808510638297872,0.8475,0.3475,0.6525,0.7362482369534555,705,400,False
model,0.28,0.8,1.5,0.2,score_point,0.06808510638297872,0.88225,0.1175,0.8825,0.8813982521847691,705,400,False
model,0.29,0.8,1.5,0.2,score_point,0.06808510638297872,0.88575,0.1225,0.8775,0.8785982478097621,705,400,False
model,0.3,0.8,1.5,0.2,score_point,0.06808510638297872,0.8910000000000001,0.13,0.87,0.8743718592964824,705,400,False
model,0.17,0.9,1.5,0.2,score_point,0.06808510638297872,0.9375000000000001,0.0625,0.9375,0.9113001215066829,705,400,False
model,0.18,0.9,1.5,0.2,score_point,0.06808510638297872,0.9435000000000001,0.0725,0.9275,0.9059829059829059,705,400,False
model,0.19,0.9,1.5,0.2,score_point,0.06808510638297872,0.9465,0.0775,0.9225,0.9033047735618115,705,400,False
model,0.2,0.9,1.5,0.2,score_point,0.06808510638297872,0.9510000000000002,0.085,0.915,0.8992628992628994,705,400,False
model,0.08,1.0,1.5,0.2,score_point,0.06808510638297872,1.0175,0.035,0.965,0.9256594724220625,705,400,False
model,0.09,1.0,1.5,0.2,score_point,0.06808510638297872,1.02,0.04,0.96,0.923076923076923,705,400,False
model,0.26,0.4,2.5,0.2,score_point,0.06950354609929078,0.6152500000000001,0.1025,0.8975,0.8886138613861386,705,400,True
model,0.12,0.5,3.5,0.2,score_point,0.06950354609929078,0.635,0.045,0.955,0.9193742478941035,705,400,False
model,0.27,0.4,2.5,0.2,score_point,0.06950354609929078,0.6362500000000001,0.1125,0.8875,0.8830845771144279,705,400,False
model,0.25,0.5,2.0,0.2,score_point,0.06950354609929078,0.6425,0.095,0.905,0.8927250308261406,705,400,False
model,0.34,0.3,2.5,0.2,score_point,0.06950354609929078,0.6465000000000001,0.1575,0.8425,0.8575063613231553,705,400,False
model,0.25,0.4,3.0,0.2,score_point,0.06950354609929078,0.6470000000000001,0.095,0.905,0.8927250308261406,705,400,False
model,0.34,0.4,2.0,0.2,score_point,0.06950354609929078,0.6520000000000001,0.1575,0.8425,0.8575063613231553,705,400,False
model,0.5,0.2,2.0,0.2,score_point,0.06950354609929078,0.6545000000000001,0.2525,0.7475,0.7994652406417112,705,400,False
model,0.43,0.3,2.0,0.2,score_point,0.06950354609929078,0.6569999999999999,0.21,0.79,0.8261437908496732,705,400,False
model,0.11,0.6,2.5,0.2,score_point,0.06950354609929078,0.6759999999999999,0.04,0.96,0.921968787515006,705,400,False
model,0.31,0.3,3.0,0.2,score_point,0.06950354609929078,0.6779999999999999,0.14,0.86,0.8675914249684741,705,400,False
model,0.51,0.2,2.0,0.2,score_point,0.06950354609929078,0.6859999999999999,0.27,0.73,0.7881241565452092,705,400,False
model,0.22,0.4,3.5,0.2,score_point,0.06950354609929078,0.6867500000000001,0.0925,0.9075,0.894088669950739,705,400,False
model,0.23,0.4,3.5,0.2,score_point,0.06950354609929078,0.6867500000000001,0.0925,0.9075,0.894088669950739,705,400,False
model,0.07,0.7,2.0,0.2,score_point,0.06950354609929078,0.7455000000000002,0.035,0.965,0.9245508982035927,705,400,False
model,0.41,0.2,3.0,0.2,score_point,0.06950354609929078,0.746,0.195,0.805,0.8352788586251623,705,400,False
model,0.68,0.3,1.5,0.2,score_point,0.06950354609929078,0.7530000000000001,0.3775,0.6225,0.7134670487106018,705,400,False
model,0.69,0.3,1.5,0.2,score_point,0.06950354609929078,0.765,0.3875,0.6125,0.7060518731988473,705,400,False
model,0.65,0.4,1.5,0.2,score_point,0.06950354609929078,0.7905000000000001,0.355,0.645,0.72984441301273,705,400,False
model,0.55,0.5,1.5,0.2,score_point,0.06950354609929078,0.7925,0.2925,0.7075,0.7732240437158471,705,400,False
model,0.56,0.5,1.5,0.2,score_point,0.06950354609929078,0.7925,0.2925,0.7075,0.7732240437158471,705,400,False
model,0.66,0.4,1.5,0.2,score_point,0.06950354609929078,0.7987500000000002,0.3625,0.6375,0.7244318181818181,705,400,False
model,0.57,0.5,1.5,0.2,score_point,0.06950354609929078,0.805,0.305,0.695,0.7647867950481431,705,400,False
model,0.58,0.5,1.5,0.2,score_point,0.06950354609929078,0.8075,0.3075,0.6925,0.7630853994490358,705,400,False
model,0.02,0.8,2.5,0.2,score_point,0.06950354609929078,0.8085,0.005,0.995,0.9397874852420307,705,400,False
model,0.31,0.7,1.5,0.2,score_point,0.06950354609929078,0.8119999999999998,0.14,0.86,0.8675914249684741,705,400,False
model,0.32,0.7,1.5,0.2,score_point,0.06950354609929078,0.8179999999999998,0.1475,0.8525,0.8632911392405064,705,400,False
model,0.26,0.8,1.5,0.2,score_point,0.06950354609929078,0.87175,0.1025,0.8975,0.8886138613861386,705,400,False
model,0.27,0.8,1.5,0.2,score_point,0.06950354609929078,0.87875,0.1125,0.8875,0.8830845771144279,705,400,False
model,0.01,0.9,2.0,0.2,score_point,0.06950354609929078,0.9055000000000001,0.005,0.995,0.9397874852420307,705,400,False
model,0.1,0.9,1.5,0.2,score_point,0.06950354609929078,0.9240000000000002,0.04,0.96,0.921968787515006,705,400,False
model,0.11,0.9,1.5,0.2,score_point,0.06950354609929078,0.9240000000000002,0.04,0.96,0.921968787515006,705,400,False
model,0.12,0.9,1.5,0.2,score_point,0.06950354609929078,0.9270000000000002,0.045,0.955,0.9193742478941035,705,400,False
model,0.13,0.9,1.5,0.2,score_point,0.06950354609929078,0.9300000000000003,0.05,0.95,0.916767189384801,705,400,False
model,0.14,0.9,1.5,0.2,score_point,0.06950354609929078,0.9315000000000003,0.0525,0.9475,0.9154589371980677,705,400,False
model,0.15,0.9,1.5,0.2,score_point,0.06950354609929078,0.9330000000000003,0.055,0.945,0.9141475211608223,705,400,False
model,0.16,0.9,1.5,0.2,score_point,0.06950354609929078,0.9360000000000003,0.06,0.94,0.9115151515151516,705,400,False
model,0.07,1.0,1.5,0.2,score_point,0.06950354609929078,1.0175,0.035,0.965,0.9245508982035927,705,400,False
model,0.26,0.3,3.5,0.2,score_point,0.07092198581560284,0.628,0.1025,0.8975,0.8875154511742892,705,400,False
model,0.29,0.3,3.0,0.2,score_point,0.07092198581560284,0.63075,0.1225,0.8775,0.8764044943820225,705,400,False
model,0.14,0.5,3.0,0.2,score_point,0.07092198581560284,0.63125,0.0525,0.9475,0.9143546441495778,705,400,False
model,0.33,0.3,2.5,0.2,score_point,0.07092198581560284,0.6355,0.1525,0.8475,0.8593155893536121,705,400,False
model,0.47,0.2,2.0,0.2,score_point,0.07092198581560284,0.6365000000000001,0.2425,0.7575,0.8047808764940239,705,400,False
model,0.24,0.5,2.0,0.2,score_point,0.07092198581560284,0.63875,0.0925,0.9075,0.8929889298892989,705,400,False
model,0.33,0.4,2.0,0.2,score_point,0.07092198581560284,0.644,0.1525,0.8475,0.8593155893536121,705,400,False
model,0.48,0.2,2.0,0.2,score_point,0.07092198581560284,0.65,0.25,0.75,0.7999999999999999,705,400,False
model,0.3,0.3,3.0,0.2,score_point,0.07092198581560284,0.6509999999999999,0.13,0.87,0.8721804511278195,705,400,False
model,0.49,0.2,2.0,0.2,score_point,0.07092198581560284,0.6545000000000001,0.2525,0.7475,0.7983978638184246,705,400,False
model,0.27,0.3,3.5,0.2,score_point,0.07092198581560284,0.66,0.1125,0.8875,0.8819875776397514,705,400,False
model,0.1,0.6,2.5,0.2,score_point,0.07092198581560284,0.6759999999999999,0.04,0.96,0.9208633093525179,705,400,False
model,0.21,0.4,3.5,0.2,score_point,0.07092198581560284,0.679,0.09,0.91,0.8943488943488944,705,400,False
model,0.36,0.2,3.0,0.2,score_point,0.07092198581560284,0.6829999999999999,0.1725,0.8275,0.8476312419974391,705,400,False
model,0.43,0.2,2.5,0.2,score_point,0.07092198581560284,0.6830000000000002,0.21,0.79,0.8250652741514359,705,400,False
model,0.08,0.6,3.0,0.2,score_point,0.07092198581560284,0.6839999999999997,0.035,0.965,0.923444976076555,705,400,False
model,0.16,0.6,2.0,0.2,score_point,0.07092198581560284,0.6839999999999997,0.06,0.94,0.910411622276029,705,400,False
model,0.09,0.6,3.0,0.2,score_point,0.07092198581560284,0.696,0.04,0.96,0.9208633093525179,705,400,False
model,0.37,0.2,3.0,0.2,score_point,0.07092198581560284,0.6969999999999998,0.1775,0.8225,0.8446726572528883,705,400,False
model,0.38,0.2,3.0,0.2,score_point,0.07092198581560284,0.6969999999999998,0.1775,0.8225,0.8446726572528883,705,400,False
model,0.07,0.6,3.5,0.2,score_point,0.07092198581560284,0.7014999999999998,0.035,0.965,0.923444976076555,705,400,False
model,0.39,0.2,3.0,0.2,score_point,0.07092198581560284,0.718,0.185,0.815,0.8402061855670102,705,400,False
model,0.03,0.7,3.0,0.2,score_point,0.07092198581560284,0.7345,0.015,0.985,0.933649289099526,705,400,False
model,0.06,0.7,2.0,0.2,score_point,0.07092198581560284,0.7357499999999999,0.0275,0.9725,0.9272943980929678,705,400,False
model,0.4,0.2,3.0,0.2,score_point,0.07092198581560284,0.7390000000000001,0.1925,0.8075,0.8357050452781372,705,400,False
model,0.35,0.2,3.5,0.2,score_point,0.07092198581560284,0.7444999999999999,0.165,0.835,0.8520408163265306,705,400,False
model,0.35,0.6,1.5,0.2,score_point,0.07092198581560284,0.7484999999999999,0.165,0.835,0.8520408163265306,705,400,False
model,0.72,0.2,1.5,0.2,score_point,0.07092198581560284,0.7525,0.425,0.575,0.676470588235294,705,400,False
model,0.73,0.2,1.5,0.2,score_point,0.07092198581560284,0.7655000000000001,0.435,0.565,0.6686390532544377,705,400,False
model,0.52,0.5,1.5,0.2,score_point,0.07092198581560284,0.77,0.27,0.73,0.7870619946091645,705,400,False
model,0.63,0.4,1.5,0.2,score_point,0.07092198581560284,0.7767500000000002,0.3425,0.6575,0.7377279102384291,705,400,False
model,0.53,0.5,1.5,0.2,score_point,0.07092198581560284,0.78,0.28,0.72,0.7804878048780487,705,400,False
model,0.64,0.4,1.5,0.2,score_point,0.07092198581560284,0.7822500000000001,0.3475,0.6525,0.7341772151898734,705,400,False
model,0.54,0.5,1.5,0.2,score_point,0.07092198581560284,0.7875,0.2875,0.7125,0.7755102040816327,705,400,False
model,0.74,0.2,1.5,0.2,score_point,0.07092198581560284,0.78825,0.4525,0.5475,0.6547085201793722,705,400,False
model,0.28,0.7,1.5,0.2,score_point,0.07092198581560284,0.794,0.1175,0.8825,0.8792029887920298,705,400,False
model,0.29,0.7,1.5,0.2,score_point,0.07092198581560284,0.7979999999999999,0.1225,0.8775,0.8764044943820225,705,400,False
model,0.3,0.7,1.5,0.2,score_point,0.07092198581560284,0.8039999999999999,0.13,0.87,0.8721804511278195,705,400,False
model,0.01,0.8,3.0,0.2,score_point,0.07092198581560284,0.8109999999999999,0.005,0.995,0.9386792452830188,705,400,False
model,0.21,0.8,1.5,0.2,score_point,0.07092198581560284,0.8630000000000001,0.09,0.91,0.8943488943488944,705,400,False
model,0.22,0.8,1.5,0.2,score_point,0.07092198581560284,0.8647500000000001,0.0925,0.9075,0.8929889298892989,705,400,False
model,0.23,0.8,1.5,0.2,score_point,0.07092198581560284,0.8647500000000001,0.0925,0.9075,0.8929889298892989,705,400,False
model,0.24,0.8,1.5,0.2,score_point,0.07092198581560284,0.8647500000000001,0.0925,0.9075,0.8929889298892989,705,400,False
model,0.25,0.8,1.5,0.2,score_point,0.07092198581560284,0.8665,0.095,0.905,0.8916256157635468,705,400,False
model,0.08,0.9,1.5,0.2,score_point,0.07092198581560284,0.9210000000000003,0.035,0.965,0.923444976076555,705,400,False
model,0.09,0.9,1.5,0.2,score_point,0.07092198581560284,0.9240000000000002,0.04,0.96,0.9208633093525179,705,400,False
model,0.05,1.0,1.5,0.2,score_point,0.07092198581560284,1.0125,0.025,0.975,0.9285714285714285,705,400,False
model,0.06,1.0,1.5,0.2,score_point,0.07092198581560284,1.01375,0.0275,0.9725,0.9272943980929678,705,400,False
model,0.28,0.3,3.0,0.2,score_point,0.07234042553191489,0.61725,0.1175,0.8825,0.8781094527363184,705,400,False
model,0.16,0.5,2.5,0.2,score_point,0.07234042553191489,0.62,0.06,0.94,0.9093107617896009,705,400,False
model,0.13,0.5,3.0,0.2,score_point,0.07234042553191489,0.625,0.05,0.95,0.914560770156438,705,400,False
model,0.22,0.5,2.0,0.2,score_point,0.07234042553191489,0.63875,0.0925,0.9075,0.8918918918918918,705,400,False
model,0.23,0.5,2.0,0.2,score_point,0.07234042553191489,0.63875,0.0925,0.9075,0.8918918918918918,705,400,False
model,0.24,0.4,3.0,0.2,score_point,0.07234042553191489,0.6405000000000001,0.0925,0.9075,0.8918918918918918,705,400,False
model,0.42,0.3,2.0,0.2,score_point,0.07234042553191489,0.6485,0.205,0.795,0.8270481144343304,705,400,False
model,0.2,0.4,3.5,0.2,score_point,0.07234042553191489,0.6635,0.085,0.915,0.8959608323133416,705,400,False
model,0.15,0.6,2.0,0.2,score_point,0.07234042553191489,0.6769999999999999,0.055,0.945,0.9119420989143546,705,400,False
model,0.34,0.2,3.5,0.2,score_point,0.07234042553191489,0.7197499999999999,0.1575,0.8425,0.8553299492385786,705,400,False
model,0.7,0.2,1.5,0.2,score_point,0.07234042553191489,0.7232499999999998,0.4025,0.5975,0.6927536231884057,705,400,False
model,0.05,0.7,2.0,0.2,score_point,0.07234042553191489,0.7325,0.025,0.975,0.9274673008323425,705,400,False
model,0.33,0.6,1.5,0.2,score_point,0.07234042553191489,0.73725,0.1525,0.8475,0.8582278481012657,705,400,False
model,0.71,0.2,1.5,0.2,score_point,0.07234042553191489,0.7394999999999999,0.415,0.585,0.6832116788321169,705,400,False
model,0.34,0.6,1.5,0.2,score_point,0.07234042553191489,0.7417499999999998,0.1575,0.8425,0.8553299492385786,705,400,False
model,0.47,0.5,1.5,0.2,score_point,0.07234042553191489,0.7425,0.2425,0.7575,0.8037135278514589,705,400,False
model,0.67,0.3,1.5,0.2,score_point,0.07234042553191489,0.7440000000000001,0.37,0.63,0.7169274537695591,705,400,False
model,0.48,0.5,1.5,0.2,score_point,0.07234042553191489,0.75,0.25,0.75,0.7989347536617842,705,400,False
model,0.59,0.4,1.5,0.2,score_point,0.07234042553191489,0.7520000000000002,0.32,0.68,0.7524204702627938,705,400,False
model,0.49,0.5,1.5,0.2,score_point,0.07234042553191489,0.7525,0.2525,0.7475,0.7973333333333334,705,400,False
model,0.5,0.5,1.5,0.2,score_point,0.07234042553191489,0.7525,0.2525,0.7475,0.7973333333333334,705,400,False
model,0.6,0.4,1.5,0.2,score_point,0.07234042553191489,0.7575,0.325,0.675,0.7489597780859917,705,400,False
model,0.61,0.4,1.5,0.2,score_point,0.07234042553191489,0.76575,0.3325,0.6675,0.743732590529248,705,400,False
model,0.51,0.5,1.5,0.2,score_point,0.07234042553191489,0.77,0.27,0.73,0.7860026917900403,705,400,False
model,0.62,0.4,1.5,0.2,score_point,0.07234042553191489,0.7712500000000001,0.3375,0.6625,0.7402234636871509,705,400,False
model,0.26,0.7,1.5,0.2,score_point,0.07234042553191489,0.782,0.1025,0.8975,0.8864197530864198,705,400,False
model,0.27,0.7,1.5,0.2,score_point,0.07234042553191489,0.79,0.1125,0.8875,0.8808933002481389,705,400,False
model,0.03,0.8,2.0,0.2,score_point,0.07234042553191489,0.818,0.015,0.985,0.9325443786982248,705,400,False
model,0.17,0.8,1.5,0.2,score_point,0.07234042553191489,0.84375,0.0625,0.9375,0.9079903147699758,705,400,False
model,0.18,0.8,1.5,0.2,score_point,0.07234042553191489,0.85075,0.0725,0.9275,0.902676399026764,705,400,False
model,0.19,0.8,1.5,0.2,score_point,0.07234042553191489,0.8542500000000001,0.0775,0.9225,0.9,705,400,False
model,0.2,0.8,1.5,0.2,score_point,0.07234042553191489,0.8595,0.085,0.915,0.8959608323133416,705,400,False
model,0.07,0.9,1.5,0.2,score_point,0.07234042553191489,0.9210000000000003,0.035,0.965,0.9223416965352449,705,400,False
model,0.02,1.0,1.5,0.2,score_point,0.07234042553191489,1.0025,0.005,0.995,0.9375736160188458,705,400,False
model,0.03,1.0,1.5,0.2,score_point,0.07234042553191489,1.0075,0.015,0.985,0.9325443786982248,705,400,False
model,0.04,1.0,1.5,0.2,score_point,0.07234042553191489,1.01,0.02,0.98,0.9300118623962039,705,400,False
model,0.36,0.3,2.0,0.2,score_point,0.07375886524822695,0.5932499999999998,0.1725,0.8275,0.8454661558109835,705,400,True
model,0.37,0.3,2.0,0.2,score_point,0.07375886524822695,0.60175,0.1775,0.8225,0.8425096030729833,705,400,False
model,0.38,0.3,2.0,0.2,score_point,0.07375886524822695,0.60175,0.1775,0.8225,0.8425096030729833,705,400,False
model,0.15,0.5,2.5,0.2,score_point,0.07375886524822695,0.61,0.055,0.945,0.9108433734939759,705,400,False
model,0.12,0.5,3.0,0.2,score_point,0.07375886524822695,0.6125,0.045,0.955,0.9160671462829736,705,400,False
model,0.39,0.3,2.0,0.2,score_point,0.07375886524822695,0.6144999999999999,0.185,0.815,0.8380462724935733,705,400,False
model,0.11,0.5,3.5,0.2,score_point,0.07375886524822695,0.62,0.04,0.96,0.9186602870813397,705,400,False
model,0.46,0.2,2.0,0.2,score_point,0.07375886524822695,0.623,0.235,0.765,0.8073878627968338,705,400,False
model,0.31,0.4,2.0,0.2,score_point,0.07375886524822695,0.6240000000000001,0.14,0.86,0.864321608040201,705,400,False
model,0.32,0.3,2.5,0.2,score_point,0.07375886524822695,0.6244999999999998,0.1475,0.8525,0.8600252206809585,705,400,False
model,0.18,0.4,3.5,0.2,score_point,0.07375886524822695,0.6247500000000001,0.0725,0.9275,0.9015795868772782,705,400,False
model,0.4,0.3,2.0,0.2,score_point,0.07375886524822695,0.62725,0.1925,0.8075,0.8335483870967743,705,400,False
model,0.41,0.3,2.0,0.2,score_point,0.07375886524822695,0.6315,0.195,0.805,0.8320413436692506,705,400,False
model,0.21,0.5,2.0,0.2,score_point,0.07375886524822695,0.635,0.09,0.91,0.892156862745098,705,400,False
model,0.32,0.4,2.0,0.2,score_point,0.07375886524822695,0.6360000000000001,0.1475,0.8525,0.8600252206809585,705,400,False
model,0.19,0.4,3.5,0.2,score_point,0.07375886524822695,0.6402500000000001,0.0775,0.9225,0.8989037758830695,705,400,False
model,0.22,0.4,3.0,0.2,score_point,0.07375886524822695,0.6405000000000001,0.0925,0.9075,0.89079754601227,705,400,False
model,0.23,0.4,3.0,0.2,score_point,0.07375886524822695,0.6405000000000001,0.0925,0.9075,0.89079754601227,705,400,False
model,0.42,0.2,2.5,0.2,score_point,0.07375886524822695,0.6715000000000001,0.205,0.795,0.825974025974026,705,400,False
model,0.33,0.2,3.5,0.2,score_point,0.07375886524822695,0.7032499999999999,0.1525,0.8475,0.8571428571428572,705,400,False
model,0.42,0.5,1.5,0.2,score_point,0.07375886524822695,0.705,0.205,0.795,0.825974025974026,705,400,False
model,0.43,0.5,1.5,0.2,score_point,0.07375886524822695,0.71,0.21,0.79,0.8229166666666666,705,400,False
model,0.44,0.5,1.5,0.2,score_point,0.07375886524822695,0.725,0.225,0.775,0.8136482939632546,705,400,False
model,0.31,0.6,1.5,0.2,score_point,0.07375886524822695,0.7259999999999998,0.14,0.86,0.864321608040201,705,400,False
model,0.04,0.7,2.0,0.2,score_point,0.07375886524822695,0.726,0.02,0.98,0.9289099526066351,705,400,False
model,0.45,0.5,1.5,0.2,score_point,0.07375886524822695,0.7275,0.2275,0.7725,0.8120893561103811,705,400,False
model,0.32,0.6,1.5,0.2,score_point,0.07375886524822695,0.7327499999999998,0.1475,0.8525,0.8600252206809585,705,400,False
model,0.46,0.5,1.5,0.2,score_point,0.07375886524822695,0.735,0.235,0.765,0.8073878627968338,705,400,False
model,0.66,0.3,1.5,0.2,score_point,0.07375886524822695,0.735,0.3625,0.6375,0.7213578500707214,705,400,False
model,0.58,0.4,1.5,0.2,score_point,0.07375886524822695,0.7382500000000002,0.3075,0.6925,0.7599451303155006,705,400,False
model,0.21,0.7,1.5,0.2,score_point,0.07375886524822695,0.772,0.09,0.91,0.892156862745098,705,400,False
model,0.22,0.7,1.5,0.2,score_point,0.07375886524822695,0.774,0.0925,0.9075,0.89079754601227,705,400,False
model,0.23,0.7,1.5,0.2,score_point,0.07375886524822695,0.774,0.0925,0.9075,0.89079754601227,705,400,False
model,0.24,0.7,1.5,0.2,score_point,0.07375886524822695,0.774,0.0925,0.9075,0.89079754601227,705,400,False
model,0.25,0.7,1.5,0.2,score_point,0.07375886524822695,0.7759999999999999,0.095,0.905,0.8894348894348894,705,400,False
model,0.15,0.8,1.5,0.2,score_point,0.07375886524822695,0.8384999999999999,0.055,0.945,0.9108433734939759,705,400,False
model,0.16,0.8,1.5,0.2,score_point,0.07375886524822695,0.8420000000000001,0.06,0.94,0.9082125603864735,705,400,False
model,0.05,0.9,1.5,0.2,score_point,0.07375886524822695,0.9150000000000003,0.025,0.975,0.9263657957244654,705,400,False
model,0.06,0.9,1.5,0.2,score_point,0.07375886524822695,0.9165000000000002,0.0275,0.9725,0.9250891795481571,705,400,False
model,0.01,1.0,1.5,0.2,score_point,0.07375886524822695,1.0025,0.005,0.995,0.9364705882352942,705,400,False
model,0.26,0.3,3.0,0.2,score_point,0.075177304964539,0.57675,0.1025,0.8975,0.8842364532019704,705,400,True
model,0.17,0.4,3.5,0.2,score_point,0.075177304964539,0.5937500000000001,0.0625,0.9375,0.9057971014492754,705,400,False
model,0.29,0.4,2.0,0.2,score_point,0.075177304964539,0.5960000000000001,0.1225,0.8775,0.8731343283582088,705,400,False
model,0.25,0.4,2.5,0.2,score_point,0.075177304964539,0.5995000000000001,0.095,0.905,0.8883435582822086,705,400,False
model,0.27,0.3,3.0,0.2,score_point,0.075177304964539,0.60375,0.1125,0.8875,0.8787128712871287,705,400,False
model,0.31,0.3,2.5,0.2,score_point,0.075177304964539,0.608,0.14,0.86,0.8632371392722711,705,400,False
model,0.3,0.4,2.0,0.2,score_point,0.075177304964539,0.6080000000000001,0.13,0.87,0.8689138576779026,705,400,False
model,0.18,0.5,2.0,0.2,score_point,0.075177304964539,0.60875,0.0725,0.9275,0.9004854368932038,705,400,False
model,0.45,0.2,2.0,0.2,score_point,0.075177304964539,0.6095,0.2275,0.7725,0.8110236220472441,705,400,False
model,0.19,0.5,2.0,0.2,score_point,0.075177304964539,0.61625,0.0775,0.9225,0.8978102189781021,705,400,False
model,0.1,0.5,3.5,0.2,score_point,0.075177304964539,0.62,0.04,0.96,0.9175627240143369,705,400,False
model,0.2,0.5,2.0,0.2,score_point,0.075177304964539,0.6275,0.085,0.915,0.8937728937728938,705,400,False
model,0.21,0.4,3.0,0.2,score_point,0.075177304964539,0.6340000000000001,0.09,0.91,0.8910648714810282,705,400,False
model,0.35,0.2,3.0,0.2,score_point,0.075177304964539,0.662,0.165,0.835,0.8487928843710293,705,400,False
model,0.36,0.5,1.5,0.2,score_point,0.075177304964539,0.6725,0.1725,0.8275,0.8443877551020408,705,400,False
model,0.14,0.6,2.0,0.2,score_point,0.075177304964539,0.6735,0.0525,0.9475,0.9110576923076923,705,400,False
model,0.37,0.5,1.5,0.2,score_point,0.075177304964539,0.6775,0.1775,0.8225,0.8414322250639386,705,400,False
model,0.38,0.5,1.5,0.2,score_point,0.075177304964539,0.6775,0.1775,0.8225,0.8414322250639386,705,400,False
model,0.06,0.6,3.5,0.2,score_point,0.075177304964539,0.67975,0.0275,0.9725,0.9239904988123515,705,400,False
model,0.07,0.6,3.0,0.2,score_point,0.075177304964539,0.6839999999999997,0.035,0.965,0.9201430274135876,705,400,False
model,0.39,0.5,1.5,0.2,score_point,0.075177304964539,0.685,0.185,0.815,0.8369704749679077,705,400,False
model,0.68,0.2,1.5,0.2,score_point,0.075177304964539,0.69075,0.3775,0.6225,0.7094017094017094,705,400,False
model,0.4,0.5,1.5,0.2,score_point,0.075177304964539,0.6925,0.1925,0.8075,0.8324742268041238,705,400,False
model,0.41,0.5,1.5,0.2,score_point,0.075177304964539,0.695,0.195,0.805,0.830967741935484,705,400,False
model,0.69,0.2,1.5,0.2,score_point,0.075177304964539,0.70375,0.3875,0.6125,0.7020057306590258,705,400,False
model,0.29,0.6,1.5,0.2,score_point,0.075177304964539,0.7102499999999998,0.1225,0.8775,0.8731343283582088,705,400,False
model,0.02,0.7,3.5,0.2,score_point,0.075177304964539,0.7140000000000001,0.005,0.995,0.9353701527614571,705,400,False
model,0.3,0.6,1.5,0.2,score_point,0.075177304964539,0.7169999999999999,0.13,0.87,0.8689138576779026,705,400,False
model,0.55,0.4,1.5,0.2,score_point,0.075177304964539,0.7217500000000001,0.2925,0.7075,0.7690217391304348,705,400,False
model,0.56,0.4,1.5,0.2,score_point,0.075177304964539,0.7217500000000001,0.2925,0.7075,0.7690217391304348,705,400,False
model,0.65,0.3,1.5,0.2,score_point,0.075177304964539,0.7260000000000001,0.355,0.645,0.7257383966244725,705,400,False
model,0.57,0.4,1.5,0.2,score_point,0.075177304964539,0.7355000000000002,0.305,0.695,0.7606019151846785,705,400,False
model,0.17,0.7,1.5,0.2,score_point,0.075177304964539,0.75,0.0625,0.9375,0.9057971014492754,705,400,False
model,0.18,0.7,1.5,0.2,score_point,0.075177304964539,0.758,0.0725,0.9275,0.9004854368932038,705,400,False
model,0.19,0.7,1.5,0.2,score_point,0.075177304964539,0.7619999999999999,0.0775,0.9225,0.8978102189781021,705,400,False
model,0.2,0.7,1.5,0.2,score_point,0.075177304964539,0.768,0.085,0.915,0.8937728937728938,705,400,False
model,0.02,0.8,2.0,0.2,score_point,0.075177304964539,0.8059999999999999,0.005,0.995,0.9353701527614571,705,400,False
model,0.01,0.8,2.5,0.2,score_point,0.075177304964539,0.8085,0.005,0.995,0.9353701527614571,705,400,False
model,0.1,0.8,1.5,0.2,score_point,0.075177304964539,0.8280000000000001,0.04,0.96,0.9175627240143369,705,400,False
model,0.11,0.8,1.5,0.2,score_point,0.075177304964539,0.8280000000000001,0.04,0.96,0.9175627240143369,705,400,False
model,0.12,0.8,1.5,0.2,score_point,0.075177304964539,0.8315,0.045,0.955,0.9149700598802396,705,400,False
model,0.13,0.8,1.5,0.2,score_point,0.075177304964539,0.835,0.05,0.95,0.9123649459783914,705,400,False
model,0.14,0.8,1.5,0.2,score_point,0.075177304964539,0.83675,0.0525,0.9475,0.9110576923076923,705,400,False
model,0.04,0.9,1.5,0.2,score_point,0.075177304964539,0.9120000000000001,0.02,0.98,0.9278106508875739,705,400,False
model,0.29,0.3,2.5,0.2,score_point,0.07659574468085106,0.5694999999999999,0.1225,0.8775,0.8720496894409937,705,400,True
model,0.35,0.3,2.0,0.2,score_point,0.07659574468085106,0.5805,0.165,0.835,0.8477157360406091,705,400,False
model,0.3,0.3,2.5,0.2,score_point,0.07659574468085106,0.586,0.13,0.87,0.8678304239401496,705,400,False
model,0.28,0.4,2.0,0.2,score_point,0.07659574468085106,0.5880000000000001,0.1175,0.8825,0.8748451053283767,705,400,False
model,0.17,0.5,2.0,0.2,score_point,0.07659574468085106,0.59375,0.0625,0.9375,0.9047044632086853,705,400,False
model,0.25,0.3,3.5,0.2,score_point,0.07659574468085106,0.604,0.095,0.905,0.8872549019607844,705,400,False
model,0.14,0.5,2.5,0.2,score_point,0.07659574468085106,0.605,0.0525,0.9475,0.9099639855942377,705,400,False
model,0.44,0.2,2.0,0.2,score_point,0.07659574468085106,0.605,0.225,0.775,0.8115183246073299,705,400,False
model,0.2,0.4,3.0,0.2,score_point,0.07659574468085106,0.6210000000000001,0.085,0.915,0.8926829268292683,705,400,False
model,0.34,0.2,3.0,0.2,score_point,0.07659574468085106,0.6409999999999999,0.1575,0.8425,0.852085967130215,705,400,False
model,0.41,0.2,2.5,0.2,score_point,0.07659574468085106,0.6485,0.195,0.805,0.8298969072164949,705,400,False
model,0.12,0.6,2.0,0.2,score_point,0.07659574468085106,0.6629999999999998,0.045,0.955,0.9138755980861244,705,400,False
model,0.08,0.6,2.5,0.2,score_point,0.07659574468085106,0.6664999999999999,0.035,0.965,0.919047619047619,705,400,False
model,0.13,0.6,2.0,0.2,score_point,0.07659574468085106,0.6699999999999998,0.05,0.95,0.9112709832134291,705,400,False
model,0.09,0.6,2.5,0.2,score_point,0.07659574468085106,0.6759999999999999,0.04,0.96,0.9164677804295942,705,400,False
model,0.52,0.4,1.5,0.2,score_point,0.07659574468085106,0.6970000000000002,0.27,0.73,0.7828418230563002,705,400,False
model,0.28,0.6,1.5,0.2,score_point,0.07659574468085106,0.7057499999999999,0.1175,0.8825,0.8748451053283767,705,400,False
model,0.53,0.4,1.5,0.2,score_point,0.07659574468085106,0.7080000000000001,0.28,0.72,0.7762803234501348,705,400,False
model,0.63,0.3,1.5,0.2,score_point,0.07659574468085106,0.711,0.3425,0.6575,0.7336122733612273,705,400,False
model,0.54,0.4,1.5,0.2,score_point,0.07659574468085106,0.71625,0.2875,0.7125,0.7713125845737482,705,400,False
model,0.64,0.3,1.5,0.2,score_point,0.07659574468085106,0.7169999999999999,0.3475,0.6525,0.7300699300699302,705,400,False
model,0.03,0.7,2.5,0.2,score_point,0.07659574468085106,0.727,0.015,0.985,0.9292452830188679,705,400,False
model,0.15,0.7,1.5,0.2,score_point,0.07659574468085106,0.7440000000000001,0.055,0.945,0.9086538461538461,705,400,False
model,0.16,0.7,1.5,0.2,score_point,0.07659574468085106,0.748,0.06,0.94,0.9060240963855422,705,400,False
model,0.08,0.8,1.5,0.2,score_point,0.07659574468085106,0.8244999999999999,0.035,0.965,0.919047619047619,705,400,False
model,0.09,0.8,1.5,0.2,score_point,0.07659574468085106,0.8280000000000001,0.04,0.96,0.9164677804295942,705,400,False
model,0.28,0.3,2.5,0.2,score_point,0.07801418439716312,0.5585,0.1175,0.8825,0.8737623762376239,705,400,True
model,0.26,0.4,2.0,0.2,score_point,0.07801418439716312,0.5640000000000001,0.1025,0.8975,0.8820638820638821,705,400,False
model,0.34,0.3,2.0,0.2,score_point,0.07801418439716312,0.5677499999999999,0.1575,0.8425,0.851010101010101,705,400,False
model,0.27,0.4,2.0,0.2,score_point,0.07801418439716312,0.5800000000000002,0.1125,0.8875,0.8765432098765432,705,400,False
model,0.18,0.4,3.0,0.2,score_point,0.07801418439716312,0.5885000000000001,0.0725,0.9275,0.8983050847457628,705,400,False
model,0.24,0.4,2.5,0.2,score_point,0.07801418439716312,0.5942500000000002,0.0925,0.9075,0.8875305623471882,705,400,False
model,0.36,0.2,2.5,0.2,score_point,0.07801418439716312,0.59675,0.1725,0.8275,0.8422391857506362,705,400,False
model,0.11,0.5,3.0,0.2,score_point,0.07801418439716312,0.6,0.04,0.96,0.9153754469606674,705,400,False
model,0.13,0.5,2.5,0.2,score_point,0.07801418439716312,0.6,0.05,0.95,0.9101796407185629,705,400,False
model,0.19,0.4,3.0,0.2,score_point,0.07801418439716312,0.6015,0.0775,0.9225,0.8956310679611649,705,400,False
model,0.37,0.2,2.5,0.2,score_point,0.07801418439716312,0.60825,0.1775,0.8225,0.8392857142857143,705,400,False
model,0.38,0.2,2.5,0.2,score_point,0.07801418439716312,0.60825,0.1775,0.8225,0.8392857142857143,705,400,False
model,0.39,0.2,2.5,0.2,score_point,0.07801418439716312,0.6255,0.185,0.815,0.8348271446862996,705,400,False
model,0.33,0.2,3.0,0.2,score_point,0.07801418439716312,0.627,0.1525,0.8475,0.853904282115869,705,400,False
model,0.4,0.2,2.5,0.2,score_point,0.07801418439716312,0.64275,0.1925,0.8075,0.8303341902313625,705,400,False
model,0.11,0.6,2.0,0.2,score_point,0.07801418439716312,0.6559999999999999,0.04,0.96,0.9153754469606674,705,400,False
model,0.35,0.5,1.5,0.2,score_point,0.07801418439716312,0.665,0.165,0.835,0.8466413181242078,705,400,False
model,0.06,0.6,3.0,0.2,score_point,0.07801418439716312,0.6659999999999999,0.0275,0.9725,0.9218009478672985,705,400,False
model,0.47,0.4,1.5,0.2,score_point,0.07801418439716312,0.6667500000000001,0.2425,0.7575,0.7994722955145118,705,400,False
model,0.05,0.6,3.5,0.2,score_point,0.07801418439716312,0.6724999999999999,0.025,0.975,0.9230769230769231,705,400,False
model,0.48,0.4,1.5,0.2,score_point,0.07801418439716312,0.675,0.25,0.75,0.794701986754967,705,400,False
model,0.49,0.4,1.5,0.2,score_point,0.07801418439716312,0.6777500000000001,0.2525,0.7475,0.7931034482758621,705,400,False
model,0.5,0.4,1.5,0.2,score_point,0.07801418439716312,0.6777500000000001,0.2525,0.7475,0.7931034482758621,705,400,False
model,0.67,0.2,1.5,0.2,score_point,0.07801418439716312,0.681,0.37,0.63,0.7128712871287128,705,400,False
model,0.59,0.3,1.5,0.2,score_point,0.07801418439716312,0.6839999999999999,0.32,0.68,0.7482806052269603,705,400,False
model,0.32,0.2,3.5,0.2,score_point,0.07801418439716312,0.68675,0.1475,0.8525,0.8567839195979899,705,400,False
model,0.6,0.3,1.5,0.2,score_point,0.07801418439716312,0.69,0.325,0.675,0.7448275862068966,705,400,False
model,0.26,0.6,1.5,0.2,score_point,0.07801418439716312,0.6922499999999999,0.1025,0.8975,0.8820638820638821,705,400,False
model,0.51,0.4,1.5,0.2,score_point,0.07801418439716312,0.6970000000000002,0.27,0.73,0.7817938420348058,705,400,False
model,0.61,0.3,1.5,0.2,score_point,0.07801418439716312,0.6990000000000001,0.3325,0.6675,0.7396121883656509,705,400,False
model,0.27,0.6,1.5,0.2,score_point,0.07801418439716312,0.7012499999999998,0.1125,0.8875,0.8765432098765432,705,400,False
model,0.62,0.3,1.5,0.2,score_point,0.07801418439716312,0.705,0.3375,0.6625,0.736111111111111,705,400,False
model,0.02,0.7,3.0,0.2,score_point,0.07801418439716312,0.7115,0.005,0.995,0.933177022274326,705,400,False
model,0.14,0.7,1.5,0.2,score_point,0.07801418439716312,0.742,0.0525,0.9475,0.9088729016786571,705,400,False
model,0.07,0.8,1.5,0.2,score_point,0.07801418439716312,0.8244999999999999,0.035,0.965,0.9179548156956004,705,400,False
model,0.03,0.9,1.5,0.2,score_point,0.07801418439716312,0.9090000000000004,0.015,0.985,0.928150765606596,705,400,False
model,0.33,0.3,2.0,0.2,score_point,0.07943262411347518,0.55925,0.1525,0.8475,0.8528301886792453,705,400,False
model,0.17,0.4,3.0,0.2,score_point,0.07943262411347518,0.5625000000000001,0.0625,0.9375,0.9025270758122743,705,400,False
model,0.43,0.2,2.0,0.2,score_point,0.07943262411347518,0.5780000000000001,0.21,0.79,0.8186528497409327,705,400,False
model,0.12,0.5,2.5,0.2,score_point,0.07943262411347518,0.59,0.045,0.955,0.9116945107398569,705,400,False
model,0.22,0.4,2.5,0.2,score_point,0.07943262411347518,0.5942500000000002,0.0925,0.9075,0.8864468864468864,705,400,False
model,0.23,0.4,2.5,0.2,score_point,0.07943262411347518,0.5942500000000002,0.0925,0.9075,0.8864468864468864,705,400,False
model,0.24,0.3,3.5,0.2,score_point,0.07943262411347518,0.596,0.0925,0.9075,0.8864468864468864,705,400,False
model,0.1,0.5,3.0,0.2,score_point,0.07943262411347518,0.6,0.04,0.96,0.9142857142857144,705,400,False
model,0.45,0.4,1.5,0.2,score_point,0.07943262411347518,0.6502500000000002,0.2275,0.7725,0.807843137254902,705,400,False
model,0.33,0.5,1.5,0.2,score_point,0.07943262411347518,0.6525,0.1525,0.8475,0.8528301886792453,705,400,False
model,0.1,0.6,2.0,0.2,score_point,0.07943262411347518,0.6559999999999999,0.04,0.96,0.9142857142857144,705,400,False
model,0.34,0.5,1.5,0.2,score_point,0.07943262411347518,0.6575,0.1575,0.8425,0.8499369482976041,705,400,False
model,0.46,0.4,1.5,0.2,score_point,0.07943262411347518,0.6585000000000002,0.235,0.765,0.8031496062992125,705,400,False
model,0.58,0.3,1.5,0.2,score_point,0.07943262411347518,0.669,0.3075,0.6925,0.7557980900409277,705,400,False
model,0.66,0.2,1.5,0.2,score_point,0.07943262411347518,0.67125,0.3625,0.6375,0.7172995780590716,705,400,False
model,0.1,0.7,1.5,0.2,score_point,0.07943262411347518,0.732,0.04,0.96,0.9142857142857144,705,400,False
model,0.11,0.7,1.5,0.2,score_point,0.07943262411347518,0.732,0.04,0.96,0.9142857142857144,705,400,False
model,0.12,0.7,1.5,0.2,score_point,0.07943262411347518,0.736,0.045,0.955,0.9116945107398569,705,400,False
model,0.13,0.7,1.5,0.2,score_point,0.07943262411347518,0.74,0.05,0.95,0.9090909090909091,705,400,False
model,0.05,0.8,1.5,0.2,score_point,0.07943262411347518,0.8175,0.025,0.975,0.9219858156028369,705,400,False
model,0.06,0.8,1.5,0.2,score_point,0.07943262411347518,0.8192500000000001,0.0275,0.9725,0.9207100591715975,705,400,False
model,0.26,0.3,2.5,0.2,score_point,0.08085106382978724,0.5254999999999999,0.1025,0.8975,0.8799019607843137,705,400,True
model,0.27,0.3,2.5,0.2,score_point,0.08085106382978724,0.5475,0.1125,0.8875,0.874384236453202,705,400,False
model,0.25,0.3,3.0,0.2,score_point,0.08085106382978724,0.5564999999999999,0.095,0.905,0.8840048840048841,705,400,False
model,0.16,0.4,3.5,0.2,score_point,0.08085106382978724,0.5860000000000001,0.06,0.94,0.9027611044417766,705,400,False
model,0.21,0.4,2.5,0.2,score_point,0.08085106382978724,0.5890000000000001,0.09,0.91,0.8867235079171742,705,400,False
model,0.16,0.5,2.0,0.2,score_point,0.08085106382978724,0.59,0.06,0.94,0.9027611044417766,705,400,False
model,0.22,0.3,3.5,0.2,score_point,0.08085106382978724,0.596,0.0925,0.9075,0.8853658536585366,705,400,False
model,0.23,0.3,3.5,0.2,score_point,0.08085106382978724,0.596,0.0925,0.9075,0.8853658536585366,705,400,False
model,0.31,0.5,1.5,0.2,score_point,0.08085106382978724,0.64,0.14,0.86,0.8589263420724095,705,400,False
model,0.32,0.5,1.5,0.2,score_point,0.08085106382978724,0.6475,0.1475,0.8525,0.8546365914786969,705,400,False
model,0.44,0.4,1.5,0.2,score_point,0.08085106382978724,0.6475000000000002,0.225,0.775,0.8083441981747066,705,400,False
model,0.55,0.3,1.5,0.2,score_point,0.08085106382978724,0.6509999999999999,0.2925,0.7075,0.7648648648648648,705,400,False
model,0.56,0.3,1.5,0.2,score_point,0.08085106382978724,0.6509999999999999,0.2925,0.7075,0.7648648648648648,705,400,False
model,0.05,0.6,3.0,0.2,score_point,0.08085106382978724,0.6599999999999998,0.025,0.975,0.9208972845336482,705,400,False
model,0.65,0.2,1.5,0.2,score_point,0.08085106382978724,0.6615000000000001,0.355,0.645,0.7216783216783216,705,400,False
model,0.31,0.2,3.5,0.2,score_point,0.08085106382978724,0.6619999999999999,0.14,0.86,0.8589263420724095,705,400,False
model,0.57,0.3,1.5,0.2,score_point,0.08085106382978724,0.6659999999999999,0.305,0.695,0.7564625850340136,705,400,False
model,0.07,0.6,2.5,0.2,score_point,0.08085106382978724,0.6664999999999999,0.035,0.965,0.9157769869513642,705,400,False
model,0.01,0.8,2.0,0.2,score_point,0.08085106382978724,0.8059999999999999,0.005,0.995,0.9309941520467836,705,400,False
model,0.04,0.8,1.5,0.2,score_point,0.08085106382978724,0.8140000000000001,0.02,0.98,0.9234393404004712,705,400,False
model,0.02,0.9,1.5,0.2,score_point,0.08085106382978724,0.9030000000000001,0.005,0.995,0.9309941520467836,705,400,False
model,0.32,0.3,2.0,0.2,score_point,0.08226950354609928,0.5507499999999999,0.1475,0.8525,0.853566958698373,705,400,False
model,0.42,0.2,2.0,0.2,score_point,0.08226950354609928,0.5690000000000001,0.205,0.795,0.8195876288659795,705,400,False
model,0.15,0.4,3.5,0.2,score_point,0.08226950354609928,0.5705000000000001,0.055,0.945,0.9043062200956938,705,400,False
model,0.2,0.4,2.5,0.2,score_point,0.08226950354609928,0.5785000000000001,0.085,0.915,0.8883495145631068,705,400,False
model,0.35,0.2,2.5,0.2,score_point,0.08226950354609928,0.5795,0.165,0.835,0.8434343434343434,705,400,False
model,0.15,0.5,2.0,0.2,score_point,0.08226950354609928,0.5825,0.055,0.945,0.9043062200956938,705,400,False
model,0.21,0.3,3.5,0.2,score_point,0.08226950354609928,0.588,0.09,0.91,0.8856447688564477,705,400,False
model,0.32,0.2,3.0,0.2,score_point,0.08226950354609928,0.613,0.1475,0.8525,0.853566958698373,705,400,False
model,0.09,0.5,3.5,0.2,score_point,0.08226950354609928,0.62,0.04,0.96,0.9121140142517815,705,400,False
model,0.29,0.5,1.5,0.2,score_point,0.08226950354609928,0.6225,0.1225,0.8775,0.8677379480840544,705,400,False
model,0.52,0.3,1.5,0.2,score_point,0.08226950354609928,0.624,0.27,0.73,0.7786666666666667,705,400,False
model,0.3,0.5,1.5,0.2,score_point,0.08226950354609928,0.63,0.13,0.87,0.8635235732009925,705,400,False
model,0.53,0.3,1.5,0.2,score_point,0.08226950354609928,0.636,0.28,0.72,0.772117962466488,705,400,False
model,0.54,0.3,1.5,0.2,score_point,0.08226950354609928,0.645,0.2875,0.7125,0.7671601615074024,705,400,False
model,0.64,0.2,1.5,0.2,score_point,0.08226950354609928,0.6517500000000002,0.3475,0.6525,0.7260083449235047,705,400,False
model,0.25,0.6,1.5,0.2,score_point,0.08226950354609928,0.6854999999999998,0.095,0.905,0.8829268292682927,705,400,False
model,0.02,0.7,2.5,0.2,score_point,0.08226950354609928,0.7090000000000001,0.005,0.995,0.9299065420560748,705,400,False
model,0.08,0.7,1.5,0.2,score_point,0.08226950354609928,0.7280000000000001,0.035,0.965,0.9146919431279621,705,400,False
model,0.09,0.7,1.5,0.2,score_point,0.08226950354609928,0.732,0.04,0.96,0.9121140142517815,705,400,False
model,0.01,0.9,1.5,0.2,score_point,0.08226950354609928,0.9030000000000001,0.005,0.995,0.9299065420560748,705,400,False
model,0.31,0.3,2.0,0.2,score_point,0.08368794326241134,0.5379999999999999,0.14,0.86,0.8567870485678705,705,400,False
model,0.24,0.3,3.0,0.2,score_point,0.08368794326241134,0.54975,0.0925,0.9075,0.8832116788321168,705,400,False
model,0.25,0.4,2.0,0.2,score_point,0.08368794326241134,0.552,0.095,0.905,0.8818514007308161,705,400,False
model,0.18,0.4,2.5,0.2,score_point,0.08368794326241134,0.5522500000000001,0.0725,0.9275,0.8939759036144579,705,400,False
model,0.34,0.2,2.5,0.2,score_point,0.08368794326241134,0.5622499999999999,0.1575,0.8425,0.8467336683417085,705,400,False
model,0.19,0.4,2.5,0.2,score_point,0.08368794326241134,0.5627500000000001,0.0775,0.9225,0.891304347826087,705,400,False
model,0.11,0.5,2.5,0.2,score_point,0.08368794326241134,0.58,0.04,0.96,0.9110320284697508,705,400,False
model,0.5,0.3,1.5,0.2,score_point,0.08368794326241134,0.603,0.2525,0.7475,0.7889182058047495,705,400,False
model,0.29,0.2,3.5,0.2,score_point,0.08368794326241134,0.60425,0.1225,0.8775,0.8666666666666667,705,400,False
model,0.08,0.5,3.5,0.2,score_point,0.08368794326241134,0.605,0.035,0.965,0.9136094674556214,705,400,False
model,0.28,0.5,1.5,0.2,score_point,0.08368794326241134,0.6175,0.1175,0.8825,0.8694581280788177,705,400,False
model,0.51,0.3,1.5,0.2,score_point,0.08368794326241134,0.624,0.27,0.73,0.77762982689747,705,400,False
model,0.3,0.2,3.5,0.2,score_point,0.08368794326241134,0.629,0.13,0.87,0.8624535315985131,705,400,False
model,0.43,0.4,1.5,0.2,score_point,0.08368794326241134,0.6310000000000001,0.21,0.79,0.8154838709677419,705,400,False
model,0.63,0.2,1.5,0.2,score_point,0.08368794326241134,0.6452500000000001,0.3425,0.6575,0.7285318559556786,705,400,False
model,0.06,0.6,2.5,0.2,score_point,0.08368794326241134,0.65225,0.0275,0.9725,0.9174528301886793,705,400,False
model,0.04,0.6,3.5,0.2,score_point,0.08368794326241134,0.6579999999999998,0.02,0.98,0.9212690951821386,705,400,False
model,0.22,0.6,1.5,0.2,score_point,0.08368794326241134,0.6832499999999999,0.0925,0.9075,0.8832116788321168,705,400,False
model,0.23,0.6,1.5,0.2,score_point,0.08368794326241134,0.6832499999999999,0.0925,0.9075,0.8832116788321168,705,400,False
model,0.24,0.6,1.5,0.2,score_point,0.08368794326241134,0.6832499999999999,0.0925,0.9075,0.8832116788321168,705,400,False
model,0.03,0.7,2.0,0.2,score_point,0.08368794326241134,0.7195,0.015,0.985,0.9237983587338805,705,400,False
model,0.29,0.3,2.0,0.2,score_point,0.0851063829787234,0.5082499999999999,0.1225,0.8775,0.8655980271270036,705,400,True
model,0.3,0.3,2.0,0.2,score_point,0.0851063829787234,0.5209999999999999,0.13,0.87,0.8613861386138614,705,400,False
model,0.17,0.4,2.5,0.2,score_point,0.0851063829787234,0.53125,0.0625,0.9375,0.8982035928143712,705,400,False
model,0.22,0.3,3.0,0.2,score_point,0.0851063829787234,0.54975,0.0925,0.9075,0.882138517618469,705,400,False
model,0.23,0.3,3.0,0.2,score_point,0.0851063829787234,0.54975,0.0925,0.9075,0.882138517618469,705,400,False
model,0.33,0.2,2.5,0.2,score_point,0.0851063829787234,0.5507500000000001,0.1525,0.8475,0.8485607008760953,705,400,False
model,0.41,0.2,2.0,0.2,score_point,0.0851063829787234,0.551,0.195,0.805,0.823529411764706,705,400,False
model,0.16,0.4,3.0,0.2,score_point,0.0851063829787234,0.556,0.06,0.94,0.8995215311004784,705,400,False
model,0.2,0.3,3.5,0.2,score_point,0.0851063829787234,0.572,0.085,0.915,0.8861985472154964,705,400,False
model,0.14,0.5,2.0,0.2,score_point,0.0851063829787234,0.57875,0.0525,0.9475,0.9034564958283672,705,400,False
model,0.1,0.5,2.5,0.2,score_point,0.0851063829787234,0.58,0.04,0.96,0.9099526066350712,705,400,False
model,0.47,0.3,1.5,0.2,score_point,0.0851063829787234,0.591,0.2425,0.7575,0.7942332896461337,705,400,False
model,0.31,0.2,3.0,0.2,score_point,0.0851063829787234,0.592,0.14,0.86,0.8557213930348259,705,400,False
model,0.48,0.3,1.5,0.2,score_point,0.0851063829787234,0.6,0.25,0.75,0.7894736842105262,705,400,False
model,0.26,0.5,1.5,0.2,score_point,0.0851063829787234,0.6025,0.1025,0.8975,0.8766788766788766,705,400,False
model,0.49,0.3,1.5,0.2,score_point,0.0851063829787234,0.603,0.2525,0.7475,0.787878787878788,705,400,False
model,0.27,0.5,1.5,0.2,score_point,0.0851063829787234,0.6125,0.1125,0.8875,0.8711656441717791,705,400,False
model,0.62,0.2,1.5,0.2,score_point,0.0851063829787234,0.63875,0.3375,0.6625,0.7310344827586207,705,400,False
model,0.08,0.6,2.0,0.2,score_point,0.0851063829787234,0.6489999999999999,0.035,0.965,0.912529550827423,705,400,False
model,0.09,0.6,2.0,0.2,score_point,0.0851063829787234,0.6559999999999999,0.04,0.96,0.9099526066350712,705,400,False
model,0.21,0.6,1.5,0.2,score_point,0.0851063829787234,0.6809999999999999,0.09,0.91,0.883495145631068,705,400,False
model,0.01,0.7,3.5,0.2,score_point,0.0851063829787234,0.7140000000000001,0.005,0.995,0.9277389277389279,705,400,False
model,0.28,0.3,2.0,0.2,score_point,0.08652482269503546,0.4997499999999999,0.1175,0.8825,0.8673218673218672,705,400,True
model,0.25,0.3,2.5,0.2,score_point,0.08652482269503546,0.5089999999999999,0.095,0.905,0.879708383961118,705,400,False
model,0.36,0.2,2.0,0.2,score_point,0.08652482269503546,0.5105000000000001,0.1725,0.8275,0.8358585858585859,705,400,False
model,0.37,0.2,2.0,0.2,score_point,0.08652482269503546,0.5195000000000001,0.1775,0.8225,0.8329113924050634,705,400,False
model,0.38,0.2,2.0,0.2,score_point,0.08652482269503546,0.5195000000000001,0.1775,0.8225,0.8329113924050634,705,400,False
model,0.39,0.2,2.0,0.2,score_point,0.08652482269503546,0.5330000000000001,0.185,0.815,0.8284625158831004,705,400,False
model,0.21,0.3,3.0,0.2,score_point,0.08652482269503546,0.5429999999999999,0.09,0.91,0.8824242424242423,705,400,False
model,0.15,0.4,3.0,0.2,score_point,0.08652482269503546,0.5430000000000001,0.055,0.945,0.901072705601907,705,400,False
model,0.4,0.2,2.0,0.2,score_point,0.08652482269503546,0.5465000000000001,0.1925,0.8075,0.8239795918367346,705,400,False
model,0.19,0.3,3.5,0.2,score_point,0.08652482269503546,0.5479999999999999,0.0775,0.9225,0.8891566265060241,705,400,False
model,0.24,0.4,2.0,0.2,score_point,0.08652482269503546,0.5480000000000002,0.0925,0.9075,0.8810679611650485,705,400,False
model,0.14,0.4,3.5,0.2,score_point,0.08652482269503546,0.5627500000000001,0.0525,0.9475,0.9023809523809523,705,400,False
model,0.13,0.5,2.0,0.2,score_point,0.08652482269503546,0.575,0.05,0.95,0.9036860879904874,705,400,False
model,0.28,0.2,3.5,0.2,score_point,0.08652482269503546,0.58775,0.1175,0.8825,0.8673218673218672,705,400,False
model,0.09,0.5,3.0,0.2,score_point,0.08652482269503546,0.6,0.04,0.96,0.9088757396449704,705,400,False
model,0.59,0.2,1.5,0.2,score_point,0.08652482269503546,0.6160000000000001,0.32,0.68,0.742155525238745,705,400,False
model,0.6,0.2,1.5,0.2,score_point,0.08652482269503546,0.6225,0.325,0.675,0.7387140902872777,705,400,False
model,0.42,0.4,1.5,0.2,score_point,0.08652482269503546,0.6255000000000002,0.205,0.795,0.816431322207959,705,400,False
model,0.61,0.2,1.5,0.2,score_point,0.08652482269503546,0.6322500000000001,0.3325,0.6675,0.7335164835164836,705,400,False
model,0.05,0.6,2.5,0.2,score_point,0.08652482269503546,0.6474999999999999,0.025,0.975,0.9165687426556991,705,400,False
model,0.04,0.6,3.0,0.2,score_point,0.08652482269503546,0.6479999999999998,0.02,0.98,0.9191090269636577,705,400,False
model,0.17,0.6,1.5,0.2,score_point,0.08652482269503546,0.65625,0.0625,0.9375,0.8971291866028708,705,400,False
model,0.18,0.6,1.5,0.2,score_point,0.08652482269503546,0.6652499999999999,0.0725,0.9275,0.891826923076923,705,400,False
model,0.19,0.6,1.5,0.2,score_point,0.08652482269503546,0.66975,0.0775,0.9225,0.8891566265060241,705,400,False
model,0.2,0.6,1.5,0.2,score_point,0.08652482269503546,0.6764999999999999,0.085,0.915,0.8851269649334945,705,400,False
model,0.07,0.7,1.5,0.2,score_point,0.08652482269503546,0.7280000000000001,0.035,0.965,0.911452184179457,705,400,False
model,0.03,0.8,1.5,0.2,score_point,0.08652482269503546,0.8105,0.015,0.985,0.9216374269005849,705,400,False
model,0.18,0.3,3.5,0.2,score_point,0.08794326241134752,0.5319999999999999,0.0725,0.9275,0.8907563025210083,705,400,False
model,0.32,0.2,2.5,0.2,score_point,0.08794326241134752,0.53925,0.1475,0.8525,0.8493150684931506,705,400,False
model,0.29,0.2,3.0,0.2,score_point,0.08794326241134752,0.543,0.1225,0.8775,0.8634686346863468,705,400,False
model,0.22,0.4,2.0,0.2,score_point,0.08794326241134752,0.5480000000000002,0.0925,0.9075,0.88,705,400,False
model,0.23,0.4,2.0,0.2,score_point,0.08794326241134752,0.5480000000000002,0.0925,0.9075,0.88,705,400,False
model,0.3,0.2,3.0,0.2,score_point,0.08794326241134752,0.564,0.13,0.87,0.8592592592592593,705,400,False
model,0.12,0.5,2.0,0.2,score_point,0.08794326241134752,0.5675,0.045,0.955,0.9052132701421801,705,400,False
model,0.45,0.3,1.5,0.2,score_point,0.08794326241134752,0.573,0.2275,0.7725,0.8015564202334631,705,400,False
model,0.46,0.3,1.5,0.2,score_point,0.08794326241134752,0.582,0.235,0.765,0.796875,705,400,False
model,0.08,0.5,3.0,0.2,score_point,0.08794326241134752,0.5875,0.035,0.965,0.9103773584905661,705,400,False
model,0.36,0.4,1.5,0.2,score_point,0.08794326241134752,0.5897500000000001,0.1725,0.8275,0.8348045397225726,705,400,False
model,0.37,0.4,1.5,0.2,score_point,0.08794326241134752,0.5952500000000001,0.1775,0.8225,0.8318584070796461,705,400,False
model,0.38,0.4,1.5,0.2,score_point,0.08794326241134752,0.5952500000000001,0.1775,0.8225,0.8318584070796461,705,400,False
model,0.58,0.2,1.5,0.2,score_point,0.08794326241134752,0.59975,0.3075,0.6925,0.7496617050067659,705,400,False
model,0.39,0.4,1.5,0.2,score_point,0.08794326241134752,0.6035,0.185,0.815,0.8274111675126902,705,400,False
model,0.07,0.5,3.5,0.2,score_point,0.08794326241134752,0.605,0.035,0.965,0.9103773584905661,705,400,False
model,0.4,0.4,1.5,0.2,score_point,0.08794326241134752,0.6117500000000001,0.1925,0.8075,0.8229299363057325,705,400,False
model,0.41,0.4,1.5,0.2,score_point,0.08794326241134752,0.6145000000000002,0.195,0.805,0.8214285714285714,705,400,False
model,0.02,0.7,2.0,0.2,score_point,0.08794326241134752,0.7065,0.005,0.995,0.9255813953488372,705,400,False
model,0.01,0.7,3.0,0.2,score_point,0.08794326241134752,0.7115,0.005,0.995,0.9255813953488372,705,400,False
model,0.06,0.7,1.5,0.2,score_point,0.08794326241134752,0.7219999999999999,0.0275,0.9725,0.9142185663924796,705,400,False
model,0.26,0.3,2.0,0.2,score_point,0.08936170212765958,0.4742499999999999,0.1025,0.8975,0.8734793187347931,705,400,True
model,0.27,0.3,2.0,0.2,score_point,0.08936170212765958,0.4912499999999999,0.1125,0.8875,0.8679706601466993,705,400,False
model,0.17,0.3,3.5,0.2,score_point,0.08936170212765958,0.49999999999999994,0.0625,0.9375,0.8949880668257756,705,400,False
model,0.24,0.3,2.5,0.2,score_point,0.08936170212765958,0.5034999999999998,0.0925,0.9075,0.8789346246973365,705,400,False
model,0.2,0.3,3.0,0.2,score_point,0.08936170212765958,0.5295,0.085,0.915,0.8829915560916768,705,400,False
model,0.21,0.4,2.0,0.2,score_point,0.08936170212765958,0.544,0.09,0.91,0.8802902055622732,705,400,False
model,0.13,0.4,3.5,0.2,score_point,0.08936170212765958,0.555,0.05,0.95,0.9015421115065244,705,400,False
model,0.44,0.3,1.5,0.2,score_point,0.08936170212765958,0.57,0.225,0.775,0.8020698576972833,705,400,False
model,0.27,0.2,3.5,0.2,score_point,0.08936170212765958,0.57125,0.1125,0.8875,0.8679706601466993,705,400,False
model,0.07,0.6,2.0,0.2,score_point,0.08936170212765958,0.6489999999999999,0.035,0.965,0.9093050647820965,705,400,False
model,0.05,0.7,1.5,0.2,score_point,0.08936170212765958,0.72,0.025,0.975,0.9144196951934348,705,400,False
model,0.02,0.8,1.5,0.2,score_point,0.08936170212765958,0.8035,0.005,0.995,0.924506387921022,705,400,False
model,0.35,0.2,2.0,0.2,score_point,0.09078014184397164,0.4970000000000001,0.165,0.835,0.8370927318295739,705,400,False
model,0.22,0.3,2.5,0.2,score_point,0.09078014184397164,0.5034999999999998,0.0925,0.9075,0.8778718258766626,705,400,False
model,0.23,0.3,2.5,0.2,score_point,0.09078014184397164,0.5034999999999998,0.0925,0.9075,0.8778718258766626,705,400,False
model,0.19,0.3,3.0,0.2,score_point,0.09078014184397164,0.50925,0.0775,0.9225,0.885954381752701,705,400,False
model,0.31,0.2,2.5,0.2,score_point,0.09078014184397164,0.522,0.14,0.86,0.8514851485148515,705,400,False
model,0.16,0.4,2.5,0.2,score_point,0.09078014184397164,0.526,0.06,0.94,0.8952380952380952,705,400,False
model,0.28,0.2,3.0,0.2,score_point,0.09078014184397164,0.529,0.1175,0.8825,0.8641370869033047,705,400,False
model,0.2,0.4,2.0,0.2,score_point,0.09078014184397164,0.536,0.085,0.915,0.8819277108433735,705,400,False
model,0.14,0.4,3.0,0.2,score_point,0.09078014184397164,0.5365000000000001,0.0525,0.9475,0.8991696322657177,705,400,False
model,0.26,0.2,3.5,0.2,score_point,0.09078014184397164,0.53825,0.1025,0.8975,0.8724179829890644,705,400,False
model,0.12,0.4,3.5,0.2,score_point,0.09078014184397164,0.5395,0.045,0.955,0.9030732860520094,705,400,False
model,0.55,0.2,1.5,0.2,score_point,0.09078014184397164,0.58025,0.2925,0.7075,0.7576974564926372,705,400,False
model,0.56,0.2,1.5,0.2,score_point,0.09078014184397164,0.58025,0.2925,0.7075,0.7576974564926372,705,400,False
model,0.35,0.4,1.5,0.2,score_point,0.09078014184397164,0.5815000000000001,0.165,0.835,0.8370927318295739,705,400,False
model,0.25,0.5,1.5,0.2,score_point,0.09078014184397164,0.595,0.095,0.905,0.8765133171912833,705,400,False
model,0.57,0.2,1.5,0.2,score_point,0.09078014184397164,0.5965,0.305,0.695,0.7493261455525606,705,400,False
model,0.15,0.6,1.5,0.2,score_point,0.09078014184397164,0.6494999999999999,0.055,0.945,0.8978622327790974,705,400,False
model,0.16,0.6,1.5,0.2,score_point,0.09078014184397164,0.6539999999999999,0.06,0.94,0.8952380952380952,705,400,False
model,0.04,0.7,1.5,0.2,score_point,0.09078014184397164,0.716,0.02,0.98,0.9158878504672898,705,400,False
model,0.34,0.2,2.0,0.2,score_point,0.09219858156028368,0.4835000000000001,0.1575,0.8425,0.8403990024937656,705,400,False
model,0.18,0.3,3.0,0.2,score_point,0.09219858156028368,0.49574999999999997,0.0725,0.9275,0.8875598086124402,705,400,False
model,0.21,0.3,2.5,0.2,score_point,0.09219858156028368,0.49799999999999983,0.09,0.91,0.8781664656212305,705,400,False
model,0.15,0.4,2.5,0.2,score_point,0.09219858156028368,0.5155000000000001,0.055,0.945,0.896797153024911,705,400,False
model,0.18,0.4,2.0,0.2,score_point,0.09219858156028368,0.5160000000000001,0.0725,0.9275,0.8875598086124402,705,400,False
model,0.19,0.4,2.0,0.2,score_point,0.09219858156028368,0.524,0.0775,0.9225,0.8848920863309352,705,400,False
model,0.52,0.2,1.5,0.2,score_point,0.09219858156028368,0.551,0.27,0.73,0.7714663143989432,705,400,False
model,0.43,0.3,1.5,0.2,score_point,0.09219858156028368,0.5519999999999999,0.21,0.79,0.8092189500640204,705,400,False
model,0.11,0.5,2.0,0.2,score_point,0.09219858156028368,0.56,0.04,0.96,0.9045936395759718,705,400,False
model,0.53,0.2,1.5,0.2,score_point,0.09219858156028368,0.5640000000000001,0.28,0.72,0.7649402390438246,705,400,False
model,0.34,0.4,1.5,0.2,score_point,0.09219858156028368,0.57325,0.1575,0.8425,0.8403990024937656,705,400,False
model,0.54,0.2,1.5,0.2,score_point,0.09219858156028368,0.57375,0.2875,0.7125,0.7599999999999999,705,400,False
model,0.09,0.5,2.5,0.2,score_point,0.09219858156028368,0.58,0.04,0.96,0.9045936395759718,705,400,False
model,0.07,0.5,3.0,0.2,score_point,0.09219858156028368,0.5875,0.035,0.965,0.9071680376028202,705,400,False
model,0.24,0.5,1.5,0.2,score_point,0.09219858156028368,0.5925,0.0925,0.9075,0.8768115942028986,705,400,False
model,0.04,0.6,2.5,0.2,score_point,0.09219858156028368,0.6379999999999998,0.02,0.98,0.9148191365227539,705,400,False
model,0.06,0.6,2.0,0.2,score_point,0.09219858156028368,0.6385,0.0275,0.9725,0.9110070257611241,705,400,False
model,0.01,0.7,2.5,0.2,score_point,0.09219858156028368,0.7090000000000001,0.005,0.995,0.922363847045191,705,400,False
model,0.17,0.3,3.0,0.2,score_point,0.09361702127659574,0.46874999999999994,0.0625,0.9375,0.89179548156956,705,400,True
model,0.33,0.2,2.0,0.2,score_point,0.09361702127659574,0.4745000000000001,0.1525,0.8475,0.8422360248447205,705,400,False
model,0.29,0.2,2.5,0.2,score_point,0.09361702127659574,0.4817500000000001,0.1225,0.8775,0.8592411260709913,705,400,False
model,0.3,0.2,2.5,0.2,score_point,0.09361702127659574,0.49900000000000005,0.13,0.87,0.855036855036855,705,400,False
model,0.17,0.4,2.0,0.2,score_point,0.09361702127659574,0.5,0.0625,0.9375,0.89179548156956,705,400,False
model,0.27,0.2,3.0,0.2,score_point,0.09361702127659574,0.515,0.1125,0.8875,0.8647990255785627,705,400,False
model,0.5,0.2,1.5,0.2,score_point,0.09361702127659574,0.52825,0.2525,0.7475,0.7816993464052288,705,400,False
model,0.13,0.4,3.0,0.2,score_point,0.09361702127659574,0.5300000000000001,0.05,0.95,0.8983451536643026,705,400,False
model,0.51,0.2,1.5,0.2,score_point,0.09361702127659574,0.551,0.27,0.73,0.7704485488126649,705,400,False
model,0.1,0.5,2.0,0.2,score_point,0.09361702127659574,0.56,0.04,0.96,0.9035294117647059,705,400,False
model,0.33,0.4,1.5,0.2,score_point,0.09361702127659574,0.5677500000000001,0.1525,0.8475,0.8422360248447205,705,400,False
model,0.08,0.5,2.5,0.2,score_point,0.09361702127659574,0.57,0.035,0.965,0.9061032863849765,705,400,False
model,0.06,0.5,3.5,0.2,score_point,0.09361702127659574,0.5825,0.0275,0.9725,0.9099415204678362,705,400,False
model,0.22,0.5,1.5,0.2,score_point,0.09361702127659574,0.5925,0.0925,0.9075,0.8757539203860073,705,400,False
model,0.23,0.5,1.5,0.2,score_point,0.09361702127659574,0.5925,0.0925,0.9075,0.8757539203860073,705,400,False
model,0.14,0.6,1.5,0.2,score_point,0.09361702127659574,0.64725,0.0525,0.9475,0.8970414201183432,705,400,False
model,0.01,0.8,1.5,0.2,score_point,0.09361702127659574,0.8035,0.005,0.995,0.9212962962962963,705,400,False
model,0.25,0.3,2.0,0.2,score_point,0.0950354609929078,0.4614999999999999,0.095,0.905,0.8733413751507841,705,400,True
model,0.2,0.3,2.5,0.2,score_point,0.0950354609929078,0.4869999999999999,0.085,0.915,0.8787515006002402,705,400,False
model,0.26,0.2,3.0,0.2,score_point,0.0950354609929078,0.48700000000000004,0.1025,0.8975,0.8692493946731235,705,400,False
model,0.16,0.3,3.5,0.2,score_point,0.0950354609929078,0.49199999999999994,0.06,0.94,0.8920521945432976,705,400,False
model,0.47,0.2,1.5,0.2,score_point,0.0950354609929078,0.5152500000000001,0.2425,0.7575,0.787012987012987,705,400,False
model,0.12,0.4,3.0,0.2,score_point,0.0950354609929078,0.517,0.045,0.955,0.8998822143698468,705,400,False
model,0.48,0.2,1.5,0.2,score_point,0.0950354609929078,0.525,0.25,0.75,0.7822685788787482,705,400,False
model,0.49,0.2,1.5,0.2,score_point,0.0950354609929078,0.52825,0.2525,0.7475,0.7806788511749347,705,400,False
model,0.42,0.3,1.5,0.2,score_point,0.0950354609929078,0.5459999999999999,0.205,0.795,0.8101910828025478,705,400,False
model,0.31,0.4,1.5,0.2,score_point,0.0950354609929078,0.554,0.14,0.86,0.8483353884093711,705,400,False
model,0.32,0.4,1.5,0.2,score_point,0.0950354609929078,0.5622500000000001,0.1475,0.8525,0.844059405940594,705,400,False
model,0.21,0.5,1.5,0.2,score_point,0.0950354609929078,0.59,0.09,0.91,0.8760529482551144,705,400,False
model,0.05,0.6,2.0,0.2,score_point,0.0950354609929078,0.6349999999999999,0.025,0.975,0.9101516919486581,705,400,False
model,0.12,0.6,1.5,0.2,score_point,0.0950354609929078,0.6404999999999998,0.045,0.955,0.8998822143698468,705,400,False
model,0.03,0.6,3.5,0.2,score_point,0.0950354609929078,0.6435,0.015,0.985,0.9152148664343787,705,400,False
model,0.13,0.6,1.5,0.2,score_point,0.0950354609929078,0.6449999999999999,0.05,0.95,0.89728453364817,705,400,False
model,0.32,0.2,2.0,0.2,score_point,0.09645390070921986,0.46550000000000014,0.1475,0.8525,0.8430160692212608,705,400,False
model,0.28,0.2,2.5,0.2,score_point,0.09645390070921986,0.47025000000000006,0.1175,0.8825,0.8599269183922047,705,400,False
model,0.19,0.3,2.5,0.2,score_point,0.09645390070921986,0.4705,0.0775,0.9225,0.8817204301075269,705,400,False
model,0.15,0.3,3.5,0.2,score_point,0.09645390070921986,0.4759999999999999,0.055,0.945,0.8936170212765957,705,400,False
model,0.36,0.3,1.5,0.2,score_point,0.09645390070921986,0.5069999999999999,0.1725,0.8275,0.8285356695869839,705,400,False
model,0.14,0.4,2.5,0.2,score_point,0.09645390070921986,0.5102500000000001,0.0525,0.9475,0.8949232585596222,705,400,False
model,0.37,0.3,1.5,0.2,score_point,0.09645390070921986,0.5129999999999999,0.1775,0.8225,0.8255959849435383,705,400,False
model,0.38,0.3,1.5,0.2,score_point,0.09645390070921986,0.5129999999999999,0.1775,0.8225,0.8255959849435383,705,400,False
model,0.25,0.2,3.5,0.2,score_point,0.09645390070921986,0.5135,0.095,0.905,0.8722891566265061,705,400,False
model,0.39,0.3,1.5,0.2,score_point,0.09645390070921986,0.5219999999999999,0.185,0.815,0.8211586901763224,705,400,False
model,0.11,0.4,3.5,0.2,score_point,0.09645390070921986,0.524,0.04,0.96,0.9014084507042253,705,400,False
model,0.4,0.3,1.5,0.2,score_point,0.09645390070921986,0.5309999999999999,0.1925,0.8075,0.8166877370417193,705,400,False
model,0.41,0.3,1.5,0.2,score_point,0.09645390070921986,0.5339999999999999,0.195,0.805,0.8151898734177216,705,400,False
model,0.29,0.4,1.5,0.2,score_point,0.09645390070921986,0.5347500000000001,0.1225,0.8775,0.8571428571428571,705,400,False
model,0.3,0.4,1.5,0.2,score_point,0.09645390070921986,0.543,0.13,0.87,0.8529411764705882,705,400,False
model,0.17,0.5,1.5,0.2,score_point,0.09645390070921986,0.5625,0.0625,0.9375,0.889679715302491,705,400,False
model,0.06,0.5,3.0,0.2,score_point,0.09645390070921986,0.56875,0.0275,0.9725,0.9078179696616102,705,400,False
model,0.18,0.5,1.5,0.2,score_point,0.09645390070921986,0.5725,0.0725,0.9275,0.8843861740166866,705,400,False
model,0.05,0.5,3.5,0.2,score_point,0.09645390070921986,0.575,0.025,0.975,0.9090909090909091,705,400,False
model,0.19,0.5,1.5,0.2,score_point,0.09645390070921986,0.5775,0.0775,0.9225,0.8817204301075269,705,400,False
model,0.2,0.5,1.5,0.2,score_point,0.09645390070921986,0.585,0.085,0.915,0.8776978417266187,705,400,False
model,0.11,0.6,1.5,0.2,score_point,0.09645390070921986,0.6359999999999999,0.04,0.96,0.9014084507042253,705,400,False
model,0.83,0.6,1.0,0.2,score_point,0.09645390070921986,0.836,0.59,0.41,0.5189873417721519,705,400,False
model,0.75,0.7,1.0,0.2,score_point,0.09645390070921986,0.8425,0.475,0.525,0.6194690265486725,705,400,False
model,0.76,0.7,1.0,0.2,score_point,0.09645390070921986,0.8425,0.475,0.525,0.6194690265486725,705,400,False
model,0.84,0.6,1.0,0.2,score_point,0.09645390070921986,0.845,0.6125,0.3875,0.49759229534510435,705,400,False
model,0.77,0.7,1.0,0.2,score_point,0.09645390070921986,0.8514999999999999,0.505,0.495,0.5945945945945946,705,400,False
model,0.85,0.6,1.0,0.2,score_point,0.09645390070921986,0.8529999999999999,0.6325,0.3675,0.4780487804878048,705,400,False
model,0.52,0.8,1.0,0.2,score_point,0.09645390070921986,0.8540000000000001,0.27,0.73,0.768421052631579,705,400,False
model,0.53,0.8,1.0,0.2,score_point,0.09645390070921986,0.8560000000000002,0.28,0.72,0.761904761904762,705,400,False
model,0.78,0.7,1.0,0.2,score_point,0.09645390070921986,0.85675,0.5225,0.4775,0.5796661608497723,705,400,False
model,0.54,0.8,1.0,0.2,score_point,0.09645390070921986,0.8575,0.2875,0.7125,0.7569721115537849,705,400,False
model,0.55,0.8,1.0,0.2,score_point,0.09645390070921986,0.8585,0.2925,0.7075,0.7536617842876164,705,400,False
model,0.56,0.8,1.0,0.2,score_point,0.09645390070921986,0.8585,0.2925,0.7075,0.7536617842876164,705,400,False
model,0.79,0.7,1.0,0.2,score_point,0.09645390070921986,0.8590000000000001,0.53,0.47,0.573170731707317,705,400,False
model,0.57,0.8,1.0,0.2,score_point,0.09645390070921986,0.861,0.305,0.695,0.745308310991957,705,400,False
model,0.58,0.8,1.0,0.2,score_point,0.09645390070921986,0.8615,0.3075,0.6925,0.7436241610738255,705,400,False
model,0.86,0.6,1.0,0.2,score_point,0.09645390070921986,0.8629999999999999,0.6575,0.3425,0.45289256198347116,705,400,False
model,0.59,0.8,1.0,0.2,score_point,0.09645390070921986,0.8640000000000001,0.32,0.68,0.7351351351351352,705,400,False
model,0.8,0.7,1.0,0.2,score_point,0.09645390070921986,0.865,0.55,0.45,0.5555555555555557,705,400,False
model,0.6,0.8,1.0,0.2,score_point,0.09645390070921986,0.8650000000000001,0.325,0.675,0.7317073170731707,705,400,False
model,0.61,0.8,1.0,0.2,score_point,0.09645390070921986,0.8665,0.3325,0.6675,0.7265306122448979,705,400,False
model,0.62,0.8,1.0,0.2,score_point,0.09645390070921986,0.8675,0.3375,0.6625,0.723055934515689,705,400,False
model,0.63,0.8,1.0,0.2,score_point,0.09645390070921986,0.8685,0.3425,0.6575,0.7195622435020519,705,400,False
model,0.81,0.7,1.0,0.2,score_point,0.09645390070921986,0.8694999999999999,0.565,0.435,0.5420560747663551,705,400,False
model,0.64,0.8,1.0,0.2,score_point,0.09645390070921986,0.8695000000000002,0.3475,0.6525,0.7160493827160493,705,400,False
model,0.65,0.8,1.0,0.2,score_point,0.09645390070921986,0.8710000000000001,0.355,0.645,0.7107438016528925,705,400,False
model,0.66,0.8,1.0,0.2,score_point,0.09645390070921986,0.8725,0.3625,0.6375,0.7053941908713692,705,400,False
model,0.67,0.8,1.0,0.2,score_point,0.09645390070921986,0.8740000000000001,0.37,0.63,0.7,705,400,False
model,0.82,0.7,1.0,0.2,score_point,0.09645390070921986,0.8747499999999999,0.5825,0.4175,0.525984251968504,705,400,False
model,0.87,0.6,1.0,0.2,score_point,0.09645390070921986,0.875,0.6875,0.3125,0.42158516020236086,705,400,False
model,0.68,0.8,1.0,0.2,score_point,0.09645390070921986,0.8755000000000002,0.3775,0.6225,0.694560669456067,705,400,False
model,0.83,0.7,1.0,0.2,score_point,0.09645390070921986,0.8769999999999999,0.59,0.41,0.5189873417721519,705,400,False
model,0.69,0.8,1.0,0.2,score_point,0.09645390070921986,0.8775,0.3875,0.6125,0.6872370266479664,705,400,False
model,0.7,0.8,1.0,0.2,score_point,0.09645390070921986,0.8805000000000001,0.4025,0.5975,0.6760961810466761,705,400,False
model,0.71,0.8,1.0,0.2,score_point,0.09645390070921986,0.8830000000000001,0.415,0.585,0.6666666666666666,705,400,False
model,0.84,0.7,1.0,0.2,score_point,0.09645390070921986,0.88375,0.6125,0.3875,0.49759229534510435,705,400,False
model,0.72,0.8,1.0,0.2,score_point,0.09645390070921986,0.885,0.425,0.575,0.6590257879656161,705,400,False
model,0.73,0.8,1.0,0.2,score_point,0.09645390070921986,0.8870000000000001,0.435,0.565,0.6512968299711815,705,400,False
model,0.85,0.7,1.0,0.2,score_point,0.09645390070921986,0.8897499999999999,0.6325,0.3675,0.4780487804878048,705,400,False
model,0.74,0.8,1.0,0.2,score_point,0.09645390070921986,0.8905000000000001,0.4525,0.5475,0.6375545851528384,705,400,False
model,0.88,0.6,1.0,0.2,score_point,0.09645390070921986,0.8929999999999998,0.7325,0.2675,0.37217391304347824,705,400,False
model,0.75,0.8,1.0,0.2,score_point,0.09645390070921986,0.895,0.475,0.525,0.6194690265486725,705,400,False
model,0.76,0.8,1.0,0.2,score_point,0.09645390070921986,0.895,0.475,0.525,0.6194690265486725,705,400,False
model,0.86,0.7,1.0,0.2,score_point,0.09645390070921986,0.89725,0.6575,0.3425,0.45289256198347116,705,400,False
model,0.77,0.8,1.0,0.2,score_point,0.09645390070921986,0.9010000000000001,0.505,0.495,0.5945945945945946,705,400,False
model,0.78,0.8,1.0,0.2,score_point,0.09645390070921986,0.9045000000000002,0.5225,0.4775,0.5796661608497723,705,400,False
model,0.79,0.8,1.0,0.2,score_point,0.09645390070921986,0.9059999999999999,0.53,0.47,0.573170731707317,705,400,False
model,0.87,0.7,1.0,0.2,score_point,0.09645390070921986,0.90625,0.6875,0.3125,0.42158516020236086,705,400,False
model,0.8,0.8,1.0,0.2,score_point,0.09645390070921986,0.91,0.55,0.45,0.5555555555555557,705,400,False
model,0.89,0.6,1.0,0.2,score_point,0.09645390070921986,0.9119999999999999,0.78,0.22,0.3165467625899281,705,400,False
model,0.81,0.8,1.0,0.2,score_point,0.09645390070921986,0.9130000000000001,0.565,0.435,0.5420560747663551,705,400,False
model,0.82,0.8,1.0,0.2,score_point,0.09645390070921986,0.9165000000000001,0.5825,0.4175,0.525984251968504,705,400,False
model,0.83,0.8,1.0,0.2,score_point,0.09645390070921986,0.9180000000000001,0.59,0.41,0.5189873417721519,705,400,False
model,0.88,0.7,1.0,0.2,score_point,0.09645390070921986,0.91975,0.7325,0.2675,0.37217391304347824,705,400,False
model,0.93,0.2,1.0,0.2,score_point,0.09645390070921986,0.9219999999999999,0.9025,0.0975,0.15384615384615388,705,400,False
model,0.84,0.8,1.0,0.2,score_point,0.09645390070921986,0.9225,0.6125,0.3875,0.49759229534510435,705,400,False
model,0.9,0.6,1.0,0.2,score_point,0.09645390070921986,0.9259999999999999,0.815,0.185,0.27306273062730624,705,400,False
model,0.85,0.8,1.0,0.2,score_point,0.09645390070921986,0.9265000000000001,0.6325,0.3675,0.4780487804878048,705,400,False
model,0.52,0.9,1.0,0.2,score_point,0.09645390070921986,0.9270000000000002,0.27,0.73,0.768421052631579,705,400,False
model,0.53,0.9,1.0,0.2,score_point,0.09645390070921986,0.9280000000000002,0.28,0.72,0.761904761904762,705,400,False
model,0.54,0.9,1.0,0.2,score_point,0.09645390070921986,0.9287500000000002,0.2875,0.7125,0.7569721115537849,705,400,False
model,0.55,0.9,1.0,0.2,score_point,0.09645390070921986,0.9292500000000001,0.2925,0.7075,0.7536617842876164,705,400,False
model,0.56,0.9,1.0,0.2,score_point,0.09645390070921986,0.9292500000000001,0.2925,0.7075,0.7536617842876164,705,400,False
model,0.57,0.9,1.0,0.2,score_point,0.09645390070921986,0.9305000000000001,0.305,0.695,0.745308310991957,705,400,False
model,0.58,0.9,1.0,0.2,score_point,0.09645390070921986,0.9307500000000002,0.3075,0.6925,0.7436241610738255,705,400,False
model,0.86,0.8,1.0,0.2,score_point,0.09645390070921986,0.9315000000000001,0.6575,0.3425,0.45289256198347116,705,400,False
model,0.93,0.3,1.0,0.2,score_point,0.09645390070921986,0.9317500000000001,0.9025,0.0975,0.15384615384615388,705,400,False
model,0.59,0.9,1.0,0.2,score_point,0.09645390070921986,0.9320000000000002,0.32,0.68,0.7351351351351352,705,400,False
model,0.6,0.9,1.0,0.2,score_point,0.09645390070921986,0.9325000000000001,0.325,0.675,0.7317073170731707,705,400,False
model,0.61,0.9,1.0,0.2,score_point,0.09645390070921986,0.9332500000000001,0.3325,0.6675,0.7265306122448979,705,400,False
model,0.62,0.9,1.0,0.2,score_point,0.09645390070921986,0.9337500000000002,0.3375,0.6625,0.723055934515689,705,400,False
model,0.89,0.7,1.0,0.2,score_point,0.09645390070921986,0.9339999999999999,0.78,0.22,0.3165467625899281,705,400,False
model,0.63,0.9,1.0,0.2,score_point,0.09645390070921986,0.9342500000000001,0.3425,0.6575,0.7195622435020519,705,400,False
model,0.64,0.9,1.0,0.2,score_point,0.09645390070921986,0.9347500000000001,0.3475,0.6525,0.7160493827160493,705,400,False
model,0.65,0.9,1.0,0.2,score_point,0.09645390070921986,0.9355000000000001,0.355,0.645,0.7107438016528925,705,400,False
model,0.66,0.9,1.0,0.2,score_point,0.09645390070921986,0.9362500000000001,0.3625,0.6375,0.7053941908713692,705,400,False
model,0.91,0.6,1.0,0.2,score_point,0.09645390070921986,0.9369999999999998,0.8425,0.1575,0.23728813559322035,705,400,False
model,0.67,0.9,1.0,0.2,score_point,0.09645390070921986,0.9370000000000002,0.37,0.63,0.7,705,400,False
model,0.87,0.8,1.0,0.2,score_point,0.09645390070921986,0.9375,0.6875,0.3125,0.42158516020236086,705,400,False
model,0.68,0.9,1.0,0.2,score_point,0.09645390070921986,0.9377500000000001,0.3775,0.6225,0.694560669456067,705,400,False
model,0.69,0.9,1.0,0.2,score_point,0.09645390070921986,0.9387500000000002,0.3875,0.6125,0.6872370266479664,705,400,False
model,0.7,0.9,1.0,0.2,score_point,0.09645390070921986,0.94025,0.4025,0.5975,0.6760961810466761,705,400,False
model,0.71,0.9,1.0,0.2,score_point,0.09645390070921986,0.9415,0.415,0.585,0.6666666666666666,705,400,False
model,0.93,0.4,1.0,0.2,score_point,0.09645390070921986,0.9415,0.9025,0.0975,0.15384615384615388,705,400,False
model,0.72,0.9,1.0,0.2,score_point,0.09645390070921986,0.9425,0.425,0.575,0.6590257879656161,705,400,False
model,0.73,0.9,1.0,0.2,score_point,0.09645390070921986,0.9435000000000002,0.435,0.565,0.6512968299711815,705,400,False
model,0.9,0.7,1.0,0.2,score_point,0.09645390070921986,0.9444999999999999,0.815,0.185,0.27306273062730624,705,400,False
model,0.74,0.9,1.0,0.2,score_point,0.09645390070921986,0.94525,0.4525,0.5475,0.6375545851528384,705,400,False
model,0.94,0.2,1.0,0.2,score_point,0.09645390070921986,0.946,0.9325,0.0675,0.10909090909090909,705,400,False
model,0.88,0.8,1.0,0.2,score_point,0.09645390070921986,0.9465,0.7325,0.2675,0.37217391304347824,705,400,False
model,0.75,0.9,1.0,0.2,score_point,0.09645390070921986,0.9475000000000001,0.475,0.525,0.6194690265486725,705,400,False
model,0.76,0.9,1.0,0.2,score_point,0.09645390070921986,0.9475000000000001,0.475,0.525,0.6194690265486725,705,400,False
model,0.92,0.6,1.0,0.2,score_point,0.09645390070921986,0.9479999999999998,0.87,0.13,0.2,705,400,False
model,0.77,0.9,1.0,0.2,score_point,0.09645390070921986,0.9505000000000001,0.505,0.495,0.5945945945945946,705,400,False
model,0.93,0.5,1.0,0.2,score_point,0.09645390070921986,0.95125,0.9025,0.0975,0.15384615384615388,705,400,False
model,0.78,0.9,1.0,0.2,score_point,0.09645390070921986,0.95225,0.5225,0.4775,0.5796661608497723,705,400,False
model,0.91,0.7,1.0,0.2,score_point,0.09645390070921986,0.9527500000000001,0.8425,0.1575,0.23728813559322035,705,400,False
model,0.94,0.3,1.0,0.2,score_point,0.09645390070921986,0.9527500000000001,0.9325,0.0675,0.10909090909090909,705,400,False
model,0.79,0.9,1.0,0.2,score_point,0.09645390070921986,0.9530000000000001,0.53,0.47,0.573170731707317,705,400,False
model,0.8,0.9,1.0,0.2,score_point,0.09645390070921986,0.955,0.55,0.45,0.5555555555555557,705,400,False
model,0.89,0.8,1.0,0.2,score_point,0.09645390070921986,0.9560000000000001,0.78,0.22,0.3165467625899281,705,400,False
model,0.81,0.9,1.0,0.2,score_point,0.09645390070921986,0.9565,0.565,0.435,0.5420560747663551,705,400,False
model,0.82,0.9,1.0,0.2,score_point,0.09645390070921986,0.9582500000000002,0.5825,0.4175,0.525984251968504,705,400,False
model,0.83,0.9,1.0,0.2,score_point,0.09645390070921986,0.9590000000000001,0.59,0.41,0.5189873417721519,705,400,False
model,0.94,0.4,1.0,0.2,score_point,0.09645390070921986,0.9594999999999999,0.9325,0.0675,0.10909090909090909,705,400,False
model,0.92,0.7,1.0,0.2,score_point,0.09645390070921986,0.961,0.87,0.13,0.2,705,400,False
model,0.93,0.6,1.0,0.2,score_point,0.09645390070921986,0.961,0.9025,0.0975,0.15384615384615388,705,400,False
model,0.84,0.9,1.0,0.2,score_point,0.09645390070921986,0.96125,0.6125,0.3875,0.49759229534510435,705,400,False
model,0.9,0.8,1.0,0.2,score_point,0.09645390070921986,0.9630000000000001,0.815,0.185,0.27306273062730624,705,400,False
model,0.85,0.9,1.0,0.2,score_point,0.09645390070921986,0.9632500000000002,0.6325,0.3675,0.4780487804878048,705,400,False
model,0.86,0.9,1.0,0.2,score_point,0.09645390070921986,0.9657500000000002,0.6575,0.3425,0.45289256198347116,705,400,False
model,0.94,0.5,1.0,0.2,score_point,0.09645390070921986,0.96625,0.9325,0.0675,0.10909090909090909,705,400,False
model,0.95,0.2,1.0,0.2,score_point,0.09645390070921986,0.9679999999999999,0.96,0.04,0.06611570247933884,705,400,False
model,0.91,0.8,1.0,0.2,score_point,0.09645390070921986,0.9684999999999999,0.8425,0.1575,0.23728813559322035,705,400,False
model,0.87,0.9,1.0,0.2,score_point,0.09645390070921986,0.96875,0.6875,0.3125,0.42158516020236086,705,400,False
model,0.93,0.7,1.0,0.2,score_point,0.09645390070921986,0.9707499999999999,0.9025,0.0975,0.15384615384615388,705,400,False
model,0.95,0.3,1.0,0.2,score_point,0.09645390070921986,0.9720000000000002,0.96,0.04,0.06611570247933884,705,400,False
model,0.94,0.6,1.0,0.2,score_point,0.09645390070921986,0.9730000000000001,0.9325,0.0675,0.10909090909090909,705,400,False
model,0.88,0.9,1.0,0.2,score_point,0.09645390070921986,0.9732500000000002,0.7325,0.2675,0.37217391304347824,705,400,False
model,0.92,0.8,1.0,0.2,score_point,0.09645390070921986,0.9740000000000001,0.87,0.13,0.2,705,400,False
model,0.95,0.4,1.0,0.2,score_point,0.09645390070921986,0.976,0.96,0.04,0.06611570247933884,705,400,False
model,0.89,0.9,1.0,0.2,score_point,0.09645390070921986,0.9780000000000001,0.78,0.22,0.3165467625899281,705,400,False
model,0.94,0.7,1.0,0.2,score_point,0.09645390070921986,0.9797499999999999,0.9325,0.0675,0.10909090909090909,705,400,False
model,0.95,0.5,1.0,0.2,score_point,0.09645390070921986,0.98,0.96,0.04,0.06611570247933884,705,400,False
model,0.93,0.8,1.0,0.2,score_point,0.09645390070921986,0.9805000000000001,0.9025,0.0975,0.15384615384615388,705,400,False
model,0.9,0.9,1.0,0.2,score_point,0.09645390070921986,0.9815,0.815,0.185,0.27306273062730624,705,400,False
model,0.95,0.6,1.0,0.2,score_point,0.09645390070921986,0.9840000000000001,0.96,0.04,0.06611570247933884,705,400,False
model,0.96,0.2,1.0,0.2,score_point,0.09645390070921986,0.9840000000000001,0.98,0.02,0.033613445378151266,705,400,False
model,0.91,0.9,1.0,0.2,score_point,0.09645390070921986,0.9842500000000001,0.8425,0.1575,0.23728813559322035,705,400,False
model,0.96,0.3,1.0,0.2,score_point,0.09645390070921986,0.986,0.98,0.02,0.033613445378151266,705,400,False
model,0.94,0.8,1.0,0.2,score_point,0.09645390070921986,0.9865,0.9325,0.0675,0.10909090909090909,705,400,False
model,0.92,0.9,1.0,0.2,score_point,0.09645390070921986,0.9870000000000002,0.87,0.13,0.2,705,400,False
model,0.95,0.7,1.0,0.2,score_point,0.09645390070921986,0.9879999999999999,0.96,0.04,0.06611570247933884,705,400,False
model,0.96,0.4,1.0,0.2,score_point,0.09645390070921986,0.988,0.98,0.02,0.033613445378151266,705,400,False
model,0.96,0.5,1.0,0.2,score_point,0.09645390070921986,0.99,0.98,0.02,0.033613445378151266,705,400,False
model,0.93,0.9,1.0,0.2,score_point,0.09645390070921986,0.9902500000000001,0.9025,0.0975,0.15384615384615388,705,400,False
model,0.96,0.6,1.0,0.2,score_point,0.09645390070921986,0.992,0.98,0.02,0.033613445378151266,705,400,False
model,0.95,0.8,1.0,0.2,score_point,0.09645390070921986,0.9920000000000002,0.96,0.04,0.06611570247933884,705,400,False
model,0.94,0.9,1.0,0.2,score_point,0.09645390070921986,0.9932499999999999,0.9325,0.0675,0.10909090909090909,705,400,False
model,0.96,0.7,1.0,0.2,score_point,0.09645390070921986,0.9940000000000001,0.98,0.02,0.033613445378151266,705,400,False
model,0.97,0.2,1.0,0.2,score_point,0.09645390070921986,0.9940000000000001,0.9925,0.0075,0.012738853503184714,705,400,False
model,0.97,0.3,1.0,0.2,score_point,0.09645390070921986,0.9947499999999999,0.9925,0.0075,0.012738853503184714,705,400,False
model,0.97,0.4,1.0,0.2,score_point,0.09645390070921986,0.9955000000000002,0.9925,0.0075,0.012738853503184714,705,400,False
model,0.95,0.9,1.0,0.2,score_point,0.09645390070921986,0.996,0.96,0.04,0.06611570247933884,705,400,False
model,0.96,0.8,1.0,0.2,score_point,0.09645390070921986,0.996,0.98,0.02,0.033613445378151266,705,400,False
model,0.97,0.5,1.0,0.2,score_point,0.09645390070921986,0.99625,0.9925,0.0075,0.012738853503184714,705,400,False
model,0.97,0.6,1.0,0.2,score_point,0.09645390070921986,0.9969999999999999,0.9925,0.0075,0.012738853503184714,705,400,False
model,0.97,0.7,1.0,0.2,score_point,0.09645390070921986,0.99775,0.9925,0.0075,0.012738853503184714,705,400,False
model,0.96,0.9,1.0,0.2,score_point,0.09645390070921986,0.998,0.98,0.02,0.033613445378151266,705,400,False
model,0.98,0.2,1.0,0.2,score_point,0.09645390070921986,0.998,0.9975,0.0025,0.0042643923240938165,705,400,False
model,0.98,0.3,1.0,0.2,score_point,0.09645390070921986,0.9982500000000001,0.9975,0.0025,0.0042643923240938165,705,400,False
model,0.97,0.8,1.0,0.2,score_point,0.09645390070921986,0.9984999999999999,0.9925,0.0075,0.012738853503184714,705,400,False
model,0.98,0.4,1.0,0.2,score_point,0.09645390070921986,0.9984999999999999,0.9975,0.0025,0.0042643923240938165,705,400,False
model,0.98,0.5,1.0,0.2,score_point,0.09645390070921986,0.99875,0.9975,0.0025,0.0042643923240938165,705,400,False
model,0.98,0.6,1.0,0.2,score_point,0.09645390070921986,0.9990000000000001,0.9975,0.0025,0.0042643923240938165,705,400,False
model,0.98,0.7,1.0,0.2,score_point,0.09645390070921986,0.99925,0.9975,0.0025,0.0042643923240938165,705,400,False
model,0.97,0.9,1.0,0.2,score_point,0.09645390070921986,0.9992500000000001,0.9925,0.0075,0.012738853503184714,705,400,False
model,0.98,0.8,1.0,0.2,score_point,0.09645390070921986,0.9995,0.9975,0.0025,0.0042643923240938165,705,400,False
model,0.98,0.9,1.0,0.2,score_point,0.09645390070921986,0.9997499999999999,0.9975,0.0025,0.0042643923240938165,705,400,False
model,0.0,1.0,1.0,0.2,score_point,0.09645390070921986,1.0,0.0,1.0,0.9216589861751151,705,400,False
model,0.0,1.0,1.5,0.2,score_point,0.09645390070921986,1.0,0.0,1.0,0.9216589861751151,705,400,False
model,0.0,1.0,2.0,0.2,score_point,0.09645390070921986,1.0,0.0,1.0,0.9216589861751151,705,400,False
model,0.0,1.0,2.5,0.2,score_point,0.09645390070921986,1.0,0.0,1.0,0.9216589861751151,705,400,False
model,0.0,1.0,3.0,0.2,score_point,0.09645390070921986,1.0,0.0,1.0,0.9216589861751151,705,400,False
model,0.0,1.0,3.5,0.2,score_point,0.09645390070921986,1.0,0.0,1.0,0.9216589861751151,705,400,False
model,0.01,1.0,1.0,0.2,score_point,0.09645390070921986,1.0,0.005,0.995,0.9191685912240185,705,400,False
model,0.02,1.0,1.0,0.2,score_point,0.09645390070921986,1.0,0.005,0.995,0.9191685912240185,705,400,False
model,0.03,1.0,1.0,0.2,score_point,0.09645390070921986,1.0,0.015,0.985,0.91415313225058,705,400,False
model,0.04,1.0,1.0,0.2,score_point,0.09645390070921986,1.0,0.02,0.98,0.9116279069767441,705,400,False
model,0.05,1.0,1.0,0.2,score_point,0.09645390070921986,1.0,0.025,0.975,0.9090909090909091,705,400,False
model,0.06,1.0,1.0,0.2,score_point,0.09645390070921986,1.0,0.0275,0.9725,0.9078179696616102,705,400,False
model,0.07,1.0,1.0,0.2,score_point,0.09645390070921986,1.0,0.035,0.965,0.9039812646370022,705,400,False
model,0.08,1.0,1.0,0.2,score_point,0.09645390070921986,1.0,0.035,0.965,0.9039812646370022,705,400,False
model,0.09,1.0,1.0,0.2,score_point,0.09645390070921986,1.0,0.04,0.96,0.9014084507042253,705,400,False
model,0.1,1.0,1.0,0.2,score_point,0.09645390070921986,1.0,0.04,0.96,0.9014084507042253,705,400,False
model,0.11,1.0,1.0,0.2,score_point,0.09645390070921986,1.0,0.04,0.96,0.9014084507042253,705,400,False
model,0.12,1.0,1.0,0.2,score_point,0.09645390070921986,1.0,0.045,0.955,0.8988235294117647,705,400,False
model,0.13,1.0,1.0,0.2,score_point,0.09645390070921986,1.0,0.05,0.95,0.8962264150943395,705,400,False
model,0.14,1.0,1.0,0.2,score_point,0.09645390070921986,1.0,0.0525,0.9475,0.8949232585596222,705,400,False
model,0.15,1.0,1.0,0.2,score_point,0.09645390070921986,1.0,0.055,0.945,0.8936170212765957,705,400,False
model,0.16,1.0,1.0,0.2,score_point,0.09645390070921986,1.0,0.06,0.94,0.8909952606635071,705,400,False
model,0.17,1.0,1.0,0.2,score_point,0.09645390070921986,1.0,0.0625,0.9375,0.889679715302491,705,400,False
model,0.18,1.0,1.0,0.2,score_point,0.09645390070921986,1.0,0.0725,0.9275,0.8843861740166866,705,400,False
model,0.19,1.0,1.0,0.2,score_point,0.09645390070921986,1.0,0.0775,0.9225,0.8817204301075269,705,400,False
model,0.2,1.0,1.0,0.2,score_point,0.09645390070921986,1.0,0.085,0.915,0.8776978417266187,705,400,False
model,0.21,1.0,1.0,0.2,score_point,0.09645390070921986,1.0,0.09,0.91,0.8749999999999999,705,400,False
model,0.22,1.0,1.0,0.2,score_point,0.09645390070921986,1.0,0.0925,0.9075,0.8736462093862816,705,400,False
model,0.23,1.0,1.0,0.2,score_point,0.09645390070921986,1.0,0.0925,0.9075,0.8736462093862816,705,400,False
model,0.24,1.0,1.0,0.2,score_point,0.09645390070921986,1.0,0.0925,0.9075,0.8736462093862816,705,400,False
model,0.25,1.0,1.0,0.2,score_point,0.09645390070921986,1.0,0.095,0.905,0.8722891566265061,705,400,False
model,0.26,1.0,1.0,0.2,score_point,0.09645390070921986,1.0,0.1025,0.8975,0.8681983071342201,705,400,False
model,0.27,1.0,1.0,0.2,score_point,0.09645390070921986,1.0,0.1125,0.8875,0.8626974483596598,705,400,False
model,0.28,1.0,1.0,0.2,score_point,0.09645390070921986,1.0,0.1175,0.8825,0.8599269183922047,705,400,False
model,0.29,1.0,1.0,0.2,score_point,0.09645390070921986,1.0,0.1225,0.8775,0.8571428571428571,705,400,False
model,0.3,1.0,1.0,0.2,score_point,0.09645390070921986,1.0,0.13,0.87,0.8529411764705882,705,400,False
model,0.31,1.0,1.0,0.2,score_point,0.09645390070921986,1.0,0.14,0.86,0.8472906403940887,705,400,False
model,0.32,1.0,1.0,0.2,score_point,0.09645390070921986,1.0,0.1475,0.8525,0.8430160692212608,705,400,False
model,0.33,1.0,1.0,0.2,score_point,0.09645390070921986,1.0,0.1525,0.8475,0.8401486988847584,705,400,False
model,0.34,1.0,1.0,0.2,score_point,0.09645390070921986,1.0,0.1575,0.8425,0.8372670807453416,705,400,False
model,0.35,1.0,1.0,0.2,score_point,0.09645390070921986,1.0,0.165,0.835,0.8329177057356607,705,400,False
model,0.36,1.0,1.0,0.2,score_point,0.09645390070921986,1.0,0.1725,0.8275,0.8285356695869839,705,400,False
model,0.37,1.0,1.0,0.2,score_point,0.09645390070921986,1.0,0.1775,0.8225,0.8255959849435383,705,400,False
model,0.38,1.0,1.0,0.2,score_point,0.09645390070921986,1.0,0.1775,0.8225,0.8255959849435383,705,400,False
model,0.39,1.0,1.0,0.2,score_point,0.09645390070921986,1.0,0.185,0.815,0.8211586901763224,705,400,False
model,0.4,1.0,1.0,0.2,score_point,0.09645390070921986,1.0,0.1925,0.8075,0.8166877370417193,705,400,False
model,0.41,1.0,1.0,0.2,score_point,0.09645390070921986,1.0,0.195,0.805,0.8151898734177216,705,400,False
model,0.42,1.0,1.0,0.2,score_point,0.09645390070921986,1.0,0.205,0.795,0.8091603053435115,705,400,False
model,0.43,1.0,1.0,0.2,score_point,0.09645390070921986,1.0,0.21,0.79,0.806122448979592,705,400,False
model,0.44,1.0,1.0,0.2,score_point,0.09645390070921986,1.0,0.225,0.775,0.7969151670951157,705,400,False
model,0.45,1.0,1.0,0.2,score_point,0.09645390070921986,1.0,0.2275,0.7725,0.7953667953667954,705,400,False
model,0.46,1.0,1.0,0.2,score_point,0.09645390070921986,1.0,0.235,0.765,0.7906976744186047,705,400,False
model,0.47,1.0,1.0,0.2,score_point,0.09645390070921986,1.0,0.2425,0.7575,0.7859922178988327,705,400,False
model,0.48,1.0,1.0,0.2,score_point,0.09645390070921986,1.0,0.25,0.75,0.7812500000000001,705,400,False
model,0.49,1.0,1.0,0.2,score_point,0.09645390070921986,1.0,0.2525,0.7475,0.7796610169491526,705,400,False
model,0.5,1.0,1.0,0.2,score_point,0.09645390070921986,1.0,0.2525,0.7475,0.7796610169491526,705,400,False
model,0.51,1.0,1.0,0.2,score_point,0.09645390070921986,1.0,0.27,0.73,0.768421052631579,705,400,False
model,0.52,1.0,1.0,0.2,score_point,0.09645390070921986,1.0,0.27,0.73,0.768421052631579,705,400,False
model,0.53,1.0,1.0,0.2,score_point,0.09645390070921986,1.0,0.28,0.72,0.761904761904762,705,400,False
model,0.54,1.0,1.0,0.2,score_point,0.09645390070921986,1.0,0.2875,0.7125,0.7569721115537849,705,400,False
model,0.55,1.0,1.0,0.2,score_point,0.09645390070921986,1.0,0.2925,0.7075,0.7536617842876164,705,400,False
model,0.56,1.0,1.0,0.2,score_point,0.09645390070921986,1.0,0.2925,0.7075,0.7536617842876164,705,400,False
model,0.57,1.0,1.0,0.2,score_point,0.09645390070921986,1.0,0.305,0.695,0.745308310991957,705,400,False
model,0.58,1.0,1.0,0.2,score_point,0.09645390070921986,1.0,0.3075,0.6925,0.7436241610738255,705,400,False
model,0.59,1.0,1.0,0.2,score_point,0.09645390070921986,1.0,0.32,0.68,0.7351351351351352,705,400,False
model,0.6,1.0,1.0,0.2,score_point,0.09645390070921986,1.0,0.325,0.675,0.7317073170731707,705,400,False
model,0.61,1.0,1.0,0.2,score_point,0.09645390070921986,1.0,0.3325,0.6675,0.7265306122448979,705,400,False
model,0.62,1.0,1.0,0.2,score_point,0.09645390070921986,1.0,0.3375,0.6625,0.723055934515689,705,400,False
model,0.63,1.0,1.0,0.2,score_point,0.09645390070921986,1.0,0.3425,0.6575,0.7195622435020519,705,400,False
model,0.64,1.0,1.0,0.2,score_point,0.09645390070921986,1.0,0.3475,0.6525,0.7160493827160493,705,400,False
model,0.65,1.0,1.0,0.2,score_point,0.09645390070921986,1.0,0.355,0.645,0.7107438016528925,705,400,False
model,0.66,1.0,1.0,0.2,score_point,0.09645390070921986,1.0,0.3625,0.6375,0.7053941908713692,705,400,False
model,0.67,1.0,1.0,0.2,score_point,0.09645390070921986,1.0,0.37,0.63,0.7,705,400,False
model,0.68,1.0,1.0,0.2,score_point,0.09645390070921986,1.0,0.3775,0.6225,0.694560669456067,705,400,False
model,0.69,1.0,1.0,0.2,score_point,0.09645390070921986,1.0,0.3875,0.6125,0.6872370266479664,705,400,False
model,0.7,1.0,1.0,0.2,score_point,0.09645390070921986,1.0,0.4025,0.5975,0.6760961810466761,705,400,False
model,0.71,1.0,1.0,0.2,score_point,0.09645390070921986,1.0,0.415,0.585,0.6666666666666666,705,400,False
model,0.72,1.0,1.0,0.2,score_point,0.09645390070921986,1.0,0.425,0.575,0.6590257879656161,705,400,False
model,0.73,1.0,1.0,0.2,score_point,0.09645390070921986,1.0,0.435,0.565,0.6512968299711815,705,400,False
model,0.74,1.0,1.0,0.2,score_point,0.09645390070921986,1.0,0.4525,0.5475,0.6375545851528384,705,400,False
model,0.75,1.0,1.0,0.2,score_point,0.09645390070921986,1.0,0.475,0.525,0.6194690265486725,705,400,False
model,0.76,1.0,1.0,0.2,score_point,0.09645390070921986,1.0,0.475,0.525,0.6194690265486725,705,400,False
model,0.77,1.0,1.0,0.2,score_point,0.09645390070921986,1.0,0.505,0.495,0.5945945945945946,705,400,False
model,0.78,1.0,1.0,0.2,score_point,0.09645390070921986,1.0,0.5225,0.4775,0.5796661608497723,705,400,False
model,0.79,1.0,1.0,0.2,score_point,0.09645390070921986,1.0,0.53,0.47,0.573170731707317,705,400,False
model,0.8,1.0,1.0,0.2,score_point,0.09645390070921986,1.0,0.55,0.45,0.5555555555555557,705,400,False
model,0.81,1.0,1.0,0.2,score_point,0.09645390070921986,1.0,0.565,0.435,0.5420560747663551,705,400,False
model,0.82,1.0,1.0,0.2,score_point,0.09645390070921986,1.0,0.5825,0.4175,0.525984251968504,705,400,False
model,0.83,1.0,1.0,0.2,score_point,0.09645390070921986,1.0,0.59,0.41,0.5189873417721519,705,400,False
model,0.84,1.0,1.0,0.2,score_point,0.09645390070921986,1.0,0.6125,0.3875,0.49759229534510435,705,400,False
model,0.85,1.0,1.0,0.2,score_point,0.09645390070921986,1.0,0.6325,0.3675,0.4780487804878048,705,400,False
model,0.86,1.0,1.0,0.2,score_point,0.09645390070921986,1.0,0.6575,0.3425,0.45289256198347116,705,400,False
model,0.87,1.0,1.0,0.2,score_point,0.09645390070921986,1.0,0.6875,0.3125,0.42158516020236086,705,400,False
model,0.88,1.0,1.0,0.2,score_point,0.09645390070921986,1.0,0.7325,0.2675,0.37217391304347824,705,400,False
model,0.89,1.0,1.0,0.2,score_point,0.09645390070921986,1.0,0.78,0.22,0.3165467625899281,705,400,False
model,0.9,1.0,1.0,0.2,score_point,0.09645390070921986,1.0,0.815,0.185,0.27306273062730624,705,400,False
model,0.91,1.0,1.0,0.2,score_point,0.09645390070921986,1.0,0.8425,0.1575,0.23728813559322035,705,400,False
model,0.92,1.0,1.0,0.2,score_point,0.09645390070921986,1.0,0.87,0.13,0.2,705,400,False
model,0.93,1.0,1.0,0.2,score_point,0.09645390070921986,1.0,0.9025,0.0975,0.15384615384615388,705,400,False
model,0.94,1.0,1.0,0.2,score_point,0.09645390070921986,1.0,0.9325,0.0675,0.10909090909090909,705,400,False
model,0.95,1.0,1.0,0.2,score_point,0.09645390070921986,1.0,0.96,0.04,0.06611570247933884,705,400,False
model,0.96,1.0,1.0,0.2,score_point,0.09645390070921986,1.0,0.98,0.02,0.033613445378151266,705,400,False
model,0.97,1.0,1.0,0.2,score_point,0.09645390070921986,1.0,0.9925,0.0075,0.012738853503184714,705,400,False
model,0.98,1.0,1.0,0.2,score_point,0.09645390070921986,1.0,0.9975,0.0025,0.0042643923240938165,705,400,False
model,0.99,0.2,1.0,0.2,score_point,0.09645390070921986,1.0,1.0,0.0,0.0,705,400,False
model,1.0,0.2,1.0,0.2,score_point,0.09645390070921986,1.0,1.0,0.0,0.0,705,400,False
model,0.99,0.3,1.0,0.2,score_point,0.09645390070921986,1.0,1.0,0.0,0.0,705,400,False
model,1.0,0.3,1.0,0.2,score_point,0.09645390070921986,1.0,1.0,0.0,0.0,705,400,False
model,0.99,0.4,1.0,0.2,score_point,0.09645390070921986,1.0,1.0,0.0,0.0,705,400,False
model,1.0,0.4,1.0,0.2,score_point,0.09645390070921986,1.0,1.0,0.0,0.0,705,400,False
model,0.99,0.5,1.0,0.2,score_point,0.09645390070921986,1.0,1.0,0.0,0.0,705,400,False
model,1.0,0.5,1.0,0.2,score_point,0.09645390070921986,1.0,1.0,0.0,0.0,705,400,False
model,0.99,0.6,1.0,0.2,score_point,0.09645390070921986,1.0,1.0,0.0,0.0,705,400,False
model,1.0,0.6,1.0,0.2,score_point,0.09645390070921986,1.0,1.0,0.0,0.0,705,400,False
model,0.99,0.7,1.0,0.2,score_point,0.09645390070921986,1.0,1.0,0.0,0.0,705,400,False
model,1.0,0.7,1.0,0.2,score_point,0.09645390070921986,1.0,1.0,0.0,0.0,705,400,False
model,0.99,0.8,1.0,0.2,score_point,0.09645390070921986,1.0,1.0,0.0,0.0,705,400,False
model,1.0,0.8,1.0,0.2,score_point,0.09645390070921986,1.0,1.0,0.0,0.0,705,400,False
model,0.99,0.9,1.0,0.2,score_point,0.09645390070921986,1.0,1.0,0.0,0.0,705,400,False
model,1.0,0.9,1.0,0.2,score_point,0.09645390070921986,1.0,1.0,0.0,0.0,705,400,False
model,0.99,1.0,1.0,0.2,score_point,0.09645390070921986,1.0,1.0,0.0,0.0,705,400,False
model,1.0,1.0,1.0,0.2,score_point,0.09645390070921986,1.0,1.0,0.0,0.0,705,400,False
model,0.24,0.3,2.0,0.2,score_point,0.09787234042553192,0.4572499999999999,0.0925,0.9075,0.8725961538461539,705,400,True
model,0.18,0.3,2.5,0.2,score_point,0.09787234042553192,0.4594999999999999,0.0725,0.9275,0.8833333333333334,705,400,False
model,0.45,0.2,1.5,0.2,score_point,0.09787234042553192,0.4957500000000001,0.2275,0.7725,0.7943444730077122,705,400,False
model,0.46,0.2,1.5,0.2,score_point,0.09787234042553192,0.5055000000000001,0.235,0.765,0.7896774193548387,705,400,False
model,0.28,0.4,1.5,0.2,score_point,0.09787234042553192,0.52925,0.1175,0.8825,0.8588807785888077,705,400,False
model,0.07,0.5,2.5,0.2,score_point,0.09787234042553192,0.57,0.035,0.965,0.9029239766081871,705,400,False
model,0.03,0.6,3.0,0.2,score_point,0.09787234042553192,0.6359999999999999,0.015,0.985,0.9130938586326767,705,400,False
model,0.1,0.6,1.5,0.2,score_point,0.09787234042553192,0.6359999999999999,0.04,0.96,0.9003516998827668,705,400,False
model,0.01,0.7,2.0,0.2,score_point,0.09787234042553192,0.7065,0.005,0.995,0.9181084198385236,705,400,False
model,0.03,0.7,1.5,0.2,score_point,0.09787234042553192,0.7120000000000001,0.015,0.985,0.9130938586326767,705,400,False
model,0.52,0.7,1.0,0.2,score_point,0.09787234042553192,0.7809999999999999,0.27,0.73,0.7674113009198423,705,400,False
model,0.53,0.7,1.0,0.2,score_point,0.09787234042553192,0.7839999999999999,0.28,0.72,0.760898282694848,705,400,False
model,0.54,0.7,1.0,0.2,score_point,0.09787234042553192,0.78625,0.2875,0.7125,0.7559681697612732,705,400,False
model,0.55,0.7,1.0,0.2,score_point,0.09787234042553192,0.7877500000000001,0.2925,0.7075,0.7526595744680852,705,400,False
model,0.56,0.7,1.0,0.2,score_point,0.09787234042553192,0.7877500000000001,0.2925,0.7075,0.7526595744680852,705,400,False
model,0.75,0.6,1.0,0.2,score_point,0.09787234042553192,0.7899999999999998,0.475,0.525,0.6185567010309279,705,400,False
model,0.76,0.6,1.0,0.2,score_point,0.09787234042553192,0.7899999999999998,0.475,0.525,0.6185567010309279,705,400,False
model,0.57,0.7,1.0,0.2,score_point,0.09787234042553192,0.7915000000000001,0.305,0.695,0.7443105756358768,705,400,False
model,0.58,0.7,1.0,0.2,score_point,0.09787234042553192,0.7922499999999999,0.3075,0.6925,0.7426273458445041,705,400,False
model,0.59,0.7,1.0,0.2,score_point,0.09787234042553192,0.7959999999999999,0.32,0.68,0.7341430499325237,705,400,False
model,0.6,0.7,1.0,0.2,score_point,0.09787234042553192,0.7975,0.325,0.675,0.7307171853856562,705,400,False
model,0.61,0.7,1.0,0.2,score_point,0.09787234042553192,0.79975,0.3325,0.6675,0.7255434782608695,705,400,False
model,0.62,0.7,1.0,0.2,score_point,0.09787234042553192,0.80125,0.3375,0.6625,0.7220708446866484,705,400,False
model,0.77,0.6,1.0,0.2,score_point,0.09787234042553192,0.8019999999999999,0.505,0.495,0.5937031484257871,705,400,False
model,0.63,0.7,1.0,0.2,score_point,0.09787234042553192,0.8027500000000001,0.3425,0.6575,0.7185792349726775,705,400,False
model,0.64,0.7,1.0,0.2,score_point,0.09787234042553192,0.8042499999999998,0.3475,0.6525,0.715068493150685,705,400,False
model,0.65,0.7,1.0,0.2,score_point,0.09787234042553192,0.8064999999999999,0.355,0.645,0.7097661623108665,705,400,False
model,0.66,0.7,1.0,0.2,score_point,0.09787234042553192,0.80875,0.3625,0.6375,0.7044198895027626,705,400,False
model,0.78,0.6,1.0,0.2,score_point,0.09787234042553192,0.8089999999999999,0.5225,0.4775,0.5787878787878789,705,400,False
model,0.67,0.7,1.0,0.2,score_point,0.09787234042553192,0.8109999999999999,0.37,0.63,0.6990291262135923,705,400,False
model,0.79,0.6,1.0,0.2,score_point,0.09787234042553192,0.8119999999999998,0.53,0.47,0.5722983257229833,705,400,False
model,0.87,0.4,1.0,0.2,score_point,0.09787234042553192,0.8125,0.6875,0.3125,0.42087542087542085,705,400,False
model,0.68,0.7,1.0,0.2,score_point,0.09787234042553192,0.8132499999999999,0.3775,0.6225,0.6935933147632312,705,400,False
model,0.69,0.7,1.0,0.2,score_point,0.09787234042553192,0.81625,0.3875,0.6125,0.6862745098039216,705,400,False
model,0.8,0.6,1.0,0.2,score_point,0.09787234042553192,0.82,0.55,0.45,0.5546995377503852,705,400,False
model,0.7,0.7,1.0,0.2,score_point,0.09787234042553192,0.8207499999999999,0.4025,0.5975,0.6751412429378532,705,400,False
model,0.71,0.7,1.0,0.2,score_point,0.09787234042553192,0.8244999999999999,0.415,0.585,0.6657183499288762,705,400,False
model,0.81,0.6,1.0,0.2,score_point,0.09787234042553192,0.826,0.565,0.435,0.5412130637636081,705,400,False
model,0.72,0.7,1.0,0.2,score_point,0.09787234042553192,0.8275,0.425,0.575,0.6580829756795421,705,400,False
model,0.73,0.7,1.0,0.2,score_point,0.09787234042553192,0.8305,0.435,0.565,0.6503597122302158,705,400,False
model,0.82,0.6,1.0,0.2,score_point,0.09787234042553192,0.8329999999999999,0.5825,0.4175,0.5251572327044025,705,400,False
model,0.36,0.8,1.0,0.2,score_point,0.09787234042553192,0.8345000000000001,0.1725,0.8275,0.8275,705,400,False
model,0.37,0.8,1.0,0.2,score_point,0.09787234042553192,0.8355000000000001,0.1775,0.8225,0.8245614035087719,705,400,False
model,0.38,0.8,1.0,0.2,score_point,0.09787234042553192,0.8355000000000001,0.1775,0.8225,0.8245614035087719,705,400,False
model,0.74,0.7,1.0,0.2,score_point,0.09787234042553192,0.8357499999999999,0.4525,0.5475,0.6366279069767442,705,400,False
model,0.39,0.8,1.0,0.2,score_point,0.09787234042553192,0.8370000000000001,0.185,0.815,0.8201257861635219,705,400,False
model,0.4,0.8,1.0,0.2,score_point,0.09787234042553192,0.8385000000000001,0.1925,0.8075,0.8156565656565655,705,400,False
model,0.41,0.8,1.0,0.2,score_point,0.09787234042553192,0.8390000000000001,0.195,0.805,0.8141592920353983,705,400,False
model,0.88,0.4,1.0,0.2,score_point,0.09787234042553192,0.8395000000000001,0.7325,0.2675,0.3715277777777778,705,400,False
model,0.42,0.8,1.0,0.2,score_point,0.09787234042553192,0.841,0.205,0.795,0.8081321473951716,705,400,False
model,0.43,0.8,1.0,0.2,score_point,0.09787234042553192,0.8420000000000002,0.21,0.79,0.8050955414012739,705,400,False
model,0.87,0.5,1.0,0.2,score_point,0.09787234042553192,0.84375,0.6875,0.3125,0.42087542087542085,705,400,False
model,0.44,0.8,1.0,0.2,score_point,0.09787234042553192,0.8450000000000002,0.225,0.775,0.7958921694480102,705,400,False
model,0.45,0.8,1.0,0.2,score_point,0.09787234042553192,0.8455000000000001,0.2275,0.7725,0.7943444730077122,705,400,False
model,0.46,0.8,1.0,0.2,score_point,0.09787234042553192,0.847,0.235,0.765,0.7896774193548387,705,400,False
model,0.47,0.8,1.0,0.2,score_point,0.09787234042553192,0.8485,0.2425,0.7575,0.7849740932642486,705,400,False
model,0.48,0.8,1.0,0.2,score_point,0.09787234042553192,0.85,0.25,0.75,0.7802340702210663,705,400,False
model,0.49,0.8,1.0,0.2,score_point,0.09787234042553192,0.8505000000000001,0.2525,0.7475,0.7786458333333334,705,400,False
model,0.5,0.8,1.0,0.2,score_point,0.09787234042553192,0.8505000000000001,0.2525,0.7475,0.7786458333333334,705,400,False
model,0.51,0.8,1.0,0.2,score_point,0.09787234042553192,0.8540000000000001,0.27,0.73,0.7674113009198423,705,400,False
model,0.88,0.5,1.0,0.2,score_point,0.09787234042553192,0.86625,0.7325,0.2675,0.3715277777777778,705,400,False
model,0.89,0.4,1.0,0.2,score_point,0.09787234042553192,0.8680000000000001,0.78,0.22,0.31597845601436264,705,400,False
model,0.9,0.4,1.0,0.2,score_point,0.09787234042553192,0.889,0.815,0.185,0.2725598526703499,705,400,False
model,0.89,0.5,1.0,0.2,score_point,0.09787234042553192,0.89,0.78,0.22,0.31597845601436264,705,400,False
model,0.92,0.2,1.0,0.2,score_point,0.09787234042553192,0.8959999999999999,0.87,0.13,0.199616122840691,705,400,False
model,0.91,0.4,1.0,0.2,score_point,0.09787234042553192,0.9055000000000001,0.8425,0.1575,0.23684210526315794,705,400,False
model,0.9,0.5,1.0,0.2,score_point,0.09787234042553192,0.9075,0.815,0.185,0.2725598526703499,705,400,False
model,0.92,0.3,1.0,0.2,score_point,0.09787234042553192,0.909,0.87,0.13,0.199616122840691,705,400,False
model,0.26,0.9,1.0,0.2,score_point,0.09787234042553192,0.9102500000000002,0.1025,0.8975,0.8671497584541062,705,400,False
model,0.27,0.9,1.0,0.2,score_point,0.09787234042553192,0.9112500000000001,0.1125,0.8875,0.8616504854368932,705,400,False
model,0.28,0.9,1.0,0.2,score_point,0.09787234042553192,0.9117500000000003,0.1175,0.8825,0.8588807785888077,705,400,False
model,0.29,0.9,1.0,0.2,score_point,0.09787234042553192,0.9122500000000002,0.1225,0.8775,0.8560975609756097,705,400,False
model,0.3,0.9,1.0,0.2,score_point,0.09787234042553192,0.9130000000000001,0.13,0.87,0.8518971848225214,705,400,False
model,0.31,0.9,1.0,0.2,score_point,0.09787234042553192,0.9140000000000001,0.14,0.86,0.8462484624846247,705,400,False
model,0.32,0.9,1.0,0.2,score_point,0.09787234042553192,0.9147500000000002,0.1475,0.8525,0.8419753086419755,705,400,False
model,0.33,0.9,1.0,0.2,score_point,0.09787234042553192,0.9152500000000002,0.1525,0.8475,0.8391089108910891,705,400,False
model,0.34,0.9,1.0,0.2,score_point,0.09787234042553192,0.9157500000000002,0.1575,0.8425,0.836228287841191,705,400,False
model,0.35,0.9,1.0,0.2,score_point,0.09787234042553192,0.9165000000000002,0.165,0.835,0.8318804483188045,705,400,False
model,0.36,0.9,1.0,0.2,score_point,0.09787234042553192,0.9172500000000002,0.1725,0.8275,0.8275,705,400,False
model,0.37,0.9,1.0,0.2,score_point,0.09787234042553192,0.9177500000000002,0.1775,0.8225,0.8245614035087719,705,400,False
model,0.38,0.9,1.0,0.2,score_point,0.09787234042553192,0.9177500000000002,0.1775,0.8225,0.8245614035087719,705,400,False
model,0.39,0.9,1.0,0.2,score_point,0.09787234042553192,0.9185000000000002,0.185,0.815,0.8201257861635219,705,400,False
model,0.4,0.9,1.0,0.2,score_point,0.09787234042553192,0.9192500000000001,0.1925,0.8075,0.8156565656565655,705,400,False
model,0.41,0.9,1.0,0.2,score_point,0.09787234042553192,0.9195000000000002,0.195,0.805,0.8141592920353983,705,400,False
model,0.42,0.9,1.0,0.2,score_point,0.09787234042553192,0.9205000000000001,0.205,0.795,0.8081321473951716,705,400,False
model,0.43,0.9,1.0,0.2,score_point,0.09787234042553192,0.9210000000000003,0.21,0.79,0.8050955414012739,705,400,False
model,0.91,0.5,1.0,0.2,score_point,0.09787234042553192,0.92125,0.8425,0.1575,0.23684210526315794,705,400,False
model,0.92,0.4,1.0,0.2,score_point,0.09787234042553192,0.9220000000000002,0.87,0.13,0.199616122840691,705,400,False
model,0.44,0.9,1.0,0.2,score_point,0.09787234042553192,0.9225,0.225,0.775,0.7958921694480102,705,400,False
model,0.45,0.9,1.0,0.2,score_point,0.09787234042553192,0.9227500000000001,0.2275,0.7725,0.7943444730077122,705,400,False
model,0.46,0.9,1.0,0.2,score_point,0.09787234042553192,0.9235000000000001,0.235,0.765,0.7896774193548387,705,400,False
model,0.47,0.9,1.0,0.2,score_point,0.09787234042553192,0.9242500000000001,0.2425,0.7575,0.7849740932642486,705,400,False
model,0.48,0.9,1.0,0.2,score_point,0.09787234042553192,0.9250000000000003,0.25,0.75,0.7802340702210663,705,400,False
model,0.49,0.9,1.0,0.2,score_point,0.09787234042553192,0.92525,0.2525,0.7475,0.7786458333333334,705,400,False
model,0.5,0.9,1.0,0.2,score_point,0.09787234042553192,0.92525,0.2525,0.7475,0.7786458333333334,705,400,False
model,0.51,0.9,1.0,0.2,score_point,0.09787234042553192,0.9270000000000002,0.27,0.73,0.7674113009198423,705,400,False
model,0.92,0.5,1.0,0.2,score_point,0.09787234042553192,0.935,0.87,0.13,0.199616122840691,705,400,False
model,0.17,0.3,2.5,0.2,score_point,0.09929078014184398,0.43749999999999994,0.0625,0.9375,0.8875739644970413,705,400,True
model,0.31,0.2,2.0,0.2,score_point,0.09929078014184398,0.4520000000000001,0.14,0.86,0.8452088452088452,705,400,False
model,0.22,0.3,2.0,0.2,score_point,0.09929078014184398,0.4572499999999999,0.0925,0.9075,0.8715486194477791,705,400,False
model,0.23,0.3,2.0,0.2,score_point,0.09929078014184398,0.4572499999999999,0.0925,0.9075,0.8715486194477791,705,400,False
model,0.27,0.2,2.5,0.2,score_point,0.09929078014184398,0.45875,0.1125,0.8875,0.8606060606060607,705,400,False
model,0.16,0.3,3.0,0.2,score_point,0.09929078014184398,0.4619999999999999,0.06,0.94,0.8888888888888888,705,400,False
model,0.44,0.2,1.5,0.2,score_point,0.09929078014184398,0.49250000000000005,0.225,0.775,0.7948717948717949,705,400,False
model,0.16,0.4,2.0,0.2,score_point,0.09929078014184398,0.496,0.06,0.94,0.8888888888888888,705,400,False
model,0.35,0.3,1.5,0.2,score_point,0.09929078014184398,0.498,0.165,0.835,0.8308457711442786,705,400,False
model,0.13,0.4,2.5,0.2,score_point,0.09929078014184398,0.5050000000000001,0.05,0.95,0.8941176470588236,705,400,False
model,0.24,0.2,3.5,0.2,score_point,0.09929078014184398,0.50525,0.0925,0.9075,0.8715486194477791,705,400,False
model,0.26,0.4,1.5,0.2,score_point,0.09929078014184398,0.51275,0.1025,0.8975,0.8661037394451147,705,400,False
model,0.27,0.4,1.5,0.2,score_point,0.09929078014184398,0.52375,0.1125,0.8875,0.8606060606060607,705,400,False
model,0.1,0.4,3.5,0.2,score_point,0.09929078014184398,0.524,0.04,0.96,0.8992974238875878,705,400,False
model,0.05,0.5,3.0,0.2,score_point,0.09929078014184398,0.5625,0.025,0.975,0.9069767441860466,705,400,False
model,0.04,0.6,2.0,0.2,score_point,0.09929078014184398,0.6279999999999998,0.02,0.98,0.9095127610208816,705,400,False
model,0.36,0.7,1.0,0.2,score_point,0.09929078014184398,0.7517499999999999,0.1725,0.8275,0.8264669163545567,705,400,False
model,0.37,0.7,1.0,0.2,score_point,0.09929078014184398,0.7532499999999999,0.1775,0.8225,0.8235294117647058,705,400,False
model,0.38,0.7,1.0,0.2,score_point,0.09929078014184398,0.7532499999999999,0.1775,0.8225,0.8235294117647058,705,400,False
model,0.83,0.4,1.0,0.2,score_point,0.09929078014184398,0.754,0.59,0.41,0.5173501577287066,705,400,False
model,0.39,0.7,1.0,0.2,score_point,0.09929078014184398,0.7555,0.185,0.815,0.8190954773869347,705,400,False
model,0.4,0.7,1.0,0.2,score_point,0.09929078014184398,0.75775,0.1925,0.8075,0.8146279949558638,705,400,False
model,0.41,0.7,1.0,0.2,score_point,0.09929078014184398,0.7585,0.195,0.805,0.8131313131313131,705,400,False
model,0.7,0.6,1.0,0.2,score_point,0.09929078014184398,0.7609999999999999,0.4025,0.5975,0.6741889985895628,705,400,False
model,0.42,0.7,1.0,0.2,score_point,0.09929078014184398,0.7615000000000001,0.205,0.795,0.8071065989847716,705,400,False
model,0.43,0.7,1.0,0.2,score_point,0.09929078014184398,0.7630000000000001,0.21,0.79,0.8040712468193384,705,400,False
model,0.71,0.6,1.0,0.2,score_point,0.09929078014184398,0.7659999999999999,0.415,0.585,0.6647727272727272,705,400,False
model,0.44,0.7,1.0,0.2,score_point,0.09929078014184398,0.7675,0.225,0.775,0.7948717948717949,705,400,False
model,0.84,0.4,1.0,0.2,score_point,0.09929078014184398,0.7675,0.6125,0.3875,0.496,705,400,False
model,0.45,0.7,1.0,0.2,score_point,0.09929078014184398,0.7682499999999999,0.2275,0.7725,0.7933247753530167,705,400,False
model,0.72,0.6,1.0,0.2,score_point,0.09929078014184398,0.77,0.425,0.575,0.6571428571428571,705,400,False
model,0.46,0.7,1.0,0.2,score_point,0.09929078014184398,0.7705,0.235,0.765,0.7886597938144329,705,400,False
model,0.47,0.7,1.0,0.2,score_point,0.09929078014184398,0.7727499999999999,0.2425,0.7575,0.7839586028460543,705,400,False
model,0.73,0.6,1.0,0.2,score_point,0.09929078014184398,0.7739999999999998,0.435,0.565,0.6494252873563218,705,400,False
model,0.48,0.7,1.0,0.2,score_point,0.09929078014184398,0.775,0.25,0.75,0.7792207792207791,705,400,False
model,0.49,0.7,1.0,0.2,score_point,0.09929078014184398,0.77575,0.2525,0.7475,0.7776332899869961,705,400,False
model,0.5,0.7,1.0,0.2,score_point,0.09929078014184398,0.77575,0.2525,0.7475,0.7776332899869961,705,400,False
model,0.85,0.4,1.0,0.2,score_point,0.09929078014184398,0.7795000000000001,0.6325,0.3675,0.4764991896272285,705,400,False
model,0.51,0.7,1.0,0.2,score_point,0.09929078014184398,0.7809999999999999,0.27,0.73,0.7664041994750657,705,400,False
model,0.74,0.6,1.0,0.2,score_point,0.09929078014184398,0.7809999999999999,0.4525,0.5475,0.6357039187227866,705,400,False
model,0.86,0.4,1.0,0.2,score_point,0.09929078014184398,0.7945000000000002,0.6575,0.3425,0.4514003294892916,705,400,False
model,0.83,0.5,1.0,0.2,score_point,0.09929078014184398,0.795,0.59,0.41,0.5173501577287066,705,400,False
model,0.84,0.5,1.0,0.2,score_point,0.09929078014184398,0.80625,0.6125,0.3875,0.496,705,400,False
model,0.85,0.5,1.0,0.2,score_point,0.09929078014184398,0.81625,0.6325,0.3675,0.4764991896272285,705,400,False
model,0.86,0.5,1.0,0.2,score_point,0.09929078014184398,0.82875,0.6575,0.3425,0.4514003294892916,705,400,False
model,0.35,0.8,1.0,0.2,score_point,0.09929078014184398,0.8330000000000001,0.165,0.835,0.8308457711442786,705,400,False
model,0.9,0.3,1.0,0.2,score_point,0.09929078014184398,0.8705000000000002,0.815,0.185,0.27205882352941174,705,400,False
model,0.91,0.3,1.0,0.2,score_point,0.09929078014184398,0.8897499999999999,0.8425,0.1575,0.23639774859287052,705,400,False
model,0.04,0.9,1.0,0.2,score_point,0.09929078014184398,0.9020000000000001,0.02,0.98,0.9095127610208816,705,400,False
model,0.05,0.9,1.0,0.2,score_point,0.09929078014184398,0.9025000000000003,0.025,0.975,0.9069767441860466,705,400,False
model,0.06,0.9,1.0,0.2,score_point,0.09929078014184398,0.9027500000000002,0.0275,0.9725,0.9057043073341093,705,400,False
model,0.07,0.9,1.0,0.2,score_point,0.09929078014184398,0.9035000000000002,0.035,0.965,0.9018691588785046,705,400,False
model,0.08,0.9,1.0,0.2,score_point,0.09929078014184398,0.9035000000000002,0.035,0.965,0.9018691588785046,705,400,False
model,0.09,0.9,1.0,0.2,score_point,0.09929078014184398,0.9040000000000002,0.04,0.96,0.8992974238875878,705,400,False
model,0.1,0.9,1.0,0.2,score_point,0.09929078014184398,0.9040000000000002,0.04,0.96,0.8992974238875878,705,400,False
model,0.11,0.9,1.0,0.2,score_point,0.09929078014184398,0.9040000000000002,0.04,0.96,0.8992974238875878,705,400,False
model,0.12,0.9,1.0,0.2,score_point,0.09929078014184398,0.9045000000000002,0.045,0.955,0.8967136150234741,705,400,False
model,0.13,0.9,1.0,0.2,score_point,0.09929078014184398,0.9050000000000002,0.05,0.95,0.8941176470588236,705,400,False
model,0.14,0.9,1.0,0.2,score_point,0.09929078014184398,0.9052500000000003,0.0525,0.9475,0.8928150765606597,705,400,False
model,0.15,0.9,1.0,0.2,score_point,0.09929078014184398,0.9055000000000003,0.055,0.945,0.8915094339622641,705,400,False
model,0.16,0.9,1.0,0.2,score_point,0.09929078014184398,0.9060000000000002,0.06,0.94,0.8888888888888888,705,400,False
model,0.17,0.9,1.0,0.2,score_point,0.09929078014184398,0.9062500000000001,0.0625,0.9375,0.8875739644970413,705,400,False
model,0.18,0.9,1.0,0.2,score_point,0.09929078014184398,0.9072500000000001,0.0725,0.9275,0.882282996432818,705,400,False
model,0.19,0.9,1.0,0.2,score_point,0.09929078014184398,0.9077500000000001,0.0775,0.9225,0.8796185935637664,705,400,False
model,0.2,0.9,1.0,0.2,score_point,0.09929078014184398,0.9085000000000002,0.085,0.915,0.8755980861244019,705,400,False
model,0.21,0.9,1.0,0.2,score_point,0.09929078014184398,0.9090000000000004,0.09,0.91,0.8729016786570744,705,400,False
model,0.22,0.9,1.0,0.2,score_point,0.09929078014184398,0.9092500000000002,0.0925,0.9075,0.8715486194477791,705,400,False
model,0.23,0.9,1.0,0.2,score_point,0.09929078014184398,0.9092500000000002,0.0925,0.9075,0.8715486194477791,705,400,False
model,0.24,0.9,1.0,0.2,score_point,0.09929078014184398,0.9092500000000002,0.0925,0.9075,0.8715486194477791,705,400,False
model,0.25,0.9,1.0,0.2,score_point,0.09929078014184398,0.9095000000000002,0.095,0.905,0.8701923076923077,705,400,False
model,0.26,0.2,2.5,0.2,score_point,0.10070921985815603,0.43575,0.1025,0.8975,0.8650602409638555,705,400,True
model,0.15,0.3,3.0,0.2,score_point,0.10070921985815603,0.44849999999999995,0.055,0.945,0.8904593639575971,705,400,False
model,0.21,0.3,2.0,0.2,score_point,0.10070921985815603,0.45299999999999985,0.09,0.91,0.8718562874251498,705,400,False
model,0.25,0.2,3.0,0.2,score_point,0.10070921985815603,0.466,0.095,0.905,0.8691476590636255,705,400,False
model,0.15,0.4,2.0,0.2,score_point,0.10070921985815603,0.48800000000000004,0.055,0.945,0.8904593639575971,705,400,False
model,0.34,0.3,1.5,0.2,score_point,0.10070921985815603,0.48899999999999993,0.1575,0.8425,0.8341584158415842,705,400,False
model,0.12,0.4,2.5,0.2,score_point,0.10070921985815603,0.49450000000000005,0.045,0.955,0.895662368112544,705,400,False
model,0.11,0.4,3.0,0.2,score_point,0.10070921985815603,0.504,0.04,0.96,0.8982456140350876,705,400,False
model,0.22,0.2,3.5,0.2,score_point,0.10070921985815603,0.50525,0.0925,0.9075,0.8705035971223021,705,400,False
model,0.23,0.2,3.5,0.2,score_point,0.10070921985815603,0.50525,0.0925,0.9075,0.8705035971223021,705,400,False
model,0.15,0.5,1.5,0.2,score_point,0.10070921985815603,0.555,0.055,0.945,0.8904593639575971,705,400,False
model,0.09,0.5,2.0,0.2,score_point,0.10070921985815603,0.56,0.04,0.96,0.8982456140350876,705,400,False
model,0.16,0.5,1.5,0.2,score_point,0.10070921985815603,0.56,0.06,0.94,0.8878394332939787,705,400,False
model,0.75,0.4,1.0,0.2,score_point,0.10070921985815603,0.685,0.475,0.525,0.616740088105727,705,400,False
model,0.76,0.4,1.0,0.2,score_point,0.10070921985815603,0.685,0.475,0.525,0.616740088105727,705,400,False
model,0.77,0.4,1.0,0.2,score_point,0.10070921985815603,0.7030000000000001,0.505,0.495,0.5919282511210762,705,400,False
model,0.78,0.4,1.0,0.2,score_point,0.10070921985815603,0.7135000000000001,0.5225,0.4775,0.5770392749244714,705,400,False
model,0.79,0.4,1.0,0.2,score_point,0.10070921985815603,0.7180000000000001,0.53,0.47,0.5705614567526555,705,400,False
model,0.59,0.6,1.0,0.2,score_point,0.10070921985815603,0.7279999999999999,0.32,0.68,0.7321668909825034,705,400,False
model,0.6,0.6,1.0,0.2,score_point,0.10070921985815603,0.73,0.325,0.675,0.728744939271255,705,400,False
model,0.8,0.4,1.0,0.2,score_point,0.10070921985815603,0.73,0.55,0.45,0.5529953917050692,705,400,False
model,0.61,0.6,1.0,0.2,score_point,0.10070921985815603,0.7329999999999999,0.3325,0.6675,0.7235772357723578,705,400,False
model,0.62,0.6,1.0,0.2,score_point,0.10070921985815603,0.7349999999999999,0.3375,0.6625,0.720108695652174,705,400,False
model,0.63,0.6,1.0,0.2,score_point,0.10070921985815603,0.7369999999999999,0.3425,0.6575,0.7166212534059946,705,400,False
model,0.75,0.5,1.0,0.2,score_point,0.10070921985815603,0.7375,0.475,0.525,0.616740088105727,705,400,False
model,0.76,0.5,1.0,0.2,score_point,0.10070921985815603,0.7375,0.475,0.525,0.616740088105727,705,400,False
model,0.64,0.6,1.0,0.2,score_point,0.10070921985815603,0.7389999999999999,0.3475,0.6525,0.7131147540983607,705,400,False
model,0.81,0.4,1.0,0.2,score_point,0.10070921985815603,0.7390000000000001,0.565,0.435,0.5395348837209302,705,400,False
model,0.65,0.6,1.0,0.2,score_point,0.10070921985815603,0.7419999999999999,0.355,0.645,0.7078189300411524,705,400,False
model,0.66,0.6,1.0,0.2,score_point,0.10070921985815603,0.7449999999999999,0.3625,0.6375,0.7024793388429753,705,400,False
model,0.67,0.6,1.0,0.2,score_point,0.10070921985815603,0.7479999999999998,0.37,0.63,0.6970954356846473,705,400,False
model,0.82,0.4,1.0,0.2,score_point,0.10070921985815603,0.7495000000000002,0.5825,0.4175,0.5235109717868339,705,400,False
model,0.68,0.6,1.0,0.2,score_point,0.10070921985815603,0.7509999999999999,0.3775,0.6225,0.6916666666666668,705,400,False
model,0.77,0.5,1.0,0.2,score_point,0.10070921985815603,0.7525,0.505,0.495,0.5919282511210762,705,400,False
model,0.69,0.6,1.0,0.2,score_point,0.10070921985815603,0.7549999999999999,0.3875,0.6125,0.6843575418994414,705,400,False
model,0.78,0.5,1.0,0.2,score_point,0.10070921985815603,0.76125,0.5225,0.4775,0.5770392749244714,705,400,False
model,0.79,0.5,1.0,0.2,score_point,0.10070921985815603,0.765,0.53,0.47,0.5705614567526555,705,400,False
model,0.8,0.5,1.0,0.2,score_point,0.10070921985815603,0.775,0.55,0.45,0.5529953917050692,705,400,False
model,0.81,0.5,1.0,0.2,score_point,0.10070921985815603,0.7825,0.565,0.435,0.5395348837209302,705,400,False
model,0.82,0.5,1.0,0.2,score_point,0.10070921985815603,0.79125,0.5825,0.4175,0.5235109717868339,705,400,False
model,0.28,0.8,1.0,0.2,score_point,0.10070921985815603,0.8234999999999999,0.1175,0.8825,0.8567961165048543,705,400,False
model,0.29,0.8,1.0,0.2,score_point,0.10070921985815603,0.8245,0.1225,0.8775,0.8540145985401459,705,400,False
model,0.3,0.8,1.0,0.2,score_point,0.10070921985815603,0.8260000000000001,0.13,0.87,0.8498168498168498,705,400,False
model,0.31,0.8,1.0,0.2,score_point,0.10070921985815603,0.8280000000000001,0.14,0.86,0.8441717791411043,705,400,False
model,0.32,0.8,1.0,0.2,score_point,0.10070921985815603,0.8295000000000001,0.1475,0.8525,0.8399014778325123,705,400,False
model,0.33,0.8,1.0,0.2,score_point,0.10070921985815603,0.8305000000000001,0.1525,0.8475,0.8370370370370371,705,400,False
model,0.34,0.8,1.0,0.2,score_point,0.10070921985815603,0.8315,0.1575,0.8425,0.8341584158415842,705,400,False
model,0.9,0.2,1.0,0.2,score_point,0.10070921985815603,0.8519999999999999,0.815,0.185,0.27155963302752295,705,400,False
model,0.91,0.2,1.0,0.2,score_point,0.10070921985815603,0.8740000000000001,0.8425,0.1575,0.23595505617977527,705,400,False
model,0.29,0.2,2.0,0.2,score_point,0.10212765957446808,0.4205000000000001,0.1225,0.8775,0.8529769137302552,705,400,True
model,0.3,0.2,2.0,0.2,score_point,0.10212765957446808,0.43400000000000005,0.13,0.87,0.848780487804878,705,400,False
model,0.14,0.3,3.5,0.2,score_point,0.10212765957446808,0.46799999999999997,0.0525,0.9475,0.8907168037602821,705,400,False
model,0.43,0.2,1.5,0.2,score_point,0.10212765957446808,0.4730000000000001,0.21,0.79,0.802030456852792,705,400,False
model,0.33,0.3,1.5,0.2,score_point,0.10212765957446808,0.4829999999999999,0.1525,0.8475,0.8360049321824908,705,400,False
model,0.21,0.2,3.5,0.2,score_point,0.10212765957446808,0.49700000000000005,0.09,0.91,0.8708133971291867,705,400,False
model,0.08,0.5,2.0,0.2,score_point,0.10212765957446808,0.5525,0.035,0.965,0.8997668997668997,705,400,False
model,0.06,0.5,2.5,0.2,score_point,0.10212765957446808,0.555,0.0275,0.9725,0.9036004645760743,705,400,False
model,0.08,0.6,1.5,0.2,score_point,0.10212765957446808,0.6315,0.035,0.965,0.8997668997668997,705,400,False
model,0.09,0.6,1.5,0.2,score_point,0.10212765957446808,0.6359999999999999,0.04,0.96,0.8971962616822429,705,400,False
model,0.02,0.7,1.5,0.2,score_point,0.10212765957446808,0.7040000000000001,0.005,0.995,0.9149425287356322,705,400,False
model,0.52,0.6,1.0,0.2,score_point,0.10212765957446808,0.7079999999999999,0.27,0.73,0.7643979057591622,705,400,False
model,0.53,0.6,1.0,0.2,score_point,0.10212765957446808,0.7119999999999999,0.28,0.72,0.7578947368421052,705,400,False
model,0.54,0.6,1.0,0.2,score_point,0.10212765957446808,0.715,0.2875,0.7125,0.7529722589167768,705,400,False
model,0.55,0.6,1.0,0.2,score_point,0.10212765957446808,0.7169999999999999,0.2925,0.7075,0.7496688741721854,705,400,False
model,0.56,0.6,1.0,0.2,score_point,0.10212765957446808,0.7169999999999999,0.2925,0.7075,0.7496688741721854,705,400,False
model,0.57,0.6,1.0,0.2,score_point,0.10212765957446808,0.7219999999999999,0.305,0.695,0.7413333333333333,705,400,False
model,0.58,0.6,1.0,0.2,score_point,0.10212765957446808,0.7229999999999999,0.3075,0.6925,0.7396528704939921,705,400,False
model,0.35,0.7,1.0,0.2,score_point,0.10212765957446808,0.7495,0.165,0.835,0.8287841191066998,705,400,False
model,0.87,0.3,1.0,0.2,score_point,0.10212765957446808,0.78125,0.6875,0.3125,0.41876046901172526,705,400,False
model,0.88,0.3,1.0,0.2,score_point,0.10212765957446808,0.8127499999999999,0.7325,0.2675,0.36960276338514675,705,400,False
model,0.26,0.8,1.0,0.2,score_point,0.10212765957446808,0.8205,0.1025,0.8975,0.8640192539109507,705,400,False
model,0.27,0.8,1.0,0.2,score_point,0.10212765957446808,0.8225,0.1125,0.8875,0.8585247883917775,705,400,False
model,0.89,0.3,1.0,0.2,score_point,0.10212765957446808,0.8460000000000001,0.78,0.22,0.3142857142857143,705,400,False
model,0.03,0.9,1.0,0.2,score_point,0.10212765957446808,0.9015000000000003,0.015,0.985,0.9099307159353349,705,400,False
model,0.2,0.3,2.0,0.2,score_point,0.10354609929078014,0.4444999999999999,0.085,0.915,0.8724672228843863,705,400,False
model,0.24,0.2,3.0,0.2,score_point,0.10354609929078014,0.4590000000000001,0.0925,0.9075,0.868421052631579,705,400,False
model,0.32,0.3,1.5,0.2,score_point,0.10354609929078014,0.47699999999999987,0.1475,0.8525,0.8378378378378377,705,400,False
model,0.1,0.4,3.0,0.2,score_point,0.10354609929078014,0.504,0.04,0.96,0.896149358226371,705,400,False
model,0.14,0.5,1.5,0.2,score_point,0.10354609929078014,0.5525,0.0525,0.9475,0.8896713615023475,705,400,False
model,0.04,0.5,3.5,0.2,score_point,0.10354609929078014,0.56,0.02,0.98,0.9063583815028902,705,400,False
model,0.03,0.6,2.5,0.2,score_point,0.10354609929078014,0.6284999999999998,0.015,0.985,0.908881199538639,705,400,False
model,0.72,0.4,1.0,0.2,score_point,0.10354609929078014,0.6550000000000001,0.425,0.575,0.6543385490753911,705,400,False
model,0.73,0.4,1.0,0.2,score_point,0.10354609929078014,0.661,0.435,0.565,0.6466380543633763,705,400,False
model,0.36,0.6,1.0,0.2,score_point,0.10354609929078014,0.6689999999999999,0.1725,0.8275,0.8233830845771144,705,400,False
model,0.37,0.6,1.0,0.2,score_point,0.10354609929078014,0.6709999999999999,0.1775,0.8225,0.8204488778054861,705,400,False
model,0.38,0.6,1.0,0.2,score_point,0.10354609929078014,0.6709999999999999,0.1775,0.8225,0.8204488778054861,705,400,False
model,0.74,0.4,1.0,0.2,score_point,0.10354609929078014,0.6715000000000001,0.4525,0.5475,0.6329479768786128,705,400,False
model,0.39,0.6,1.0,0.2,score_point,0.10354609929078014,0.6739999999999998,0.185,0.815,0.816020025031289,705,400,False
model,0.4,0.6,1.0,0.2,score_point,0.10354609929078014,0.6769999999999999,0.1925,0.8075,0.8115577889447236,705,400,False
model,0.41,0.6,1.0,0.2,score_point,0.10354609929078014,0.6779999999999998,0.195,0.805,0.810062893081761,705,400,False
model,0.42,0.6,1.0,0.2,score_point,0.10354609929078014,0.6819999999999999,0.205,0.795,0.8040455120101139,705,400,False
model,0.43,0.6,1.0,0.2,score_point,0.10354609929078014,0.6839999999999997,0.21,0.79,0.8010139416983524,705,400,False
model,0.44,0.6,1.0,0.2,score_point,0.10354609929078014,0.69,0.225,0.775,0.7918263090676884,705,400,False
model,0.45,0.6,1.0,0.2,score_point,0.10354609929078014,0.691,0.2275,0.7725,0.7902813299232738,705,400,False
model,0.46,0.6,1.0,0.2,score_point,0.10354609929078014,0.694,0.235,0.765,0.785622593068036,705,400,False
model,0.47,0.6,1.0,0.2,score_point,0.10354609929078014,0.6969999999999998,0.2425,0.7575,0.7809278350515464,705,400,False
model,0.48,0.6,1.0,0.2,score_point,0.10354609929078014,0.6999999999999998,0.25,0.75,0.7761966364812418,705,400,False
model,0.49,0.6,1.0,0.2,score_point,0.10354609929078014,0.701,0.2525,0.7475,0.7746113989637305,705,400,False
model,0.5,0.6,1.0,0.2,score_point,0.10354609929078014,0.701,0.2525,0.7475,0.7746113989637305,705,400,False
model,0.7,0.5,1.0,0.2,score_point,0.10354609929078014,0.70125,0.4025,0.5975,0.6713483146067416,705,400,False
model,0.71,0.5,1.0,0.2,score_point,0.10354609929078014,0.7075,0.415,0.585,0.661951909476662,705,400,False
model,0.51,0.6,1.0,0.2,score_point,0.10354609929078014,0.7079999999999999,0.27,0.73,0.7633986928104575,705,400,False
model,0.72,0.5,1.0,0.2,score_point,0.10354609929078014,0.7125,0.425,0.575,0.6543385490753911,705,400,False
model,0.83,0.3,1.0,0.2,score_point,0.10354609929078014,0.713,0.59,0.41,0.5149136577708006,705,400,False
model,0.73,0.5,1.0,0.2,score_point,0.10354609929078014,0.7175,0.435,0.565,0.6466380543633763,705,400,False
model,0.74,0.5,1.0,0.2,score_point,0.10354609929078014,0.72625,0.4525,0.5475,0.6329479768786128,705,400,False
model,0.84,0.3,1.0,0.2,score_point,0.10354609929078014,0.72875,0.6125,0.3875,0.49363057324840764,705,400,False
model,0.28,0.7,1.0,0.2,score_point,0.10354609929078014,0.7352500000000001,0.1175,0.8825,0.8547215496368039,705,400,False
model,0.29,0.7,1.0,0.2,score_point,0.10354609929078014,0.73675,0.1225,0.8775,0.8519417475728156,705,400,False
model,0.3,0.7,1.0,0.2,score_point,0.10354609929078014,0.7389999999999999,0.13,0.87,0.8477466504263095,705,400,False
model,0.31,0.7,1.0,0.2,score_point,0.10354609929078014,0.7419999999999999,0.14,0.86,0.8421052631578947,705,400,False
model,0.85,0.3,1.0,0.2,score_point,0.10354609929078014,0.74275,0.6325,0.3675,0.47419354838709676,705,400,False
model,0.32,0.7,1.0,0.2,score_point,0.10354609929078014,0.7442499999999999,0.1475,0.8525,0.8378378378378377,705,400,False
model,0.33,0.7,1.0,0.2,score_point,0.10354609929078014,0.7457499999999999,0.1525,0.8475,0.8349753694581281,705,400,False
model,0.34,0.7,1.0,0.2,score_point,0.10354609929078014,0.74725,0.1575,0.8425,0.8320987654320987,705,400,False
model,0.87,0.2,1.0,0.2,score_point,0.10354609929078014,0.75,0.6875,0.3125,0.4180602006688963,705,400,False
model,0.86,0.3,1.0,0.2,score_point,0.10354609929078014,0.7602499999999999,0.6575,0.3425,0.4491803278688525,705,400,False
model,0.88,0.2,1.0,0.2,score_point,0.10354609929078014,0.786,0.7325,0.2675,0.3689655172413793,705,400,False
model,0.15,0.8,1.0,0.2,score_point,0.10354609929078014,0.8109999999999999,0.055,0.945,0.8883666274970622,705,400,False
model,0.16,0.8,1.0,0.2,score_point,0.10354609929078014,0.812,0.06,0.94,0.8857479387514723,705,400,False
model,0.17,0.8,1.0,0.2,score_point,0.10354609929078014,0.8125,0.0625,0.9375,0.8844339622641509,705,400,False
model,0.18,0.8,1.0,0.2,score_point,0.10354609929078014,0.8145,0.0725,0.9275,0.8791469194312796,705,400,False
model,0.19,0.8,1.0,0.2,score_point,0.10354609929078014,0.8155000000000001,0.0775,0.9225,0.8764845605700713,705,400,False
model,0.2,0.8,1.0,0.2,score_point,0.10354609929078014,0.8170000000000001,0.085,0.915,0.8724672228843863,705,400,False
model,0.21,0.8,1.0,0.2,score_point,0.10354609929078014,0.8180000000000001,0.09,0.91,0.8697729988052568,705,400,False
model,0.22,0.8,1.0,0.2,score_point,0.10354609929078014,0.8185000000000001,0.0925,0.9075,0.868421052631579,705,400,False
model,0.23,0.8,1.0,0.2,score_point,0.10354609929078014,0.8185000000000001,0.0925,0.9075,0.868421052631579,705,400,False
model,0.24,0.8,1.0,0.2,score_point,0.10354609929078014,0.8185000000000001,0.0925,0.9075,0.868421052631579,705,400,False
model,0.25,0.8,1.0,0.2,score_point,0.10354609929078014,0.8190000000000001,0.095,0.905,0.867065868263473,705,400,False
model,0.89,0.2,1.0,0.2,score_point,0.10354609929078014,0.824,0.78,0.22,0.3137254901960784,705,400,False
model,0.28,0.2,2.0,0.2,score_point,0.1049645390070922,0.41150000000000003,0.1175,0.8825,0.8536880290205561,705,400,True
model,0.19,0.3,2.0,0.2,score_point,0.1049645390070922,0.43174999999999997,0.0775,0.9225,0.8754448398576512,705,400,False
model,0.16,0.3,2.5,0.2,score_point,0.1049645390070922,0.4319999999999999,0.06,0.94,0.8847058823529412,705,400,False
model,0.22,0.2,3.0,0.2,score_point,0.1049645390070922,0.4590000000000001,0.0925,0.9075,0.8673835125448028,705,400,False
model,0.23,0.2,3.0,0.2,score_point,0.1049645390070922,0.4590000000000001,0.0925,0.9075,0.8673835125448028,705,400,False
model,0.42,0.2,1.5,0.2,score_point,0.1049645390070922,0.4665000000000001,0.205,0.795,0.8030303030303031,705,400,False
model,0.31,0.3,1.5,0.2,score_point,0.1049645390070922,0.4679999999999999,0.14,0.86,0.8410757946210269,705,400,False
model,0.2,0.2,3.5,0.2,score_point,0.1049645390070922,0.4805,0.085,0.915,0.8714285714285714,705,400,False
model,0.14,0.4,2.0,0.2,score_point,0.1049645390070922,0.48400000000000004,0.0525,0.9475,0.8886283704572099,705,400,False
model,0.25,0.4,1.5,0.2,score_point,0.1049645390070922,0.5045000000000001,0.095,0.905,0.8660287081339714,705,400,False
model,0.05,0.5,2.5,0.2,score_point,0.1049645390070922,0.55,0.025,0.975,0.9027777777777778,705,400,False
model,0.13,0.5,1.5,0.2,score_point,0.1049645390070922,0.55,0.05,0.95,0.8899297423887588,705,400,False
model,0.02,0.6,3.5,0.2,score_point,0.1049645390070922,0.6144999999999999,0.005,0.995,0.9128440366972478,705,400,False
model,0.75,0.3,1.0,0.2,score_point,0.1049645390070922,0.6325,0.475,0.525,0.6140350877192983,705,400,False
model,0.76,0.3,1.0,0.2,score_point,0.1049645390070922,0.6325,0.475,0.525,0.6140350877192983,705,400,False
model,0.7,0.4,1.0,0.2,score_point,0.1049645390070922,0.6415000000000001,0.4025,0.5975,0.6704067321178121,705,400,False
model,0.71,0.4,1.0,0.2,score_point,0.1049645390070922,0.649,0.415,0.585,0.6610169491525423,705,400,False
model,0.77,0.3,1.0,0.2,score_point,0.1049645390070922,0.6535,0.505,0.495,0.5892857142857142,705,400,False
model,0.78,0.3,1.0,0.2,score_point,0.1049645390070922,0.6657499999999998,0.5225,0.4775,0.574436090225564,705,400,False
model,0.79,0.3,1.0,0.2,score_point,0.1049645390070922,0.6709999999999999,0.53,0.47,0.56797583081571,705,400,False
model,0.83,0.2,1.0,0.2,score_point,0.1049645390070922,0.672,0.59,0.41,0.5141065830721003,705,400,False
model,0.67,0.5,1.0,0.2,score_point,0.1049645390070922,0.685,0.37,0.63,0.6942148760330579,705,400,False
model,0.8,0.3,1.0,0.2,score_point,0.1049645390070922,0.685,0.55,0.45,0.5504587155963302,705,400,False
model,0.68,0.5,1.0,0.2,score_point,0.1049645390070922,0.68875,0.3775,0.6225,0.6887966804979253,705,400,False
model,0.84,0.2,1.0,0.2,score_point,0.1049645390070922,0.69,0.6125,0.3875,0.49284578696343395,705,400,False
model,0.69,0.5,1.0,0.2,score_point,0.1049645390070922,0.69375,0.3875,0.6125,0.6815020862308763,705,400,False
model,0.81,0.3,1.0,0.2,score_point,0.1049645390070922,0.6955000000000001,0.565,0.435,0.5370370370370371,705,400,False
model,0.85,0.2,1.0,0.2,score_point,0.1049645390070922,0.706,0.6325,0.3675,0.4734299516908212,705,400,False
model,0.82,0.3,1.0,0.2,score_point,0.1049645390070922,0.7077500000000001,0.5825,0.4175,0.5210608424336973,705,400,False
model,0.86,0.2,1.0,0.2,score_point,0.1049645390070922,0.7260000000000001,0.6575,0.3425,0.4484451718494272,705,400,False
model,0.26,0.7,1.0,0.2,score_point,0.1049645390070922,0.73075,0.1025,0.8975,0.8619447779111644,705,400,False
model,0.27,0.7,1.0,0.2,score_point,0.1049645390070922,0.73375,0.1125,0.8875,0.8564535585042219,705,400,False
model,0.04,0.8,1.0,0.2,score_point,0.1049645390070922,0.804,0.02,0.98,0.905311778290993,705,400,False
model,0.05,0.8,1.0,0.2,score_point,0.1049645390070922,0.805,0.025,0.975,0.9027777777777778,705,400,False
model,0.06,0.8,1.0,0.2,score_point,0.1049645390070922,0.8055000000000001,0.0275,0.9725,0.9015063731170336,705,400,False
model,0.07,0.8,1.0,0.2,score_point,0.1049645390070922,0.8069999999999999,0.035,0.965,0.8976744186046511,705,400,False
model,0.08,0.8,1.0,0.2,score_point,0.1049645390070922,0.8069999999999999,0.035,0.965,0.8976744186046511,705,400,False
model,0.09,0.8,1.0,0.2,score_point,0.1049645390070922,0.8080000000000002,0.04,0.96,0.895104895104895,705,400,False
model,0.1,0.8,1.0,0.2,score_point,0.1049645390070922,0.8080000000000002,0.04,0.96,0.895104895104895,705,400,False
model,0.11,0.8,1.0,0.2,score_point,0.1049645390070922,0.8080000000000002,0.04,0.96,0.895104895104895,705,400,False
model,0.12,0.8,1.0,0.2,score_point,0.1049645390070922,0.809,0.045,0.955,0.8925233644859814,705,400,False
model,0.13,0.8,1.0,0.2,score_point,0.1049645390070922,0.81,0.05,0.95,0.8899297423887588,705,400,False
model,0.14,0.8,1.0,0.2,score_point,0.1049645390070922,0.8105,0.0525,0.9475,0.8886283704572099,705,400,False
model,0.01,0.9,1.0,0.2,score_point,0.1049645390070922,0.9005000000000001,0.005,0.995,0.9128440366972478,705,400,False
model,0.02,0.9,1.0,0.2,score_point,0.1049645390070922,0.9005000000000001,0.005,0.995,0.9128440366972478,705,400,False
model,0.25,0.2,2.5,0.2,score_point,0.10638297872340426,0.4185000000000001,0.095,0.905,0.8649940262843488,705,400,False
model,0.15,0.3,2.5,0.2,score_point,0.10638297872340426,0.42099999999999993,0.055,0.945,0.8862837045720984,705,400,False
model,0.18,0.3,2.0,0.2,score_point,0.10638297872340426,0.4232499999999999,0.0725,0.9275,0.8770685579196218,705,400,False
model,0.14,0.3,3.0,0.2,score_point,0.10638297872340426,0.44175,0.0525,0.9475,0.8875878220140515,705,400,False
model,0.29,0.3,1.5,0.2,score_point,0.10638297872340426,0.4469999999999999,0.1225,0.8775,0.8498789346246973,705,400,False
model,0.21,0.2,3.0,0.2,score_point,0.10638297872340426,0.452,0.09,0.91,0.867699642431466,705,400,False
model,0.3,0.3,1.5,0.2,score_point,0.10638297872340426,0.45599999999999996,0.13,0.87,0.8456865127582017,705,400,False
model,0.13,0.3,3.5,0.2,score_point,0.10638297872340426,0.4599999999999999,0.05,0.95,0.888888888888889,705,400,False
model,0.11,0.4,2.5,0.2,score_point,0.10638297872340426,0.48400000000000004,0.04,0.96,0.8940628637951105,705,400,False
model,0.12,0.5,1.5,0.2,score_point,0.10638297872340426,0.545,0.045,0.955,0.8914819136522755,705,400,False
model,0.04,0.5,3.0,0.2,score_point,0.10638297872340426,0.55,0.02,0.98,0.9042675893886967,705,400,False
model,0.07,0.5,2.0,0.2,score_point,0.10638297872340426,0.5525,0.035,0.965,0.8966318234610917,705,400,False
model,0.68,0.4,1.0,0.2,score_point,0.10638297872340426,0.6265000000000001,0.3775,0.6225,0.6878453038674033,705,400,False
model,0.07,0.6,1.5,0.2,score_point,0.10638297872340426,0.6315,0.035,0.965,0.8966318234610917,705,400,False
model,0.69,0.4,1.0,0.2,score_point,0.10638297872340426,0.6325000000000002,0.3875,0.6125,0.6805555555555556,705,400,False
model,0.59,0.5,1.0,0.2,score_point,0.10638297872340426,0.66,0.32,0.68,0.7282463186077643,705,400,False
model,0.6,0.5,1.0,0.2,score_point,0.10638297872340426,0.6625,0.325,0.675,0.7248322147651006,705,400,False
model,0.35,0.6,1.0,0.2,score_point,0.10638297872340426,0.6659999999999999,0.165,0.835,0.8257107540173052,705,400,False
model,0.61,0.5,1.0,0.2,score_point,0.10638297872340426,0.66625,0.3325,0.6675,0.719676549865229,705,400,False
model,0.62,0.5,1.0,0.2,score_point,0.10638297872340426,0.66875,0.3375,0.6625,0.7162162162162162,705,400,False
model,0.63,0.5,1.0,0.2,score_point,0.10638297872340426,0.67125,0.3425,0.6575,0.7127371273712736,705,400,False
model,0.64,0.5,1.0,0.2,score_point,0.10638297872340426,0.67375,0.3475,0.6525,0.7092391304347826,705,400,False
model,0.65,0.5,1.0,0.2,score_point,0.10638297872340426,0.6775,0.355,0.645,0.7039563437926329,705,400,False
model,0.66,0.5,1.0,0.2,score_point,0.10638297872340426,0.68125,0.3625,0.6375,0.6986301369863013,705,400,False
model,0.15,0.7,1.0,0.2,score_point,0.10638297872340426,0.7165,0.055,0.945,0.8862837045720984,705,400,False
model,0.16,0.7,1.0,0.2,score_point,0.10638297872340426,0.718,0.06,0.94,0.8836662749706228,705,400,False
model,0.17,0.7,1.0,0.2,score_point,0.10638297872340426,0.71875,0.0625,0.9375,0.8823529411764706,705,400,False
model,0.18,0.7,1.0,0.2,score_point,0.10638297872340426,0.72175,0.0725,0.9275,0.8770685579196218,705,400,False
model,0.19,0.7,1.0,0.2,score_point,0.10638297872340426,0.7232499999999998,0.0775,0.9225,0.8744075829383886,705,400,False
model,0.2,0.7,1.0,0.2,score_point,0.10638297872340426,0.7254999999999999,0.085,0.915,0.8703923900118907,705,400,False
model,0.21,0.7,1.0,0.2,score_point,0.10638297872340426,0.7269999999999999,0.09,0.91,0.867699642431466,705,400,False
model,0.22,0.7,1.0,0.2,score_point,0.10638297872340426,0.7277499999999999,0.0925,0.9075,0.8663484486873508,705,400,False
model,0.23,0.7,1.0,0.2,score_point,0.10638297872340426,0.7277499999999999,0.0925,0.9075,0.8663484486873508,705,400,False
model,0.24,0.7,1.0,0.2,score_point,0.10638297872340426,0.7277499999999999,0.0925,0.9075,0.8663484486873508,705,400,False
model,0.25,0.7,1.0,0.2,score_point,0.10638297872340426,0.7284999999999999,0.095,0.905,0.8649940262843488,705,400,False
model,0.27,0.2,2.0,0.2,score_point,0.10780141843971631,0.4025000000000001,0.1125,0.8875,0.8543922984356198,705,400,True
model,0.17,0.3,2.0,0.2,score_point,0.10780141843971631,0.40624999999999994,0.0625,0.9375,0.881316098707403,705,400,False
model,0.28,0.3,1.5,0.2,score_point,0.10780141843971631,0.44099999999999995,0.1175,0.8825,0.8516284680337756,705,400,False
model,0.12,0.3,3.5,0.2,score_point,0.10780141843971631,0.4439999999999999,0.045,0.955,0.8904428904428904,705,400,False
model,0.41,0.2,1.5,0.2,score_point,0.10780141843971631,0.45350000000000007,0.195,0.805,0.8070175438596492,705,400,False
model,0.19,0.2,3.5,0.2,score_point,0.10780141843971631,0.45575000000000004,0.0775,0.9225,0.8733727810650889,705,400,False
model,0.13,0.4,2.0,0.2,score_point,0.10780141843971631,0.4800000000000001,0.05,0.95,0.8878504672897196,705,400,False
model,0.24,0.4,1.5,0.2,score_point,0.10780141843971631,0.50175,0.0925,0.9075,0.865315852205006,705,400,False
model,0.09,0.4,3.5,0.2,score_point,0.10780141843971631,0.524,0.04,0.96,0.8930232558139534,705,400,False
model,0.75,0.2,1.0,0.2,score_point,0.10780141843971631,0.58,0.475,0.525,0.6122448979591837,705,400,False
model,0.76,0.2,1.0,0.2,score_point,0.10780141843971631,0.58,0.475,0.525,0.6122448979591837,705,400,False
model,0.72,0.3,1.0,0.2,score_point,0.10780141843971631,0.5974999999999999,0.425,0.575,0.6515580736543909,705,400,False
model,0.77,0.2,1.0,0.2,score_point,0.10780141843971631,0.6040000000000001,0.505,0.495,0.5875370919881305,705,400,False
model,0.73,0.3,1.0,0.2,score_point,0.10780141843971631,0.6044999999999999,0.435,0.565,0.6438746438746439,705,400,False
model,0.02,0.6,3.0,0.2,score_point,0.10780141843971631,0.6119999999999999,0.005,0.995,0.9107551487414187,705,400,False
model,0.74,0.3,1.0,0.2,score_point,0.10780141843971631,0.61675,0.4525,0.5475,0.6302158273381295,705,400,False
model,0.78,0.2,1.0,0.2,score_point,0.10780141843971631,0.618,0.5225,0.4775,0.5727136431784107,705,400,False
model,0.67,0.4,1.0,0.2,score_point,0.10780141843971631,0.6220000000000001,0.37,0.63,0.6923076923076923,705,400,False
model,0.79,0.2,1.0,0.2,score_point,0.10780141843971631,0.6240000000000001,0.53,0.47,0.5662650602409639,705,400,False
model,0.8,0.2,1.0,0.2,score_point,0.10780141843971631,0.64,0.55,0.45,0.5487804878048781,705,400,False
model,0.55,0.5,1.0,0.2,score_point,0.10780141843971631,0.64625,0.2925,0.7075,0.7457180500658761,705,400,False
model,0.56,0.5,1.0,0.2,score_point,0.10780141843971631,0.64625,0.2925,0.7075,0.7457180500658761,705,400,False
model,0.29,0.6,1.0,0.2,score_point,0.10780141843971631,0.6489999999999998,0.1225,0.8775,0.848851269649335,705,400,False
model,0.3,0.6,1.0,0.2,score_point,0.10780141843971631,0.6519999999999999,0.13,0.87,0.8446601941747572,705,400,False
model,0.81,0.2,1.0,0.2,score_point,0.10780141843971631,0.652,0.565,0.435,0.5353846153846153,705,400,False
model,0.57,0.5,1.0,0.2,score_point,0.10780141843971631,0.6525,0.305,0.695,0.7374005305039788,705,400,False
model,0.58,0.5,1.0,0.2,score_point,0.10780141843971631,0.65375,0.3075,0.6925,0.7357237715803452,705,400,False
model,0.31,0.6,1.0,0.2,score_point,0.10780141843971631,0.6559999999999998,0.14,0.86,0.8390243902439023,705,400,False
model,0.32,0.6,1.0,0.2,score_point,0.10780141843971631,0.6589999999999998,0.1475,0.8525,0.8347613219094248,705,400,False
model,0.33,0.6,1.0,0.2,score_point,0.10780141843971631,0.6609999999999999,0.1525,0.8475,0.8319018404907976,705,400,False
model,0.34,0.6,1.0,0.2,score_point,0.10780141843971631,0.6629999999999998,0.1575,0.8425,0.8290282902829028,705,400,False
model,0.82,0.2,1.0,0.2,score_point,0.10780141843971631,0.6659999999999999,0.5825,0.4175,0.5194401244167962,705,400,False
model,0.14,0.7,1.0,0.2,score_point,0.10780141843971631,0.71575,0.0525,0.9475,0.8865497076023392,705,400,False
model,0.26,0.2,2.0,0.2,score_point,0.10921985815602837,0.3845,0.1025,0.8975,0.8588516746411483,705,400,True
model,0.24,0.2,2.5,0.2,score_point,0.10921985815602837,0.41275000000000006,0.0925,0.9075,0.8642857142857142,705,400,False
model,0.36,0.2,1.5,0.2,score_point,0.10921985815602837,0.4242500000000001,0.1725,0.8275,0.8193069306930694,705,400,False
model,0.37,0.2,1.5,0.2,score_point,0.10921985815602837,0.4307500000000001,0.1775,0.8225,0.8163771712158808,705,400,False
model,0.38,0.2,1.5,0.2,score_point,0.10921985815602837,0.4307500000000001,0.1775,0.8225,0.8163771712158808,705,400,False
model,0.2,0.2,3.0,0.2,score_point,0.10921985815602837,0.43799999999999994,0.085,0.915,0.8683274021352313,705,400,False
model,0.18,0.2,3.5,0.2,score_point,0.10921985815602837,0.43925000000000003,0.0725,0.9275,0.875,705,400,False
model,0.39,0.2,1.5,0.2,score_point,0.10921985815602837,0.4405000000000001,0.185,0.815,0.8119551681195517,705,400,False
model,0.4,0.2,1.5,0.2,score_point,0.10921985815602837,0.45025000000000004,0.1925,0.8075,0.8075,705,400,False
model,0.12,0.4,2.0,0.2,score_point,0.10921985815602837,0.47200000000000003,0.045,0.955,0.889406286379511,705,400,False
model,0.1,0.4,2.5,0.2,score_point,0.10921985815602837,0.48400000000000004,0.04,0.96,0.89198606271777,705,400,False
model,0.22,0.4,1.5,0.2,score_point,0.10921985815602837,0.50175,0.0925,0.9075,0.8642857142857142,705,400,False
model,0.23,0.4,1.5,0.2,score_point,0.10921985815602837,0.50175,0.0925,0.9075,0.8642857142857142,705,400,False
model,0.08,0.4,3.5,0.2,score_point,0.10921985815602837,0.5085000000000001,0.035,0.965,0.8945538818076477,705,400,False
model,0.7,0.3,1.0,0.2,score_point,0.10921985815602837,0.58175,0.4025,0.5975,0.6675977653631284,705,400,False
model,0.71,0.3,1.0,0.2,score_point,0.10921985815602837,0.5905,0.415,0.585,0.6582278481012658,705,400,False
model,0.63,0.4,1.0,0.2,score_point,0.10921985815602837,0.6055000000000001,0.3425,0.6575,0.7108108108108108,705,400,False
model,0.64,0.4,1.0,0.2,score_point,0.10921985815602837,0.6085,0.3475,0.6525,0.7073170731707316,705,400,False
model,0.65,0.4,1.0,0.2,score_point,0.10921985815602837,0.6130000000000001,0.355,0.645,0.7020408163265306,705,400,False
model,0.66,0.4,1.0,0.2,score_point,0.10921985815602837,0.6175,0.3625,0.6375,0.6967213114754098,705,400,False
model,0.06,0.6,1.5,0.2,score_point,0.10921985815602837,0.6247499999999999,0.0275,0.9725,0.8983833718244804,705,400,False
model,0.52,0.5,1.0,0.2,score_point,0.10921985815602837,0.635,0.27,0.73,0.7594278283485046,705,400,False
model,0.53,0.5,1.0,0.2,score_point,0.10921985815602837,0.64,0.28,0.72,0.7529411764705882,705,400,False
model,0.54,0.5,1.0,0.2,score_point,0.10921985815602837,0.64375,0.2875,0.7125,0.7480314960629921,705,400,False
model,0.28,0.6,1.0,0.2,score_point,0.10921985815602837,0.6469999999999999,0.1175,0.8825,0.8506024096385543,705,400,False
model,0.1,0.7,1.0,0.2,score_point,0.10921985815602837,0.7119999999999999,0.04,0.96,0.89198606271777,705,400,False
model,0.11,0.7,1.0,0.2,score_point,0.10921985815602837,0.7119999999999999,0.04,0.96,0.89198606271777,705,400,False
model,0.12,0.7,1.0,0.2,score_point,0.10921985815602837,0.7134999999999999,0.045,0.955,0.889406286379511,705,400,False
model,0.13,0.7,1.0,0.2,score_point,0.10921985815602837,0.715,0.05,0.95,0.8868144690781796,705,400,False
model,0.17,0.2,3.5,0.2,score_point,0.11063829787234042,0.40625,0.0625,0.9375,0.8792497069167644,705,400,False
model,0.22,0.2,2.5,0.2,score_point,0.11063829787234042,0.41275000000000006,0.0925,0.9075,0.8632580261593341,705,400,False
model,0.23,0.2,2.5,0.2,score_point,0.11063829787234042,0.41275000000000006,0.0925,0.9075,0.8632580261593341,705,400,False
model,0.26,0.3,1.5,0.2,score_point,0.11063829787234042,0.423,0.1025,0.8975,0.857825567502987,705,400,False
model,0.13,0.3,3.0,0.2,score_point,0.11063829787234042,0.43499999999999994,0.05,0.95,0.8857808857808858,705,400,False
model,0.27,0.3,1.5,0.2,score_point,0.11063829787234042,0.43499999999999994,0.1125,0.8875,0.8523409363745499,705,400,False
model,0.21,0.4,1.5,0.2,score_point,0.11063829787234042,0.49900000000000005,0.09,0.91,0.8646080760095012,705,400,False
model,0.11,0.5,1.5,0.2,score_point,0.11063829787234042,0.54,0.04,0.96,0.8909512761020881,705,400,False
model,0.06,0.5,2.0,0.2,score_point,0.11063829787234042,0.54125,0.0275,0.9725,0.8973471741637832,705,400,False
model,0.68,0.3,1.0,0.2,score_point,0.11063829787234042,0.5642499999999999,0.3775,0.6225,0.6850068775790921,705,400,False
model,0.69,0.3,1.0,0.2,score_point,0.11063829787234042,0.57125,0.3875,0.6125,0.677731673582296,705,400,False
model,0.36,0.5,1.0,0.2,score_point,0.11063829787234042,0.58625,0.1725,0.8275,0.8182941903584673,705,400,False
model,0.37,0.5,1.0,0.2,score_point,0.11063829787234042,0.58875,0.1775,0.8225,0.8153655514250309,705,400,False
model,0.38,0.5,1.0,0.2,score_point,0.11063829787234042,0.58875,0.1775,0.8225,0.8153655514250309,705,400,False
model,0.59,0.4,1.0,0.2,score_point,0.11063829787234042,0.5920000000000001,0.32,0.68,0.7253333333333333,705,400,False
model,0.39,0.5,1.0,0.2,score_point,0.11063829787234042,0.5925,0.185,0.815,0.8109452736318408,705,400,False
model,0.6,0.4,1.0,0.2,score_point,0.11063829787234042,0.5950000000000001,0.325,0.675,0.7219251336898397,705,400,False
model,0.4,0.5,1.0,0.2,score_point,0.11063829787234042,0.59625,0.1925,0.8075,0.8064918851435705,705,400,False
model,0.41,0.5,1.0,0.2,score_point,0.11063829787234042,0.5975,0.195,0.805,0.805,705,400,False
model,0.61,0.4,1.0,0.2,score_point,0.11063829787234042,0.5995,0.3325,0.6675,0.7167785234899329,705,400,False
model,0.42,0.5,1.0,0.2,score_point,0.11063829787234042,0.6025,0.205,0.795,0.7989949748743719,705,400,False
model,0.62,0.4,1.0,0.2,score_point,0.11063829787234042,0.6025,0.3375,0.6625,0.7133243606998654,705,400,False
model,0.43,0.5,1.0,0.2,score_point,0.11063829787234042,0.605,0.21,0.79,0.7959697732997482,705,400,False
model,0.44,0.5,1.0,0.2,score_point,0.11063829787234042,0.6125,0.225,0.775,0.7868020304568527,705,400,False
model,0.45,0.5,1.0,0.2,score_point,0.11063829787234042,0.61375,0.2275,0.7725,0.7852604828462514,705,400,False
model,0.46,0.5,1.0,0.2,score_point,0.11063829787234042,0.6175,0.235,0.765,0.7806122448979591,705,400,False
model,0.03,0.6,2.0,0.2,score_point,0.11063829787234042,0.6209999999999999,0.015,0.985,0.9036697247706421,705,400,False
model,0.47,0.5,1.0,0.2,score_point,0.11063829787234042,0.62125,0.2425,0.7575,0.7759282970550576,705,400,False
model,0.48,0.5,1.0,0.2,score_point,0.11063829787234042,0.625,0.25,0.75,0.7712082262210798,705,400,False
model,0.49,0.5,1.0,0.2,score_point,0.11063829787234042,0.62625,0.2525,0.7475,0.7696267696267697,705,400,False
model,0.5,0.5,1.0,0.2,score_point,0.11063829787234042,0.62625,0.2525,0.7475,0.7696267696267697,705,400,False
model,0.51,0.5,1.0,0.2,score_point,0.11063829787234042,0.635,0.27,0.73,0.7584415584415585,705,400,False
model,0.26,0.6,1.0,0.2,score_point,0.11063829787234042,0.6409999999999999,0.1025,0.8975,0.857825567502987,705,400,False
model,0.27,0.6,1.0,0.2,score_point,0.11063829787234042,0.6449999999999999,0.1125,0.8875,0.8523409363745499,705,400,False
model,0.01,0.7,1.5,0.2,score_point,0.11063829787234042,0.7040000000000001,0.005,0.995,0.908675799086758,705,400,False
model,0.08,0.7,1.0,0.2,score_point,0.11063829787234042,0.7105000000000001,0.035,0.965,0.8935185185185186,705,400,False
model,0.09,0.7,1.0,0.2,score_point,0.11063829787234042,0.7119999999999999,0.04,0.96,0.8909512761020881,705,400,False
model,0.03,0.8,1.0,0.2,score_point,0.11063829787234042,0.8029999999999999,0.015,0.985,0.9036697247706421,705,400,False
model,0.21,0.2,2.5,0.2,score_point,0.11205673758865248,0.40700000000000003,0.09,0.91,0.8635824436536181,705,400,False
model,0.14,0.3,2.5,0.2,score_point,0.11205673758865248,0.4155,0.0525,0.9475,0.8834498834498834,705,400,False
model,0.19,0.2,3.0,0.2,score_point,0.11205673758865248,0.41700000000000004,0.0775,0.9225,0.8702830188679246,705,400,False
model,0.12,0.3,3.0,0.2,score_point,0.11205673758865248,0.42149999999999993,0.045,0.955,0.8873403019744482,705,400,False
model,0.2,0.4,1.5,0.2,score_point,0.11205673758865248,0.4935000000000001,0.085,0.915,0.8662721893491124,705,400,False
model,0.09,0.4,3.0,0.2,score_point,0.11205673758865248,0.504,0.04,0.96,0.8899188876013905,705,400,False
model,0.04,0.5,2.5,0.2,score_point,0.11205673758865248,0.54,0.02,0.98,0.9001148105625717,705,400,False
model,0.1,0.5,1.5,0.2,score_point,0.11205673758865248,0.54,0.04,0.96,0.8899188876013905,705,400,False
model,0.72,0.2,1.0,0.2,score_point,0.11205673758865248,0.54,0.425,0.575,0.6488011283497884,705,400,False
model,0.73,0.2,1.0,0.2,score_point,0.11205673758865248,0.5480000000000002,0.435,0.565,0.6411347517730496,705,400,False
model,0.67,0.3,1.0,0.2,score_point,0.11205673758865248,0.5589999999999999,0.37,0.63,0.6894664842681258,705,400,False
model,0.74,0.2,1.0,0.2,score_point,0.11205673758865248,0.562,0.4525,0.5475,0.6275071633237822,705,400,False
model,0.58,0.4,1.0,0.2,score_point,0.11205673758865248,0.5845,0.3075,0.6925,0.7328042328042327,705,400,False
model,0.02,0.6,2.5,0.2,score_point,0.11205673758865248,0.6094999999999999,0.005,0.995,0.9076396807297605,705,400,False
model,0.05,0.6,1.5,0.2,score_point,0.11205673758865248,0.6224999999999998,0.025,0.975,0.8975834292289988,705,400,False
model,0.0,0.9,1.0,0.2,score_point,0.11205673758865248,0.9000000000000002,0.0,1.0,0.9101251422070534,705,400,False
model,0.0,0.9,1.5,0.2,score_point,0.11205673758865248,0.9000000000000002,0.0,1.0,0.9101251422070534,705,400,False
model,0.0,0.9,2.0,0.2,score_point,0.11205673758865248,0.9000000000000002,0.0,1.0,0.9101251422070534,705,400,False
model,0.0,0.9,2.5,0.2,score_point,0.11205673758865248,0.9000000000000002,0.0,1.0,0.9101251422070534,705,400,False
model,0.0,0.9,3.0,0.2,score_point,0.11205673758865248,0.9000000000000002,0.0,1.0,0.9101251422070534,705,400,False
model,0.0,0.9,3.5,0.2,score_point,0.11205673758865248,0.9000000000000002,0.0,1.0,0.9101251422070534,705,400,False
model,0.16,0.3,2.0,0.2,score_point,0.11347517730496454,0.4019999999999999,0.06,0.94,0.8785046728971964,705,400,False
model,0.18,0.2,3.0,0.2,score_point,0.11347517730496454,0.403,0.0725,0.9275,0.8719153936545241,705,400,False
model,0.35,0.2,1.5,0.2,score_point,0.11347517730496454,0.41450000000000004,0.165,0.835,0.8206388206388205,705,400,False
model,0.17,0.4,1.5,0.2,score_point,0.11347517730496454,0.46875,0.0625,0.9375,0.8771929824561403,705,400,False
model,0.18,0.4,1.5,0.2,score_point,0.11347517730496454,0.47975000000000007,0.0725,0.9275,0.8719153936545241,705,400,False
model,0.19,0.4,1.5,0.2,score_point,0.11347517730496454,0.48525000000000007,0.0775,0.9225,0.8692579505300353,705,400,False
model,0.08,0.4,3.0,0.2,score_point,0.11347517730496454,0.4910000000000001,0.035,0.965,0.8914549653579676,705,400,False
model,0.07,0.4,3.5,0.2,score_point,0.11347517730496454,0.5085000000000001,0.035,0.965,0.8914549653579676,705,400,False
model,0.7,0.2,1.0,0.2,score_point,0.11347517730496454,0.522,0.4025,0.5975,0.6648122392211405,705,400,False
model,0.71,0.2,1.0,0.2,score_point,0.11347517730496454,0.532,0.415,0.585,0.6554621848739495,705,400,False
model,0.05,0.5,2.0,0.2,score_point,0.11347517730496454,0.5375,0.025,0.975,0.896551724137931,705,400,False
model,0.66,0.3,1.0,0.2,score_point,0.11347517730496454,0.55375,0.3625,0.6375,0.6938775510204082,705,400,False
model,0.55,0.4,1.0,0.2,score_point,0.11347517730496454,0.5755000000000001,0.2925,0.7075,0.7418086500655309,705,400,False
model,0.56,0.4,1.0,0.2,score_point,0.11347517730496454,0.5755000000000001,0.2925,0.7075,0.7418086500655309,705,400,False
model,0.35,0.5,1.0,0.2,score_point,0.11347517730496454,0.5825,0.165,0.835,0.8206388206388205,705,400,False
model,0.57,0.4,1.0,0.2,score_point,0.11347517730496454,0.5830000000000001,0.305,0.695,0.733509234828496,705,400,False
model,0.06,0.7,1.0,0.2,score_point,0.11347517730496454,0.7082499999999999,0.0275,0.9725,0.8952819332566169,705,400,False
model,0.07,0.7,1.0,0.2,score_point,0.11347517730496454,0.7105000000000001,0.035,0.965,0.8914549653579676,705,400,False
model,0.02,0.8,1.0,0.2,score_point,0.11347517730496454,0.8009999999999999,0.005,0.995,0.9066059225512528,705,400,False
model,0.25,0.2,2.0,0.2,score_point,0.1148936170212766,0.3710000000000001,0.095,0.905,0.8588374851720048,705,400,True
model,0.17,0.2,3.0,0.2,score_point,0.1148936170212766,0.375,0.0625,0.9375,0.8761682242990654,705,400,False
model,0.15,0.3,2.0,0.2,score_point,0.1148936170212766,0.39349999999999996,0.055,0.945,0.8800931315483119,705,400,False
model,0.2,0.2,2.5,0.2,score_point,0.1148936170212766,0.3955,0.085,0.915,0.8642266824085006,705,400,False
model,0.34,0.2,1.5,0.2,score_point,0.1148936170212766,0.4047500000000001,0.1575,0.8425,0.8239608801955991,705,400,False
model,0.11,0.3,3.5,0.2,score_point,0.1148936170212766,0.428,0.04,0.96,0.8878612716763006,705,400,False
model,0.11,0.4,2.0,0.2,score_point,0.1148936170212766,0.4640000000000001,0.04,0.96,0.8878612716763006,705,400,False
model,0.63,0.3,1.0,0.2,score_point,0.1148936170212766,0.53975,0.3425,0.6575,0.706989247311828,705,400,False
model,0.64,0.3,1.0,0.2,score_point,0.1148936170212766,0.54325,0.3475,0.6525,0.7035040431266846,705,400,False
model,0.65,0.3,1.0,0.2,score_point,0.1148936170212766,0.5485,0.355,0.645,0.6982408660351827,705,400,False
model,0.29,0.5,1.0,0.2,score_point,0.1148936170212766,0.56125,0.1225,0.8775,0.8437499999999999,705,400,False
model,0.52,0.4,1.0,0.2,score_point,0.1148936170212766,0.562,0.27,0.73,0.7554980595084086,705,400,False
model,0.3,0.5,1.0,0.2,score_point,0.1148936170212766,0.565,0.13,0.87,0.8395657418576598,705,400,False
model,0.53,0.4,1.0,0.2,score_point,0.1148936170212766,0.5680000000000001,0.28,0.72,0.7490247074122236,705,400,False
model,0.31,0.5,1.0,0.2,score_point,0.1148936170212766,0.57,0.14,0.86,0.833939393939394,705,400,False
model,0.54,0.4,1.0,0.2,score_point,0.1148936170212766,0.5725000000000001,0.2875,0.7125,0.7441253263707572,705,400,False
model,0.32,0.5,1.0,0.2,score_point,0.1148936170212766,0.57375,0.1475,0.8525,0.8296836982968371,705,400,False
model,0.33,0.5,1.0,0.2,score_point,0.1148936170212766,0.57625,0.1525,0.8475,0.826829268292683,705,400,False
model,0.34,0.5,1.0,0.2,score_point,0.1148936170212766,0.57875,0.1575,0.8425,0.8239608801955991,705,400,False
model,0.25,0.6,1.0,0.2,score_point,0.1148936170212766,0.6379999999999998,0.095,0.905,0.8588374851720048,705,400,False
model,0.04,0.7,1.0,0.2,score_point,0.1148936170212766,0.706,0.02,0.98,0.8980526918671248,705,400,False
model,0.05,0.7,1.0,0.2,score_point,0.1148936170212766,0.7075,0.025,0.975,0.8955223880597015,705,400,False
model,0.16,0.2,3.5,0.2,score_point,0.11631205673758865,0.398,0.06,0.94,0.8764568764568763,705,400,False
model,0.33,0.2,1.5,0.2,score_point,0.11631205673758865,0.39825000000000005,0.1525,0.8475,0.825822168087698,705,400,False
model,0.13,0.3,2.5,0.2,score_point,0.11631205673758865,0.40999999999999986,0.05,0.95,0.8816705336426914,705,400,False
model,0.25,0.3,1.5,0.2,score_point,0.11631205673758865,0.4139999999999999,0.095,0.905,0.8578199052132701,705,400,False
model,0.68,0.2,1.0,0.2,score_point,0.11631205673758865,0.502,0.3775,0.6225,0.6812585499316005,705,400,False
model,0.69,0.2,1.0,0.2,score_point,0.11631205673758865,0.5100000000000001,0.3875,0.6125,0.6740027510316369,705,400,False
model,0.59,0.3,1.0,0.2,score_point,0.11631205673758865,0.5239999999999999,0.32,0.68,0.7214854111405835,705,400,False
model,0.6,0.3,1.0,0.2,score_point,0.11631205673758865,0.5275,0.325,0.675,0.7180851063829787,705,400,False
model,0.61,0.3,1.0,0.2,score_point,0.11631205673758865,0.53275,0.3325,0.6675,0.7129506008010681,705,400,False
model,0.62,0.3,1.0,0.2,score_point,0.11631205673758865,0.5362499999999999,0.3375,0.6625,0.7095046854082998,705,400,False
model,0.45,0.4,1.0,0.2,score_point,0.11631205673758865,0.5365000000000001,0.2275,0.7725,0.7812895069532237,705,400,False
model,0.46,0.4,1.0,0.2,score_point,0.11631205673758865,0.541,0.235,0.765,0.7766497461928934,705,400,False
model,0.47,0.4,1.0,0.2,score_point,0.11631205673758865,0.5455000000000001,0.2425,0.7575,0.7719745222929936,705,400,False
model,0.48,0.4,1.0,0.2,score_point,0.11631205673758865,0.55,0.25,0.75,0.7672634271099744,705,400,False
model,0.49,0.4,1.0,0.2,score_point,0.11631205673758865,0.5515000000000001,0.2525,0.7475,0.765685019206146,705,400,False
model,0.5,0.4,1.0,0.2,score_point,0.11631205673758865,0.5515000000000001,0.2525,0.7475,0.765685019206146,705,400,False
model,0.28,0.5,1.0,0.2,score_point,0.11631205673758865,0.55875,0.1175,0.8825,0.8455089820359281,705,400,False
model,0.51,0.4,1.0,0.2,score_point,0.11631205673758865,0.562,0.27,0.73,0.7545219638242894,705,400,False
model,0.04,0.6,1.5,0.2,score_point,0.11631205673758865,0.6179999999999999,0.02,0.98,0.897025171624714,705,400,False
model,0.22,0.6,1.0,0.2,score_point,0.11631205673758865,0.6369999999999999,0.0925,0.9075,0.8591715976331361,705,400,False
model,0.23,0.6,1.0,0.2,score_point,0.11631205673758865,0.6369999999999999,0.0925,0.9075,0.8591715976331361,705,400,False
model,0.24,0.6,1.0,0.2,score_point,0.11631205673758865,0.6369999999999999,0.0925,0.9075,0.8591715976331361,705,400,False
model,0.01,0.8,1.0,0.2,score_point,0.11631205673758865,0.8009999999999999,0.005,0.995,0.9045454545454547,705,400,False
model,0.24,0.2,2.0,0.2,score_point,0.11773049645390071,0.36650000000000005,0.0925,0.9075,0.8581560283687943,705,400,True
model,0.19,0.2,2.5,0.2,score_point,0.11773049645390071,0.37825000000000003,0.0775,0.9225,0.8661971830985915,705,400,False
model,0.32,0.2,1.5,0.2,score_point,0.11773049645390071,0.3917500000000001,0.1475,0.8525,0.8276699029126214,705,400,False
model,0.12,0.3,2.5,0.2,score_point,0.11773049645390071,0.3989999999999999,0.045,0.955,0.8832369942196532,705,400,False
model,0.1,0.4,2.0,0.2,score_point,0.11773049645390071,0.4640000000000001,0.04,0.96,0.8858131487889273,705,400,False
model,0.09,0.4,2.5,0.2,score_point,0.11773049645390071,0.48400000000000004,0.04,0.96,0.8858131487889273,705,400,False
model,0.07,0.4,3.0,0.2,score_point,0.11773049645390071,0.4910000000000001,0.035,0.965,0.8883774453394706,705,400,False
model,0.67,0.2,1.0,0.2,score_point,0.11773049645390071,0.4960000000000001,0.37,0.63,0.6857142857142856,705,400,False
model,0.58,0.3,1.0,0.2,score_point,0.11773049645390071,0.5152499999999999,0.3075,0.6925,0.7289473684210526,705,400,False
model,0.44,0.4,1.0,0.2,score_point,0.11773049645390071,0.5350000000000001,0.225,0.775,0.7818411097099622,705,400,False
model,0.09,0.5,1.5,0.2,score_point,0.11773049645390071,0.54,0.04,0.96,0.8858131487889273,705,400,False
model,0.26,0.5,1.0,0.2,score_point,0.11773049645390071,0.55125,0.1025,0.8975,0.8527315914489311,705,400,False
model,0.27,0.5,1.0,0.2,score_point,0.11773049645390071,0.55625,0.1125,0.8875,0.8472553699284009,705,400,False
model,0.02,0.6,2.0,0.2,score_point,0.11773049645390071,0.6069999999999999,0.005,0.995,0.9035187287173667,705,400,False
model,0.17,0.6,1.0,0.2,score_point,0.11773049645390071,0.6249999999999999,0.0625,0.9375,0.8741258741258742,705,400,False
model,0.18,0.6,1.0,0.2,score_point,0.11773049645390071,0.6289999999999999,0.0725,0.9275,0.8688524590163934,705,400,False
model,0.19,0.6,1.0,0.2,score_point,0.11773049645390071,0.6309999999999999,0.0775,0.9225,0.8661971830985915,705,400,False
model,0.2,0.6,1.0,0.2,score_point,0.11773049645390071,0.6339999999999999,0.085,0.915,0.8621908127208481,705,400,False
model,0.21,0.6,1.0,0.2,score_point,0.11773049645390071,0.6359999999999999,0.09,0.91,0.859504132231405,705,400,False
model,0.22,0.2,2.0,0.2,score_point,0.11914893617021277,0.36650000000000005,0.0925,0.9075,0.8571428571428571,705,400,False
model,0.23,0.2,2.0,0.2,score_point,0.11914893617021277,0.36650000000000005,0.0925,0.9075,0.8571428571428571,705,400,False
model,0.18,0.2,2.5,0.2,score_point,0.11914893617021277,0.36675,0.0725,0.9275,0.8678362573099415,705,400,False
model,0.15,0.2,3.5,0.2,score_point,0.11914893617021277,0.3815,0.055,0.945,0.877030162412993,705,400,False
model,0.11,0.3,3.0,0.2,score_point,0.11914893617021277,0.408,0.04,0.96,0.8847926267281105,705,400,False
model,0.24,0.3,1.5,0.2,score_point,0.11914893617021277,0.4109999999999999,0.0925,0.9075,0.8571428571428571,705,400,False
model,0.15,0.4,1.5,0.2,score_point,0.11914893617021277,0.46049999999999996,0.055,0.945,0.877030162412993,705,400,False
model,0.16,0.4,1.5,0.2,score_point,0.11914893617021277,0.466,0.06,0.94,0.8744186046511627,705,400,False
model,0.08,0.4,2.5,0.2,score_point,0.11914893617021277,0.4735000000000001,0.035,0.965,0.8873563218390805,705,400,False
model,0.66,0.2,1.0,0.2,score_point,0.11914893617021277,0.49000000000000005,0.3625,0.6375,0.6901217861975644,705,400,False
model,0.55,0.3,1.0,0.2,score_point,0.11914893617021277,0.5047499999999999,0.2925,0.7075,0.7379400260756193,705,400,False
model,0.56,0.3,1.0,0.2,score_point,0.11914893617021277,0.5047499999999999,0.2925,0.7075,0.7379400260756193,705,400,False
model,0.57,0.3,1.0,0.2,score_point,0.11914893617021277,0.5135,0.305,0.695,0.7296587926509186,705,400,False
model,0.04,0.5,2.0,0.2,score_point,0.11914893617021277,0.53,0.02,0.98,0.8949771689497716,705,400,False
model,0.08,0.5,1.5,0.2,score_point,0.11914893617021277,0.535,0.035,0.965,0.8873563218390805,705,400,False
model,0.03,0.5,3.5,0.2,score_point,0.11914893617021277,0.545,0.015,0.985,0.89749430523918,705,400,False
model,0.17,0.2,2.5,0.2,score_point,0.12056737588652482,0.34375,0.0625,0.9375,0.872093023255814,705,400,True
model,0.21,0.2,2.0,0.2,score_point,0.12056737588652482,0.36200000000000004,0.09,0.91,0.8574793875147233,705,400,False
model,0.16,0.2,3.0,0.2,score_point,0.12056737588652482,0.368,0.06,0.94,0.8734030197444831,705,400,False
model,0.31,0.2,1.5,0.2,score_point,0.12056737588652482,0.3820000000000001,0.14,0.86,0.8299155609167672,705,400,False
model,0.14,0.3,2.0,0.2,score_point,0.12056737588652482,0.38925,0.0525,0.9475,0.8773148148148149,705,400,False
model,0.22,0.3,1.5,0.2,score_point,0.12056737588652482,0.4109999999999999,0.0925,0.9075,0.8561320754716981,705,400,False
model,0.23,0.3,1.5,0.2,score_point,0.12056737588652482,0.4109999999999999,0.0925,0.9075,0.8561320754716981,705,400,False
model,0.64,0.2,1.0,0.2,score_point,0.12056737588652482,0.47800000000000004,0.3475,0.6525,0.6997319034852546,705,400,False
model,0.65,0.2,1.0,0.2,score_point,0.12056737588652482,0.48400000000000004,0.355,0.645,0.6944818304172274,705,400,False
model,0.06,0.4,3.5,0.2,score_point,0.12056737588652482,0.48525000000000007,0.0275,0.9725,0.8901601830663616,705,400,False
model,0.52,0.3,1.0,0.2,score_point,0.12056737588652482,0.48899999999999993,0.27,0.73,0.7516087516087516,705,400,False
model,0.53,0.3,1.0,0.2,score_point,0.12056737588652482,0.49599999999999994,0.28,0.72,0.7451487710219923,705,400,False
model,0.54,0.3,1.0,0.2,score_point,0.12056737588652482,0.50125,0.2875,0.7125,0.7402597402597403,705,400,False
model,0.43,0.4,1.0,0.2,score_point,0.12056737588652482,0.5260000000000001,0.21,0.79,0.7890137328339575,705,400,False
model,0.15,0.6,1.0,0.2,score_point,0.12056737588652482,0.6219999999999999,0.055,0.945,0.8760139049826188,705,400,False
model,0.16,0.6,1.0,0.2,score_point,0.12056737588652482,0.6239999999999999,0.06,0.94,0.8734030197444831,705,400,False
model,0.21,0.3,1.5,0.2,score_point,0.12198581560283688,0.408,0.09,0.91,0.8564705882352941,705,400,False
model,0.1,0.3,3.5,0.2,score_point,0.12198581560283688,0.428,0.04,0.96,0.8827586206896553,705,400,False
model,0.63,0.2,1.0,0.2,score_point,0.12198581560283688,0.47400000000000003,0.3425,0.6575,0.7022696929238986,705,400,False
model,0.5,0.3,1.0,0.2,score_point,0.12198581560283688,0.47674999999999995,0.2525,0.7475,0.7617834394904458,705,400,False
model,0.51,0.3,1.0,0.2,score_point,0.12198581560283688,0.48899999999999993,0.27,0.73,0.7506426735218509,705,400,False
model,0.03,0.5,3.0,0.2,score_point,0.12198581560283688,0.5375,0.015,0.985,0.8954545454545454,705,400,False
model,0.01,0.6,3.5,0.2,score_point,0.12198581560283688,0.6144999999999999,0.005,0.995,0.9004524886877828,705,400,False
model,0.03,0.7,1.0,0.2,score_point,0.12198581560283688,0.7045,0.015,0.985,0.8954545454545454,705,400,False
model,0.2,0.2,2.0,0.2,score_point,0.12340425531914893,0.35300000000000004,0.085,0.915,0.858147713950762,705,400,False
model,0.15,0.2,3.0,0.2,score_point,0.12340425531914893,0.35400000000000004,0.055,0.945,0.8739884393063584,705,400,False
model,0.29,0.2,1.5,0.2,score_point,0.12340425531914893,0.3592500000000001,0.1225,0.8775,0.837708830548926,705,400,False
model,0.3,0.2,1.5,0.2,score_point,0.12340425531914893,0.36900000000000005,0.13,0.87,0.8335329341317367,705,400,False
model,0.14,0.4,1.5,0.2,score_point,0.12340425531914893,0.45775000000000005,0.0525,0.9475,0.8752886836027713,705,400,False
model,0.47,0.3,1.0,0.2,score_point,0.12340425531914893,0.46974999999999995,0.2425,0.7575,0.7670886075949367,705,400,False
model,0.62,0.2,1.0,0.2,score_point,0.12340425531914893,0.4700000000000001,0.3375,0.6625,0.7047872340425532,705,400,False
model,0.06,0.4,3.0,0.2,score_point,0.12340425531914893,0.47150000000000003,0.0275,0.9725,0.8881278538812786,705,400,False
model,0.07,0.4,2.5,0.2,score_point,0.12340425531914893,0.4735000000000001,0.035,0.965,0.8843069873997709,705,400,False
model,0.48,0.3,1.0,0.2,score_point,0.12340425531914893,0.47499999999999987,0.25,0.75,0.7623888182973316,705,400,False
model,0.49,0.3,1.0,0.2,score_point,0.12340425531914893,0.47674999999999995,0.2525,0.7475,0.7608142493638677,705,400,False
model,0.36,0.4,1.0,0.2,score_point,0.12340425531914893,0.5035000000000001,0.1725,0.8275,0.8092909535452322,705,400,False
model,0.37,0.4,1.0,0.2,score_point,0.12340425531914893,0.5065000000000001,0.1775,0.8225,0.8063725490196078,705,400,False
model,0.38,0.4,1.0,0.2,score_point,0.12340425531914893,0.5065000000000001,0.1775,0.8225,0.8063725490196078,705,400,False
model,0.39,0.4,1.0,0.2,score_point,0.12340425531914893,0.5110000000000001,0.185,0.815,0.8019680196801967,705,400,False
model,0.4,0.4,1.0,0.2,score_point,0.12340425531914893,0.5155000000000001,0.1925,0.8075,0.7975308641975308,705,400,False
model,0.41,0.4,1.0,0.2,score_point,0.12340425531914893,0.5170000000000001,0.195,0.805,0.796044499381953,705,400,False
model,0.42,0.4,1.0,0.2,score_point,0.12340425531914893,0.5230000000000001,0.205,0.795,0.7900621118012423,705,400,False
model,0.07,0.5,1.5,0.2,score_point,0.12340425531914893,0.535,0.035,0.965,0.8843069873997709,705,400,False
model,0.25,0.5,1.0,0.2,score_point,0.12340425531914893,0.5475,0.095,0.905,0.8527679623085983,705,400,False
model,0.14,0.6,1.0,0.2,score_point,0.12340425531914893,0.6209999999999999,0.0525,0.9475,0.8752886836027713,705,400,False
model,0.13,0.3,2.0,0.2,score_point,0.12482269503546099,0.38499999999999984,0.05,0.95,0.8755760368663594,705,400,False
model,0.11,0.3,2.5,0.2,score_point,0.12482269503546099,0.38799999999999996,0.04,0.96,0.8807339449541285,705,400,False
model,0.2,0.3,1.5,0.2,score_point,0.12482269503546099,0.4019999999999999,0.085,0.915,0.8571428571428572,705,400,False
model,0.59,0.2,1.0,0.2,score_point,0.12482269503546099,0.45600000000000007,0.32,0.68,0.7157894736842104,705,400,False
model,0.45,0.3,1.0,0.2,score_point,0.12482269503546099,0.4592499999999999,0.2275,0.7725,0.7754077791718946,705,400,False
model,0.6,0.2,1.0,0.2,score_point,0.12482269503546099,0.4600000000000001,0.325,0.675,0.712401055408971,705,400,False
model,0.46,0.3,1.0,0.2,score_point,0.12482269503546099,0.4644999999999999,0.235,0.765,0.770780856423174,705,400,False
model,0.61,0.2,1.0,0.2,score_point,0.12482269503546099,0.4660000000000001,0.3325,0.6675,0.7072847682119207,705,400,False
model,0.24,0.5,1.0,0.2,score_point,0.12482269503546099,0.54625,0.0925,0.9075,0.8531139835487662,705,400,False
model,0.01,0.6,3.0,0.2,score_point,0.12482269503546099,0.6119999999999999,0.005,0.995,0.8984198645598195,705,400,False
model,0.03,0.6,1.5,0.2,score_point,0.12482269503546099,0.6134999999999998,0.015,0.985,0.8934240362811791,705,400,False
model,0.12,0.6,1.0,0.2,score_point,0.12482269503546099,0.6179999999999999,0.045,0.955,0.8781609195402299,705,400,False
model,0.13,0.6,1.0,0.2,score_point,0.12482269503546099,0.6199999999999999,0.05,0.95,0.8755760368663594,705,400,False
model,0.16,0.2,2.5,0.2,score_point,0.12624113475177304,0.33799999999999997,0.06,0.94,0.869364161849711,705,400,True
model,0.19,0.2,2.0,0.2,score_point,0.12624113475177304,0.3395,0.0775,0.9225,0.8601398601398602,705,400,False
model,0.28,0.2,1.5,0.2,score_point,0.12624113475177304,0.35275000000000006,0.1175,0.8825,0.8384798099762469,705,400,False
model,0.14,0.2,3.5,0.2,score_point,0.12624113475177304,0.37325,0.0525,0.9475,0.8732718894009217,705,400,False
model,0.12,0.3,2.0,0.2,score_point,0.12624113475177304,0.3764999999999999,0.045,0.955,0.8771526980482206,705,400,False
model,0.19,0.3,1.5,0.2,score_point,0.12624113475177304,0.39299999999999996,0.0775,0.9225,0.8601398601398602,705,400,False
model,0.1,0.3,3.0,0.2,score_point,0.12624113475177304,0.408,0.04,0.96,0.8797250859106529,705,400,False
model,0.58,0.2,1.0,0.2,score_point,0.12624113475177304,0.44600000000000006,0.3075,0.6925,0.7232375979112271,705,400,False
model,0.13,0.4,1.5,0.2,score_point,0.12624113475177304,0.455,0.05,0.95,0.8745684695051783,705,400,False
model,0.44,0.3,1.0,0.2,score_point,0.12624113475177304,0.4574999999999999,0.225,0.775,0.7759699624530663,705,400,False
model,0.09,0.4,2.0,0.2,score_point,0.12624113475177304,0.4640000000000001,0.04,0.96,0.8797250859106529,705,400,False
model,0.05,0.4,3.5,0.2,score_point,0.12624113475177304,0.4775,0.025,0.975,0.8873720136518771,705,400,False
model,0.35,0.4,1.0,0.2,score_point,0.12624113475177304,0.49900000000000005,0.165,0.835,0.8116646415552856,705,400,False
model,0.22,0.5,1.0,0.2,score_point,0.12624113475177304,0.54625,0.0925,0.9075,0.852112676056338,705,400,False
model,0.23,0.5,1.0,0.2,score_point,0.12624113475177304,0.54625,0.0925,0.9075,0.852112676056338,705,400,False
model,0.11,0.6,1.0,0.2,score_point,0.12624113475177304,0.6159999999999998,0.04,0.96,0.8797250859106529,705,400,False
model,0.02,0.7,1.0,0.2,score_point,0.12624113475177304,0.7015,0.005,0.995,0.8974069898534386,705,400,False
model,0.18,0.2,2.0,0.2,score_point,0.1276595744680851,0.3305,0.0725,0.9275,0.8617886178861788,705,400,True
model,0.17,0.3,1.5,0.2,score_point,0.1276595744680851,0.37499999999999994,0.0625,0.9375,0.8670520231213872,705,400,False
model,0.18,0.3,1.5,0.2,score_point,0.1276595744680851,0.38699999999999996,0.0725,0.9275,0.8617886178861788,705,400,False
model,0.12,0.4,1.5,0.2,score_point,0.1276595744680851,0.4495,0.045,0.955,0.8761467889908257,705,400,False
model,0.08,0.4,2.0,0.2,score_point,0.1276595744680851,0.456,0.035,0.965,0.8812785388127853,705,400,False
model,0.34,0.4,1.0,0.2,score_point,0.1276595744680851,0.49450000000000005,0.1575,0.8425,0.814993954050786,705,400,False
model,0.06,0.5,1.5,0.2,score_point,0.1276595744680851,0.5275,0.0275,0.9725,0.8850967007963595,705,400,False
model,0.03,0.5,2.5,0.2,score_point,0.1276595744680851,0.53,0.015,0.985,0.8914027149321266,705,400,False
model,0.17,0.5,1.0,0.2,score_point,0.1276595744680851,0.53125,0.0625,0.9375,0.8670520231213872,705,400,False
model,0.18,0.5,1.0,0.2,score_point,0.1276595744680851,0.53625,0.0725,0.9275,0.8617886178861788,705,400,False
model,0.19,0.5,1.0,0.2,score_point,0.1276595744680851,0.53875,0.0775,0.9225,0.859138533178114,705,400,False
model,0.2,0.5,1.0,0.2,score_point,0.1276595744680851,0.5425,0.085,0.915,0.8551401869158879,705,400,False
model,0.21,0.5,1.0,0.2,score_point,0.1276595744680851,0.545,0.09,0.91,0.8524590163934426,705,400,False
model,0.1,0.6,1.0,0.2,score_point,0.1276595744680851,0.6159999999999998,0.04,0.96,0.8787185354691076,705,400,False
model,0.17,0.2,2.0,0.2,score_point,0.12907801418439716,0.31250000000000006,0.0625,0.9375,0.8660508083140878,705,400,True
model,0.15,0.2,2.5,0.2,score_point,0.12907801418439716,0.32650000000000007,0.055,0.945,0.8699654775604142,705,400,False
model,0.27,0.2,1.5,0.2,score_point,0.12907801418439716,0.34625000000000006,0.1125,0.8875,0.8392434988179668,705,400,False
model,0.55,0.2,1.0,0.2,score_point,0.12907801418439716,0.43400000000000005,0.2925,0.7075,0.731266149870801,705,400,False
model,0.56,0.2,1.0,0.2,score_point,0.12907801418439716,0.43400000000000005,0.2925,0.7075,0.731266149870801,705,400,False
model,0.57,0.2,1.0,0.2,score_point,0.12907801418439716,0.44400000000000006,0.305,0.695,0.7230169050715215,705,400,False
model,0.43,0.3,1.0,0.2,score_point,0.12907801418439716,0.4469999999999999,0.21,0.79,0.7831474597273854,705,400,False
model,0.06,0.4,2.5,0.2,score_point,0.12907801418439716,0.45775000000000005,0.0275,0.9725,0.8840909090909091,705,400,False
model,0.05,0.4,3.0,0.2,score_point,0.12907801418439716,0.465,0.025,0.975,0.8853575482406356,705,400,False
model,0.29,0.4,1.0,0.2,score_point,0.12907801418439716,0.4735000000000001,0.1225,0.8775,0.833729216152019,705,400,False
model,0.3,0.4,1.0,0.2,score_point,0.12907801418439716,0.47800000000000004,0.13,0.87,0.8295589988081049,705,400,False
model,0.31,0.4,1.0,0.2,score_point,0.12907801418439716,0.48400000000000004,0.14,0.86,0.8239520958083832,705,400,False
model,0.32,0.4,1.0,0.2,score_point,0.12907801418439716,0.4885000000000001,0.1475,0.8525,0.8197115384615384,705,400,False
model,0.33,0.4,1.0,0.2,score_point,0.12907801418439716,0.49150000000000005,0.1525,0.8475,0.8168674698795181,705,400,False
model,0.01,0.6,2.5,0.2,score_point,0.12907801418439716,0.6094999999999999,0.005,0.995,0.8953880764904387,705,400,False
model,0.26,0.2,1.5,0.2,score_point,0.13049645390070921,0.33325000000000005,0.1025,0.8975,0.8437132784958872,705,400,False
model,0.14,0.2,3.0,0.2,score_point,0.13049645390070921,0.34700000000000003,0.0525,0.9475,0.8702640642939151,705,400,False
model,0.52,0.2,1.0,0.2,score_point,0.13049645390070921,0.4160000000000001,0.27,0.73,0.7448979591836735,705,400,False
model,0.53,0.2,1.0,0.2,score_point,0.13049645390070921,0.42400000000000004,0.28,0.72,0.7384615384615385,705,400,False
model,0.54,0.2,1.0,0.2,score_point,0.13049645390070921,0.43,0.2875,0.7125,0.7335907335907337,705,400,False
model,0.28,0.4,1.0,0.2,score_point,0.13049645390070921,0.47050000000000003,0.1175,0.8825,0.8355029585798815,705,400,False
model,0.05,0.5,1.5,0.2,score_point,0.13049645390070921,0.525,0.025,0.975,0.8843537414965986,705,400,False
model,0.15,0.5,1.0,0.2,score_point,0.13049645390070921,0.5275,0.055,0.945,0.8689655172413794,705,400,False
model,0.16,0.5,1.0,0.2,score_point,0.13049645390070921,0.53,0.06,0.94,0.8663594470046083,705,400,False
model,0.08,0.6,1.0,0.2,score_point,0.13049645390070921,0.6139999999999999,0.035,0.965,0.8792710706150342,705,400,False
model,0.09,0.6,1.0,0.2,score_point,0.13049645390070921,0.6159999999999998,0.04,0.96,0.8767123287671232,705,400,False
model,0.1,0.3,2.5,0.2,score_point,0.13191489361702127,0.38799999999999996,0.04,0.96,0.8757126567844925,705,400,False
model,0.5,0.2,1.0,0.2,score_point,0.13191489361702127,0.402,0.2525,0.7475,0.7550505050505051,705,400,False
model,0.51,0.2,1.0,0.2,score_point,0.13191489361702127,0.4160000000000001,0.27,0.73,0.7439490445859872,705,400,False
model,0.36,0.3,1.0,0.2,score_point,0.13191489361702127,0.4207499999999999,0.1725,0.8275,0.8033980582524273,705,400,False
model,0.37,0.3,1.0,0.2,score_point,0.13191489361702127,0.4242499999999999,0.1775,0.8225,0.8004866180048662,705,400,False
model,0.38,0.3,1.0,0.2,score_point,0.13191489361702127,0.4242499999999999,0.1775,0.8225,0.8004866180048662,705,400,False
model,0.39,0.3,1.0,0.2,score_point,0.13191489361702127,0.4294999999999999,0.185,0.815,0.7960927960927962,705,400,False
model,0.4,0.3,1.0,0.2,score_point,0.13191489361702127,0.43474999999999997,0.1925,0.8075,0.7916666666666666,705,400,False
model,0.41,0.3,1.0,0.2,score_point,0.13191489361702127,0.4364999999999999,0.195,0.805,0.7901840490797545,705,400,False
model,0.42,0.3,1.0,0.2,score_point,0.13191489361702127,0.44349999999999995,0.205,0.795,0.7842170160295932,705,400,False
model,0.07,0.4,2.0,0.2,score_point,0.13191489361702127,0.456,0.035,0.965,0.8782707622298065,705,400,False
model,0.26,0.4,1.0,0.2,score_point,0.13191489361702127,0.4615000000000001,0.1025,0.8975,0.8427230046948356,705,400,False
model,0.27,0.4,1.0,0.2,score_point,0.13191489361702127,0.4675,0.1125,0.8875,0.8372641509433962,705,400,False
model,0.02,0.5,3.5,0.2,score_point,0.13191489361702127,0.515,0.005,0.995,0.8933782267115601,705,400,False
model,0.02,0.6,1.5,0.2,score_point,0.13191489361702127,0.6044999999999999,0.005,0.995,0.8933782267115601,705,400,False
model,0.0,0.8,1.0,0.2,score_point,0.13191489361702127,0.8,0.0,1.0,0.8958566629339305,705,400,False
model,0.0,0.8,1.5,0.2,score_point,0.13191489361702127,0.8,0.0,1.0,0.8958566629339305,705,400,False
model,0.0,0.8,2.0,0.2,score_point,0.13191489361702127,0.8,0.0,1.0,0.8958566629339305,705,400,False
model,0.0,0.8,2.5,0.2,score_point,0.13191489361702127,0.8,0.0,1.0,0.8958566629339305,705,400,False
model,0.0,0.8,3.0,0.2,score_point,0.13191489361702127,0.8,0.0,1.0,0.8958566629339305,705,400,False
model,0.0,0.8,3.5,0.2,score_point,0.13191489361702127,0.8,0.0,1.0,0.8958566629339305,705,400,False
model,0.13,0.2,3.5,0.2,score_point,0.13333333333333333,0.365,0.05,0.95,0.8695652173913043,705,400,False
model,0.15,0.3,1.5,0.2,score_point,0.13333333333333333,0.36599999999999994,0.055,0.945,0.8669724770642202,705,400,False
model,0.11,0.3,2.0,0.2,score_point,0.13333333333333333,0.368,0.04,0.96,0.8747152619589977,705,400,False
model,0.16,0.3,1.5,0.2,score_point,0.13333333333333333,0.3719999999999999,0.06,0.94,0.864367816091954,705,400,False
model,0.47,0.2,1.0,0.2,score_point,0.13333333333333333,0.3940000000000001,0.2425,0.7575,0.7603513174404014,705,400,False
model,0.48,0.2,1.0,0.2,score_point,0.13333333333333333,0.4000000000000001,0.25,0.75,0.7556675062972293,705,400,False
model,0.49,0.2,1.0,0.2,score_point,0.13333333333333333,0.402,0.2525,0.7475,0.7540983606557378,705,400,False
model,0.09,0.3,3.5,0.2,score_point,0.13333333333333333,0.428,0.04,0.96,0.8747152619589977,705,400,False
model,0.11,0.4,1.5,0.2,score_point,0.13333333333333333,0.44400000000000006,0.04,0.96,0.8747152619589977,705,400,False
model,0.14,0.5,1.0,0.2,score_point,0.13333333333333333,0.52625,0.0525,0.9475,0.868270332187858,705,400,False
model,0.07,0.6,1.0,0.2,score_point,0.13333333333333333,0.6139999999999999,0.035,0.965,0.8772727272727274,705,400,False
model,0.01,0.7,1.0,0.2,score_point,0.13333333333333333,0.7015,0.005,0.995,0.8923766816143498,705,400,False
model,0.16,0.2,2.0,0.2,score_point,0.1347517730496454,0.308,0.06,0.94,0.8633754305396096,705,400,True
model,0.45,0.2,1.0,0.2,score_point,0.1347517730496454,0.3820000000000001,0.2275,0.7725,0.7686567164179104,705,400,False
model,0.46,0.2,1.0,0.2,score_point,0.1347517730496454,0.3880000000000001,0.235,0.765,0.7640449438202247,705,400,False
model,0.35,0.3,1.0,0.2,score_point,0.1347517730496454,0.4155,0.165,0.835,0.8057901085645355,705,400,False
model,0.05,0.4,2.5,0.2,score_point,0.1347517730496454,0.4525,0.025,0.975,0.8813559322033899,705,400,False
model,0.02,0.5,3.0,0.2,score_point,0.1347517730496454,0.5125,0.005,0.995,0.8913773796192609,705,400,False
model,0.03,0.5,2.0,0.2,score_point,0.1347517730496454,0.5225,0.015,0.985,0.8863892013498312,705,400,False
model,0.13,0.5,1.0,0.2,score_point,0.1347517730496454,0.525,0.05,0.95,0.8685714285714285,705,400,False
model,0.01,0.6,2.0,0.2,score_point,0.1347517730496454,0.6069999999999999,0.005,0.995,0.8913773796192609,705,400,False
model,0.06,0.6,1.0,0.2,score_point,0.1347517730496454,0.6109999999999999,0.0275,0.9725,0.8800904977375565,705,400,False
model,0.14,0.2,2.5,0.2,score_point,0.13617021276595745,0.32075000000000004,0.0525,0.9475,0.8662857142857143,705,400,False
model,0.25,0.2,1.5,0.2,score_point,0.13617021276595745,0.32350000000000007,0.095,0.905,0.8438228438228438,705,400,False
model,0.12,0.2,3.5,0.2,score_point,0.13617021276595745,0.3484999999999999,0.045,0.955,0.8701594533029613,705,400,False
model,0.44,0.2,1.0,0.2,score_point,0.13617021276595745,0.38000000000000006,0.225,0.775,0.7692307692307692,705,400,False
model,0.34,0.3,1.0,0.2,score_point,0.13617021276595745,0.4102499999999999,0.1575,0.8425,0.809123649459784,705,400,False
model,0.08,0.3,3.5,0.2,score_point,0.13617021276595745,0.41199999999999987,0.035,0.965,0.8752834467120181,705,400,False
model,0.1,0.4,1.5,0.2,score_point,0.13617021276595745,0.44400000000000006,0.04,0.96,0.8727272727272728,705,400,False
model,0.04,0.4,3.5,0.2,score_point,0.13617021276595745,0.462,0.02,0.98,0.882882882882883,705,400,False
model,0.04,0.5,1.5,0.2,score_point,0.13617021276595745,0.52,0.02,0.98,0.882882882882883,705,400,False
model,0.12,0.5,1.0,0.2,score_point,0.13617021276595745,0.5225,0.045,0.955,0.8701594533029613,705,400,False
model,0.15,0.2,2.0,0.2,score_point,0.1375886524822695,0.29900000000000004,0.055,0.945,0.864,705,400,True
model,0.13,0.2,3.0,0.2,score_point,0.1375886524822695,0.34,0.05,0.95,0.8665906499429875,705,400,False
model,0.32,0.3,1.0,0.2,score_point,0.1375886524822695,0.4032499999999999,0.1475,0.8525,0.8138424821002387,705,400,False
model,0.33,0.3,1.0,0.2,score_point,0.1375886524822695,0.40674999999999994,0.1525,0.8475,0.8110047846889953,705,400,False
model,0.09,0.3,3.0,0.2,score_point,0.1375886524822695,0.408,0.04,0.96,0.8717366628830874,705,400,False
model,0.06,0.4,2.0,0.2,score_point,0.1375886524822695,0.44400000000000006,0.0275,0.9725,0.8781038374717833,705,400,False
model,0.25,0.4,1.0,0.2,score_point,0.1375886524822695,0.457,0.095,0.905,0.8428405122235157,705,400,False
model,0.05,0.6,1.0,0.2,score_point,0.1375886524822695,0.6099999999999999,0.025,0.975,0.879368658399098,705,400,False
model,0.24,0.2,1.5,0.2,score_point,0.13900709219858157,0.32025000000000003,0.0925,0.9075,0.8432055749128919,705,400,False
model,0.14,0.3,1.5,0.2,score_point,0.13900709219858157,0.363,0.0525,0.9475,0.8643101482326111,705,400,False
model,0.43,0.2,1.0,0.2,score_point,0.13900709219858157,0.3680000000000001,0.21,0.79,0.7764127764127764,705,400,False
model,0.29,0.3,1.0,0.2,score_point,0.13900709219858157,0.38574999999999987,0.1225,0.8775,0.8268551236749117,705,400,False
model,0.3,0.3,1.0,0.2,score_point,0.13900709219858157,0.39099999999999996,0.13,0.87,0.8226950354609929,705,400,False
model,0.31,0.3,1.0,0.2,score_point,0.13900709219858157,0.3979999999999999,0.14,0.86,0.817102137767221,705,400,False
model,0.04,0.4,3.0,0.2,score_point,0.13900709219858157,0.452,0.02,0.98,0.8808988764044944,705,400,False
model,0.02,0.5,2.5,0.2,score_point,0.13900709219858157,0.51,0.005,0.995,0.8883928571428571,705,400,False
model,0.22,0.2,1.5,0.2,score_point,0.14042553191489363,0.32025000000000003,0.0925,0.9075,0.8422273781902551,705,400,False
model,0.23,0.2,1.5,0.2,score_point,0.14042553191489363,0.32025000000000003,0.0925,0.9075,0.8422273781902551,705,400,False
model,0.12,0.2,3.0,0.2,score_point,0.14042553191489363,0.326,0.045,0.955,0.8671963677639047,705,400,False
model,0.1,0.3,2.0,0.2,score_point,0.14042553191489363,0.368,0.04,0.96,0.869762174405436,705,400,False
model,0.28,0.3,1.0,0.2,score_point,0.14042553191489363,0.3822499999999999,0.1175,0.8825,0.8286384976525822,705,400,False
model,0.08,0.3,3.0,0.2,score_point,0.14042553191489363,0.3944999999999999,0.035,0.965,0.8723163841807909,705,400,False
model,0.24,0.4,1.0,0.2,score_point,0.14042553191489363,0.4555,0.0925,0.9075,0.8422273781902551,705,400,False
model,0.11,0.5,1.0,0.2,score_point,0.14042553191489363,0.52,0.04,0.96,0.869762174405436,705,400,False
model,0.04,0.6,1.0,0.2,score_point,0.14042553191489363,0.6079999999999999,0.02,0.98,0.8799102132435466,705,400,False
model,0.21,0.2,1.5,0.2,score_point,0.14184397163120568,0.31700000000000006,0.09,0.91,0.8425925925925926,705,400,False
model,0.42,0.2,1.0,0.2,score_point,0.14184397163120568,0.36400000000000005,0.205,0.795,0.7775061124694376,705,400,False
model,0.22,0.4,1.0,0.2,score_point,0.14184397163120568,0.4555,0.0925,0.9075,0.8412514484356896,705,400,False
model,0.23,0.4,1.0,0.2,score_point,0.14184397163120568,0.4555,0.0925,0.9075,0.8412514484356896,705,400,False
model,0.1,0.5,1.0,0.2,score_point,0.14184397163120568,0.52,0.04,0.96,0.8687782805429863,705,400,False
model,0.13,0.2,2.5,0.2,score_point,0.14326241134751774,0.31500000000000006,0.05,0.95,0.8626560726447219,705,400,False
model,0.11,0.2,3.5,0.2,score_point,0.14326241134751774,0.332,0.04,0.96,0.8677966101694916,705,400,False
model,0.41,0.2,1.0,0.2,score_point,0.14326241134751774,0.3560000000000001,0.195,0.805,0.7825030376670717,705,400,False
model,0.13,0.3,1.5,0.2,score_point,0.14326241134751774,0.3599999999999999,0.05,0.95,0.8626560726447219,705,400,False
model,0.26,0.3,1.0,0.2,score_point,0.14326241134751774,0.37174999999999997,0.1025,0.8975,0.8348837209302326,705,400,False
model,0.27,0.3,1.0,0.2,score_point,0.14326241134751774,0.3787499999999999,0.1125,0.8875,0.8294392523364486,705,400,False
model,0.09,0.3,2.5,0.2,score_point,0.14326241134751774,0.38799999999999996,0.04,0.96,0.8677966101694916,705,400,False
model,0.05,0.4,2.0,0.2,score_point,0.14326241134751774,0.44,0.025,0.975,0.8754208754208753,705,400,False
model,0.09,0.4,1.5,0.2,score_point,0.14326241134751774,0.44400000000000006,0.04,0.96,0.8677966101694916,705,400,False
model,0.2,0.4,1.0,0.2,score_point,0.14326241134751774,0.451,0.085,0.915,0.8442906574394463,705,400,False
model,0.21,0.4,1.0,0.2,score_point,0.14326241134751774,0.45400000000000007,0.09,0.91,0.8416184971098266,705,400,False
model,0.14,0.2,2.0,0.2,score_point,0.14468085106382977,0.29450000000000004,0.0525,0.9475,0.8603859250851305,705,400,True
model,0.2,0.2,1.5,0.2,score_point,0.14468085106382977,0.31050000000000005,0.085,0.915,0.8433179723502305,705,400,False
model,0.36,0.2,1.0,0.2,score_point,0.14468085106382977,0.338,0.1725,0.8275,0.7947178871548619,705,400,False
model,0.37,0.2,1.0,0.2,score_point,0.14468085106382977,0.3420000000000001,0.1775,0.8225,0.7918170878459687,705,400,False
model,0.38,0.2,1.0,0.2,score_point,0.14468085106382977,0.3420000000000001,0.1775,0.8225,0.7918170878459687,705,400,False
model,0.39,0.2,1.0,0.2,score_point,0.14468085106382977,0.3480000000000001,0.185,0.815,0.78743961352657,705,400,False
model,0.12,0.3,1.5,0.2,score_point,0.14468085106382977,0.3539999999999999,0.045,0.955,0.8642533936651584,705,400,False
model,0.4,0.2,1.0,0.2,score_point,0.14468085106382977,0.35400000000000004,0.1925,0.8075,0.7830303030303031,705,400,False
model,0.07,0.3,3.5,0.2,score_point,0.14468085106382977,0.41199999999999987,0.035,0.965,0.8693693693693695,705,400,False
model,0.17,0.4,1.0,0.2,score_point,0.14468085106382977,0.4375,0.0625,0.9375,0.855188141391106,705,400,False
model,0.08,0.4,1.5,0.2,score_point,0.14468085106382977,0.43849999999999995,0.035,0.965,0.8693693693693695,705,400,False
model,0.04,0.4,2.5,0.2,score_point,0.14468085106382977,0.442,0.02,0.98,0.8769574944071589,705,400,False
model,0.18,0.4,1.0,0.2,score_point,0.14468085106382977,0.4435,0.0725,0.9275,0.849942726231386,705,400,False
model,0.19,0.4,1.0,0.2,score_point,0.14468085106382977,0.44650000000000006,0.0775,0.9225,0.8473019517795637,705,400,False
model,0.02,0.5,2.0,0.2,score_point,0.14468085106382977,0.5075,0.005,0.995,0.8844444444444446,705,400,False
model,0.12,0.2,2.5,0.2,score_point,0.14609929078014183,0.3035,0.045,0.955,0.8632768361581921,705,400,False
model,0.08,0.3,2.5,0.2,score_point,0.14609929078014183,0.3769999999999999,0.035,0.965,0.8683914510686165,705,400,False
model,0.09,0.5,1.0,0.2,score_point,0.14609929078014183,0.52,0.04,0.96,0.8658399098083427,705,400,False
model,0.19,0.2,1.5,0.2,score_point,0.1475177304964539,0.30075,0.0775,0.9225,0.8453608247422679,705,400,False
model,0.11,0.2,3.0,0.2,score_point,0.1475177304964539,0.31200000000000006,0.04,0.96,0.8648648648648649,705,400,False
model,0.08,0.5,1.0,0.2,score_point,0.1475177304964539,0.5175,0.035,0.965,0.8674157303370786,705,400,False
model,0.01,0.6,1.5,0.2,score_point,0.1475177304964539,0.6044999999999999,0.005,0.995,0.8824833702882484,705,400,False
model,0.17,0.2,1.5,0.2,score_point,0.14893617021276595,0.28125000000000006,0.0625,0.9375,0.8522727272727273,705,400,True
model,0.18,0.2,1.5,0.2,score_point,0.14893617021276595,0.29425000000000007,0.0725,0.9275,0.8470319634703196,705,400,False
model,0.35,0.2,1.0,0.2,score_point,0.14893617021276595,0.332,0.165,0.835,0.7961859356376639,705,400,False
model,0.25,0.3,1.0,0.2,score_point,0.14893617021276595,0.36649999999999994,0.095,0.905,0.8350634371395618,705,400,False
model,0.07,0.3,3.0,0.2,score_point,0.14893617021276595,0.3944999999999999,0.035,0.965,0.866442199775533,705,400,False
model,0.15,0.4,1.0,0.2,score_point,0.14893617021276595,0.433,0.055,0.945,0.8561721404303511,705,400,False
model,0.16,0.4,1.0,0.2,score_point,0.14893617021276595,0.436,0.06,0.94,0.8535754824063564,705,400,False
model,0.07,0.4,1.5,0.2,score_point,0.14893617021276595,0.43849999999999995,0.035,0.965,0.866442199775533,705,400,False
model,0.03,0.5,1.5,0.2,score_point,0.14893617021276595,0.515,0.015,0.985,0.8765294771968855,705,400,False
model,0.03,0.6,1.0,0.2,score_point,0.14893617021276595,0.6059999999999999,0.015,0.985,0.8765294771968855,705,400,False
model,0.34,0.2,1.0,0.2,score_point,0.150354609929078,0.32600000000000007,0.1575,0.8425,0.7995255041518387,705,400,False
model,0.07,0.5,1.0,0.2,score_point,0.150354609929078,0.5175,0.035,0.965,0.8654708520179373,705,400,False
model,0.13,0.2,2.0,0.2,score_point,0.15177304964539007,0.29000000000000004,0.05,0.95,0.8568207440811725,705,400,False
model,0.32,0.2,1.0,0.2,score_point,0.15177304964539007,0.31800000000000006,0.1475,0.8525,0.8042452830188679,705,400,False
model,0.33,0.2,1.0,0.2,score_point,0.15177304964539007,0.322,0.1525,0.8475,0.801418439716312,705,400,False
model,0.11,0.3,1.5,0.2,score_point,0.15177304964539007,0.348,0.04,0.96,0.861952861952862,705,400,False
model,0.24,0.3,1.0,0.2,score_point,0.15177304964539007,0.36474999999999996,0.0925,0.9075,0.8344827586206897,705,400,False
model,0.09,0.3,2.0,0.2,score_point,0.15177304964539007,0.368,0.04,0.96,0.861952861952862,705,400,False
model,0.04,0.4,2.0,0.2,score_point,0.15177304964539007,0.43200000000000005,0.02,0.98,0.8720800889877642,705,400,False
model,0.11,0.2,2.5,0.2,score_point,0.15319148936170213,0.29200000000000004,0.04,0.96,0.8609865470852018,705,400,False
model,0.1,0.2,3.5,0.2,score_point,0.15319148936170213,0.332,0.04,0.96,0.8609865470852018,705,400,False
model,0.22,0.3,1.0,0.2,score_point,0.15319148936170213,0.36474999999999996,0.0925,0.9075,0.8335246842709529,705,400,False
model,0.23,0.3,1.0,0.2,score_point,0.15319148936170213,0.36474999999999996,0.0925,0.9075,0.8335246842709529,705,400,False
model,0.06,0.3,3.5,0.2,score_point,0.15319148936170213,0.38799999999999996,0.0275,0.9725,0.867335562987737,705,400,False
model,0.14,0.4,1.0,0.2,score_point,0.15319148936170213,0.43150000000000005,0.0525,0.9475,0.85456595264938,705,400,False
model,0.06,0.5,1.0,0.2,score_point,0.15319148936170213,0.51375,0.0275,0.9725,0.867335562987737,705,400,False
model,0.16,0.2,1.5,0.2,score_point,0.15460992907801419,0.278,0.06,0.94,0.8497175141242939,705,400,True
model,0.12,0.2,2.0,0.2,score_point,0.15460992907801419,0.281,0.045,0.955,0.8574635241301909,705,400,False
model,0.31,0.2,1.0,0.2,score_point,0.15460992907801419,0.31200000000000006,0.14,0.86,0.8065650644783118,705,400,False
model,0.08,0.3,2.0,0.2,score_point,0.15460992907801419,0.3594999999999999,0.035,0.965,0.8625698324022346,705,400,False
model,0.21,0.3,1.0,0.2,score_point,0.15460992907801419,0.363,0.09,0.91,0.8339060710194732,705,400,False
model,0.07,0.3,2.5,0.2,score_point,0.15460992907801419,0.3769999999999999,0.035,0.965,0.8625698324022346,705,400,False
model,0.06,0.4,1.5,0.2,score_point,0.15460992907801419,0.4302500000000001,0.0275,0.9725,0.8663697104677061,705,400,False
model,0.15,0.2,1.5,0.2,score_point,0.15602836879432624,0.2715000000000001,0.055,0.945,0.8513513513513513,705,400,True
model,0.29,0.2,1.0,0.2,score_point,0.15602836879432624,0.29800000000000004,0.1225,0.8775,0.8153310104529616,705,400,False
model,0.3,0.2,1.0,0.2,score_point,0.15602836879432624,0.30400000000000005,0.13,0.87,0.8111888111888113,705,400,False
model,0.2,0.3,1.0,0.2,score_point,0.15602836879432624,0.3594999999999999,0.085,0.915,0.8356164383561645,705,400,False
model,0.06,0.3,3.0,0.2,score_point,0.15602836879432624,0.37424999999999997,0.0275,0.9725,0.8654060066740822,705,400,False
model,0.13,0.4,1.0,0.2,score_point,0.15602836879432624,0.43,0.05,0.95,0.8539325842696629,705,400,False
model,0.05,0.5,1.0,0.2,score_point,0.15602836879432624,0.5125,0.025,0.975,0.8666666666666667,705,400,False
model,0.02,0.6,1.0,0.2,score_point,0.15602836879432624,0.6019999999999999,0.005,0.995,0.8766519823788547,705,400,False
model,0.1,0.2,3.0,0.2,score_point,0.1574468085106383,0.31200000000000006,0.04,0.96,0.8581005586592177,705,400,False
model,0.19,0.3,1.0,0.2,score_point,0.1574468085106383,0.35424999999999995,0.0775,0.9225,0.8386363636363636,705,400,False
model,0.12,0.4,1.0,0.2,score_point,0.1574468085106383,0.42700000000000005,0.045,0.955,0.8555431131019036,705,400,False
model,0.01,0.5,3.5,0.2,score_point,0.1574468085106383,0.515,0.005,0.995,0.8756875687568758,705,400,False
model,0.28,0.2,1.0,0.2,score_point,0.15886524822695036,0.29400000000000004,0.1175,0.8825,0.8161849710982658,705,400,False
model,0.17,0.3,1.0,0.2,score_point,0.15886524822695036,0.34374999999999994,0.0625,0.9375,0.8455467869222097,705,400,False
model,0.1,0.3,1.5,0.2,score_point,0.15886524822695036,0.348,0.04,0.96,0.8571428571428571,705,400,False
model,0.18,0.3,1.0,0.2,score_point,0.15886524822695036,0.35074999999999995,0.0725,0.9275,0.8403171007927519,705,400,False
model,0.02,0.5,1.5,0.2,score_point,0.15886524822695036,0.505,0.005,0.995,0.8747252747252747,705,400,False
model,0.05,0.4,1.5,0.2,score_point,0.16028368794326242,0.4275,0.025,0.975,0.8637873754152824,705,400,False
model,0.03,0.4,3.5,0.2,score_point,0.16028368794326242,0.4465,0.015,0.985,0.8687982359426683,705,400,False
model,0.04,0.5,1.0,0.2,score_point,0.16028368794326242,0.51,0.02,0.98,0.8662983425414365,705,400,False
model,0.01,0.5,3.0,0.2,score_point,0.16028368794326242,0.5125,0.005,0.995,0.8737650933040615,705,400,False
model,0.11,0.2,2.0,0.2,score_point,0.16170212765957448,0.272,0.04,0.96,0.8552338530066815,705,400,False
model,0.27,0.2,1.0,0.2,score_point,0.16170212765957448,0.2900000000000001,0.1125,0.8875,0.817031070195627,705,400,False
model,0.06,0.3,2.5,0.2,score_point,0.16170212765957448,0.3605,0.0275,0.9725,0.8615725359911407,705,400,False
model,0.05,0.3,3.5,0.2,score_point,0.16170212765957448,0.38,0.025,0.975,0.8628318584070797,705,400,False
model,0.14,0.2,1.5,0.2,score_point,0.16312056737588654,0.26825000000000004,0.0525,0.9475,0.8478747203579419,705,400,True
model,0.26,0.2,1.0,0.2,score_point,0.16312056737588654,0.28200000000000003,0.1025,0.8975,0.8215102974828374,705,400,False
model,0.1,0.2,2.5,0.2,score_point,0.16312056737588654,0.29200000000000004,0.04,0.96,0.8542825361512791,705,400,False
model,0.15,0.3,1.0,0.2,score_point,0.16312056737588654,0.33849999999999997,0.055,0.945,0.8465845464725645,705,400,False
model,0.16,0.3,1.0,0.2,score_point,0.16312056737588654,0.34199999999999986,0.06,0.94,0.8439955106621774,705,400,False
model,0.07,0.3,2.0,0.2,score_point,0.16312056737588654,0.3594999999999999,0.035,0.965,0.8568257491675916,705,400,False
model,0.11,0.4,1.0,0.2,score_point,0.16312056737588654,0.42400000000000004,0.04,0.96,0.8542825361512791,705,400,False
model,0.03,0.4,3.0,0.2,score_point,0.16312056737588654,0.439,0.015,0.985,0.8668866886688669,705,400,False
model,0.0,0.7,1.0,0.2,score_point,0.16312056737588654,0.7,0.0,1.0,0.8743169398907104,705,400,False
model,0.0,0.7,1.5,0.2,score_point,0.16312056737588654,0.7,0.0,1.0,0.8743169398907104,705,400,False
model,0.0,0.7,2.0,0.2,score_point,0.16312056737588654,0.7,0.0,1.0,0.8743169398907104,705,400,False
model,0.0,0.7,2.5,0.2,score_point,0.16312056737588654,0.7,0.0,1.0,0.8743169398907104,705,400,False
model,0.0,0.7,3.0,0.2,score_point,0.16312056737588654,0.7,0.0,1.0,0.8743169398907104,705,400,False
model,0.0,0.7,3.5,0.2,score_point,0.16312056737588654,0.7,0.0,1.0,0.8743169398907104,705,400,False
model,0.05,0.3,3.0,0.2,score_point,0.16453900709219857,0.3675,0.025,0.975,0.8609271523178806,705,400,False
model,0.01,0.5,2.5,0.2,score_point,0.16453900709219857,0.51,0.005,0.995,0.8708971553610503,705,400,False
model,0.09,0.2,3.5,0.2,score_point,0.16595744680851063,0.332,0.04,0.96,0.8523862375138734,705,400,False
model,0.1,0.4,1.0,0.2,score_point,0.16595744680851063,0.42400000000000004,0.04,0.96,0.8523862375138734,705,400,False
model,0.25,0.2,1.0,0.2,score_point,0.16879432624113475,0.276,0.095,0.905,0.8217934165720772,705,400,False
model,0.14,0.3,1.0,0.2,score_point,0.16879432624113475,0.33675,0.0525,0.9475,0.8440979955456571,705,400,False
model,0.09,0.3,1.5,0.2,score_point,0.16879432624113475,0.348,0.04,0.96,0.8504983388704318,705,400,False
model,0.04,0.4,1.5,0.2,score_point,0.16879432624113475,0.42200000000000004,0.02,0.98,0.8605927552140504,705,400,False
model,0.03,0.4,2.5,0.2,score_point,0.16879432624113475,0.4315,0.015,0.985,0.8630887185104053,705,400,False
model,0.13,0.2,1.5,0.2,score_point,0.1702127659574468,0.26500000000000007,0.05,0.95,0.8444444444444444,705,400,True
model,0.09,0.2,3.0,0.2,score_point,0.1702127659574468,0.31200000000000006,0.04,0.96,0.8495575221238937,705,400,False
model,0.06,0.3,2.0,0.2,score_point,0.1702127659574468,0.34674999999999995,0.0275,0.9725,0.855885588558856,705,400,False
model,0.05,0.3,2.5,0.2,score_point,0.1702127659574468,0.3549999999999999,0.025,0.975,0.857142857142857,705,400,False
model,0.01,0.5,2.0,0.2,score_point,0.1702127659574468,0.5075,0.005,0.995,0.8671023965141612,705,400,False
model,0.01,0.6,1.0,0.2,score_point,0.1702127659574468,0.6019999999999999,0.005,0.995,0.8671023965141612,705,400,False
model,0.1,0.2,2.0,0.2,score_point,0.17163120567375886,0.272,0.04,0.96,0.8486187845303867,705,400,False
model,0.24,0.2,1.0,0.2,score_point,0.17163120567375886,0.2740000000000001,0.0925,0.9075,0.8212669683257919,705,400,False
model,0.08,0.3,1.5,0.2,score_point,0.17163120567375886,0.34199999999999986,0.035,0.965,0.8511576626240354,705,400,False
model,0.09,0.4,1.0,0.2,score_point,0.17163120567375886,0.42400000000000004,0.04,0.96,0.8486187845303867,705,400,False
model,0.12,0.2,1.5,0.2,score_point,0.17304964539007092,0.2585,0.045,0.955,0.8451327433628317,705,400,True
model,0.22,0.2,1.0,0.2,score_point,0.17304964539007092,0.2740000000000001,0.0925,0.9075,0.8203389830508475,705,400,False
model,0.23,0.2,1.0,0.2,score_point,0.17304964539007092,0.2740000000000001,0.0925,0.9075,0.8203389830508475,705,400,False
model,0.08,0.2,3.5,0.2,score_point,0.17304964539007092,0.3155,0.035,0.965,0.8502202643171807,705,400,False
model,0.13,0.3,1.0,0.2,score_point,0.17304964539007092,0.3349999999999999,0.05,0.95,0.8425720620842572,705,400,False
model,0.08,0.4,1.0,0.2,score_point,0.17304964539007092,0.42099999999999993,0.035,0.965,0.8502202643171807,705,400,False
model,0.03,0.5,1.0,0.2,score_point,0.17304964539007092,0.5075,0.015,0.985,0.8602620087336246,705,400,False
model,0.21,0.2,1.0,0.2,score_point,0.17446808510638298,0.272,0.09,0.91,0.8207440811724915,705,400,False
model,0.12,0.3,1.0,0.2,score_point,0.17446808510638298,0.3314999999999999,0.045,0.955,0.8441988950276244,705,400,False
model,0.2,0.2,1.0,0.2,score_point,0.17588652482269504,0.268,0.085,0.915,0.8224719101123594,705,400,False
model,0.09,0.2,2.5,0.2,score_point,0.17588652482269504,0.29200000000000004,0.04,0.96,0.8458149779735682,705,400,False
model,0.04,0.3,3.5,0.2,score_point,0.17588652482269504,0.36399999999999993,0.02,0.98,0.8558951965065502,705,400,False
model,0.07,0.4,1.0,0.2,score_point,0.17588652482269504,0.42099999999999993,0.035,0.965,0.8483516483516483,705,400,False
model,0.03,0.4,2.0,0.2,score_point,0.17588652482269504,0.424,0.015,0.985,0.8583877995642702,705,400,False
model,0.08,0.2,3.0,0.2,score_point,0.1773049645390071,0.298,0.035,0.965,0.8474204171240395,705,400,False
model,0.19,0.2,1.0,0.2,score_point,0.17872340425531916,0.262,0.0775,0.9225,0.8245810055865922,705,400,False
model,0.05,0.3,2.0,0.2,score_point,0.17872340425531916,0.3424999999999999,0.025,0.975,0.8515283842794759,705,400,False
model,0.04,0.3,3.0,0.2,score_point,0.17872340425531916,0.3539999999999999,0.02,0.98,0.8540305010893245,705,400,False
model,0.17,0.2,1.0,0.2,score_point,0.18014184397163122,0.25,0.0625,0.9375,0.8314855875831486,705,400,True
model,0.11,0.2,1.5,0.2,score_point,0.18014184397163122,0.252,0.04,0.96,0.8430296377607025,705,400,False
model,0.18,0.2,1.0,0.2,score_point,0.18014184397163122,0.25800000000000006,0.0725,0.9275,0.8262806236080177,705,400,False
model,0.07,0.3,1.5,0.2,score_point,0.18014184397163122,0.34199999999999986,0.035,0.965,0.8455640744797371,705,400,False
model,0.06,0.4,1.0,0.2,score_point,0.18014184397163122,0.41650000000000004,0.0275,0.9725,0.8493449781659388,705,400,False
model,0.11,0.3,1.0,0.2,score_point,0.18156028368794327,0.32799999999999996,0.04,0.96,0.8421052631578947,705,400,False
model,0.08,0.2,2.5,0.2,score_point,0.1829787234042553,0.2805,0.035,0.965,0.8437158469945355,705,400,False
model,0.07,0.2,3.5,0.2,score_point,0.1829787234042553,0.3155,0.035,0.965,0.8437158469945355,705,400,False
model,0.02,0.4,3.5,0.2,score_point,0.1829787234042553,0.4155,0.005,0.995,0.8586839266450917,705,400,False
model,0.02,0.5,1.0,0.2,score_point,0.1829787234042553,0.5025,0.005,0.995,0.8586839266450917,705,400,False
model,0.01,0.5,1.5,0.2,score_point,0.1829787234042553,0.505,0.005,0.995,0.8586839266450917,705,400,False
model,0.16,0.2,1.0,0.2,score_point,0.18439716312056736,0.248,0.06,0.94,0.8300220750551875,705,400,True
model,0.09,0.2,2.0,0.2,score_point,0.18439716312056736,0.272,0.04,0.96,0.8402625820568927,705,400,False
model,0.04,0.3,2.5,0.2,score_point,0.18439716312056736,0.3439999999999999,0.02,0.98,0.8503253796095444,705,400,False
model,0.15,0.2,1.0,0.2,score_point,0.18581560283687942,0.24400000000000002,0.055,0.945,0.8316831683168316,705,400,True
model,0.02,0.4,3.0,0.2,score_point,0.18581560283687942,0.413,0.005,0.995,0.8568353067814855,705,400,False
model,0.05,0.4,1.0,0.2,score_point,0.18581560283687942,0.415,0.025,0.975,0.8469055374592834,705,400,False
model,0.07,0.2,3.0,0.2,score_point,0.18723404255319148,0.298,0.035,0.965,0.840958605664488,705,400,False
model,0.06,0.3,1.5,0.2,score_point,0.18723404255319148,0.33299999999999996,0.0275,0.9725,0.8447339847991313,705,400,False
model,0.1,0.3,1.0,0.2,score_point,0.18865248226950354,0.32799999999999996,0.04,0.96,0.837513631406761,705,400,False
model,0.1,0.2,1.5,0.2,score_point,0.1900709219858156,0.252,0.04,0.96,0.8366013071895425,705,400,False
model,0.02,0.4,2.5,0.2,score_point,0.1900709219858156,0.4105,0.005,0.995,0.8540772532188842,705,400,False
model,0.03,0.4,1.5,0.2,score_point,0.1900709219858156,0.4165,0.015,0.985,0.8491379310344828,705,400,False
model,0.08,0.2,2.0,0.2,score_point,0.19148936170212766,0.26300000000000007,0.035,0.965,0.8382193268186753,705,400,False
model,0.06,0.2,3.5,0.2,score_point,0.19148936170212766,0.29075,0.0275,0.9725,0.8419913419913421,705,400,False
model,0.04,0.3,2.0,0.2,score_point,0.19148936170212766,0.3339999999999999,0.02,0.98,0.8457389428263214,705,400,False
model,0.14,0.2,1.0,0.2,score_point,0.19290780141843972,0.24200000000000002,0.0525,0.9475,0.8284153005464482,705,400,True
model,0.07,0.2,2.5,0.2,score_point,0.19290780141843972,0.2805,0.035,0.965,0.8373101952277658,705,400,False
model,0.04,0.4,1.0,0.2,score_point,0.19290780141843972,0.41200000000000003,0.02,0.98,0.8448275862068965,705,400,False
model,0.06,0.2,3.0,0.2,score_point,0.19432624113475178,0.27699999999999997,0.0275,0.9725,0.8401727861771059,705,400,False
model,0.05,0.3,1.5,0.2,score_point,0.19574468085106383,0.3299999999999999,0.025,0.975,0.8405172413793104,705,400,False
model,0.02,0.4,2.0,0.2,score_point,0.19574468085106383,0.408,0.005,0.995,0.8504273504273504,705,400,False
model,0.09,0.3,1.0,0.2,score_point,0.1971631205673759,0.32799999999999996,0.04,0.96,0.8320693391115926,705,400,False
model,0.13,0.2,1.0,0.2,score_point,0.2,0.24000000000000005,0.05,0.95,0.8251900108577633,705,400,True
model,0.06,0.2,2.5,0.2,score_point,0.2,0.26325,0.0275,0.9725,0.8365591397849462,705,400,False
model,0.08,0.3,1.0,0.2,score_point,0.2,0.32449999999999996,0.035,0.965,0.8327939590075513,705,400,False
model,0.09,0.2,1.5,0.2,score_point,0.20141843971631207,0.252,0.04,0.96,0.8293736501079914,705,400,False
model,0.07,0.2,2.0,0.2,score_point,0.20141843971631207,0.26300000000000007,0.035,0.965,0.8318965517241379,705,400,False
model,0.12,0.2,1.0,0.2,score_point,0.2028368794326241,0.23600000000000002,0.045,0.955,0.8259459459459458,705,400,True
model,0.03,0.3,3.5,0.2,score_point,0.20425531914893616,0.348,0.015,0.985,0.840085287846482,705,400,False
model,0.05,0.2,3.5,0.2,score_point,0.20567375886524822,0.2825,0.025,0.975,0.8342245989304813,705,400,False
model,0.01,0.5,1.0,0.2,score_point,0.20567375886524822,0.5025,0.005,0.995,0.8441145281018028,705,400,False
model,0.07,0.3,1.0,0.2,score_point,0.20709219858156028,0.32449999999999996,0.035,0.965,0.8283261802575107,705,400,False
model,0.03,0.3,3.0,0.2,score_point,0.20709219858156028,0.34049999999999997,0.015,0.985,0.8382978723404255,705,400,False
model,0.08,0.2,1.5,0.2,score_point,0.20851063829787234,0.24550000000000005,0.035,0.965,0.8274383708467311,705,400,False
model,0.06,0.2,2.0,0.2,score_point,0.20851063829787234,0.24950000000000003,0.0275,0.9725,0.8311965811965811,705,400,False
model,0.05,0.2,3.0,0.2,score_point,0.20851063829787234,0.27,0.025,0.975,0.8324439701173959,705,400,False
model,0.04,0.3,1.5,0.2,score_point,0.20851063829787234,0.3239999999999999,0.02,0.98,0.8349307774227902,705,400,False
model,0.11,0.2,1.0,0.2,score_point,0.2099290780141844,0.23200000000000004,0.04,0.96,0.8240343347639485,705,400,True
model,0.02,0.4,1.5,0.2,score_point,0.2099290780141844,0.40549999999999997,0.005,0.995,0.8414376321353064,705,400,False
model,0.06,0.3,1.0,0.2,score_point,0.2127659574468085,0.31925,0.0275,0.9725,0.8285410010649629,705,400,False
model,0.03,0.3,2.5,0.2,score_point,0.2127659574468085,0.33299999999999996,0.015,0.985,0.8347457627118644,705,400,False
model,0.05,0.2,2.5,0.2,score_point,0.21418439716312057,0.2575,0.025,0.975,0.8289054197662061,705,400,False
model,0.03,0.4,1.0,0.2,score_point,0.21418439716312057,0.409,0.015,0.985,0.8338624338624339,705,400,False
model,0.0,0.6,1.0,0.2,score_point,0.2170212765957447,0.5999999999999999,0.0,1.0,0.8394543546694648,705,400,False
model,0.0,0.6,1.5,0.2,score_point,0.2170212765957447,0.5999999999999999,0.0,1.0,0.8394543546694648,705,400,False
model,0.0,0.6,2.0,0.2,score_point,0.2170212765957447,0.5999999999999999,0.0,1.0,0.8394543546694648,705,400,False
model,0.0,0.6,2.5,0.2,score_point,0.2170212765957447,0.5999999999999999,0.0,1.0,0.8394543546694648,705,400,False
model,0.0,0.6,3.0,0.2,score_point,0.2170212765957447,0.5999999999999999,0.0,1.0,0.8394543546694648,705,400,False
model,0.0,0.6,3.5,0.2,score_point,0.2170212765957447,0.5999999999999999,0.0,1.0,0.8394543546694648,705,400,False
model,0.07,0.2,1.5,0.2,score_point,0.21843971631205675,0.24550000000000005,0.035,0.965,0.8212765957446808,705,400,False
model,0.1,0.2,1.0,0.2,score_point,0.2198581560283688,0.23200000000000004,0.04,0.96,0.8178913738019169,705,400,False
model,0.03,0.3,2.0,0.2,score_point,0.2198581560283688,0.32549999999999996,0.015,0.985,0.8303477344573235,705,400,False
model,0.05,0.3,1.0,0.2,score_point,0.22127659574468084,0.31749999999999995,0.025,0.975,0.8245243128964059,705,400,False
model,0.01,0.4,3.5,0.2,score_point,0.22127659574468084,0.4155,0.005,0.995,0.8343815513626833,705,400,False
model,0.05,0.2,2.0,0.2,score_point,0.2226950354609929,0.245,0.025,0.975,0.8236536430834213,705,400,False
model,0.04,0.2,3.5,0.2,score_point,0.22411347517730495,0.266,0.02,0.98,0.8252631578947367,705,400,False
model,0.01,0.4,3.0,0.2,score_point,0.22411347517730495,0.413,0.005,0.995,0.8326359832635983,705,400,False
model,0.06,0.2,1.5,0.2,score_point,0.225531914893617,0.23575000000000002,0.0275,0.9725,0.820675105485232,705,400,False
model,0.04,0.2,3.0,0.2,score_point,0.22695035460992907,0.256,0.02,0.98,0.823529411764706,705,400,False
model,0.01,0.4,2.5,0.2,score_point,0.22836879432624113,0.4105,0.005,0.995,0.8300312825860271,705,400,False
model,0.09,0.2,1.0,0.2,score_point,0.2297872340425532,0.23200000000000004,0.04,0.96,0.8118393234672304,705,400,False
model,0.04,0.2,2.5,0.2,score_point,0.2326241134751773,0.24600000000000002,0.02,0.98,0.8200836820083681,705,400,False
model,0.04,0.3,1.0,0.2,score_point,0.2326241134751773,0.3139999999999999,0.02,0.98,0.8200836820083681,705,400,False
model,0.03,0.3,1.5,0.2,score_point,0.23404255319148937,0.31799999999999995,0.015,0.985,0.8216892596454641,705,400,False
model,0.02,0.4,1.0,0.2,score_point,0.23404255319148937,0.40299999999999997,0.005,0.995,0.8265835929387332,705,400,False
model,0.01,0.4,2.0,0.2,score_point,0.23404255319148937,0.408,0.005,0.995,0.8265835929387332,705,400,False
model,0.08,0.2,1.0,0.2,score_point,0.23687943262411348,0.228,0.035,0.965,0.8100734522560336,705,400,True
model,0.05,0.2,1.5,0.2,score_point,0.2397163120567376,0.2325,0.025,0.975,0.8133472367049009,705,400,False
model,0.04,0.2,2.0,0.2,score_point,0.2397163120567376,0.23600000000000002,0.02,0.98,0.8158168574401664,705,400,False
model,0.02,0.3,3.5,0.2,score_point,0.2397163120567376,0.31599999999999995,0.005,0.995,0.8231644260599793,705,400,False
model,0.02,0.3,3.0,0.2,score_point,0.2425531914893617,0.31349999999999995,0.005,0.995,0.8214654282765738,705,400,False
model,0.07,0.2,1.0,0.2,score_point,0.2453900709219858,0.228,0.035,0.965,0.8050052137643379,705,400,False
model,0.02,0.3,2.5,0.2,score_point,0.24680851063829787,0.31099999999999994,0.005,0.995,0.8189300411522633,705,400,False
model,0.01,0.4,1.5,0.2,score_point,0.24680851063829787,0.40549999999999997,0.005,0.995,0.8189300411522633,705,400,False
model,0.06,0.2,1.0,0.2,score_point,0.251063829787234,0.22200000000000003,0.0275,0.9725,0.805383022774327,705,400,True
model,0.02,0.3,2.0,0.2,score_point,0.2524822695035461,0.30849999999999994,0.005,0.995,0.8155737704918032,705,400,False
model,0.04,0.2,1.5,0.2,score_point,0.25673758865248225,0.226,0.02,0.98,0.8057553956834531,705,400,False
model,0.03,0.2,3.5,0.2,score_point,0.2581560283687943,0.2495,0.015,0.985,0.8073770491803279,705,400,False
model,0.03,0.3,1.0,0.2,score_point,0.2581560283687943,0.31049999999999994,0.015,0.985,0.8073770491803279,705,400,False
model,0.03,0.2,3.0,0.2,score_point,0.26099290780141843,0.242,0.015,0.985,0.8057259713701432,705,400,False
model,0.05,0.2,1.0,0.2,score_point,0.2652482269503546,0.22,0.025,0.975,0.7983623336745138,705,400,True
model,0.03,0.2,2.5,0.2,score_point,0.26666666666666666,0.2345,0.015,0.985,0.8024439918533605,705,400,False
model,0.02,0.3,1.5,0.2,score_point,0.26666666666666666,0.30599999999999994,0.005,0.995,0.8073022312373225,705,400,False
model,0.01,0.4,1.0,0.2,score_point,0.2695035460992908,0.40299999999999997,0.005,0.995,0.805668016194332,705,400,False
model,0.03,0.2,2.0,0.2,score_point,0.27375886524822696,0.22699999999999998,0.015,0.985,0.7983789260385005,705,400,False
model,0.04,0.2,1.0,0.2,score_point,0.28085106382978725,0.21600000000000003,0.02,0.98,0.7919191919191918,705,400,True
model,0.03,0.2,1.5,0.2,score_point,0.28794326241134754,0.2195,0.015,0.985,0.79037111334002,705,400,False
model,0.0,0.5,1.0,0.2,score_point,0.28794326241134754,0.5,0.0,1.0,0.7976071784646062,705,400,False
model,0.0,0.5,1.5,0.2,score_point,0.28794326241134754,0.5,0.0,1.0,0.7976071784646062,705,400,False
model,0.0,0.5,2.0,0.2,score_point,0.28794326241134754,0.5,0.0,1.0,0.7976071784646062,705,400,False
model,0.0,0.5,2.5,0.2,score_point,0.28794326241134754,0.5,0.0,1.0,0.7976071784646062,705,400,False
model,0.0,0.5,3.0,0.2,score_point,0.28794326241134754,0.5,0.0,1.0,0.7976071784646062,705,400,False
model,0.0,0.5,3.5,0.2,score_point,0.28794326241134754,0.5,0.0,1.0,0.7976071784646062,705,400,False
model,0.02,0.3,1.0,0.2,score_point,0.2907801418439716,0.30349999999999994,0.005,0.995,0.7936191425722832,705,400,False
model,0.01,0.3,3.5,0.2,score_point,0.3021276595744681,0.31599999999999995,0.005,0.995,0.7873392680514342,705,400,False
model,0.01,0.3,3.0,0.2,score_point,0.3049645390070922,0.31349999999999995,0.005,0.995,0.7857847976307994,705,400,False
model,0.02,0.2,3.5,0.2,score_point,0.30638297872340425,0.2165,0.005,0.995,0.7850098619329388,705,400,False
model,0.02,0.2,3.0,0.2,score_point,0.30921985815602837,0.214,0.005,0.995,0.7834645669291338,705,400,True
model,0.01,0.3,2.5,0.2,score_point,0.30921985815602837,0.31099999999999994,0.005,0.995,0.7834645669291338,705,400,False
model,0.03,0.2,1.0,0.2,score_point,0.3120567375886525,0.212,0.015,0.985,0.777120315581854,705,400,True
model,0.02,0.2,2.5,0.2,score_point,0.31347517730496455,0.2115,0.005,0.995,0.7811579980372915,705,400,True
model,0.01,0.3,2.0,0.2,score_point,0.3148936170212766,0.30849999999999994,0.005,0.995,0.7803921568627451,705,400,False
model,0.02,0.2,2.0,0.2,score_point,0.3191489361702128,0.209,0.005,0.995,0.7781036168132943,705,400,True
model,0.01,0.3,1.5,0.2,score_point,0.3276595744680851,0.30599999999999994,0.005,0.995,0.773566569484937,705,400,False
model,0.02,0.2,1.5,0.2,score_point,0.3333333333333333,0.2065,0.005,0.995,0.7705711519845111,705,400,True
model,0.01,0.3,1.0,0.2,score_point,0.350354609929078,0.30349999999999994,0.005,0.995,0.7617224880382775,705,400,False
model,0.02,0.2,1.0,0.2,score_point,0.3574468085106383,0.204,0.005,0.995,0.7580952380952382,705,400,True
model,0.01,0.2,3.5,0.2,score_point,0.38581560283687943,0.2165,0.005,0.995,0.74392523364486,705,400,False
model,0.01,0.2,3.0,0.2,score_point,0.38865248226950355,0.214,0.005,0.995,0.7425373134328358,705,400,False
model,0.01,0.2,2.5,0.2,score_point,0.39290780141843973,0.2115,0.005,0.995,0.7404651162790697,705,400,False
model,0.01,0.2,2.0,0.2,score_point,0.39858156028368796,0.209,0.005,0.995,0.7377201112140871,705,400,False
model,0.0,0.4,1.0,0.2,score_point,0.4056737588652482,0.4,0.0,1.0,0.7366482504604052,705,400,False
model,0.0,0.4,1.5,0.2,score_point,0.4056737588652482,0.4,0.0,1.0,0.7366482504604052,705,400,False
model,0.0,0.4,2.0,0.2,score_point,0.4056737588652482,0.4,0.0,1.0,0.7366482504604052,705,400,False
model,0.0,0.4,2.5,0.2,score_point,0.4056737588652482,0.4,0.0,1.0,0.7366482504604052,705,400,False
model,0.0,0.4,3.0,0.2,score_point,0.4056737588652482,0.4,0.0,1.0,0.7366482504604052,705,400,False
model,0.0,0.4,3.5,0.2,score_point,0.4056737588652482,0.4,0.0,1.0,0.7366482504604052,705,400,False
model,0.01,0.2,1.5,0.2,score_point,0.41134751773049644,0.2065,0.005,0.995,0.7316176470588236,705,400,False
model,0.01,0.2,1.0,0.2,score_point,0.4340425531914894,0.204,0.005,0.995,0.7210144927536232,705,400,False
model,0.0,0.3,1.0,0.2,score_point,0.5560283687943263,0.29999999999999993,0.0,1.0,0.6711409395973155,705,400,False
model,0.0,0.3,1.5,0.2,score_point,0.5560283687943263,0.29999999999999993,0.0,1.0,0.6711409395973155,705,400,False
model,0.0,0.3,2.0,0.2,score_point,0.5560283687943263,0.29999999999999993,0.0,1.0,0.6711409395973155,705,400,False
model,0.0,0.3,2.5,0.2,score_point,0.5560283687943263,0.29999999999999993,0.0,1.0,0.6711409395973155,705,400,False
model,0.0,0.3,3.0,0.2,score_point,0.5560283687943263,0.29999999999999993,0.0,1.0,0.6711409395973155,705,400,False
model,0.0,0.3,3.5,0.2,score_point,0.5560283687943263,0.29999999999999993,0.0,1.0,0.6711409395973155,705,400,False
model,0.0,0.2,1.0,0.2,score_point,0.7546099290780142,0.2,0.0,1.0,0.6006006006006006,705,400,True
model,0.0,0.2,1.5,0.2,score_point,0.7546099290780142,0.2,0.0,1.0,0.6006006006006006,705,400,False
model,0.0,0.2,2.0,0.2,score_point,0.7546099290780142,0.2,0.0,1.0,0.6006006006006006,705,400,False
model,0.0,0.2,2.5,0.2,score_point,0.7546099290780142,0.2,0.0,1.0,0.6006006006006006,705,400,False
model,0.0,0.2,3.0,0.2,score_point,0.7546099290780142,0.2,0.0,1.0,0.6006006006006006,705,400,False
model,0.0,0.2,3.5,0.2,score_point,0.7546099290780142,0.2,0.0,1.0,0.6006006006006006,705,400,False
vad,,3.5,3.5,,vad,0.0014184397163120568,3.5,0.0,1.0,0.9987515605493134,705,400,False
vad,,3.0,3.0,,vad,0.005673758865248227,3.0,0.0,1.0,0.9950248756218906,705,400,False
vad,,2.5,2.5,,vad,0.01276595744680851,2.5,0.0,1.0,0.9888751545117428,705,400,False
vad,,2.0,2.0,,vad,0.02553191489361702,2.0,0.0,1.0,0.9779951100244498,705,400,False
vad,,1.5,1.5,,vad,0.05390070921985816,1.5,0.0,1.0,0.954653937947494,705,400,False
vad,,1.0,1.0,,vad,0.09645390070921986,1.0,0.0,1.0,0.9216589861751151,705,400,False
vad,,0.9,0.9,,vad,0.11205673758865248,0.9,0.0,1.0,0.9101251422070534,705,400,False
vad,,0.8,0.8,,vad,0.13191489361702127,0.8,0.0,1.0,0.8958566629339305,705,400,False
vad,,0.7,0.7,,vad,0.16312056737588654,0.7,0.0,1.0,0.8743169398907104,705,400,False
vad,,0.6,0.6,,vad,0.2170212765957447,0.6,0.0,1.0,0.8394543546694648,705,400,False
vad,,0.5,0.5,,vad,0.28794326241134754,0.5,0.0,1.0,0.7976071784646062,705,400,False
vad,,0.4,0.4,,vad,0.4056737588652482,0.4,0.0,1.0,0.7366482504604052,705,400,False
vad,,0.3,0.3,,vad,0.5560283687943263,0.3,0.0,1.0,0.6711409395973155,705,400,False
vad,,0.2,0.2,,vad,0.7546099290780142,0.2,0.0,1.0,0.6006006006006006,705,400,False
