policy_type,threshold,action_delay,timeout,score_point_s,score_mode,cutoff_rate,mean_latency,timeout_rate,detect_rate,f1,n_hold_spans,n_eot_spans,is_pareto
model,0.84,0.8,3.5,0.2,score_point,0.0014184397163120568,2.1500000000000004,0.5,0.5,0.6655574043261232,705,400,True
model,0.84,0.9,3.5,0.2,score_point,0.0014184397163120568,2.2,0.5,0.5,0.6655574043261232,705,400,False
model,0.84,1.0,3.5,0.2,score_point,0.0014184397163120568,2.25,0.5,0.5,0.6655574043261232,705,400,False
model,0.85,0.8,3.5,0.2,score_point,0.0014184397163120568,2.258,0.54,0.46,0.629059829059829,705,400,False
model,0.85,0.9,3.5,0.2,score_point,0.0014184397163120568,2.304,0.54,0.46,0.629059829059829,705,400,False
model,0.86,0.8,3.5,0.2,score_point,0.0014184397163120568,2.3457500000000002,0.5725,0.4275,0.5979020979020979,705,400,False
model,0.85,1.0,3.5,0.2,score_point,0.0014184397163120568,2.35,0.54,0.46,0.629059829059829,705,400,False
model,0.86,0.9,3.5,0.2,score_point,0.0014184397163120568,2.3884999999999996,0.5725,0.4275,0.5979020979020979,705,400,False
model,0.86,1.0,3.5,0.2,score_point,0.0014184397163120568,2.43125,0.5725,0.4275,0.5979020979020979,705,400,False
model,0.87,0.8,3.5,0.2,score_point,0.0014184397163120568,2.45375,0.6125,0.3875,0.5575539568345325,705,400,False
model,0.87,0.9,3.5,0.2,score_point,0.0014184397163120568,2.4925,0.6125,0.3875,0.5575539568345325,705,400,False
model,0.87,1.0,3.5,0.2,score_point,0.0014184397163120568,2.53125,0.6125,0.3875,0.5575539568345325,705,400,False
model,0.88,0.8,3.5,0.2,score_point,0.0014184397163120568,2.5752500000000005,0.6575,0.3425,0.5092936802973979,705,400,False
model,0.88,0.9,3.5,0.2,score_point,0.0014184397163120568,2.6094999999999997,0.6575,0.3425,0.5092936802973979,705,400,False
model,0.88,1.0,3.5,0.2,score_point,0.0014184397163120568,2.64375,0.6575,0.3425,0.5092936802973979,705,400,False
model,0.89,0.8,3.5,0.2,score_point,0.0014184397163120568,2.66975,0.6925,0.3075,0.46946564885496184,705,400,False
model,0.89,0.9,3.5,0.2,score_point,0.0014184397163120568,2.7005,0.6925,0.3075,0.46946564885496184,705,400,False
model,0.89,1.0,3.5,0.2,score_point,0.0014184397163120568,2.73125,0.6925,0.3075,0.46946564885496184,705,400,False
model,0.9,0.8,3.5,0.2,score_point,0.0014184397163120568,2.7507500000000005,0.7225,0.2775,0.43359375,705,400,False
model,0.9,0.9,3.5,0.2,score_point,0.0014184397163120568,2.7784999999999997,0.7225,0.2775,0.43359375,705,400,False
model,0.9,1.0,3.5,0.2,score_point,0.0014184397163120568,2.80625,0.7225,0.2775,0.43359375,705,400,False
model,0.91,0.8,3.5,0.2,score_point,0.0014184397163120568,2.8520000000000003,0.76,0.24,0.386317907444668,705,400,False
model,0.91,0.9,3.5,0.2,score_point,0.0014184397163120568,2.8760000000000003,0.76,0.24,0.386317907444668,705,400,False
model,0.92,0.5,3.5,0.2,score_point,0.0014184397163120568,2.8775,0.7925,0.2075,0.3429752066115702,705,400,False
model,0.92,0.6,3.5,0.2,score_point,0.0014184397163120568,2.8982500000000004,0.7925,0.2075,0.3429752066115702,705,400,False
model,0.91,1.0,3.5,0.2,score_point,0.0014184397163120568,2.9,0.76,0.24,0.386317907444668,705,400,False
model,0.92,0.7,3.5,0.2,score_point,0.0014184397163120568,2.9189999999999996,0.7925,0.2075,0.3429752066115702,705,400,False
model,0.92,0.8,3.5,0.2,score_point,0.0014184397163120568,2.93975,0.7925,0.2075,0.3429752066115702,705,400,False
model,0.92,0.9,3.5,0.2,score_point,0.0014184397163120568,2.9604999999999997,0.7925,0.2075,0.3429752066115702,705,400,False
model,0.93,0.5,3.5,0.2,score_point,0.0014184397163120568,2.975,0.825,0.175,0.29723991507430997,705,400,False
model,0.92,1.0,3.5,0.2,score_point,0.0014184397163120568,2.98125,0.7925,0.2075,0.3429752066115702,705,400,False
model,0.93,0.6,3.5,0.2,score_point,0.0014184397163120568,2.9925,0.825,0.175,0.29723991507430997,705,400,False
model,0.93,0.7,3.5,0.2,score_point,0.0014184397163120568,3.01,0.825,0.175,0.29723991507430997,705,400,False
model,0.93,0.8,3.5,0.2,score_point,0.0014184397163120568,3.0275,0.825,0.175,0.29723991507430997,705,400,False
model,0.93,0.9,3.5,0.2,score_point,0.0014184397163120568,3.045,0.825,0.175,0.29723991507430997,705,400,False
model,0.93,1.0,3.5,0.2,score_point,0.0014184397163120568,3.0625,0.825,0.175,0.29723991507430997,705,400,False
model,0.94,0.5,3.5,0.2,score_point,0.0014184397163120568,3.125,0.875,0.125,0.22172949002217293,705,400,False
model,0.94,0.6,3.5,0.2,score_point,0.0014184397163120568,3.1375,0.875,0.125,0.22172949002217293,705,400,False
model,0.94,0.7,3.5,0.2,score_point,0.0014184397163120568,3.15,0.875,0.125,0.22172949002217293,705,400,False
model,0.94,0.8,3.5,0.2,score_point,0.0014184397163120568,3.1625,0.875,0.125,0.22172949002217293,705,400,False
model,0.94,0.9,3.5,0.2,score_point,0.0014184397163120568,3.175,0.875,0.125,0.22172949002217293,705,400,False
model,0.94,1.0,3.5,0.2,score_point,0.0014184397163120568,3.1875,0.875,0.125,0.22172949002217293,705,400,False
model,0.95,0.2,3.5,0.2,score_point,0.0014184397163120568,3.3020000000000005,0.94,0.06,0.11294117647058823,705,400,False
model,0.95,0.3,3.5,0.2,score_point,0.0014184397163120568,3.3079999999999994,0.94,0.06,0.11294117647058823,705,400,False
model,0.95,0.4,3.5,0.2,score_point,0.0014184397163120568,3.3139999999999996,0.94,0.06,0.11294117647058823,705,400,False
model,0.95,0.5,3.5,0.2,score_point,0.0014184397163120568,3.32,0.94,0.06,0.11294117647058823,705,400,False
model,0.95,0.6,3.5,0.2,score_point,0.0014184397163120568,3.326,0.94,0.06,0.11294117647058823,705,400,False
model,0.95,0.7,3.5,0.2,score_point,0.0014184397163120568,3.3320000000000003,0.94,0.06,0.11294117647058823,705,400,False
model,0.95,0.8,3.5,0.2,score_point,0.0014184397163120568,3.3379999999999996,0.94,0.06,0.11294117647058823,705,400,False
model,0.95,0.9,3.5,0.2,score_point,0.0014184397163120568,3.344,0.94,0.06,0.11294117647058823,705,400,False
model,0.95,1.0,3.5,0.2,score_point,0.0014184397163120568,3.35,0.94,0.06,0.11294117647058823,705,400,False
model,0.96,0.2,3.5,0.2,score_point,0.0014184397163120568,3.39275,0.9675,0.0325,0.06280193236714976,705,400,False
model,0.96,0.3,3.5,0.2,score_point,0.0014184397163120568,3.3960000000000004,0.9675,0.0325,0.06280193236714976,705,400,False
model,0.96,0.4,3.5,0.2,score_point,0.0014184397163120568,3.3992500000000003,0.9675,0.0325,0.06280193236714976,705,400,False
model,0.96,0.5,3.5,0.2,score_point,0.0014184397163120568,3.4025,0.9675,0.0325,0.06280193236714976,705,400,False
model,0.96,0.6,3.5,0.2,score_point,0.0014184397163120568,3.40575,0.9675,0.0325,0.06280193236714976,705,400,False
model,0.96,0.7,3.5,0.2,score_point,0.0014184397163120568,3.409,0.9675,0.0325,0.06280193236714976,705,400,False
model,0.96,0.8,3.5,0.2,score_point,0.0014184397163120568,3.4122500000000002,0.9675,0.0325,0.06280193236714976,705,400,False
model,0.96,0.9,3.5,0.2,score_point,0.0014184397163120568,3.4155,0.9675,0.0325,0.06280193236714976,705,400,False
model,0.96,1.0,3.5,0.2,score_point,0.0014184397163120568,3.41875,0.9675,0.0325,0.06280193236714976,705,400,False
model,0.97,0.2,3.5,0.2,score_point,0.0014184397163120568,3.4339999999999997,0.98,0.02,0.039119804400977995,705,400,False
model,0.97,0.3,3.5,0.2,score_point,0.0014184397163120568,3.4360000000000004,0.98,0.02,0.039119804400977995,705,400,False
model,0.97,0.4,3.5,0.2,score_point,0.0014184397163120568,3.438,0.98,0.02,0.039119804400977995,705,400,False
model,0.97,0.5,3.5,0.2,score_point,0.0014184397163120568,3.44,0.98,0.02,0.039119804400977995,705,400,False
model,0.97,0.6,3.5,0.2,score_point,0.0014184397163120568,3.4419999999999997,0.98,0.02,0.039119804400977995,705,400,False
model,0.97,0.7,3.5,0.2,score_point,0.0014184397163120568,3.444,0.98,0.02,0.039119804400977995,705,400,False
model,0.97,0.8,3.5,0.2,score_point,0.0014184397163120568,3.446,0.98,0.02,0.039119804400977995,705,400,False
model,0.97,0.9,3.5,0.2,score_point,0.0014184397163120568,3.448,0.98,0.02,0.039119804400977995,705,400,False
model,0.97,1.0,3.5,0.2,score_point,0.0014184397163120568,3.45,0.98,0.02,0.039119804400977995,705,400,False
model,0.98,0.2,3.5,0.2,score_point,0.0014184397163120568,3.49175,0.9975,0.0025,0.0049751243781094535,705,400,False
model,0.98,0.3,3.5,0.2,score_point,0.0014184397163120568,3.492,0.9975,0.0025,0.0049751243781094535,705,400,False
model,0.98,0.4,3.5,0.2,score_point,0.0014184397163120568,3.4922500000000003,0.9975,0.0025,0.0049751243781094535,705,400,False
model,0.98,0.5,3.5,0.2,score_point,0.0014184397163120568,3.4925,0.9975,0.0025,0.0049751243781094535,705,400,False
model,0.98,0.6,3.5,0.2,score_point,0.0014184397163120568,3.4927499999999996,0.9975,0.0025,0.0049751243781094535,705,400,False
model,0.98,0.7,3.5,0.2,score_point,0.0014184397163120568,3.4930000000000003,0.9975,0.0025,0.0049751243781094535,705,400,False
model,0.98,0.8,3.5,0.2,score_point,0.0014184397163120568,3.4932499999999997,0.9975,0.0025,0.0049751243781094535,705,400,False
model,0.98,0.9,3.5,0.2,score_point,0.0014184397163120568,3.4935,0.9975,0.0025,0.0049751243781094535,705,400,False
model,0.98,1.0,3.5,0.2,score_point,0.0014184397163120568,3.49375,0.9975,0.0025,0.0049751243781094535,705,400,False
model,0.99,0.2,3.5,0.2,score_point,0.0014184397163120568,3.5,1.0,0.0,0.0,705,400,False
model,1.0,0.2,3.5,0.2,score_point,0.0014184397163120568,3.5,1.0,0.0,0.0,705,400,False
model,0.99,0.3,3.5,0.2,score_point,0.0014184397163120568,3.5,1.0,0.0,0.0,705,400,False
model,1.0,0.3,3.5,0.2,score_point,0.0014184397163120568,3.5,1.0,0.0,0.0,705,400,False
model,0.99,0.4,3.5,0.2,score_point,0.0014184397163120568,3.5,1.0,0.0,0.0,705,400,False
model,1.0,0.4,3.5,0.2,score_point,0.0014184397163120568,3.5,1.0,0.0,0.0,705,400,False
model,0.99,0.5,3.5,0.2,score_point,0.0014184397163120568,3.5,1.0,0.0,0.0,705,400,False
model,1.0,0.5,3.5,0.2,score_point,0.0014184397163120568,3.5,1.0,0.0,0.0,705,400,False
model,0.99,0.6,3.5,0.2,score_point,0.0014184397163120568,3.5,1.0,0.0,0.0,705,400,False
model,1.0,0.6,3.5,0.2,score_point,0.0014184397163120568,3.5,1.0,0.0,0.0,705,400,False
model,0.99,0.7,3.5,0.2,score_point,0.0014184397163120568,3.5,1.0,0.0,0.0,705,400,False
model,1.0,0.7,3.5,0.2,score_point,0.0014184397163120568,3.5,1.0,0.0,0.0,705,400,False
model,0.99,0.8,3.5,0.2,score_point,0.0014184397163120568,3.5,1.0,0.0,0.0,705,400,False
model,1.0,0.8,3.5,0.2,score_point,0.0014184397163120568,3.5,1.0,0.0,0.0,705,400,False
model,0.99,0.9,3.5,0.2,score_point,0.0014184397163120568,3.5,1.0,0.0,0.0,705,400,False
model,1.0,0.9,3.5,0.2,score_point,0.0014184397163120568,3.5,1.0,0.0,0.0,705,400,False
model,0.99,1.0,3.5,0.2,score_point,0.0014184397163120568,3.5,1.0,0.0,0.0,705,400,False
model,1.0,1.0,3.5,0.2,score_point,0.0014184397163120568,3.5,1.0,0.0,0.0,705,400,False
model,0.76,0.8,3.5,0.2,score_point,0.0028368794326241137,1.6910000000000003,0.33,0.67,0.8,705,400,True
model,0.77,0.8,3.5,0.2,score_point,0.0028368794326241137,1.7180000000000002,0.34,0.66,0.7927927927927929,705,400,False
model,0.76,0.9,3.5,0.2,score_point,0.0028368794326241137,1.7579999999999998,0.33,0.67,0.8,705,400,False
model,0.78,0.8,3.5,0.2,score_point,0.0028368794326241137,1.7585000000000002,0.355,0.645,0.7818181818181819,705,400,False
model,0.77,0.9,3.5,0.2,score_point,0.0028368794326241137,1.7839999999999998,0.34,0.66,0.7927927927927929,705,400,False
model,0.79,0.8,3.5,0.2,score_point,0.0028368794326241137,1.7990000000000004,0.37,0.63,0.7706422018348625,705,400,False
model,0.78,0.9,3.5,0.2,score_point,0.0028368794326241137,1.8229999999999997,0.355,0.645,0.7818181818181819,705,400,False
model,0.76,1.0,3.5,0.2,score_point,0.0028368794326241137,1.825,0.33,0.67,0.8,705,400,False
model,0.77,1.0,3.5,0.2,score_point,0.0028368794326241137,1.85,0.34,0.66,0.7927927927927929,705,400,False
model,0.79,0.9,3.5,0.2,score_point,0.0028368794326241137,1.8619999999999999,0.37,0.63,0.7706422018348625,705,400,False
model,0.8,0.8,3.5,0.2,score_point,0.0028368794326241137,1.8800000000000003,0.4,0.6,0.7476635514018692,705,400,False
model,0.78,1.0,3.5,0.2,score_point,0.0028368794326241137,1.8875,0.355,0.645,0.7818181818181819,705,400,False
model,0.79,1.0,3.5,0.2,score_point,0.0028368794326241137,1.925,0.37,0.63,0.7706422018348625,705,400,False
model,0.8,0.9,3.5,0.2,score_point,0.0028368794326241137,1.94,0.4,0.6,0.7476635514018692,705,400,False
model,0.81,0.8,3.5,0.2,score_point,0.0028368794326241137,1.9407500000000004,0.4225,0.5775,0.7298578199052134,705,400,False
model,0.81,0.9,3.5,0.2,score_point,0.0028368794326241137,1.9985,0.4225,0.5775,0.7298578199052134,705,400,False
model,0.8,1.0,3.5,0.2,score_point,0.0028368794326241137,2.0,0.4,0.6,0.7476635514018692,705,400,False
model,0.82,0.8,3.5,0.2,score_point,0.0028368794326241137,2.0082500000000003,0.4475,0.5525,0.709470304975923,705,400,False
model,0.81,1.0,3.5,0.2,score_point,0.0028368794326241137,2.05625,0.4225,0.5775,0.7298578199052134,705,400,False
model,0.82,0.9,3.5,0.2,score_point,0.0028368794326241137,2.0634999999999994,0.4475,0.5525,0.709470304975923,705,400,False
model,0.83,0.8,3.5,0.2,score_point,0.0028368794326241137,2.0825000000000005,0.475,0.525,0.6862745098039217,705,400,False
model,0.84,0.7,3.5,0.2,score_point,0.0028368794326241137,2.0999999999999996,0.5,0.5,0.6644518272425249,705,400,False
model,0.82,1.0,3.5,0.2,score_point,0.0028368794326241137,2.11875,0.4475,0.5525,0.709470304975923,705,400,False
model,0.83,0.9,3.5,0.2,score_point,0.0028368794326241137,2.135,0.475,0.525,0.6862745098039217,705,400,False
model,0.83,1.0,3.5,0.2,score_point,0.0028368794326241137,2.1875,0.475,0.525,0.6862745098039217,705,400,False
model,0.85,0.7,3.5,0.2,score_point,0.0028368794326241137,2.2119999999999997,0.54,0.46,0.6279863481228669,705,400,False
model,0.86,0.7,3.5,0.2,score_point,0.0028368794326241137,2.303,0.5725,0.4275,0.5968586387434555,705,400,False
model,0.87,0.7,3.5,0.2,score_point,0.0028368794326241137,2.415,0.6125,0.3875,0.5565529622980251,705,400,False
model,0.88,0.7,3.5,0.2,score_point,0.0028368794326241137,2.5409999999999995,0.6575,0.3425,0.5083487940630798,705,400,False
model,0.89,0.7,3.5,0.2,score_point,0.0028368794326241137,2.639,0.6925,0.3075,0.4685714285714286,705,400,False
model,0.9,0.7,3.5,0.2,score_point,0.0028368794326241137,2.7229999999999994,0.7225,0.2775,0.4327485380116959,705,400,False
model,0.91,0.5,3.5,0.2,score_point,0.0028368794326241137,2.78,0.76,0.24,0.38554216867469876,705,400,False
model,0.91,0.6,3.5,0.2,score_point,0.0028368794326241137,2.8040000000000003,0.76,0.24,0.38554216867469876,705,400,False
model,0.91,0.7,3.5,0.2,score_point,0.0028368794326241137,2.8279999999999994,0.76,0.24,0.38554216867469876,705,400,False
model,0.92,0.3,3.5,0.2,score_point,0.0028368794326241137,2.8360000000000003,0.7925,0.2075,0.3422680412371134,705,400,False
model,0.92,0.4,3.5,0.2,score_point,0.0028368794326241137,2.8567499999999995,0.7925,0.2075,0.3422680412371134,705,400,False
model,0.93,0.3,3.5,0.2,score_point,0.0028368794326241137,2.94,0.825,0.175,0.2966101694915254,705,400,False
model,0.93,0.4,3.5,0.2,score_point,0.0028368794326241137,2.9575,0.825,0.175,0.2966101694915254,705,400,False
model,0.94,0.2,3.5,0.2,score_point,0.0028368794326241137,3.0875,0.875,0.125,0.22123893805309733,705,400,False
model,0.94,0.3,3.5,0.2,score_point,0.0028368794326241137,3.1,0.875,0.125,0.22123893805309733,705,400,False
model,0.94,0.4,3.5,0.2,score_point,0.0028368794326241137,3.1125,0.875,0.125,0.22123893805309733,705,400,False
model,0.74,0.8,3.5,0.2,score_point,0.00425531914893617,1.5897500000000002,0.2925,0.7075,0.825072886297376,705,400,True
model,0.75,0.8,3.5,0.2,score_point,0.00425531914893617,1.6235000000000002,0.305,0.695,0.8164464023494861,705,400,False
model,0.76,0.7,3.5,0.2,score_point,0.00425531914893617,1.6239999999999997,0.33,0.67,0.7988077496274218,705,400,False
model,0.77,0.7,3.5,0.2,score_point,0.00425531914893617,1.652,0.34,0.66,0.7916041979010495,705,400,False
model,0.74,0.9,3.5,0.2,score_point,0.00425531914893617,1.6605,0.2925,0.7075,0.825072886297376,705,400,False
model,0.75,0.9,3.5,0.2,score_point,0.00425531914893617,1.6929999999999998,0.305,0.695,0.8164464023494861,705,400,False
model,0.78,0.7,3.5,0.2,score_point,0.00425531914893617,1.6939999999999997,0.355,0.645,0.7806354009077157,705,400,False
model,0.74,1.0,3.5,0.2,score_point,0.00425531914893617,1.73125,0.2925,0.7075,0.825072886297376,705,400,False
model,0.79,0.7,3.5,0.2,score_point,0.00425531914893617,1.7359999999999998,0.37,0.63,0.7694656488549619,705,400,False
model,0.75,1.0,3.5,0.2,score_point,0.00425531914893617,1.7625,0.305,0.695,0.8164464023494861,705,400,False
model,0.8,0.7,3.5,0.2,score_point,0.00425531914893617,1.8199999999999996,0.4,0.6,0.7465007776049766,705,400,False
model,0.81,0.7,3.5,0.2,score_point,0.00425531914893617,1.8829999999999998,0.4225,0.5775,0.7287066246056781,705,400,False
model,0.82,0.7,3.5,0.2,score_point,0.00425531914893617,1.9529999999999998,0.4475,0.5525,0.7083333333333334,705,400,False
model,0.83,0.7,3.5,0.2,score_point,0.00425531914893617,2.0299999999999994,0.475,0.525,0.6851549755301795,705,400,False
model,0.84,0.6,3.5,0.2,score_point,0.00425531914893617,2.05,0.5,0.5,0.6633499170812603,705,400,False
model,0.85,0.6,3.5,0.2,score_point,0.00425531914893617,2.166,0.54,0.46,0.6269165247018739,705,400,False
model,0.86,0.6,3.5,0.2,score_point,0.00425531914893617,2.26025,0.5725,0.4275,0.5958188153310106,705,400,False
model,0.87,0.6,3.5,0.2,score_point,0.00425531914893617,2.37625,0.6125,0.3875,0.5555555555555556,705,400,False
model,0.88,0.6,3.5,0.2,score_point,0.00425531914893617,2.5067500000000003,0.6575,0.3425,0.5074074074074075,705,400,False
model,0.89,0.6,3.5,0.2,score_point,0.00425531914893617,2.60825,0.6925,0.3075,0.467680608365019,705,400,False
model,0.9,0.5,3.5,0.2,score_point,0.00425531914893617,2.6675,0.7225,0.2775,0.4319066147859923,705,400,False
model,0.9,0.6,3.5,0.2,score_point,0.00425531914893617,2.69525,0.7225,0.2775,0.4319066147859923,705,400,False
model,0.91,0.3,3.5,0.2,score_point,0.00425531914893617,2.7320000000000007,0.76,0.24,0.3847695390781563,705,400,False
model,0.91,0.4,3.5,0.2,score_point,0.00425531914893617,2.756,0.76,0.24,0.3847695390781563,705,400,False
model,0.93,0.2,3.5,0.2,score_point,0.00425531914893617,2.9225,0.825,0.175,0.29598308668076106,705,400,False
model,0.72,0.8,3.5,0.2,score_point,0.005673758865248227,1.5155,0.265,0.735,0.8424068767908309,705,400,True
model,0.74,0.7,3.5,0.2,score_point,0.005673758865248227,1.5189999999999997,0.2925,0.7075,0.8238719068413392,705,400,False
model,0.73,0.8,3.5,0.2,score_point,0.005673758865248227,1.5357500000000002,0.2725,0.7275,0.837410071942446,705,400,False
model,0.75,0.7,3.5,0.2,score_point,0.005673758865248227,1.5539999999999998,0.305,0.695,0.81524926686217,705,400,False
model,0.76,0.6,3.5,0.2,score_point,0.005673758865248227,1.557,0.33,0.67,0.7976190476190478,705,400,False
model,0.77,0.6,3.5,0.2,score_point,0.005673758865248227,1.5859999999999999,0.34,0.66,0.7904191616766467,705,400,False
model,0.72,0.9,3.5,0.2,score_point,0.005673758865248227,1.589,0.265,0.735,0.8424068767908309,705,400,False
model,0.73,0.9,3.5,0.2,score_point,0.005673758865248227,1.6085,0.2725,0.7275,0.837410071942446,705,400,False
model,0.78,0.6,3.5,0.2,score_point,0.005673758865248227,1.6295,0.355,0.645,0.7794561933534744,705,400,False
model,0.72,1.0,3.5,0.2,score_point,0.005673758865248227,1.6625,0.265,0.735,0.8424068767908309,705,400,False
model,0.79,0.6,3.5,0.2,score_point,0.005673758865248227,1.673,0.37,0.63,0.7682926829268293,705,400,False
model,0.73,1.0,3.5,0.2,score_point,0.005673758865248227,1.68125,0.2725,0.7275,0.837410071942446,705,400,False
model,0.8,0.6,3.5,0.2,score_point,0.005673758865248227,1.76,0.4,0.6,0.7453416149068324,705,400,False
model,0.81,0.6,3.5,0.2,score_point,0.005673758865248227,1.82525,0.4225,0.5775,0.7275590551181101,705,400,False
model,0.82,0.6,3.5,0.2,score_point,0.005673758865248227,1.89775,0.4475,0.5525,0.7072,705,400,False
model,0.84,0.8,3.0,0.2,score_point,0.005673758865248227,1.9000000000000004,0.5,0.5,0.662251655629139,705,400,False
model,0.84,0.9,3.0,0.2,score_point,0.005673758865248227,1.95,0.5,0.5,0.662251655629139,705,400,False
model,0.83,0.6,3.5,0.2,score_point,0.005673758865248227,1.9775,0.475,0.525,0.6840390879478827,705,400,False
model,0.85,0.8,3.0,0.2,score_point,0.005673758865248227,1.9880000000000002,0.54,0.46,0.6258503401360545,705,400,False
model,0.84,1.0,3.0,0.2,score_point,0.005673758865248227,2.0,0.5,0.5,0.662251655629139,705,400,False
model,0.85,0.9,3.0,0.2,score_point,0.005673758865248227,2.034,0.54,0.46,0.6258503401360545,705,400,False
model,0.86,0.8,3.0,0.2,score_point,0.005673758865248227,2.0595000000000003,0.5725,0.4275,0.5947826086956521,705,400,False
model,0.85,1.0,3.0,0.2,score_point,0.005673758865248227,2.08,0.54,0.46,0.6258503401360545,705,400,False
model,0.86,0.9,3.0,0.2,score_point,0.005673758865248227,2.1022499999999997,0.5725,0.4275,0.5947826086956521,705,400,False
model,0.86,1.0,3.0,0.2,score_point,0.005673758865248227,2.145,0.5725,0.4275,0.5947826086956521,705,400,False
model,0.87,0.8,3.0,0.2,score_point,0.005673758865248227,2.1475,0.6125,0.3875,0.5545617173524151,705,400,False
model,0.87,0.9,3.0,0.2,score_point,0.005673758865248227,2.18625,0.6125,0.3875,0.5545617173524151,705,400,False
model,0.87,1.0,3.0,0.2,score_point,0.005673758865248227,2.225,0.6125,0.3875,0.5545617173524151,705,400,False
model,0.88,0.8,3.0,0.2,score_point,0.005673758865248227,2.2465,0.6575,0.3425,0.5064695009242144,705,400,False
model,0.88,0.9,3.0,0.2,score_point,0.005673758865248227,2.28075,0.6575,0.3425,0.5064695009242144,705,400,False
model,0.88,1.0,3.0,0.2,score_point,0.005673758865248227,2.315,0.6575,0.3425,0.5064695009242144,705,400,False
model,0.89,0.8,3.0,0.2,score_point,0.005673758865248227,2.3235,0.6925,0.3075,0.4667931688804554,705,400,False
model,0.89,0.9,3.0,0.2,score_point,0.005673758865248227,2.35425,0.6925,0.3075,0.4667931688804554,705,400,False
model,0.89,1.0,3.0,0.2,score_point,0.005673758865248227,2.385,0.6925,0.3075,0.4667931688804554,705,400,False
model,0.9,0.8,3.0,0.2,score_point,0.005673758865248227,2.3895,0.7225,0.2775,0.4310679611650486,705,400,False
model,0.9,0.9,3.0,0.2,score_point,0.005673758865248227,2.41725,0.7225,0.2775,0.4310679611650486,705,400,False
model,0.9,1.0,3.0,0.2,score_point,0.005673758865248227,2.445,0.7225,0.2775,0.4310679611650486,705,400,False
model,0.91,0.8,3.0,0.2,score_point,0.005673758865248227,2.472,0.76,0.24,0.384,705,400,False
model,0.92,0.5,3.0,0.2,score_point,0.005673758865248227,2.48125,0.7925,0.2075,0.3408624229979466,705,400,False
model,0.91,0.9,3.0,0.2,score_point,0.005673758865248227,2.4959999999999996,0.76,0.24,0.384,705,400,False
model,0.92,0.6,3.0,0.2,score_point,0.005673758865248227,2.502,0.7925,0.2075,0.3408624229979466,705,400,False
model,0.91,1.0,3.0,0.2,score_point,0.005673758865248227,2.52,0.76,0.24,0.384,705,400,False
model,0.92,0.7,3.0,0.2,score_point,0.005673758865248227,2.52275,0.7925,0.2075,0.3408624229979466,705,400,False
model,0.92,0.8,3.0,0.2,score_point,0.005673758865248227,2.5435000000000003,0.7925,0.2075,0.3408624229979466,705,400,False
model,0.93,0.5,3.0,0.2,score_point,0.005673758865248227,2.5625,0.825,0.175,0.29535864978902954,705,400,False
model,0.92,0.9,3.0,0.2,score_point,0.005673758865248227,2.56425,0.7925,0.2075,0.3408624229979466,705,400,False
model,0.89,0.5,3.5,0.2,score_point,0.005673758865248227,2.5775,0.6925,0.3075,0.4667931688804554,705,400,False
model,0.93,0.6,3.0,0.2,score_point,0.005673758865248227,2.58,0.825,0.175,0.29535864978902954,705,400,False
model,0.92,1.0,3.0,0.2,score_point,0.005673758865248227,2.585,0.7925,0.2075,0.3408624229979466,705,400,False
model,0.93,0.7,3.0,0.2,score_point,0.005673758865248227,2.5975,0.825,0.175,0.29535864978902954,705,400,False
model,0.9,0.3,3.5,0.2,score_point,0.005673758865248227,2.6120000000000005,0.7225,0.2775,0.4310679611650486,705,400,False
model,0.93,0.8,3.0,0.2,score_point,0.005673758865248227,2.615,0.825,0.175,0.29535864978902954,705,400,False
model,0.93,0.9,3.0,0.2,score_point,0.005673758865248227,2.6325,0.825,0.175,0.29535864978902954,705,400,False
model,0.9,0.4,3.5,0.2,score_point,0.005673758865248227,2.63975,0.7225,0.2775,0.4310679611650486,705,400,False
model,0.93,1.0,3.0,0.2,score_point,0.005673758865248227,2.65,0.825,0.175,0.29535864978902954,705,400,False
model,0.94,0.5,3.0,0.2,score_point,0.005673758865248227,2.6875,0.875,0.125,0.2202643171806167,705,400,False
model,0.94,0.6,3.0,0.2,score_point,0.005673758865248227,2.7,0.875,0.125,0.2202643171806167,705,400,False
model,0.94,0.7,3.0,0.2,score_point,0.005673758865248227,2.7125,0.875,0.125,0.2202643171806167,705,400,False
model,0.94,0.8,3.0,0.2,score_point,0.005673758865248227,2.725,0.875,0.125,0.2202643171806167,705,400,False
model,0.94,0.9,3.0,0.2,score_point,0.005673758865248227,2.7375,0.875,0.125,0.2202643171806167,705,400,False
model,0.94,1.0,3.0,0.2,score_point,0.005673758865248227,2.75,0.875,0.125,0.2202643171806167,705,400,False
model,0.92,0.2,3.5,0.2,score_point,0.005673758865248227,2.81525,0.7925,0.2075,0.3408624229979466,705,400,False
model,0.95,0.2,3.0,0.2,score_point,0.005673758865248227,2.8320000000000003,0.94,0.06,0.11214953271028037,705,400,False
model,0.95,0.3,3.0,0.2,score_point,0.005673758865248227,2.8379999999999996,0.94,0.06,0.11214953271028037,705,400,False
model,0.95,0.4,3.0,0.2,score_point,0.005673758865248227,2.844,0.94,0.06,0.11214953271028037,705,400,False
model,0.95,0.5,3.0,0.2,score_point,0.005673758865248227,2.85,0.94,0.06,0.11214953271028037,705,400,False
model,0.95,0.6,3.0,0.2,score_point,0.005673758865248227,2.8560000000000003,0.94,0.06,0.11214953271028037,705,400,False
model,0.95,0.7,3.0,0.2,score_point,0.005673758865248227,2.8620000000000005,0.94,0.06,0.11214953271028037,705,400,False
model,0.95,0.8,3.0,0.2,score_point,0.005673758865248227,2.8679999999999994,0.94,0.06,0.11214953271028037,705,400,False
model,0.95,0.9,3.0,0.2,score_point,0.005673758865248227,2.8739999999999997,0.94,0.06,0.11214953271028037,705,400,False
model,0.95,1.0,3.0,0.2,score_point,0.005673758865248227,2.88,0.94,0.06,0.11214953271028037,705,400,False
model,0.96,0.2,3.0,0.2,score_point,0.005673758865248227,2.909,0.9675,0.0325,0.062350119904076746,705,400,False
model,0.96,0.3,3.0,0.2,score_point,0.005673758865248227,2.9122500000000002,0.9675,0.0325,0.062350119904076746,705,400,False
model,0.96,0.4,3.0,0.2,score_point,0.005673758865248227,2.9155000000000006,0.9675,0.0325,0.062350119904076746,705,400,False
model,0.96,0.5,3.0,0.2,score_point,0.005673758865248227,2.91875,0.9675,0.0325,0.062350119904076746,705,400,False
model,0.96,0.6,3.0,0.2,score_point,0.005673758865248227,2.9219999999999993,0.9675,0.0325,0.062350119904076746,705,400,False
model,0.96,0.7,3.0,0.2,score_point,0.005673758865248227,2.9252499999999997,0.9675,0.0325,0.062350119904076746,705,400,False
model,0.96,0.8,3.0,0.2,score_point,0.005673758865248227,2.9285,0.9675,0.0325,0.062350119904076746,705,400,False
model,0.96,0.9,3.0,0.2,score_point,0.005673758865248227,2.9317500000000005,0.9675,0.0325,0.062350119904076746,705,400,False
model,0.96,1.0,3.0,0.2,score_point,0.005673758865248227,2.935,0.9675,0.0325,0.062350119904076746,705,400,False
model,0.97,0.2,3.0,0.2,score_point,0.005673758865248227,2.944,0.98,0.02,0.038834951456310676,705,400,False
model,0.97,0.3,3.0,0.2,score_point,0.005673758865248227,2.946,0.98,0.02,0.038834951456310676,705,400,False
model,0.97,0.4,3.0,0.2,score_point,0.005673758865248227,2.948,0.98,0.02,0.038834951456310676,705,400,False
model,0.97,0.5,3.0,0.2,score_point,0.005673758865248227,2.95,0.98,0.02,0.038834951456310676,705,400,False
model,0.97,0.6,3.0,0.2,score_point,0.005673758865248227,2.952,0.98,0.02,0.038834951456310676,705,400,False
model,0.97,0.7,3.0,0.2,score_point,0.005673758865248227,2.9539999999999997,0.98,0.02,0.038834951456310676,705,400,False
model,0.97,0.8,3.0,0.2,score_point,0.005673758865248227,2.9560000000000004,0.98,0.02,0.038834951456310676,705,400,False
model,0.97,0.9,3.0,0.2,score_point,0.005673758865248227,2.958,0.98,0.02,0.038834951456310676,705,400,False
model,0.97,1.0,3.0,0.2,score_point,0.005673758865248227,2.96,0.98,0.02,0.038834951456310676,705,400,False
model,0.98,0.2,3.0,0.2,score_point,0.005673758865248227,2.9930000000000003,0.9975,0.0025,0.0049382716049382715,705,400,False
model,0.98,0.3,3.0,0.2,score_point,0.005673758865248227,2.9932499999999997,0.9975,0.0025,0.0049382716049382715,705,400,False
model,0.98,0.4,3.0,0.2,score_point,0.005673758865248227,2.9935,0.9975,0.0025,0.0049382716049382715,705,400,False
model,0.98,0.5,3.0,0.2,score_point,0.005673758865248227,2.99375,0.9975,0.0025,0.0049382716049382715,705,400,False
model,0.98,0.6,3.0,0.2,score_point,0.005673758865248227,2.9939999999999998,0.9975,0.0025,0.0049382716049382715,705,400,False
model,0.98,0.7,3.0,0.2,score_point,0.005673758865248227,2.99425,0.9975,0.0025,0.0049382716049382715,705,400,False
model,0.98,0.8,3.0,0.2,score_point,0.005673758865248227,2.9945,0.9975,0.0025,0.0049382716049382715,705,400,False
model,0.98,0.9,3.0,0.2,score_point,0.005673758865248227,2.9947500000000002,0.9975,0.0025,0.0049382716049382715,705,400,False
model,0.98,1.0,3.0,0.2,score_point,0.005673758865248227,2.995,0.9975,0.0025,0.0049382716049382715,705,400,False
model,0.99,0.2,3.0,0.2,score_point,0.005673758865248227,3.0,1.0,0.0,0.0,705,400,False
model,1.0,0.2,3.0,0.2,score_point,0.005673758865248227,3.0,1.0,0.0,0.0,705,400,False
model,0.99,0.3,3.0,0.2,score_point,0.005673758865248227,3.0,1.0,0.0,0.0,705,400,False
model,1.0,0.3,3.0,0.2,score_point,0.005673758865248227,3.0,1.0,0.0,0.0,705,400,False
model,0.99,0.4,3.0,0.2,score_point,0.005673758865248227,3.0,1.0,0.0,0.0,705,400,False
model,1.0,0.4,3.0,0.2,score_point,0.005673758865248227,3.0,1.0,0.0,0.0,705,400,False
model,0.99,0.5,3.0,0.2,score_point,0.005673758865248227,3.0,1.0,0.0,0.0,705,400,False
model,1.0,0.5,3.0,0.2,score_point,0.005673758865248227,3.0,1.0,0.0,0.0,705,400,False
model,0.99,0.6,3.0,0.2,score_point,0.005673758865248227,3.0,1.0,0.0,0.0,705,400,False
model,1.0,0.6,3.0,0.2,score_point,0.005673758865248227,3.0,1.0,0.0,0.0,705,400,False
model,0.99,0.7,3.0,0.2,score_point,0.005673758865248227,3.0,1.0,0.0,0.0,705,400,False
model,1.0,0.7,3.0,0.2,score_point,0.005673758865248227,3.0,1.0,0.0,0.0,705,400,False
model,0.99,0.8,3.0,0.2,score_point,0.005673758865248227,3.0,1.0,0.0,0.0,705,400,False
model,1.0,0.8,3.0,0.2,score_point,0.005673758865248227,3.0,1.0,0.0,0.0,705,400,False
model,0.99,0.9,3.0,0.2,score_point,0.005673758865248227,3.0,1.0,0.0,0.0,705,400,False
model,1.0,0.9,3.0,0.2,score_point,0.005673758865248227,3.0,1.0,0.0,0.0,705,400,False
model,0.99,1.0,3.0,0.2,score_point,0.005673758865248227,3.0,1.0,0.0,0.0,705,400,False
model,1.0,1.0,3.0,0.2,score_point,0.005673758865248227,3.0,1.0,0.0,0.0,705,400,False
model,0.72,0.7,3.5,0.2,score_point,0.0070921985815602835,1.442,0.265,0.735,0.8412017167381974,705,400,True
model,0.74,0.6,3.5,0.2,score_point,0.0070921985815602835,1.4482499999999998,0.2925,0.7075,0.8226744186046512,705,400,False
model,0.73,0.7,3.5,0.2,score_point,0.0070921985815602835,1.4629999999999999,0.2725,0.7275,0.8362068965517241,705,400,False
model,0.75,0.6,3.5,0.2,score_point,0.0070921985815602835,1.4845,0.305,0.695,0.8140556368960469,705,400,False
model,0.76,0.8,3.0,0.2,score_point,0.0070921985815602835,1.5260000000000002,0.33,0.67,0.7964338781575037,705,400,False
model,0.77,0.8,3.0,0.2,score_point,0.0070921985815602835,1.5480000000000005,0.34,0.66,0.7892376681614349,705,400,False
model,0.78,0.8,3.0,0.2,score_point,0.0070921985815602835,1.5810000000000002,0.355,0.645,0.7782805429864253,705,400,False
model,0.76,0.9,3.0,0.2,score_point,0.0070921985815602835,1.5930000000000002,0.33,0.67,0.7964338781575037,705,400,False
model,0.77,0.9,3.0,0.2,score_point,0.0070921985815602835,1.6139999999999999,0.34,0.66,0.7892376681614349,705,400,False
model,0.79,0.8,3.0,0.2,score_point,0.0070921985815602835,1.6140000000000003,0.37,0.63,0.7671232876712328,705,400,False
model,0.78,0.9,3.0,0.2,score_point,0.0070921985815602835,1.6454999999999997,0.355,0.645,0.7782805429864253,705,400,False
model,0.76,1.0,3.0,0.2,score_point,0.0070921985815602835,1.66,0.33,0.67,0.7964338781575037,705,400,False
model,0.79,0.9,3.0,0.2,score_point,0.0070921985815602835,1.6769999999999998,0.37,0.63,0.7671232876712328,705,400,False
model,0.77,1.0,3.0,0.2,score_point,0.0070921985815602835,1.68,0.34,0.66,0.7892376681614349,705,400,False
model,0.8,0.8,3.0,0.2,score_point,0.0070921985815602835,1.6800000000000004,0.4,0.6,0.7441860465116279,705,400,False
model,0.78,1.0,3.0,0.2,score_point,0.0070921985815602835,1.71,0.355,0.645,0.7782805429864253,705,400,False
model,0.81,0.8,3.0,0.2,score_point,0.0070921985815602835,1.7295000000000003,0.4225,0.5775,0.7264150943396226,705,400,False
model,0.79,1.0,3.0,0.2,score_point,0.0070921985815602835,1.74,0.37,0.63,0.7671232876712328,705,400,False
model,0.8,0.9,3.0,0.2,score_point,0.0070921985815602835,1.74,0.4,0.6,0.7441860465116279,705,400,False
model,0.82,0.8,3.0,0.2,score_point,0.0070921985815602835,1.7845000000000004,0.4475,0.5525,0.7060702875399361,705,400,False
model,0.81,0.9,3.0,0.2,score_point,0.0070921985815602835,1.78725,0.4225,0.5775,0.7264150943396226,705,400,False
model,0.8,1.0,3.0,0.2,score_point,0.0070921985815602835,1.8,0.4,0.6,0.7441860465116279,705,400,False
model,0.82,0.9,3.0,0.2,score_point,0.0070921985815602835,1.83975,0.4475,0.5525,0.7060702875399361,705,400,False
model,0.81,1.0,3.0,0.2,score_point,0.0070921985815602835,1.845,0.4225,0.5775,0.7264150943396226,705,400,False
model,0.83,0.8,3.0,0.2,score_point,0.0070921985815602835,1.8450000000000006,0.475,0.525,0.6829268292682928,705,400,False
model,0.84,0.7,3.0,0.2,score_point,0.0070921985815602835,1.8499999999999996,0.5,0.5,0.6611570247933884,705,400,False
model,0.82,1.0,3.0,0.2,score_point,0.0070921985815602835,1.895,0.4475,0.5525,0.7060702875399361,705,400,False
model,0.83,0.9,3.0,0.2,score_point,0.0070921985815602835,1.8975,0.475,0.525,0.6829268292682928,705,400,False
model,0.85,0.7,3.0,0.2,score_point,0.0070921985815602835,1.942,0.54,0.46,0.6247877758913413,705,400,False
model,0.83,1.0,3.0,0.2,score_point,0.0070921985815602835,1.95,0.475,0.525,0.6829268292682928,705,400,False
model,0.84,0.5,3.5,0.2,score_point,0.0070921985815602835,2.0,0.5,0.5,0.6611570247933884,705,400,False
model,0.86,0.7,3.0,0.2,score_point,0.0070921985815602835,2.01675,0.5725,0.4275,0.59375,705,400,False
model,0.87,0.7,3.0,0.2,score_point,0.0070921985815602835,2.10875,0.6125,0.3875,0.5535714285714286,705,400,False
model,0.85,0.5,3.5,0.2,score_point,0.0070921985815602835,2.12,0.54,0.46,0.6247877758913413,705,400,False
model,0.88,0.7,3.0,0.2,score_point,0.0070921985815602835,2.2122499999999996,0.6575,0.3425,0.5055350553505535,705,400,False
model,0.86,0.5,3.5,0.2,score_point,0.0070921985815602835,2.2175,0.5725,0.4275,0.59375,705,400,False
model,0.89,0.7,3.0,0.2,score_point,0.0070921985815602835,2.29275,0.6925,0.3075,0.46590909090909083,705,400,False
model,0.87,0.5,3.5,0.2,score_point,0.0070921985815602835,2.3375,0.6125,0.3875,0.5535714285714286,705,400,False
model,0.9,0.7,3.0,0.2,score_point,0.0070921985815602835,2.36175,0.7225,0.2775,0.4302325581395349,705,400,False
model,0.91,0.5,3.0,0.2,score_point,0.0070921985815602835,2.4,0.76,0.24,0.3832335329341317,705,400,False
model,0.91,0.6,3.0,0.2,score_point,0.0070921985815602835,2.4240000000000004,0.76,0.24,0.3832335329341317,705,400,False
model,0.92,0.3,3.0,0.2,score_point,0.0070921985815602835,2.43975,0.7925,0.2075,0.3401639344262295,705,400,False
model,0.91,0.7,3.0,0.2,score_point,0.0070921985815602835,2.448,0.76,0.24,0.3832335329341317,705,400,False
model,0.92,0.4,3.0,0.2,score_point,0.0070921985815602835,2.4604999999999997,0.7925,0.2075,0.3401639344262295,705,400,False
model,0.88,0.5,3.5,0.2,score_point,0.0070921985815602835,2.4725,0.6575,0.3425,0.5055350553505535,705,400,False
model,0.93,0.3,3.0,0.2,score_point,0.0070921985815602835,2.5275,0.825,0.175,0.29473684210526313,705,400,False
model,0.93,0.4,3.0,0.2,score_point,0.0070921985815602835,2.545,0.825,0.175,0.29473684210526313,705,400,False
model,0.89,0.4,3.5,0.2,score_point,0.0070921985815602835,2.5467500000000003,0.6925,0.3075,0.46590909090909083,705,400,False
model,0.94,0.2,3.0,0.2,score_point,0.0070921985815602835,2.65,0.875,0.125,0.21978021978021975,705,400,False
model,0.94,0.3,3.0,0.2,score_point,0.0070921985815602835,2.6625,0.875,0.125,0.21978021978021975,705,400,False
model,0.94,0.4,3.0,0.2,score_point,0.0070921985815602835,2.675,0.875,0.125,0.21978021978021975,705,400,False
model,0.91,0.2,3.5,0.2,score_point,0.0070921985815602835,2.7079999999999997,0.76,0.24,0.3832335329341317,705,400,False
model,0.72,0.6,3.5,0.2,score_point,0.00851063829787234,1.3685,0.265,0.735,0.84,705,400,True
model,0.73,0.6,3.5,0.2,score_point,0.00851063829787234,1.3902499999999998,0.2725,0.7275,0.8350071736011477,705,400,False
model,0.74,0.8,3.0,0.2,score_point,0.00851063829787234,1.4435000000000002,0.2925,0.7075,0.8214804063860667,705,400,False
model,0.76,0.7,3.0,0.2,score_point,0.00851063829787234,1.4589999999999999,0.33,0.67,0.7952522255192879,705,400,False
model,0.75,0.8,3.0,0.2,score_point,0.00851063829787234,1.4710000000000003,0.305,0.695,0.8128654970760233,705,400,False
model,0.7,0.8,3.5,0.2,score_point,0.00851063829787234,1.4750000000000003,0.25,0.75,0.8498583569405098,705,400,False
model,0.77,0.7,3.0,0.2,score_point,0.00851063829787234,1.4819999999999995,0.34,0.66,0.7880597014925373,705,400,False
model,0.71,0.8,3.5,0.2,score_point,0.00851063829787234,1.4952500000000004,0.2575,0.7425,0.844950213371266,705,400,False
model,0.74,0.9,3.0,0.2,score_point,0.00851063829787234,1.51425,0.2925,0.7075,0.8214804063860667,705,400,False
model,0.78,0.7,3.0,0.2,score_point,0.00851063829787234,1.5164999999999997,0.355,0.645,0.7771084337349398,705,400,False
model,0.75,0.9,3.0,0.2,score_point,0.00851063829787234,1.5404999999999998,0.305,0.695,0.8128654970760233,705,400,False
model,0.7,0.9,3.5,0.2,score_point,0.00851063829787234,1.55,0.25,0.75,0.8498583569405098,705,400,False
model,0.79,0.7,3.0,0.2,score_point,0.00851063829787234,1.5509999999999997,0.37,0.63,0.7659574468085107,705,400,False
model,0.71,0.9,3.5,0.2,score_point,0.00851063829787234,1.5695,0.2575,0.7425,0.844950213371266,705,400,False
model,0.74,1.0,3.0,0.2,score_point,0.00851063829787234,1.585,0.2925,0.7075,0.8214804063860667,705,400,False
model,0.75,1.0,3.0,0.2,score_point,0.00851063829787234,1.61,0.305,0.695,0.8128654970760233,705,400,False
model,0.8,0.7,3.0,0.2,score_point,0.00851063829787234,1.6199999999999997,0.4,0.6,0.7430340557275541,705,400,False
model,0.7,1.0,3.5,0.2,score_point,0.00851063829787234,1.625,0.25,0.75,0.8498583569405098,705,400,False
model,0.71,1.0,3.5,0.2,score_point,0.00851063829787234,1.64375,0.2575,0.7425,0.844950213371266,705,400,False
model,0.81,0.7,3.0,0.2,score_point,0.00851063829787234,1.6717499999999998,0.4225,0.5775,0.7252747252747254,705,400,False
model,0.8,0.5,3.5,0.2,score_point,0.00851063829787234,1.7,0.4,0.6,0.7430340557275541,705,400,False
model,0.82,0.7,3.0,0.2,score_point,0.00851063829787234,1.7292499999999995,0.4475,0.5525,0.7049441786283892,705,400,False
model,0.81,0.5,3.5,0.2,score_point,0.00851063829787234,1.7675,0.4225,0.5775,0.7252747252747254,705,400,False
model,0.83,0.7,3.0,0.2,score_point,0.00851063829787234,1.7924999999999995,0.475,0.525,0.6818181818181818,705,400,False
model,0.84,0.6,3.0,0.2,score_point,0.00851063829787234,1.8,0.5,0.5,0.6600660066006601,705,400,False
model,0.82,0.5,3.5,0.2,score_point,0.00851063829787234,1.8425,0.4475,0.5525,0.7049441786283892,705,400,False
model,0.85,0.6,3.0,0.2,score_point,0.00851063829787234,1.8960000000000001,0.54,0.46,0.6237288135593221,705,400,False
model,0.83,0.5,3.5,0.2,score_point,0.00851063829787234,1.925,0.475,0.525,0.6818181818181818,705,400,False
model,0.86,0.6,3.0,0.2,score_point,0.00851063829787234,1.9740000000000004,0.5725,0.4275,0.5927209705372617,705,400,False
model,0.87,0.6,3.0,0.2,score_point,0.00851063829787234,2.07,0.6125,0.3875,0.5525846702317291,705,400,False
model,0.88,0.6,3.0,0.2,score_point,0.00851063829787234,2.178,0.6575,0.3425,0.5046040515653775,705,400,False
model,0.89,0.6,3.0,0.2,score_point,0.00851063829787234,2.262,0.6925,0.3075,0.46502835538752363,705,400,False
model,0.9,0.5,3.0,0.2,score_point,0.00851063829787234,2.30625,0.7225,0.2775,0.42940038684719534,705,400,False
model,0.9,0.6,3.0,0.2,score_point,0.00851063829787234,2.334,0.7225,0.2775,0.42940038684719534,705,400,False
model,0.91,0.3,3.0,0.2,score_point,0.00851063829787234,2.352,0.76,0.24,0.38247011952191234,705,400,False
model,0.91,0.4,3.0,0.2,score_point,0.00851063829787234,2.3759999999999994,0.76,0.24,0.38247011952191234,705,400,False
model,0.88,0.4,3.5,0.2,score_point,0.00851063829787234,2.43825,0.6575,0.3425,0.5046040515653775,705,400,False
model,0.93,0.2,3.0,0.2,score_point,0.00851063829787234,2.51,0.825,0.175,0.2941176470588235,705,400,False
model,0.89,0.3,3.5,0.2,score_point,0.00851063829787234,2.516,0.6925,0.3075,0.46502835538752363,705,400,False
model,0.9,0.2,3.5,0.2,score_point,0.00851063829787234,2.5842499999999995,0.7225,0.2775,0.42940038684719534,705,400,False
model,0.74,0.7,3.0,0.2,score_point,0.009929078014184398,1.3727499999999997,0.2925,0.7075,0.8202898550724638,705,400,False
model,0.72,0.8,3.0,0.2,score_point,0.009929078014184398,1.383,0.265,0.735,0.8388017118402283,705,400,False
model,0.76,0.6,3.0,0.2,score_point,0.009929078014184398,1.392,0.33,0.67,0.794074074074074,705,400,False
model,0.73,0.8,3.0,0.2,score_point,0.009929078014184398,1.3995000000000002,0.2725,0.7275,0.833810888252149,705,400,False
model,0.7,0.7,3.5,0.2,score_point,0.009929078014184398,1.3999999999999997,0.25,0.75,0.8486562942008486,705,400,False
model,0.75,0.7,3.0,0.2,score_point,0.009929078014184398,1.4014999999999997,0.305,0.695,0.8116788321167883,705,400,False
model,0.77,0.6,3.0,0.2,score_point,0.009929078014184398,1.416,0.34,0.66,0.7868852459016394,705,400,False
model,0.71,0.7,3.5,0.2,score_point,0.009929078014184398,1.4209999999999996,0.2575,0.7425,0.84375,705,400,False
model,0.69,0.8,3.5,0.2,score_point,0.009929078014184398,1.4277500000000003,0.2325,0.7675,0.8599439775910364,705,400,False
model,0.78,0.6,3.0,0.2,score_point,0.009929078014184398,1.452,0.355,0.645,0.7759398496240603,705,400,False
model,0.72,0.9,3.0,0.2,score_point,0.009929078014184398,1.4565000000000001,0.265,0.735,0.8388017118402283,705,400,False
model,0.73,0.9,3.0,0.2,score_point,0.009929078014184398,1.4722499999999998,0.2725,0.7275,0.833810888252149,705,400,False
model,0.79,0.6,3.0,0.2,score_point,0.009929078014184398,1.4880000000000002,0.37,0.63,0.7647951441578149,705,400,False
model,0.76,0.5,3.5,0.2,score_point,0.009929078014184398,1.49,0.33,0.67,0.794074074074074,705,400,False
model,0.69,0.9,3.5,0.2,score_point,0.009929078014184398,1.5045000000000002,0.2325,0.7675,0.8599439775910364,705,400,False
model,0.77,0.5,3.5,0.2,score_point,0.009929078014184398,1.52,0.34,0.66,0.7868852459016394,705,400,False
model,0.72,1.0,3.0,0.2,score_point,0.009929078014184398,1.53,0.265,0.735,0.8388017118402283,705,400,False
model,0.73,1.0,3.0,0.2,score_point,0.009929078014184398,1.545,0.2725,0.7275,0.833810888252149,705,400,False
model,0.8,0.6,3.0,0.2,score_point,0.009929078014184398,1.56,0.4,0.6,0.7418856259659968,705,400,False
model,0.78,0.5,3.5,0.2,score_point,0.009929078014184398,1.565,0.355,0.645,0.7759398496240603,705,400,False
model,0.69,1.0,3.5,0.2,score_point,0.009929078014184398,1.58125,0.2325,0.7675,0.8599439775910364,705,400,False
model,0.79,0.5,3.5,0.2,score_point,0.009929078014184398,1.61,0.37,0.63,0.7647951441578149,705,400,False
model,0.81,0.6,3.0,0.2,score_point,0.009929078014184398,1.614,0.4225,0.5775,0.7241379310344828,705,400,False
model,0.82,0.6,3.0,0.2,score_point,0.009929078014184398,1.6740000000000002,0.4475,0.5525,0.7038216560509555,705,400,False
model,0.83,0.6,3.0,0.2,score_point,0.009929078014184398,1.74,0.475,0.525,0.6807131280388979,705,400,False
model,0.84,0.4,3.5,0.2,score_point,0.009929078014184398,1.95,0.5,0.5,0.6589785831960462,705,400,False
model,0.85,0.4,3.5,0.2,score_point,0.009929078014184398,2.074,0.54,0.46,0.622673434856176,705,400,False
model,0.86,0.4,3.5,0.2,score_point,0.009929078014184398,2.1747499999999995,0.5725,0.4275,0.5916955017301038,705,400,False
model,0.89,0.5,3.0,0.2,score_point,0.009929078014184398,2.23125,0.6925,0.3075,0.4641509433962264,705,400,False
model,0.9,0.3,3.0,0.2,score_point,0.009929078014184398,2.25075,0.7225,0.2775,0.4285714285714286,705,400,False
model,0.9,0.4,3.0,0.2,score_point,0.009929078014184398,2.2784999999999997,0.7225,0.2775,0.4285714285714286,705,400,False
model,0.87,0.4,3.5,0.2,score_point,0.009929078014184398,2.29875,0.6125,0.3875,0.5516014234875445,705,400,False
model,0.88,0.3,3.5,0.2,score_point,0.009929078014184398,2.404,0.6575,0.3425,0.5036764705882354,705,400,False
model,0.92,0.2,3.0,0.2,score_point,0.009929078014184398,2.4189999999999996,0.7925,0.2075,0.33877551020408164,705,400,False
model,0.63,0.8,3.5,0.2,score_point,0.011347517730496455,1.2927500000000003,0.1825,0.8175,0.8897959183673468,705,400,True
model,0.74,0.6,3.0,0.2,score_point,0.011347517730496455,1.3019999999999998,0.2925,0.7075,0.8191027496382055,705,400,False
model,0.72,0.7,3.0,0.2,score_point,0.011347517730496455,1.3094999999999999,0.265,0.735,0.8376068376068376,705,400,False
model,0.7,0.6,3.5,0.2,score_point,0.011347517730496455,1.3249999999999997,0.25,0.75,0.8474576271186441,705,400,False
model,0.73,0.7,3.0,0.2,score_point,0.011347517730496455,1.3267499999999999,0.2725,0.7275,0.832618025751073,705,400,False
model,0.75,0.6,3.0,0.2,score_point,0.011347517730496455,1.3319999999999999,0.305,0.695,0.8104956268221574,705,400,False
model,0.64,0.8,3.5,0.2,score_point,0.011347517730496455,1.3332500000000003,0.1975,0.8025,0.8806584362139918,705,400,False
model,0.71,0.6,3.5,0.2,score_point,0.011347517730496455,1.3467500000000001,0.2575,0.7425,0.8425531914893618,705,400,False
model,0.69,0.7,3.5,0.2,score_point,0.011347517730496455,1.3509999999999998,0.2325,0.7675,0.8587412587412586,705,400,False
model,0.65,0.8,3.5,0.2,score_point,0.011347517730496455,1.36025,0.2075,0.7925,0.8744827586206897,705,400,False
model,0.63,0.9,3.5,0.2,score_point,0.011347517730496455,1.3744999999999998,0.1825,0.8175,0.8897959183673468,705,400,False
model,0.74,0.5,3.5,0.2,score_point,0.011347517730496455,1.3775,0.2925,0.7075,0.8191027496382055,705,400,False
model,0.66,0.8,3.5,0.2,score_point,0.011347517730496455,1.3805,0.215,0.785,0.8698060941828254,705,400,False
model,0.67,0.8,3.5,0.2,score_point,0.011347517730496455,1.4007500000000002,0.2225,0.7775,0.8650904033379694,705,400,False
model,0.68,0.8,3.5,0.2,score_point,0.011347517730496455,1.4075000000000002,0.225,0.775,0.8635097493036212,705,400,False
model,0.64,0.9,3.5,0.2,score_point,0.011347517730496455,1.4135000000000002,0.1975,0.8025,0.8806584362139918,705,400,False
model,0.75,0.5,3.5,0.2,score_point,0.011347517730496455,1.415,0.305,0.695,0.8104956268221574,705,400,False
model,0.65,0.9,3.5,0.2,score_point,0.011347517730496455,1.4394999999999998,0.2075,0.7925,0.8744827586206897,705,400,False
model,0.63,1.0,3.5,0.2,score_point,0.011347517730496455,1.45625,0.1825,0.8175,0.8897959183673468,705,400,False
model,0.66,0.9,3.5,0.2,score_point,0.011347517730496455,1.459,0.215,0.785,0.8698060941828254,705,400,False
model,0.67,0.9,3.5,0.2,score_point,0.011347517730496455,1.4785,0.2225,0.7775,0.8650904033379694,705,400,False
model,0.68,0.9,3.5,0.2,score_point,0.011347517730496455,1.485,0.225,0.775,0.8635097493036212,705,400,False
model,0.64,1.0,3.5,0.2,score_point,0.011347517730496455,1.49375,0.1975,0.8025,0.8806584362139918,705,400,False
model,0.65,1.0,3.5,0.2,score_point,0.011347517730496455,1.51875,0.2075,0.7925,0.8744827586206897,705,400,False
model,0.66,1.0,3.5,0.2,score_point,0.011347517730496455,1.5375,0.215,0.785,0.8698060941828254,705,400,False
model,0.67,1.0,3.5,0.2,score_point,0.011347517730496455,1.55625,0.2225,0.7775,0.8650904033379694,705,400,False
model,0.68,1.0,3.5,0.2,score_point,0.011347517730496455,1.5625,0.225,0.775,0.8635097493036212,705,400,False
model,0.8,0.4,3.5,0.2,score_point,0.011347517730496455,1.64,0.4,0.6,0.7407407407407407,705,400,False
model,0.81,0.4,3.5,0.2,score_point,0.011347517730496455,1.7097499999999999,0.4225,0.5775,0.7230046948356809,705,400,False
model,0.84,0.5,3.0,0.2,score_point,0.011347517730496455,1.75,0.5,0.5,0.6578947368421052,705,400,False
model,0.82,0.4,3.5,0.2,score_point,0.011347517730496455,1.78725,0.4475,0.5525,0.7027027027027026,705,400,False
model,0.85,0.5,3.0,0.2,score_point,0.011347517730496455,1.85,0.54,0.46,0.6216216216216216,705,400,False
model,0.83,0.4,3.5,0.2,score_point,0.011347517730496455,1.8725,0.475,0.525,0.6796116504854369,705,400,False
model,0.86,0.5,3.0,0.2,score_point,0.011347517730496455,1.93125,0.5725,0.4275,0.5906735751295337,705,400,False
model,0.87,0.5,3.0,0.2,score_point,0.011347517730496455,2.03125,0.6125,0.3875,0.5506216696269982,705,400,False
model,0.88,0.5,3.0,0.2,score_point,0.011347517730496455,2.14375,0.6575,0.3425,0.5027522935779816,705,400,False
model,0.89,0.4,3.0,0.2,score_point,0.011347517730496455,2.2005,0.6925,0.3075,0.46327683615819204,705,400,False
model,0.91,0.2,3.0,0.2,score_point,0.011347517730496455,2.3280000000000003,0.76,0.24,0.38095238095238093,705,400,False
model,0.89,0.2,3.5,0.2,score_point,0.011347517730496455,2.4852499999999997,0.6925,0.3075,0.46327683615819204,705,400,False
model,0.72,0.6,3.0,0.2,score_point,0.01276595744680851,1.236,0.265,0.735,0.8364153627311522,705,400,True
model,0.64,0.7,3.5,0.2,score_point,0.01276595744680851,1.253,0.1975,0.8025,0.8794520547945205,705,400,False
model,0.73,0.6,3.0,0.2,score_point,0.01276595744680851,1.254,0.2725,0.7275,0.8314285714285715,705,400,False
model,0.69,0.6,3.5,0.2,score_point,0.01276595744680851,1.2742499999999999,0.2325,0.7675,0.8575418994413407,705,400,False
model,0.65,0.7,3.5,0.2,score_point,0.01276595744680851,1.281,0.2075,0.7925,0.8732782369146006,705,400,False
model,0.72,0.5,3.5,0.2,score_point,0.01276595744680851,1.295,0.265,0.735,0.8364153627311522,705,400,False
model,0.66,0.7,3.5,0.2,score_point,0.01276595744680851,1.3019999999999998,0.215,0.785,0.8686030428769017,705,400,False
model,0.73,0.5,3.5,0.2,score_point,0.01276595744680851,1.3175,0.2725,0.7275,0.8314285714285715,705,400,False
model,0.67,0.7,3.5,0.2,score_point,0.01276595744680851,1.3229999999999997,0.2225,0.7775,0.8638888888888888,705,400,False
model,0.68,0.7,3.5,0.2,score_point,0.01276595744680851,1.3299999999999996,0.225,0.775,0.8623087621696802,705,400,False
model,0.7,0.8,3.0,0.2,score_point,0.01276595744680851,1.35,0.25,0.75,0.846262341325811,705,400,False
model,0.71,0.8,3.0,0.2,score_point,0.01276595744680851,1.3665000000000003,0.2575,0.7425,0.8413597733711048,705,400,False
model,0.7,0.9,3.0,0.2,score_point,0.01276595744680851,1.425,0.25,0.75,0.846262341325811,705,400,False
model,0.71,0.9,3.0,0.2,score_point,0.01276595744680851,1.44075,0.2575,0.7425,0.8413597733711048,705,400,False
model,0.7,1.0,3.0,0.2,score_point,0.01276595744680851,1.5,0.25,0.75,0.846262341325811,705,400,False
model,0.8,0.5,3.0,0.2,score_point,0.01276595744680851,1.5,0.4,0.6,0.7395993836671803,705,400,False
model,0.71,1.0,3.0,0.2,score_point,0.01276595744680851,1.515,0.2575,0.7425,0.8413597733711048,705,400,False
model,0.79,0.4,3.5,0.2,score_point,0.01276595744680851,1.547,0.37,0.63,0.762481089258699,705,400,False
model,0.81,0.5,3.0,0.2,score_point,0.01276595744680851,1.55625,0.4225,0.5775,0.721875,705,400,False
model,0.82,0.5,3.0,0.2,score_point,0.01276595744680851,1.61875,0.4475,0.5525,0.7015873015873016,705,400,False
model,0.84,0.8,2.5,0.2,score_point,0.01276595744680851,1.6500000000000004,0.5,0.5,0.6568144499178982,705,400,False
model,0.83,0.5,3.0,0.2,score_point,0.01276595744680851,1.6875,0.475,0.525,0.6785137318255251,705,400,False
model,0.84,0.9,2.5,0.2,score_point,0.01276595744680851,1.7,0.5,0.5,0.6568144499178982,705,400,False
model,0.85,0.8,2.5,0.2,score_point,0.01276595744680851,1.7180000000000002,0.54,0.46,0.6205733558178752,705,400,False
model,0.84,1.0,2.5,0.2,score_point,0.01276595744680851,1.75,0.5,0.5,0.6568144499178982,705,400,False
model,0.85,0.9,2.5,0.2,score_point,0.01276595744680851,1.764,0.54,0.46,0.6205733558178752,705,400,False
model,0.86,0.8,2.5,0.2,score_point,0.01276595744680851,1.7732500000000002,0.5725,0.4275,0.5896551724137931,705,400,False
model,0.85,1.0,2.5,0.2,score_point,0.01276595744680851,1.81,0.54,0.46,0.6205733558178752,705,400,False
model,0.86,0.9,2.5,0.2,score_point,0.01276595744680851,1.8159999999999996,0.5725,0.4275,0.5896551724137931,705,400,False
model,0.87,0.8,2.5,0.2,score_point,0.01276595744680851,1.84125,0.6125,0.3875,0.549645390070922,705,400,False
model,0.86,1.0,2.5,0.2,score_point,0.01276595744680851,1.85875,0.5725,0.4275,0.5896551724137931,705,400,False
model,0.87,0.9,2.5,0.2,score_point,0.01276595744680851,1.88,0.6125,0.3875,0.549645390070922,705,400,False
model,0.84,0.3,3.5,0.2,score_point,0.01276595744680851,1.9000000000000004,0.5,0.5,0.6568144499178982,705,400,False
model,0.88,0.8,2.5,0.2,score_point,0.01276595744680851,1.91775,0.6575,0.3425,0.5018315018315018,705,400,False
model,0.87,1.0,2.5,0.2,score_point,0.01276595744680851,1.91875,0.6125,0.3875,0.549645390070922,705,400,False
model,0.88,0.9,2.5,0.2,score_point,0.01276595744680851,1.952,0.6575,0.3425,0.5018315018315018,705,400,False
model,0.89,0.8,2.5,0.2,score_point,0.01276595744680851,1.9772500000000002,0.6925,0.3075,0.46240601503759393,705,400,False
model,0.88,1.0,2.5,0.2,score_point,0.01276595744680851,1.98625,0.6575,0.3425,0.5018315018315018,705,400,False
model,0.89,0.9,2.5,0.2,score_point,0.01276595744680851,2.008,0.6925,0.3075,0.46240601503759393,705,400,False
model,0.85,0.3,3.5,0.2,score_point,0.01276595744680851,2.028,0.54,0.46,0.6205733558178752,705,400,False
model,0.9,0.8,2.5,0.2,score_point,0.01276595744680851,2.0282500000000003,0.7225,0.2775,0.4269230769230769,705,400,False
model,0.89,1.0,2.5,0.2,score_point,0.01276595744680851,2.03875,0.6925,0.3075,0.46240601503759393,705,400,False
model,0.9,0.9,2.5,0.2,score_point,0.01276595744680851,2.056,0.7225,0.2775,0.4269230769230769,705,400,False
model,0.9,1.0,2.5,0.2,score_point,0.01276595744680851,2.08375,0.7225,0.2775,0.4269230769230769,705,400,False
model,0.92,0.5,2.5,0.2,score_point,0.01276595744680851,2.085,0.7925,0.2075,0.33739837398373984,705,400,False
model,0.91,0.8,2.5,0.2,score_point,0.01276595744680851,2.092,0.76,0.24,0.38019801980198015,705,400,False
model,0.92,0.6,2.5,0.2,score_point,0.01276595744680851,2.10575,0.7925,0.2075,0.33739837398373984,705,400,False
model,0.88,0.4,3.0,0.2,score_point,0.01276595744680851,2.1094999999999997,0.6575,0.3425,0.5018315018315018,705,400,False
model,0.91,0.9,2.5,0.2,score_point,0.01276595744680851,2.116,0.76,0.24,0.38019801980198015,705,400,False
model,0.92,0.7,2.5,0.2,score_point,0.01276595744680851,2.1264999999999996,0.7925,0.2075,0.33739837398373984,705,400,False
model,0.86,0.3,3.5,0.2,score_point,0.01276595744680851,2.132,0.5725,0.4275,0.5896551724137931,705,400,False
model,0.91,1.0,2.5,0.2,score_point,0.01276595744680851,2.14,0.76,0.24,0.38019801980198015,705,400,False
model,0.92,0.8,2.5,0.2,score_point,0.01276595744680851,2.14725,0.7925,0.2075,0.33739837398373984,705,400,False
model,0.93,0.5,2.5,0.2,score_point,0.01276595744680851,2.15,0.825,0.175,0.29227557411273486,705,400,False
model,0.93,0.6,2.5,0.2,score_point,0.01276595744680851,2.1675,0.825,0.175,0.29227557411273486,705,400,False
model,0.92,0.9,2.5,0.2,score_point,0.01276595744680851,2.168,0.7925,0.2075,0.33739837398373984,705,400,False
model,0.89,0.3,3.0,0.2,score_point,0.01276595744680851,2.16975,0.6925,0.3075,0.46240601503759393,705,400,False
model,0.93,0.7,2.5,0.2,score_point,0.01276595744680851,2.185,0.825,0.175,0.29227557411273486,705,400,False
model,0.92,1.0,2.5,0.2,score_point,0.01276595744680851,2.18875,0.7925,0.2075,0.33739837398373984,705,400,False
model,0.93,0.8,2.5,0.2,score_point,0.01276595744680851,2.2025,0.825,0.175,0.29227557411273486,705,400,False
model,0.93,0.9,2.5,0.2,score_point,0.01276595744680851,2.22,0.825,0.175,0.29227557411273486,705,400,False
model,0.9,0.2,3.0,0.2,score_point,0.01276595744680851,2.2229999999999994,0.7225,0.2775,0.4269230769230769,705,400,False
model,0.93,1.0,2.5,0.2,score_point,0.01276595744680851,2.2375,0.825,0.175,0.29227557411273486,705,400,False
model,0.94,0.5,2.5,0.2,score_point,0.01276595744680851,2.25,0.875,0.125,0.2178649237472767,705,400,False
model,0.87,0.3,3.5,0.2,score_point,0.01276595744680851,2.26,0.6125,0.3875,0.549645390070922,705,400,False
model,0.94,0.6,2.5,0.2,score_point,0.01276595744680851,2.2625,0.875,0.125,0.2178649237472767,705,400,False
model,0.94,0.7,2.5,0.2,score_point,0.01276595744680851,2.275,0.875,0.125,0.2178649237472767,705,400,False
model,0.94,0.8,2.5,0.2,score_point,0.01276595744680851,2.2875,0.875,0.125,0.2178649237472767,705,400,False
model,0.94,0.9,2.5,0.2,score_point,0.01276595744680851,2.3,0.875,0.125,0.2178649237472767,705,400,False
model,0.94,1.0,2.5,0.2,score_point,0.01276595744680851,2.3125,0.875,0.125,0.2178649237472767,705,400,False
model,0.95,0.2,2.5,0.2,score_point,0.01276595744680851,2.362,0.94,0.06,0.11085450346420321,705,400,False
model,0.95,0.3,2.5,0.2,score_point,0.01276595744680851,2.3680000000000003,0.94,0.06,0.11085450346420321,705,400,False
model,0.88,0.2,3.5,0.2,score_point,0.01276595744680851,2.36975,0.6575,0.3425,0.5018315018315018,705,400,False
model,0.95,0.4,2.5,0.2,score_point,0.01276595744680851,2.3739999999999997,0.94,0.06,0.11085450346420321,705,400,False
model,0.95,0.5,2.5,0.2,score_point,0.01276595744680851,2.38,0.94,0.06,0.11085450346420321,705,400,False
model,0.95,0.6,2.5,0.2,score_point,0.01276595744680851,2.386,0.94,0.06,0.11085450346420321,705,400,False
model,0.95,0.7,2.5,0.2,score_point,0.01276595744680851,2.392,0.94,0.06,0.11085450346420321,705,400,False
model,0.95,0.8,2.5,0.2,score_point,0.01276595744680851,2.398,0.94,0.06,0.11085450346420321,705,400,False
model,0.95,0.9,2.5,0.2,score_point,0.01276595744680851,2.404,0.94,0.06,0.11085450346420321,705,400,False
model,0.95,1.0,2.5,0.2,score_point,0.01276595744680851,2.41,0.94,0.06,0.11085450346420321,705,400,False
model,0.96,0.2,2.5,0.2,score_point,0.01276595744680851,2.42525,0.9675,0.0325,0.06161137440758294,705,400,False
model,0.96,0.3,2.5,0.2,score_point,0.01276595744680851,2.4285,0.9675,0.0325,0.06161137440758294,705,400,False
model,0.96,0.4,2.5,0.2,score_point,0.01276595744680851,2.43175,0.9675,0.0325,0.06161137440758294,705,400,False
model,0.96,0.5,2.5,0.2,score_point,0.01276595744680851,2.435,0.9675,0.0325,0.06161137440758294,705,400,False
model,0.96,0.6,2.5,0.2,score_point,0.01276595744680851,2.43825,0.9675,0.0325,0.06161137440758294,705,400,False
model,0.96,0.7,2.5,0.2,score_point,0.01276595744680851,2.4414999999999996,0.9675,0.0325,0.06161137440758294,705,400,False
model,0.96,0.8,2.5,0.2,score_point,0.01276595744680851,2.4447500000000004,0.9675,0.0325,0.06161137440758294,705,400,False
model,0.96,0.9,2.5,0.2,score_point,0.01276595744680851,2.448,0.9675,0.0325,0.06161137440758294,705,400,False
model,0.96,1.0,2.5,0.2,score_point,0.01276595744680851,2.45125,0.9675,0.0325,0.06161137440758294,705,400,False
model,0.97,0.2,2.5,0.2,score_point,0.01276595744680851,2.454,0.98,0.02,0.03836930455635492,705,400,False
model,0.97,0.3,2.5,0.2,score_point,0.01276595744680851,2.456,0.98,0.02,0.03836930455635492,705,400,False
model,0.97,0.4,2.5,0.2,score_point,0.01276595744680851,2.458,0.98,0.02,0.03836930455635492,705,400,False
model,0.97,0.5,2.5,0.2,score_point,0.01276595744680851,2.46,0.98,0.02,0.03836930455635492,705,400,False
model,0.97,0.6,2.5,0.2,score_point,0.01276595744680851,2.4619999999999997,0.98,0.02,0.03836930455635492,705,400,False
model,0.97,0.7,2.5,0.2,score_point,0.01276595744680851,2.464,0.98,0.02,0.03836930455635492,705,400,False
model,0.97,0.8,2.5,0.2,score_point,0.01276595744680851,2.4659999999999997,0.98,0.02,0.03836930455635492,705,400,False
model,0.97,0.9,2.5,0.2,score_point,0.01276595744680851,2.468,0.98,0.02,0.03836930455635492,705,400,False
model,0.97,1.0,2.5,0.2,score_point,0.01276595744680851,2.47,0.98,0.02,0.03836930455635492,705,400,False
model,0.98,0.2,2.5,0.2,score_point,0.01276595744680851,2.49425,0.9975,0.0025,0.004878048780487805,705,400,False
model,0.98,0.3,2.5,0.2,score_point,0.01276595744680851,2.4945,0.9975,0.0025,0.004878048780487805,705,400,False
model,0.98,0.4,2.5,0.2,score_point,0.01276595744680851,2.49475,0.9975,0.0025,0.004878048780487805,705,400,False
model,0.98,0.5,2.5,0.2,score_point,0.01276595744680851,2.495,0.9975,0.0025,0.004878048780487805,705,400,False
model,0.98,0.6,2.5,0.2,score_point,0.01276595744680851,2.49525,0.9975,0.0025,0.004878048780487805,705,400,False
model,0.98,0.7,2.5,0.2,score_point,0.01276595744680851,2.4955000000000003,0.9975,0.0025,0.004878048780487805,705,400,False
model,0.98,0.8,2.5,0.2,score_point,0.01276595744680851,2.4957499999999997,0.9975,0.0025,0.004878048780487805,705,400,False
model,0.98,0.9,2.5,0.2,score_point,0.01276595744680851,2.496,0.9975,0.0025,0.004878048780487805,705,400,False
model,0.98,1.0,2.5,0.2,score_point,0.01276595744680851,2.49625,0.9975,0.0025,0.004878048780487805,705,400,False
model,0.99,0.2,2.5,0.2,score_point,0.01276595744680851,2.5,1.0,0.0,0.0,705,400,False
model,1.0,0.2,2.5,0.2,score_point,0.01276595744680851,2.5,1.0,0.0,0.0,705,400,False
model,0.99,0.3,2.5,0.2,score_point,0.01276595744680851,2.5,1.0,0.0,0.0,705,400,False
model,1.0,0.3,2.5,0.2,score_point,0.01276595744680851,2.5,1.0,0.0,0.0,705,400,False
model,0.99,0.4,2.5,0.2,score_point,0.01276595744680851,2.5,1.0,0.0,0.0,705,400,False
model,1.0,0.4,2.5,0.2,score_point,0.01276595744680851,2.5,1.0,0.0,0.0,705,400,False
model,0.99,0.5,2.5,0.2,score_point,0.01276595744680851,2.5,1.0,0.0,0.0,705,400,False
model,1.0,0.5,2.5,0.2,score_point,0.01276595744680851,2.5,1.0,0.0,0.0,705,400,False
model,0.99,0.6,2.5,0.2,score_point,0.01276595744680851,2.5,1.0,0.0,0.0,705,400,False
model,1.0,0.6,2.5,0.2,score_point,0.01276595744680851,2.5,1.0,0.0,0.0,705,400,False
model,0.99,0.7,2.5,0.2,score_point,0.01276595744680851,2.5,1.0,0.0,0.0,705,400,False
model,1.0,0.7,2.5,0.2,score_point,0.01276595744680851,2.5,1.0,0.0,0.0,705,400,False
model,0.99,0.8,2.5,0.2,score_point,0.01276595744680851,2.5,1.0,0.0,0.0,705,400,False
model,1.0,0.8,2.5,0.2,score_point,0.01276595744680851,2.5,1.0,0.0,0.0,705,400,False
model,0.99,0.9,2.5,0.2,score_point,0.01276595744680851,2.5,1.0,0.0,0.0,705,400,False
model,1.0,0.9,2.5,0.2,score_point,0.01276595744680851,2.5,1.0,0.0,0.0,705,400,False
model,0.99,1.0,2.5,0.2,score_point,0.01276595744680851,2.5,1.0,0.0,0.0,705,400,False
model,1.0,1.0,2.5,0.2,score_point,0.01276595744680851,2.5,1.0,0.0,0.0,705,400,False
model,0.64,0.6,3.5,0.2,score_point,0.014184397163120567,1.1727499999999997,0.1975,0.8025,0.8782489740082079,705,400,True
model,0.65,0.6,3.5,0.2,score_point,0.014184397163120567,1.2017499999999999,0.2075,0.7925,0.8720770288858323,705,400,False
model,0.63,0.7,3.5,0.2,score_point,0.014184397163120567,1.2109999999999999,0.1825,0.8175,0.887381275440977,705,400,False
model,0.66,0.6,3.5,0.2,score_point,0.014184397163120567,1.2235,0.215,0.785,0.867403314917127,705,400,False
model,0.67,0.6,3.5,0.2,score_point,0.014184397163120567,1.24525,0.2225,0.7775,0.8626907073509014,705,400,False
model,0.68,0.6,3.5,0.2,score_point,0.014184397163120567,1.2525,0.225,0.775,0.8611111111111113,705,400,False
model,0.7,0.7,3.0,0.2,score_point,0.014184397163120567,1.275,0.25,0.75,0.8450704225352113,705,400,False
model,0.61,0.8,3.5,0.2,score_point,0.014184397163120567,1.2860000000000003,0.18,0.82,0.8888888888888888,705,400,False
model,0.71,0.7,3.0,0.2,score_point,0.014184397163120567,1.2922499999999997,0.2575,0.7425,0.8401697312588401,705,400,False
model,0.62,0.8,3.5,0.2,score_point,0.014184397163120567,1.2927500000000003,0.1825,0.8175,0.887381275440977,705,400,False
model,0.69,0.8,3.0,0.2,score_point,0.014184397163120567,1.3115000000000003,0.2325,0.7675,0.8563458856345886,705,400,False
model,0.76,0.5,3.0,0.2,score_point,0.014184397163120567,1.325,0.33,0.67,0.7905604719764011,705,400,False
model,0.77,0.5,3.0,0.2,score_point,0.014184397163120567,1.35,0.34,0.66,0.7833827893175075,705,400,False
model,0.76,0.8,2.5,0.2,score_point,0.014184397163120567,1.3610000000000002,0.33,0.67,0.7905604719764011,705,400,False
model,0.61,0.9,3.5,0.2,score_point,0.014184397163120567,1.368,0.18,0.82,0.8888888888888888,705,400,False
model,0.62,0.9,3.5,0.2,score_point,0.014184397163120567,1.3744999999999998,0.1825,0.8175,0.887381275440977,705,400,False
model,0.77,0.8,2.5,0.2,score_point,0.014184397163120567,1.3780000000000001,0.34,0.66,0.7833827893175075,705,400,False
model,0.78,0.5,3.0,0.2,score_point,0.014184397163120567,1.3875,0.355,0.645,0.7724550898203593,705,400,False
model,0.69,0.9,3.0,0.2,score_point,0.014184397163120567,1.38825,0.2325,0.7675,0.8563458856345886,705,400,False
model,0.78,0.8,2.5,0.2,score_point,0.014184397163120567,1.4035000000000002,0.355,0.645,0.7724550898203593,705,400,False
model,0.76,0.4,3.5,0.2,score_point,0.014184397163120567,1.423,0.33,0.67,0.7905604719764011,705,400,False
model,0.79,0.5,3.0,0.2,score_point,0.014184397163120567,1.425,0.37,0.63,0.7613293051359518,705,400,False
model,0.76,0.9,2.5,0.2,score_point,0.014184397163120567,1.4280000000000002,0.33,0.67,0.7905604719764011,705,400,False
model,0.79,0.8,2.5,0.2,score_point,0.014184397163120567,1.4290000000000003,0.37,0.63,0.7613293051359518,705,400,False
model,0.77,0.9,2.5,0.2,score_point,0.014184397163120567,1.444,0.34,0.66,0.7833827893175075,705,400,False
model,0.61,1.0,3.5,0.2,score_point,0.014184397163120567,1.45,0.18,0.82,0.8888888888888888,705,400,False
model,0.77,0.4,3.5,0.2,score_point,0.014184397163120567,1.4539999999999997,0.34,0.66,0.7833827893175075,705,400,False
model,0.62,1.0,3.5,0.2,score_point,0.014184397163120567,1.45625,0.1825,0.8175,0.887381275440977,705,400,False
model,0.69,1.0,3.0,0.2,score_point,0.014184397163120567,1.465,0.2325,0.7675,0.8563458856345886,705,400,False
model,0.78,0.9,2.5,0.2,score_point,0.014184397163120567,1.4680000000000002,0.355,0.645,0.7724550898203593,705,400,False
model,0.8,0.8,2.5,0.2,score_point,0.014184397163120567,1.48,0.4,0.6,0.7384615384615384,705,400,False
model,0.79,0.9,2.5,0.2,score_point,0.014184397163120567,1.492,0.37,0.63,0.7613293051359518,705,400,False
model,0.76,1.0,2.5,0.2,score_point,0.014184397163120567,1.495,0.33,0.67,0.7905604719764011,705,400,False
model,0.78,0.4,3.5,0.2,score_point,0.014184397163120567,1.5005000000000002,0.355,0.645,0.7724550898203593,705,400,False
model,0.77,1.0,2.5,0.2,score_point,0.014184397163120567,1.51,0.34,0.66,0.7833827893175075,705,400,False
model,0.81,0.8,2.5,0.2,score_point,0.014184397163120567,1.51825,0.4225,0.5775,0.7207488299531981,705,400,False
model,0.78,1.0,2.5,0.2,score_point,0.014184397163120567,1.5325,0.355,0.645,0.7724550898203593,705,400,False
model,0.8,0.9,2.5,0.2,score_point,0.014184397163120567,1.54,0.4,0.6,0.7384615384615384,705,400,False
model,0.79,1.0,2.5,0.2,score_point,0.014184397163120567,1.555,0.37,0.63,0.7613293051359518,705,400,False
model,0.82,0.8,2.5,0.2,score_point,0.014184397163120567,1.56075,0.4475,0.5525,0.7004754358161648,705,400,False
model,0.81,0.9,2.5,0.2,score_point,0.014184397163120567,1.5759999999999998,0.4225,0.5775,0.7207488299531981,705,400,False
model,0.8,0.3,3.5,0.2,score_point,0.014184397163120567,1.58,0.4,0.6,0.7384615384615384,705,400,False
model,0.84,0.7,2.5,0.2,score_point,0.014184397163120567,1.5999999999999996,0.5,0.5,0.6557377049180327,705,400,False
model,0.8,1.0,2.5,0.2,score_point,0.014184397163120567,1.6,0.4,0.6,0.7384615384615384,705,400,False
model,0.83,0.8,2.5,0.2,score_point,0.014184397163120567,1.6075000000000004,0.475,0.525,0.6774193548387099,705,400,False
model,0.82,0.9,2.5,0.2,score_point,0.014184397163120567,1.6159999999999999,0.4475,0.5525,0.7004754358161648,705,400,False
model,0.81,1.0,2.5,0.2,score_point,0.014184397163120567,1.63375,0.4225,0.5775,0.7207488299531981,705,400,False
model,0.81,0.3,3.5,0.2,score_point,0.014184397163120567,1.6520000000000001,0.4225,0.5775,0.7207488299531981,705,400,False
model,0.83,0.9,2.5,0.2,score_point,0.014184397163120567,1.66,0.475,0.525,0.6774193548387099,705,400,False
model,0.82,1.0,2.5,0.2,score_point,0.014184397163120567,1.67125,0.4475,0.5525,0.7004754358161648,705,400,False
model,0.85,0.7,2.5,0.2,score_point,0.014184397163120567,1.672,0.54,0.46,0.6195286195286196,705,400,False
model,0.84,0.4,3.0,0.2,score_point,0.014184397163120567,1.7,0.5,0.5,0.6557377049180327,705,400,False
model,0.83,1.0,2.5,0.2,score_point,0.014184397163120567,1.7125,0.475,0.525,0.6774193548387099,705,400,False
model,0.86,0.7,2.5,0.2,score_point,0.014184397163120567,1.7305,0.5725,0.4275,0.5886402753872633,705,400,False
model,0.82,0.3,3.5,0.2,score_point,0.014184397163120567,1.7320000000000002,0.4475,0.5525,0.7004754358161648,705,400,False
model,0.87,0.7,2.5,0.2,score_point,0.014184397163120567,1.8025,0.6125,0.3875,0.5486725663716815,705,400,False
model,0.85,0.4,3.0,0.2,score_point,0.014184397163120567,1.8039999999999998,0.54,0.46,0.6195286195286196,705,400,False
model,0.83,0.3,3.5,0.2,score_point,0.014184397163120567,1.8200000000000003,0.475,0.525,0.6774193548387099,705,400,False
model,0.88,0.7,2.5,0.2,score_point,0.014184397163120567,1.8835,0.6575,0.3425,0.5009140767824497,705,400,False
model,0.86,0.4,3.0,0.2,score_point,0.014184397163120567,1.8884999999999996,0.5725,0.4275,0.5886402753872633,705,400,False
model,0.89,0.7,2.5,0.2,score_point,0.014184397163120567,1.9464999999999997,0.6925,0.3075,0.4615384615384615,705,400,False
model,0.87,0.4,3.0,0.2,score_point,0.014184397163120567,1.9925,0.6125,0.3875,0.5486725663716815,705,400,False
model,0.9,0.7,2.5,0.2,score_point,0.014184397163120567,2.0004999999999997,0.7225,0.2775,0.4261036468330135,705,400,False
model,0.91,0.5,2.5,0.2,score_point,0.014184397163120567,2.02,0.76,0.24,0.3794466403162055,705,400,False
model,0.92,0.3,2.5,0.2,score_point,0.014184397163120567,2.0435000000000003,0.7925,0.2075,0.3367139959432049,705,400,False
model,0.91,0.6,2.5,0.2,score_point,0.014184397163120567,2.044,0.76,0.24,0.3794466403162055,705,400,False
model,0.92,0.4,2.5,0.2,score_point,0.014184397163120567,2.06425,0.7925,0.2075,0.3367139959432049,705,400,False
model,0.91,0.7,2.5,0.2,score_point,0.014184397163120567,2.0679999999999996,0.76,0.24,0.3794466403162055,705,400,False
model,0.88,0.3,3.0,0.2,score_point,0.014184397163120567,2.07525,0.6575,0.3425,0.5009140767824497,705,400,False
model,0.93,0.3,2.5,0.2,score_point,0.014184397163120567,2.115,0.825,0.175,0.29166666666666663,705,400,False
model,0.93,0.4,2.5,0.2,score_point,0.014184397163120567,2.1325,0.825,0.175,0.29166666666666663,705,400,False
model,0.94,0.2,2.5,0.2,score_point,0.014184397163120567,2.2125,0.875,0.125,0.21739130434782608,705,400,False
model,0.94,0.3,2.5,0.2,score_point,0.014184397163120567,2.225,0.875,0.125,0.21739130434782608,705,400,False
model,0.94,0.4,2.5,0.2,score_point,0.014184397163120567,2.2375,0.875,0.125,0.21739130434782608,705,400,False
model,0.63,0.6,3.5,0.2,score_point,0.015602836879432624,1.1292499999999999,0.1825,0.8175,0.8861788617886178,705,400,True
model,0.7,0.6,3.0,0.2,score_point,0.015602836879432624,1.2,0.25,0.75,0.8438818565400843,705,400,False
model,0.63,0.8,3.0,0.2,score_point,0.015602836879432624,1.2015000000000002,0.1825,0.8175,0.8861788617886178,705,400,False
model,0.71,0.6,3.0,0.2,score_point,0.015602836879432624,1.2179999999999997,0.2575,0.7425,0.8389830508474576,705,400,False
model,0.74,0.5,3.0,0.2,score_point,0.015602836879432624,1.23125,0.2925,0.7075,0.8155619596541787,705,400,False
model,0.64,0.8,3.0,0.2,score_point,0.015602836879432624,1.2345000000000002,0.1975,0.8025,0.8770491803278688,705,400,False
model,0.69,0.7,3.0,0.2,score_point,0.015602836879432624,1.2347499999999998,0.2325,0.7675,0.8551532033426184,705,400,False
model,0.59,0.8,3.5,0.2,score_point,0.015602836879432624,1.2455000000000003,0.165,0.835,0.8966442953020135,705,400,False
model,0.7,0.5,3.5,0.2,score_point,0.015602836879432624,1.25,0.25,0.75,0.8438818565400843,705,400,False
model,0.65,0.8,3.0,0.2,score_point,0.015602836879432624,1.2565000000000004,0.2075,0.7925,0.8708791208791209,705,400,False
model,0.75,0.5,3.0,0.2,score_point,0.015602836879432624,1.2625,0.305,0.695,0.8069666182873729,705,400,False
model,0.71,0.5,3.5,0.2,score_point,0.015602836879432624,1.2725,0.2575,0.7425,0.8389830508474576,705,400,False
model,0.6,0.8,3.5,0.2,score_point,0.015602836879432624,1.2725000000000002,0.175,0.825,0.8906882591093117,705,400,False
model,0.66,0.8,3.0,0.2,score_point,0.015602836879432624,1.2730000000000001,0.215,0.785,0.8662068965517242,705,400,False
model,0.63,0.9,3.0,0.2,score_point,0.015602836879432624,1.2832499999999998,0.1825,0.8175,0.8861788617886178,705,400,False
model,0.67,0.8,3.0,0.2,score_point,0.015602836879432624,1.2895,0.2225,0.7775,0.8614958448753461,705,400,False
model,0.76,0.7,2.5,0.2,score_point,0.015602836879432624,1.2939999999999998,0.33,0.67,0.7893961708394698,705,400,False
model,0.68,0.8,3.0,0.2,score_point,0.015602836879432624,1.2950000000000004,0.225,0.775,0.8599167822468794,705,400,False
model,0.74,0.8,2.5,0.2,score_point,0.015602836879432624,1.2972500000000002,0.2925,0.7075,0.8155619596541787,705,400,False
model,0.74,0.4,3.5,0.2,score_point,0.015602836879432624,1.30675,0.2925,0.7075,0.8155619596541787,705,400,False
model,0.77,0.7,2.5,0.2,score_point,0.015602836879432624,1.3119999999999998,0.34,0.66,0.7822222222222223,705,400,False
model,0.64,0.9,3.0,0.2,score_point,0.015602836879432624,1.3147499999999999,0.1975,0.8025,0.8770491803278688,705,400,False
model,0.75,0.8,2.5,0.2,score_point,0.015602836879432624,1.3185000000000002,0.305,0.695,0.8069666182873729,705,400,False
model,0.59,0.9,3.5,0.2,score_point,0.015602836879432624,1.329,0.165,0.835,0.8966442953020135,705,400,False
model,0.65,0.9,3.0,0.2,score_point,0.015602836879432624,1.33575,0.2075,0.7925,0.8708791208791209,705,400,False
model,0.78,0.7,2.5,0.2,score_point,0.015602836879432624,1.3389999999999997,0.355,0.645,0.7713004484304933,705,400,False
model,0.75,0.4,3.5,0.2,score_point,0.015602836879432624,1.3455000000000001,0.305,0.695,0.8069666182873729,705,400,False
model,0.66,0.9,3.0,0.2,score_point,0.015602836879432624,1.3515000000000001,0.215,0.785,0.8662068965517242,705,400,False
model,0.6,0.9,3.5,0.2,score_point,0.015602836879432624,1.355,0.175,0.825,0.8906882591093117,705,400,False
model,0.63,1.0,3.0,0.2,score_point,0.015602836879432624,1.365,0.1825,0.8175,0.8861788617886178,705,400,False
model,0.79,0.7,2.5,0.2,score_point,0.015602836879432624,1.3659999999999997,0.37,0.63,0.760180995475113,705,400,False
model,0.67,0.9,3.0,0.2,score_point,0.015602836879432624,1.3672500000000003,0.2225,0.7775,0.8614958448753461,705,400,False
model,0.74,0.9,2.5,0.2,score_point,0.015602836879432624,1.368,0.2925,0.7075,0.8155619596541787,705,400,False
model,0.68,0.9,3.0,0.2,score_point,0.015602836879432624,1.3725,0.225,0.775,0.8599167822468794,705,400,False
model,0.75,0.9,2.5,0.2,score_point,0.015602836879432624,1.3880000000000001,0.305,0.695,0.8069666182873729,705,400,False
model,0.64,1.0,3.0,0.2,score_point,0.015602836879432624,1.395,0.1975,0.8025,0.8770491803278688,705,400,False
model,0.59,1.0,3.5,0.2,score_point,0.015602836879432624,1.4125,0.165,0.835,0.8966442953020135,705,400,False
model,0.65,1.0,3.0,0.2,score_point,0.015602836879432624,1.415,0.2075,0.7925,0.8708791208791209,705,400,False
model,0.8,0.7,2.5,0.2,score_point,0.015602836879432624,1.42,0.4,0.6,0.7373271889400922,705,400,False
model,0.66,1.0,3.0,0.2,score_point,0.015602836879432624,1.43,0.215,0.785,0.8662068965517242,705,400,False
model,0.6,1.0,3.5,0.2,score_point,0.015602836879432624,1.4375,0.175,0.825,0.8906882591093117,705,400,False
model,0.74,1.0,2.5,0.2,score_point,0.015602836879432624,1.43875,0.2925,0.7075,0.8155619596541787,705,400,False
model,0.8,0.4,3.0,0.2,score_point,0.015602836879432624,1.44,0.4,0.6,0.7373271889400922,705,400,False
model,0.67,1.0,3.0,0.2,score_point,0.015602836879432624,1.445,0.2225,0.7775,0.8614958448753461,705,400,False
model,0.68,1.0,3.0,0.2,score_point,0.015602836879432624,1.45,0.225,0.775,0.8599167822468794,705,400,False
model,0.75,1.0,2.5,0.2,score_point,0.015602836879432624,1.4575,0.305,0.695,0.8069666182873729,705,400,False
model,0.81,0.7,2.5,0.2,score_point,0.015602836879432624,1.4605,0.4225,0.5775,0.719626168224299,705,400,False
model,0.79,0.3,3.5,0.2,score_point,0.015602836879432624,1.4840000000000004,0.37,0.63,0.760180995475113,705,400,False
model,0.81,0.4,3.0,0.2,score_point,0.015602836879432624,1.4985,0.4225,0.5775,0.719626168224299,705,400,False
model,0.82,0.7,2.5,0.2,score_point,0.015602836879432624,1.5054999999999998,0.4475,0.5525,0.6993670886075949,705,400,False
model,0.84,0.6,2.5,0.2,score_point,0.015602836879432624,1.55,0.5,0.5,0.6546644844517185,705,400,False
model,0.83,0.7,2.5,0.2,score_point,0.015602836879432624,1.5549999999999997,0.475,0.525,0.6763285024154589,705,400,False
model,0.82,0.4,3.0,0.2,score_point,0.015602836879432624,1.5635,0.4475,0.5525,0.6993670886075949,705,400,False
model,0.85,0.6,2.5,0.2,score_point,0.015602836879432624,1.626,0.54,0.46,0.6184873949579832,705,400,False
model,0.83,0.4,3.0,0.2,score_point,0.015602836879432624,1.635,0.475,0.525,0.6763285024154589,705,400,False
model,0.86,0.6,2.5,0.2,score_point,0.015602836879432624,1.6877500000000003,0.5725,0.4275,0.5876288659793815,705,400,False
model,0.87,0.6,2.5,0.2,score_point,0.015602836879432624,1.76375,0.6125,0.3875,0.5477031802120141,705,400,False
model,0.88,0.6,2.5,0.2,score_point,0.015602836879432624,1.84925,0.6575,0.3425,0.5,705,400,False
model,0.89,0.6,2.5,0.2,score_point,0.015602836879432624,1.91575,0.6925,0.3075,0.46067415730337075,705,400,False
model,0.9,0.5,2.5,0.2,score_point,0.015602836879432624,1.945,0.7225,0.2775,0.42528735632183906,705,400,False
model,0.91,0.3,2.5,0.2,score_point,0.015602836879432624,1.9720000000000002,0.76,0.24,0.37869822485207105,705,400,False
model,0.9,0.6,2.5,0.2,score_point,0.015602836879432624,1.97275,0.7225,0.2775,0.42528735632183906,705,400,False
model,0.91,0.4,2.5,0.2,score_point,0.015602836879432624,1.996,0.76,0.24,0.37869822485207105,705,400,False
model,0.86,0.2,3.5,0.2,score_point,0.015602836879432624,2.08925,0.5725,0.4275,0.5876288659793815,705,400,False
model,0.93,0.2,2.5,0.2,score_point,0.015602836879432624,2.0975,0.825,0.175,0.2910602910602911,705,400,False
model,0.89,0.2,3.0,0.2,score_point,0.015602836879432624,2.139,0.6925,0.3075,0.46067415730337075,705,400,False
model,0.87,0.2,3.5,0.2,score_point,0.015602836879432624,2.22125,0.6125,0.3875,0.5477031802120141,705,400,False
model,0.45,0.8,3.5,0.2,score_point,0.01702127659574468,1.0902500000000002,0.1075,0.8925,0.928478543563069,705,400,True
model,0.46,0.8,3.5,0.2,score_point,0.01702127659574468,1.1037500000000002,0.1125,0.8875,0.9256844850065189,705,400,False
model,0.47,0.8,3.5,0.2,score_point,0.01702127659574468,1.1105,0.115,0.885,0.9242819843342036,705,400,False
model,0.48,0.8,3.5,0.2,score_point,0.01702127659574468,1.1172500000000003,0.1175,0.8825,0.9228758169934641,705,400,False
model,0.36,0.9,3.5,0.2,score_point,0.01702127659574468,1.1275000000000002,0.0875,0.9125,0.9395109395109394,705,400,False
model,0.49,0.8,3.5,0.2,score_point,0.01702127659574468,1.1307500000000001,0.1225,0.8775,0.9200524246395805,705,400,False
model,0.37,0.9,3.5,0.2,score_point,0.01702127659574468,1.1340000000000001,0.09,0.91,0.9381443298969071,705,400,False
model,0.38,0.9,3.5,0.2,score_point,0.01702127659574468,1.1340000000000001,0.09,0.91,0.9381443298969071,705,400,False
model,0.5,0.8,3.5,0.2,score_point,0.01702127659574468,1.1375000000000002,0.125,0.875,0.9186351706036746,705,400,False
model,0.51,0.8,3.5,0.2,score_point,0.01702127659574468,1.1442500000000002,0.1275,0.8725,0.9172141918528254,705,400,False
model,0.52,0.8,3.5,0.2,score_point,0.01702127659574468,1.1442500000000002,0.1275,0.8725,0.9172141918528254,705,400,False
model,0.39,0.9,3.5,0.2,score_point,0.01702127659574468,1.1470000000000002,0.095,0.905,0.9354005167958656,705,400,False
model,0.4,0.9,3.5,0.2,score_point,0.01702127659574468,1.1470000000000002,0.095,0.905,0.9354005167958656,705,400,False
model,0.41,0.9,3.5,0.2,score_point,0.01702127659574468,1.1470000000000002,0.095,0.905,0.9354005167958656,705,400,False
model,0.42,0.9,3.5,0.2,score_point,0.01702127659574468,1.1470000000000002,0.095,0.905,0.9354005167958656,705,400,False
model,0.64,0.7,3.0,0.2,score_point,0.01702127659574468,1.1542499999999998,0.1975,0.8025,0.8758526603001364,705,400,False
model,0.53,0.8,3.5,0.2,score_point,0.01702127659574468,1.1577500000000003,0.1325,0.8675,0.9143610013175231,705,400,False
model,0.69,0.6,3.0,0.2,score_point,0.01702127659574468,1.158,0.2325,0.7675,0.8539638386648123,705,400,False
model,0.43,0.9,3.5,0.2,score_point,0.01702127659574468,1.1600000000000001,0.1,0.9,0.9326424870466321,705,400,False
model,0.44,0.9,3.5,0.2,score_point,0.01702127659574468,1.1600000000000001,0.1,0.9,0.9326424870466321,705,400,False
model,0.72,0.5,3.0,0.2,score_point,0.01702127659574468,1.1625,0.265,0.735,0.8328611898016998,705,400,False
model,0.54,0.8,3.5,0.2,score_point,0.01702127659574468,1.1712500000000001,0.1375,0.8625,0.9114927344782034,705,400,False
model,0.55,0.8,3.5,0.2,score_point,0.01702127659574468,1.1712500000000001,0.1375,0.8625,0.9114927344782034,705,400,False
model,0.65,0.7,3.0,0.2,score_point,0.01702127659574468,1.17725,0.2075,0.7925,0.8696844993141291,705,400,False
model,0.56,0.8,3.5,0.2,score_point,0.01702127659574468,1.1780000000000002,0.14,0.86,0.9100529100529101,705,400,False
model,0.45,0.9,3.5,0.2,score_point,0.01702127659574468,1.1795000000000002,0.1075,0.8925,0.928478543563069,705,400,False
model,0.73,0.5,3.0,0.2,score_point,0.01702127659574468,1.18125,0.2725,0.7275,0.8278805120910384,705,400,False
model,0.46,0.9,3.5,0.2,score_point,0.01702127659574468,1.1925000000000001,0.1125,0.8875,0.9256844850065189,705,400,False
model,0.66,0.7,3.0,0.2,score_point,0.01702127659574468,1.1945,0.215,0.785,0.8650137741046833,705,400,False
model,0.57,0.8,3.5,0.2,score_point,0.01702127659574468,1.1982500000000003,0.1475,0.8525,0.905710491367862,705,400,False
model,0.47,0.9,3.5,0.2,score_point,0.01702127659574468,1.199,0.115,0.885,0.9242819843342036,705,400,False
model,0.61,0.7,3.5,0.2,score_point,0.01702127659574468,1.2039999999999997,0.18,0.82,0.8864864864864864,705,400,False
model,0.48,0.9,3.5,0.2,score_point,0.01702127659574468,1.2055,0.1175,0.8825,0.9228758169934641,705,400,False
model,0.62,0.7,3.5,0.2,score_point,0.01702127659574468,1.2109999999999999,0.1825,0.8175,0.8849797023004059,705,400,False
model,0.67,0.7,3.0,0.2,score_point,0.01702127659574468,1.2117499999999999,0.2225,0.7775,0.8603042876901799,705,400,False
model,0.68,0.7,3.0,0.2,score_point,0.01702127659574468,1.2174999999999998,0.225,0.775,0.8587257617728532,705,400,False
model,0.49,0.9,3.5,0.2,score_point,0.01702127659574468,1.2185000000000001,0.1225,0.8775,0.9200524246395805,705,400,False
model,0.58,0.8,3.5,0.2,score_point,0.01702127659574468,1.2185000000000001,0.155,0.845,0.9013333333333333,705,400,False
model,0.36,1.0,3.5,0.2,score_point,0.01702127659574468,1.21875,0.0875,0.9125,0.9395109395109394,705,400,False
model,0.37,1.0,3.5,0.2,score_point,0.01702127659574468,1.225,0.09,0.91,0.9381443298969071,705,400,False
model,0.38,1.0,3.5,0.2,score_point,0.01702127659574468,1.225,0.09,0.91,0.9381443298969071,705,400,False
model,0.5,0.9,3.5,0.2,score_point,0.01702127659574468,1.225,0.125,0.875,0.9186351706036746,705,400,False
model,0.74,0.7,2.5,0.2,score_point,0.01702127659574468,1.2264999999999997,0.2925,0.7075,0.814388489208633,705,400,False
model,0.76,0.6,2.5,0.2,score_point,0.01702127659574468,1.2269999999999999,0.33,0.67,0.7882352941176471,705,400,False
model,0.51,0.9,3.5,0.2,score_point,0.01702127659574468,1.2315,0.1275,0.8725,0.9172141918528254,705,400,False
model,0.52,0.9,3.5,0.2,score_point,0.01702127659574468,1.2315,0.1275,0.8725,0.9172141918528254,705,400,False
model,0.39,1.0,3.5,0.2,score_point,0.01702127659574468,1.2375,0.095,0.905,0.9354005167958656,705,400,False
model,0.4,1.0,3.5,0.2,score_point,0.01702127659574468,1.2375,0.095,0.905,0.9354005167958656,705,400,False
model,0.41,1.0,3.5,0.2,score_point,0.01702127659574468,1.2375,0.095,0.905,0.9354005167958656,705,400,False
model,0.42,1.0,3.5,0.2,score_point,0.01702127659574468,1.2375,0.095,0.905,0.9354005167958656,705,400,False
model,0.53,0.9,3.5,0.2,score_point,0.01702127659574468,1.2445000000000002,0.1325,0.8675,0.9143610013175231,705,400,False
model,0.77,0.6,2.5,0.2,score_point,0.01702127659574468,1.2459999999999998,0.34,0.66,0.7810650887573966,705,400,False
model,0.75,0.7,2.5,0.2,score_point,0.01702127659574468,1.2489999999999997,0.305,0.695,0.8057971014492753,705,400,False
model,0.43,1.0,3.5,0.2,score_point,0.01702127659574468,1.25,0.1,0.9,0.9326424870466321,705,400,False
model,0.44,1.0,3.5,0.2,score_point,0.01702127659574468,1.25,0.1,0.9,0.9326424870466321,705,400,False
model,0.72,0.8,2.5,0.2,score_point,0.01702127659574468,1.2505000000000002,0.265,0.735,0.8328611898016998,705,400,False
model,0.54,0.9,3.5,0.2,score_point,0.01702127659574468,1.2575,0.1375,0.8625,0.9114927344782034,705,400,False
model,0.55,0.9,3.5,0.2,score_point,0.01702127659574468,1.2575,0.1375,0.8625,0.9114927344782034,705,400,False
model,0.73,0.8,2.5,0.2,score_point,0.01702127659574468,1.2632500000000002,0.2725,0.7275,0.8278805120910384,705,400,False
model,0.56,0.9,3.5,0.2,score_point,0.01702127659574468,1.264,0.14,0.86,0.9100529100529101,705,400,False
model,0.45,1.0,3.5,0.2,score_point,0.01702127659574468,1.26875,0.1075,0.8925,0.928478543563069,705,400,False
model,0.78,0.6,2.5,0.2,score_point,0.01702127659574468,1.2745,0.355,0.645,0.7701492537313432,705,400,False
model,0.46,1.0,3.5,0.2,score_point,0.01702127659574468,1.28125,0.1125,0.8875,0.9256844850065189,705,400,False
model,0.57,0.9,3.5,0.2,score_point,0.01702127659574468,1.2835000000000003,0.1475,0.8525,0.905710491367862,705,400,False
model,0.47,1.0,3.5,0.2,score_point,0.01702127659574468,1.2875,0.115,0.885,0.9242819843342036,705,400,False
model,0.48,1.0,3.5,0.2,score_point,0.01702127659574468,1.29375,0.1175,0.8825,0.9228758169934641,705,400,False
model,0.58,0.9,3.5,0.2,score_point,0.01702127659574468,1.3030000000000002,0.155,0.845,0.9013333333333333,705,400,False
model,0.79,0.6,2.5,0.2,score_point,0.01702127659574468,1.3030000000000002,0.37,0.63,0.7590361445783134,705,400,False
model,0.49,1.0,3.5,0.2,score_point,0.01702127659574468,1.30625,0.1225,0.8775,0.9200524246395805,705,400,False
model,0.5,1.0,3.5,0.2,score_point,0.01702127659574468,1.3125,0.125,0.875,0.9186351706036746,705,400,False
model,0.51,1.0,3.5,0.2,score_point,0.01702127659574468,1.31875,0.1275,0.8725,0.9172141918528254,705,400,False
model,0.52,1.0,3.5,0.2,score_point,0.01702127659574468,1.31875,0.1275,0.8725,0.9172141918528254,705,400,False
model,0.72,0.9,2.5,0.2,score_point,0.01702127659574468,1.324,0.265,0.735,0.8328611898016998,705,400,False
model,0.53,1.0,3.5,0.2,score_point,0.01702127659574468,1.33125,0.1325,0.8675,0.9143610013175231,705,400,False
model,0.73,0.9,2.5,0.2,score_point,0.01702127659574468,1.3360000000000003,0.2725,0.7275,0.8278805120910384,705,400,False
model,0.54,1.0,3.5,0.2,score_point,0.01702127659574468,1.34375,0.1375,0.8625,0.9114927344782034,705,400,False
model,0.55,1.0,3.5,0.2,score_point,0.01702127659574468,1.34375,0.1375,0.8625,0.9114927344782034,705,400,False
model,0.56,1.0,3.5,0.2,score_point,0.01702127659574468,1.35,0.14,0.86,0.9100529100529101,705,400,False
model,0.76,0.3,3.5,0.2,score_point,0.01702127659574468,1.3560000000000003,0.33,0.67,0.7882352941176471,705,400,False
model,0.8,0.6,2.5,0.2,score_point,0.01702127659574468,1.36,0.4,0.6,0.736196319018405,705,400,False
model,0.79,0.4,3.0,0.2,score_point,0.01702127659574468,1.3619999999999999,0.37,0.63,0.7590361445783134,705,400,False
model,0.57,1.0,3.5,0.2,score_point,0.01702127659574468,1.36875,0.1475,0.8525,0.905710491367862,705,400,False
model,0.58,1.0,3.5,0.2,score_point,0.01702127659574468,1.3875,0.155,0.845,0.9013333333333333,705,400,False
model,0.77,0.3,3.5,0.2,score_point,0.01702127659574468,1.3880000000000001,0.34,0.66,0.7810650887573966,705,400,False
model,0.72,1.0,2.5,0.2,score_point,0.01702127659574468,1.3975,0.265,0.735,0.8328611898016998,705,400,False
model,0.81,0.6,2.5,0.2,score_point,0.01702127659574468,1.4027499999999997,0.4225,0.5775,0.7185069984447902,705,400,False
model,0.73,1.0,2.5,0.2,score_point,0.01702127659574468,1.40875,0.2725,0.7275,0.8278805120910384,705,400,False
model,0.78,0.3,3.5,0.2,score_point,0.01702127659574468,1.4360000000000002,0.355,0.645,0.7701492537313432,705,400,False
model,0.82,0.6,2.5,0.2,score_point,0.01702127659574468,1.45025,0.4475,0.5525,0.6982622432859399,705,400,False
model,0.83,0.6,2.5,0.2,score_point,0.01702127659574468,1.5025,0.475,0.525,0.6752411575562701,705,400,False
model,0.84,0.3,3.0,0.2,score_point,0.01702127659574468,1.6500000000000004,0.5,0.5,0.6535947712418301,705,400,False
model,0.85,0.3,3.0,0.2,score_point,0.01702127659574468,1.758,0.54,0.46,0.6174496644295302,705,400,False
model,0.86,0.3,3.0,0.2,score_point,0.01702127659574468,1.8457500000000002,0.5725,0.4275,0.5866209262435677,705,400,False
model,0.84,0.2,3.5,0.2,score_point,0.01702127659574468,1.8499999999999996,0.5,0.5,0.6535947712418301,705,400,False
model,0.89,0.5,2.5,0.2,score_point,0.01702127659574468,1.885,0.6925,0.3075,0.45981308411214955,705,400,False
model,0.9,0.3,2.5,0.2,score_point,0.01702127659574468,1.8895000000000004,0.7225,0.2775,0.42447418738049725,705,400,False
model,0.9,0.4,2.5,0.2,score_point,0.01702127659574468,1.91725,0.7225,0.2775,0.42447418738049725,705,400,False
model,0.87,0.3,3.0,0.2,score_point,0.01702127659574468,1.95375,0.6125,0.3875,0.54673721340388,705,400,False
model,0.85,0.2,3.5,0.2,score_point,0.01702127659574468,1.982,0.54,0.46,0.6174496644295302,705,400,False
model,0.92,0.2,2.5,0.2,score_point,0.01702127659574468,2.02275,0.7925,0.2075,0.33535353535353535,705,400,False
model,0.88,0.2,3.0,0.2,score_point,0.01702127659574468,2.041,0.6575,0.3425,0.49908925318761393,705,400,False
model,0.36,0.8,3.5,0.2,score_point,0.018439716312056736,1.0362500000000003,0.0875,0.9125,0.9383033419023135,705,400,True
model,0.37,0.8,3.5,0.2,score_point,0.018439716312056736,1.0430000000000001,0.09,0.91,0.936936936936937,705,400,False
model,0.38,0.8,3.5,0.2,score_point,0.018439716312056736,1.0430000000000001,0.09,0.91,0.936936936936937,705,400,False
model,0.39,0.8,3.5,0.2,score_point,0.018439716312056736,1.0565,0.095,0.905,0.9341935483870969,705,400,False
model,0.4,0.8,3.5,0.2,score_point,0.018439716312056736,1.0565,0.095,0.905,0.9341935483870969,705,400,False
model,0.41,0.8,3.5,0.2,score_point,0.018439716312056736,1.0565,0.095,0.905,0.9341935483870969,705,400,False
model,0.42,0.8,3.5,0.2,score_point,0.018439716312056736,1.0565,0.095,0.905,0.9341935483870969,705,400,False
model,0.43,0.8,3.5,0.2,score_point,0.018439716312056736,1.07,0.1,0.9,0.9314359637774903,705,400,False
model,0.44,0.8,3.5,0.2,score_point,0.018439716312056736,1.07,0.1,0.9,0.9314359637774903,705,400,False
model,0.64,0.6,3.0,0.2,score_point,0.018439716312056736,1.0739999999999998,0.1975,0.8025,0.8746594005449592,705,400,False
model,0.65,0.6,3.0,0.2,score_point,0.018439716312056736,1.0979999999999999,0.2075,0.7925,0.8684931506849316,705,400,False
model,0.66,0.6,3.0,0.2,score_point,0.018439716312056736,1.1159999999999999,0.215,0.785,0.8638239339752408,705,400,False
model,0.63,0.7,3.0,0.2,score_point,0.018439716312056736,1.1197499999999998,0.1825,0.8175,0.8837837837837837,705,400,False
model,0.35,0.9,3.5,0.2,score_point,0.018439716312056736,1.1275000000000002,0.0875,0.9125,0.9383033419023135,705,400,False
model,0.62,0.6,3.5,0.2,score_point,0.018439716312056736,1.1292499999999999,0.1825,0.8175,0.8837837837837837,705,400,False
model,0.67,0.6,3.0,0.2,score_point,0.018439716312056736,1.1339999999999997,0.2225,0.7775,0.8591160220994476,705,400,False
model,0.68,0.6,3.0,0.2,score_point,0.018439716312056736,1.14,0.225,0.775,0.8575380359612725,705,400,False
model,0.74,0.6,2.5,0.2,score_point,0.018439716312056736,1.1557499999999998,0.2925,0.7075,0.8132183908045977,705,400,False
model,0.59,0.7,3.5,0.2,score_point,0.018439716312056736,1.1619999999999997,0.165,0.835,0.894243641231593,705,400,False
model,0.72,0.7,2.5,0.2,score_point,0.018439716312056736,1.1769999999999998,0.265,0.735,0.8316831683168316,705,400,False
model,0.75,0.6,2.5,0.2,score_point,0.018439716312056736,1.1795,0.305,0.695,0.804630969609262,705,400,False
model,0.6,0.7,3.5,0.2,score_point,0.018439716312056736,1.1899999999999997,0.175,0.825,0.8882907133243607,705,400,False
model,0.73,0.7,2.5,0.2,score_point,0.018439716312056736,1.1905,0.2725,0.7275,0.8267045454545454,705,400,False
model,0.61,0.8,3.0,0.2,score_point,0.018439716312056736,1.1960000000000002,0.18,0.82,0.8852901484480432,705,400,False
model,0.69,0.5,3.5,0.2,score_point,0.018439716312056736,1.1975,0.2325,0.7675,0.8527777777777777,705,400,False
model,0.62,0.8,3.0,0.2,score_point,0.018439716312056736,1.2015000000000002,0.1825,0.8175,0.8837837837837837,705,400,False
model,0.35,1.0,3.5,0.2,score_point,0.018439716312056736,1.21875,0.0875,0.9125,0.9383033419023135,705,400,False
model,0.72,0.4,3.5,0.2,score_point,0.018439716312056736,1.2215,0.265,0.735,0.8316831683168316,705,400,False
model,0.73,0.4,3.5,0.2,score_point,0.018439716312056736,1.24475,0.2725,0.7275,0.8267045454545454,705,400,False
model,0.76,0.4,3.0,0.2,score_point,0.018439716312056736,1.258,0.33,0.67,0.7870778267254039,705,400,False
model,0.61,0.9,3.0,0.2,score_point,0.018439716312056736,1.278,0.18,0.82,0.8852901484480432,705,400,False
model,0.62,0.9,3.0,0.2,score_point,0.018439716312056736,1.2832499999999998,0.1825,0.8175,0.8837837837837837,705,400,False
model,0.77,0.4,3.0,0.2,score_point,0.018439716312056736,1.284,0.34,0.66,0.7799113737075333,705,400,False
model,0.78,0.4,3.0,0.2,score_point,0.018439716312056736,1.3230000000000002,0.355,0.645,0.7690014903129658,705,400,False
model,0.61,1.0,3.0,0.2,score_point,0.018439716312056736,1.36,0.18,0.82,0.8852901484480432,705,400,False
model,0.62,1.0,3.0,0.2,score_point,0.018439716312056736,1.365,0.1825,0.8175,0.8837837837837837,705,400,False
model,0.8,0.3,3.0,0.2,score_point,0.018439716312056736,1.3800000000000003,0.4,0.6,0.7350689127105665,705,400,False
model,0.81,0.3,3.0,0.2,score_point,0.018439716312056736,1.4407500000000004,0.4225,0.5775,0.717391304347826,705,400,False
model,0.84,0.5,2.5,0.2,score_point,0.018439716312056736,1.5,0.5,0.5,0.6525285481239804,705,400,False
model,0.82,0.3,3.0,0.2,score_point,0.018439716312056736,1.50825,0.4475,0.5525,0.6971608832807571,705,400,False
model,0.8,0.2,3.5,0.2,score_point,0.018439716312056736,1.5199999999999998,0.4,0.6,0.7350689127105665,705,400,False
model,0.85,0.5,2.5,0.2,score_point,0.018439716312056736,1.58,0.54,0.46,0.6164154103852596,705,400,False
model,0.83,0.3,3.0,0.2,score_point,0.018439716312056736,1.5825000000000002,0.475,0.525,0.6741573033707866,705,400,False
model,0.81,0.2,3.5,0.2,score_point,0.018439716312056736,1.5942499999999995,0.4225,0.5775,0.717391304347826,705,400,False
model,0.86,0.5,2.5,0.2,score_point,0.018439716312056736,1.645,0.5725,0.4275,0.5856164383561644,705,400,False
model,0.82,0.2,3.5,0.2,score_point,0.018439716312056736,1.6767499999999995,0.4475,0.5525,0.6971608832807571,705,400,False
model,0.87,0.5,2.5,0.2,score_point,0.018439716312056736,1.725,0.6125,0.3875,0.545774647887324,705,400,False
model,0.83,0.2,3.5,0.2,score_point,0.018439716312056736,1.7674999999999996,0.475,0.525,0.6741573033707866,705,400,False
model,0.88,0.5,2.5,0.2,score_point,0.018439716312056736,1.815,0.6575,0.3425,0.4981818181818182,705,400,False
model,0.89,0.4,2.5,0.2,score_point,0.018439716312056736,1.8542499999999997,0.6925,0.3075,0.45895522388059695,705,400,False
model,0.91,0.2,2.5,0.2,score_point,0.018439716312056736,1.9479999999999997,0.76,0.24,0.37721021611001965,705,400,False
model,0.45,0.7,3.5,0.2,score_point,0.019858156028368795,1.001,0.1075,0.8925,0.9260700389105057,705,400,True
model,0.46,0.7,3.5,0.2,score_point,0.019858156028368795,1.015,0.1125,0.8875,0.9232769830949284,705,400,False
model,0.47,0.7,3.5,0.2,score_point,0.019858156028368795,1.0219999999999998,0.115,0.885,0.921875,705,400,False
model,0.48,0.7,3.5,0.2,score_point,0.019858156028368795,1.0289999999999997,0.1175,0.8825,0.9204693611473272,705,400,False
model,0.35,0.8,3.5,0.2,score_point,0.019858156028368795,1.0362500000000003,0.0875,0.9125,0.9370988446726572,705,400,False
model,0.63,0.6,3.0,0.2,score_point,0.019858156028368795,1.0379999999999998,0.1825,0.8175,0.8825910931174089,705,400,False
model,0.49,0.7,3.5,0.2,score_point,0.019858156028368795,1.043,0.1225,0.8775,0.9176470588235295,705,400,False
model,0.5,0.7,3.5,0.2,score_point,0.019858156028368795,1.0499999999999998,0.125,0.875,0.9162303664921465,705,400,False
model,0.51,0.7,3.5,0.2,score_point,0.019858156028368795,1.057,0.1275,0.8725,0.9148099606815204,705,400,False
model,0.52,0.7,3.5,0.2,score_point,0.019858156028368795,1.057,0.1275,0.8725,0.9148099606815204,705,400,False
model,0.53,0.7,3.5,0.2,score_point,0.019858156028368795,1.0709999999999997,0.1325,0.8675,0.911957950065703,705,400,False
model,0.29,0.9,3.5,0.2,score_point,0.019858156028368795,1.082,0.07,0.93,0.9465648854961832,705,400,False
model,0.54,0.7,3.5,0.2,score_point,0.019858156028368795,1.0849999999999997,0.1375,0.8625,0.9090909090909092,705,400,False
model,0.55,0.7,3.5,0.2,score_point,0.019858156028368795,1.0849999999999997,0.1375,0.8625,0.9090909090909092,705,400,False
model,0.56,0.7,3.5,0.2,score_point,0.019858156028368795,1.0919999999999996,0.14,0.86,0.9076517150395778,705,400,False
model,0.64,0.5,3.5,0.2,score_point,0.019858156028368795,1.0925,0.1975,0.8025,0.873469387755102,705,400,False
model,0.3,0.9,3.5,0.2,score_point,0.019858156028368795,1.0950000000000002,0.075,0.925,0.943877551020408,705,400,False
model,0.31,0.9,3.5,0.2,score_point,0.019858156028368795,1.1015000000000001,0.0775,0.9225,0.942528735632184,705,400,False
model,0.32,0.9,3.5,0.2,score_point,0.019858156028368795,1.1015000000000001,0.0775,0.9225,0.942528735632184,705,400,False
model,0.72,0.6,2.5,0.2,score_point,0.019858156028368795,1.1035,0.265,0.735,0.8305084745762713,705,400,False
model,0.33,0.9,3.5,0.2,score_point,0.019858156028368795,1.108,0.08,0.92,0.9411764705882353,705,400,False
model,0.34,0.9,3.5,0.2,score_point,0.019858156028368795,1.108,0.08,0.92,0.9411764705882353,705,400,False
model,0.57,0.7,3.5,0.2,score_point,0.019858156028368795,1.1129999999999998,0.1475,0.8525,0.9033112582781457,705,400,False
model,0.73,0.6,2.5,0.2,score_point,0.019858156028368795,1.1177499999999998,0.2725,0.7275,0.825531914893617,705,400,False
model,0.61,0.6,3.5,0.2,score_point,0.019858156028368795,1.1219999999999999,0.18,0.82,0.8840970350404311,705,400,False
model,0.65,0.5,3.5,0.2,score_point,0.019858156028368795,1.1225,0.2075,0.7925,0.8673050615595075,705,400,False
model,0.7,0.5,3.0,0.2,score_point,0.019858156028368795,1.125,0.25,0.75,0.8403361344537814,705,400,False
model,0.58,0.7,3.5,0.2,score_point,0.019858156028368795,1.1339999999999997,0.155,0.845,0.898936170212766,705,400,False
model,0.71,0.5,3.0,0.2,score_point,0.019858156028368795,1.14375,0.2575,0.7425,0.8354430379746836,705,400,False
model,0.66,0.5,3.5,0.2,score_point,0.019858156028368795,1.145,0.215,0.785,0.8626373626373627,705,400,False
model,0.74,0.4,3.0,0.2,score_point,0.019858156028368795,1.1605,0.2925,0.7075,0.812051649928264,705,400,False
model,0.59,0.8,3.0,0.2,score_point,0.019858156028368795,1.1630000000000003,0.165,0.835,0.893048128342246,705,400,False
model,0.67,0.5,3.5,0.2,score_point,0.019858156028368795,1.1675,0.2225,0.7775,0.8579310344827586,705,400,False
model,0.29,1.0,3.5,0.2,score_point,0.019858156028368795,1.175,0.07,0.93,0.9465648854961832,705,400,False
model,0.68,0.5,3.5,0.2,score_point,0.019858156028368795,1.175,0.225,0.775,0.8563535911602209,705,400,False
model,0.6,0.8,3.0,0.2,score_point,0.019858156028368795,1.1850000000000003,0.175,0.825,0.8870967741935484,705,400,False
model,0.3,1.0,3.5,0.2,score_point,0.019858156028368795,1.1875,0.075,0.925,0.943877551020408,705,400,False
model,0.75,0.4,3.0,0.2,score_point,0.019858156028368795,1.193,0.305,0.695,0.8034682080924856,705,400,False
model,0.31,1.0,3.5,0.2,score_point,0.019858156028368795,1.19375,0.0775,0.9225,0.942528735632184,705,400,False
model,0.32,1.0,3.5,0.2,score_point,0.019858156028368795,1.19375,0.0775,0.9225,0.942528735632184,705,400,False
model,0.33,1.0,3.5,0.2,score_point,0.019858156028368795,1.2,0.08,0.92,0.9411764705882353,705,400,False
model,0.34,1.0,3.5,0.2,score_point,0.019858156028368795,1.2,0.08,0.92,0.9411764705882353,705,400,False
model,0.7,0.8,2.5,0.2,score_point,0.019858156028368795,1.225,0.25,0.75,0.8403361344537814,705,400,False
model,0.74,0.3,3.5,0.2,score_point,0.019858156028368795,1.2360000000000002,0.2925,0.7075,0.812051649928264,705,400,False
model,0.71,0.8,2.5,0.2,score_point,0.019858156028368795,1.2377500000000001,0.2575,0.7425,0.8354430379746836,705,400,False
model,0.59,0.9,3.0,0.2,score_point,0.019858156028368795,1.2465000000000002,0.165,0.835,0.893048128342246,705,400,False
model,0.6,0.9,3.0,0.2,score_point,0.019858156028368795,1.2675,0.175,0.825,0.8870967741935484,705,400,False
model,0.75,0.3,3.5,0.2,score_point,0.019858156028368795,1.2760000000000002,0.305,0.695,0.8034682080924856,705,400,False
model,0.79,0.3,3.0,0.2,score_point,0.019858156028368795,1.2990000000000004,0.37,0.63,0.7567567567567567,705,400,False
model,0.8,0.5,2.5,0.2,score_point,0.019858156028368795,1.3,0.4,0.6,0.7339449541284404,705,400,False
model,0.7,0.9,2.5,0.2,score_point,0.019858156028368795,1.3000000000000003,0.25,0.75,0.8403361344537814,705,400,False
model,0.71,0.9,2.5,0.2,score_point,0.019858156028368795,1.3119999999999998,0.2575,0.7425,0.8354430379746836,705,400,False
model,0.59,1.0,3.0,0.2,score_point,0.019858156028368795,1.33,0.165,0.835,0.893048128342246,705,400,False
model,0.81,0.5,2.5,0.2,score_point,0.019858156028368795,1.345,0.4225,0.5775,0.7162790697674419,705,400,False
model,0.6,1.0,3.0,0.2,score_point,0.019858156028368795,1.35,0.175,0.825,0.8870967741935484,705,400,False
model,0.7,1.0,2.5,0.2,score_point,0.019858156028368795,1.375,0.25,0.75,0.8403361344537814,705,400,False
model,0.71,1.0,2.5,0.2,score_point,0.019858156028368795,1.38625,0.2575,0.7425,0.8354430379746836,705,400,False
model,0.82,0.5,2.5,0.2,score_point,0.019858156028368795,1.395,0.4475,0.5525,0.6960629921259843,705,400,False
model,0.83,0.5,2.5,0.2,score_point,0.019858156028368795,1.45,0.475,0.525,0.6730769230769231,705,400,False
model,0.88,0.4,2.5,0.2,score_point,0.019858156028368795,1.7807499999999998,0.6575,0.3425,0.49727767695099817,705,400,False
model,0.86,0.2,3.0,0.2,score_point,0.019858156028368795,1.803,0.5725,0.4275,0.5846153846153845,705,400,False
model,0.89,0.3,2.5,0.2,score_point,0.019858156028368795,1.8235,0.6925,0.3075,0.45810055865921784,705,400,False
model,0.9,0.2,2.5,0.2,score_point,0.019858156028368795,1.8617499999999996,0.7225,0.2775,0.42285714285714293,705,400,False
model,0.87,0.2,3.0,0.2,score_point,0.019858156028368795,1.915,0.6125,0.3875,0.5448154657293497,705,400,False
model,0.36,0.7,3.5,0.2,score_point,0.02127659574468085,0.9449999999999998,0.0875,0.9125,0.935897435897436,705,400,True
model,0.37,0.7,3.5,0.2,score_point,0.02127659574468085,0.9519999999999998,0.09,0.91,0.9345314505776637,705,400,False
model,0.38,0.7,3.5,0.2,score_point,0.02127659574468085,0.9519999999999998,0.09,0.91,0.9345314505776637,705,400,False
model,0.39,0.7,3.5,0.2,score_point,0.02127659574468085,0.966,0.095,0.905,0.9317889317889317,705,400,False
model,0.4,0.7,3.5,0.2,score_point,0.02127659574468085,0.966,0.095,0.905,0.9317889317889317,705,400,False
model,0.41,0.7,3.5,0.2,score_point,0.02127659574468085,0.966,0.095,0.905,0.9317889317889317,705,400,False
model,0.42,0.7,3.5,0.2,score_point,0.02127659574468085,0.966,0.095,0.905,0.9317889317889317,705,400,False
model,0.43,0.7,3.5,0.2,score_point,0.02127659574468085,0.9799999999999999,0.1,0.9,0.9290322580645162,705,400,False
model,0.44,0.7,3.5,0.2,score_point,0.02127659574468085,0.9799999999999999,0.1,0.9,0.9290322580645162,705,400,False
model,0.3,0.8,3.5,0.2,score_point,0.02127659574468085,1.0025000000000002,0.075,0.925,0.9426751592356688,705,400,False
model,0.31,0.8,3.5,0.2,score_point,0.02127659574468085,1.0092500000000002,0.0775,0.9225,0.9413265306122449,705,400,False
model,0.32,0.8,3.5,0.2,score_point,0.02127659574468085,1.0092500000000002,0.0775,0.9225,0.9413265306122449,705,400,False
model,0.33,0.8,3.5,0.2,score_point,0.02127659574468085,1.016,0.08,0.92,0.9399744572158366,705,400,False
model,0.34,0.8,3.5,0.2,score_point,0.02127659574468085,1.016,0.08,0.92,0.9399744572158366,705,400,False
model,0.45,0.8,3.0,0.2,score_point,0.02127659574468085,1.0365,0.1075,0.8925,0.9248704663212435,705,400,False
model,0.46,0.8,3.0,0.2,score_point,0.02127659574468085,1.0475,0.1125,0.8875,0.922077922077922,705,400,False
model,0.63,0.5,3.5,0.2,score_point,0.02127659574468085,1.0475,0.1825,0.8175,0.8814016172506738,705,400,False
model,0.47,0.8,3.0,0.2,score_point,0.02127659574468085,1.0530000000000002,0.115,0.885,0.9206762028608583,705,400,False
model,0.48,0.8,3.0,0.2,score_point,0.02127659574468085,1.0585000000000002,0.1175,0.8825,0.9192708333333333,705,400,False
model,0.49,0.8,3.0,0.2,score_point,0.02127659574468085,1.0695000000000001,0.1225,0.8775,0.9164490861618798,705,400,False
model,0.5,0.8,3.0,0.2,score_point,0.02127659574468085,1.0750000000000002,0.125,0.875,0.9150326797385621,705,400,False
model,0.59,0.6,3.5,0.2,score_point,0.02127659574468085,1.0785,0.165,0.835,0.8918558077436582,705,400,False
model,0.51,0.8,3.0,0.2,score_point,0.02127659574468085,1.0805,0.1275,0.8725,0.9136125654450262,705,400,False
model,0.52,0.8,3.0,0.2,score_point,0.02127659574468085,1.0805,0.1275,0.8725,0.9136125654450262,705,400,False
model,0.36,0.9,3.0,0.2,score_point,0.02127659574468085,1.0837500000000002,0.0875,0.9125,0.935897435897436,705,400,False
model,0.37,0.9,3.0,0.2,score_point,0.02127659574468085,1.0890000000000002,0.09,0.91,0.9345314505776637,705,400,False
model,0.38,0.9,3.0,0.2,score_point,0.02127659574468085,1.0890000000000002,0.09,0.91,0.9345314505776637,705,400,False
model,0.53,0.8,3.0,0.2,score_point,0.02127659574468085,1.0915000000000001,0.1325,0.8675,0.9107611548556432,705,400,False
model,0.39,0.9,3.0,0.2,score_point,0.02127659574468085,1.0995000000000001,0.095,0.905,0.9317889317889317,705,400,False
model,0.4,0.9,3.0,0.2,score_point,0.02127659574468085,1.0995000000000001,0.095,0.905,0.9317889317889317,705,400,False
model,0.41,0.9,3.0,0.2,score_point,0.02127659574468085,1.0995000000000001,0.095,0.905,0.9317889317889317,705,400,False
model,0.42,0.9,3.0,0.2,score_point,0.02127659574468085,1.0995000000000001,0.095,0.905,0.9317889317889317,705,400,False
model,0.54,0.8,3.0,0.2,score_point,0.02127659574468085,1.1025000000000003,0.1375,0.8625,0.9078947368421054,705,400,False
model,0.55,0.8,3.0,0.2,score_point,0.02127659574468085,1.1025000000000003,0.1375,0.8625,0.9078947368421054,705,400,False
model,0.6,0.6,3.5,0.2,score_point,0.02127659574468085,1.1074999999999997,0.175,0.825,0.8859060402684564,705,400,False
model,0.56,0.8,3.0,0.2,score_point,0.02127659574468085,1.1080000000000003,0.14,0.86,0.906455862977602,705,400,False
model,0.43,0.9,3.0,0.2,score_point,0.02127659574468085,1.1100000000000003,0.1,0.9,0.9290322580645162,705,400,False
model,0.44,0.9,3.0,0.2,score_point,0.02127659574468085,1.1100000000000003,0.1,0.9,0.9290322580645162,705,400,False
model,0.61,0.7,3.0,0.2,score_point,0.02127659574468085,1.1139999999999999,0.18,0.82,0.8829071332436069,705,400,False
model,0.62,0.7,3.0,0.2,score_point,0.02127659574468085,1.1197499999999998,0.1825,0.8175,0.8814016172506738,705,400,False
model,0.57,0.8,3.0,0.2,score_point,0.02127659574468085,1.1245000000000003,0.1475,0.8525,0.9021164021164021,705,400,False
model,0.45,0.9,3.0,0.2,score_point,0.02127659574468085,1.1257500000000003,0.1075,0.8925,0.9248704663212435,705,400,False
model,0.46,0.9,3.0,0.2,score_point,0.02127659574468085,1.1362500000000002,0.1125,0.8875,0.922077922077922,705,400,False
model,0.58,0.8,3.0,0.2,score_point,0.02127659574468085,1.1410000000000002,0.155,0.845,0.897742363877822,705,400,False
model,0.47,0.9,3.0,0.2,score_point,0.02127659574468085,1.1415000000000004,0.115,0.885,0.9206762028608583,705,400,False
model,0.48,0.9,3.0,0.2,score_point,0.02127659574468085,1.1467500000000002,0.1175,0.8825,0.9192708333333333,705,400,False
model,0.7,0.7,2.5,0.2,score_point,0.02127659574468085,1.15,0.25,0.75,0.8391608391608391,705,400,False
model,0.49,0.9,3.0,0.2,score_point,0.02127659574468085,1.1572500000000003,0.1225,0.8775,0.9164490861618798,705,400,False
model,0.76,0.5,2.5,0.2,score_point,0.02127659574468085,1.16,0.33,0.67,0.7847730600292825,705,400,False
model,0.5,0.9,3.0,0.2,score_point,0.02127659574468085,1.1625000000000003,0.125,0.875,0.9150326797385621,705,400,False
model,0.71,0.7,2.5,0.2,score_point,0.02127659574468085,1.1634999999999998,0.2575,0.7425,0.8342696629213484,705,400,False
model,0.51,0.9,3.0,0.2,score_point,0.02127659574468085,1.1677500000000003,0.1275,0.8725,0.9136125654450262,705,400,False
model,0.52,0.9,3.0,0.2,score_point,0.02127659574468085,1.1677500000000003,0.1275,0.8725,0.9136125654450262,705,400,False
model,0.36,1.0,3.0,0.2,score_point,0.02127659574468085,1.175,0.0875,0.9125,0.935897435897436,705,400,False
model,0.53,0.9,3.0,0.2,score_point,0.02127659574468085,1.1782500000000002,0.1325,0.8675,0.9107611548556432,705,400,False
model,0.37,1.0,3.0,0.2,score_point,0.02127659574468085,1.18,0.09,0.91,0.9345314505776637,705,400,False
model,0.38,1.0,3.0,0.2,score_point,0.02127659574468085,1.18,0.09,0.91,0.9345314505776637,705,400,False
model,0.77,0.5,2.5,0.2,score_point,0.02127659574468085,1.18,0.34,0.66,0.7776141384388807,705,400,False
model,0.54,0.9,3.0,0.2,score_point,0.02127659574468085,1.1887500000000002,0.1375,0.8625,0.9078947368421054,705,400,False
model,0.55,0.9,3.0,0.2,score_point,0.02127659574468085,1.1887500000000002,0.1375,0.8625,0.9078947368421054,705,400,False
model,0.39,1.0,3.0,0.2,score_point,0.02127659574468085,1.19,0.095,0.905,0.9317889317889317,705,400,False
model,0.4,1.0,3.0,0.2,score_point,0.02127659574468085,1.19,0.095,0.905,0.9317889317889317,705,400,False
model,0.41,1.0,3.0,0.2,score_point,0.02127659574468085,1.19,0.095,0.905,0.9317889317889317,705,400,False
model,0.42,1.0,3.0,0.2,score_point,0.02127659574468085,1.19,0.095,0.905,0.9317889317889317,705,400,False
model,0.76,0.3,3.0,0.2,score_point,0.02127659574468085,1.1910000000000003,0.33,0.67,0.7847730600292825,705,400,False
model,0.56,0.9,3.0,0.2,score_point,0.02127659574468085,1.194,0.14,0.86,0.906455862977602,705,400,False
model,0.69,0.8,2.5,0.2,score_point,0.02127659574468085,1.1952500000000001,0.2325,0.7675,0.8504155124653738,705,400,False
model,0.43,1.0,3.0,0.2,score_point,0.02127659574468085,1.2,0.1,0.9,0.9290322580645162,705,400,False
model,0.44,1.0,3.0,0.2,score_point,0.02127659574468085,1.2,0.1,0.9,0.9290322580645162,705,400,False
model,0.57,0.9,3.0,0.2,score_point,0.02127659574468085,1.2097500000000003,0.1475,0.8525,0.9021164021164021,705,400,False
model,0.78,0.5,2.5,0.2,score_point,0.02127659574468085,1.21,0.355,0.645,0.7667161961367014,705,400,False
model,0.45,1.0,3.0,0.2,score_point,0.02127659574468085,1.215,0.1075,0.8925,0.9248704663212435,705,400,False
model,0.77,0.3,3.0,0.2,score_point,0.02127659574468085,1.2180000000000002,0.34,0.66,0.7776141384388807,705,400,False
model,0.46,1.0,3.0,0.2,score_point,0.02127659574468085,1.225,0.1125,0.8875,0.922077922077922,705,400,False
model,0.58,0.9,3.0,0.2,score_point,0.02127659574468085,1.2255,0.155,0.845,0.897742363877822,705,400,False
model,0.47,1.0,3.0,0.2,score_point,0.02127659574468085,1.23,0.115,0.885,0.9206762028608583,705,400,False
model,0.48,1.0,3.0,0.2,score_point,0.02127659574468085,1.235,0.1175,0.8825,0.9192708333333333,705,400,False
model,0.79,0.5,2.5,0.2,score_point,0.02127659574468085,1.24,0.37,0.63,0.7556221889055472,705,400,False
model,0.49,1.0,3.0,0.2,score_point,0.02127659574468085,1.245,0.1225,0.8775,0.9164490861618798,705,400,False
model,0.5,1.0,3.0,0.2,score_point,0.02127659574468085,1.25,0.125,0.875,0.9150326797385621,705,400,False
model,0.51,1.0,3.0,0.2,score_point,0.02127659574468085,1.255,0.1275,0.8725,0.9136125654450262,705,400,False
model,0.52,1.0,3.0,0.2,score_point,0.02127659574468085,1.255,0.1275,0.8725,0.9136125654450262,705,400,False
model,0.78,0.3,3.0,0.2,score_point,0.02127659574468085,1.2585000000000002,0.355,0.645,0.7667161961367014,705,400,False
model,0.53,1.0,3.0,0.2,score_point,0.02127659574468085,1.265,0.1325,0.8675,0.9107611548556432,705,400,False
model,0.69,0.9,2.5,0.2,score_point,0.02127659574468085,1.272,0.2325,0.7675,0.8504155124653738,705,400,False
model,0.54,1.0,3.0,0.2,score_point,0.02127659574468085,1.275,0.1375,0.8625,0.9078947368421054,705,400,False
model,0.55,1.0,3.0,0.2,score_point,0.02127659574468085,1.275,0.1375,0.8625,0.9078947368421054,705,400,False
model,0.56,1.0,3.0,0.2,score_point,0.02127659574468085,1.28,0.14,0.86,0.906455862977602,705,400,False
model,0.57,1.0,3.0,0.2,score_point,0.02127659574468085,1.295,0.1475,0.8525,0.9021164021164021,705,400,False
model,0.58,1.0,3.0,0.2,score_point,0.02127659574468085,1.31,0.155,0.845,0.897742363877822,705,400,False
model,0.69,1.0,2.5,0.2,score_point,0.02127659574468085,1.34875,0.2325,0.7675,0.8504155124653738,705,400,False
model,0.79,0.2,3.5,0.2,score_point,0.02127659574468085,1.4209999999999996,0.37,0.63,0.7556221889055472,705,400,False
model,0.84,0.4,2.5,0.2,score_point,0.02127659574468085,1.45,0.5,0.5,0.6504065040650407,705,400,False
model,0.85,0.4,2.5,0.2,score_point,0.02127659574468085,1.534,0.54,0.46,0.6143572621035059,705,400,False
model,0.84,0.2,3.0,0.2,score_point,0.02127659574468085,1.5999999999999996,0.5,0.5,0.6504065040650407,705,400,False
model,0.86,0.4,2.5,0.2,score_point,0.02127659574468085,1.60225,0.5725,0.4275,0.5836177474402731,705,400,False
model,0.87,0.4,2.5,0.2,score_point,0.02127659574468085,1.68625,0.6125,0.3875,0.543859649122807,705,400,False
model,0.85,0.2,3.0,0.2,score_point,0.02127659574468085,1.712,0.54,0.46,0.6143572621035059,705,400,False
model,0.88,0.3,2.5,0.2,score_point,0.02127659574468085,1.7465000000000002,0.6575,0.3425,0.4963768115942028,705,400,False
model,0.35,0.7,3.5,0.2,score_point,0.02269503546099291,0.9449999999999998,0.0875,0.9125,0.9346991037131882,705,400,False
model,0.51,0.6,3.5,0.2,score_point,0.02269503546099291,0.9697499999999999,0.1275,0.8725,0.9124183006535947,705,400,False
model,0.52,0.6,3.5,0.2,score_point,0.02269503546099291,0.9697499999999999,0.1275,0.8725,0.9124183006535947,705,400,False
model,0.53,0.6,3.5,0.2,score_point,0.02269503546099291,0.9842499999999998,0.1325,0.8675,0.9095674967234599,705,400,False
model,0.29,0.8,3.5,0.2,score_point,0.02269503546099291,0.9890000000000001,0.07,0.93,0.9441624365482233,705,400,False
model,0.36,0.8,3.0,0.2,score_point,0.02269503546099291,0.9925000000000002,0.0875,0.9125,0.9346991037131882,705,400,False
model,0.37,0.8,3.0,0.2,score_point,0.02269503546099291,0.9980000000000001,0.09,0.91,0.9333333333333333,705,400,False
model,0.38,0.8,3.0,0.2,score_point,0.02269503546099291,0.9980000000000001,0.09,0.91,0.9333333333333333,705,400,False
model,0.54,0.6,3.5,0.2,score_point,0.02269503546099291,0.9987499999999998,0.1375,0.8625,0.9067017082785809,705,400,False
model,0.55,0.6,3.5,0.2,score_point,0.02269503546099291,0.9987499999999998,0.1375,0.8625,0.9067017082785809,705,400,False
model,0.56,0.6,3.5,0.2,score_point,0.02269503546099291,1.006,0.14,0.86,0.9052631578947369,705,400,False
model,0.39,0.8,3.0,0.2,score_point,0.02269503546099291,1.0090000000000001,0.095,0.905,0.9305912596401028,705,400,False
model,0.4,0.8,3.0,0.2,score_point,0.02269503546099291,1.0090000000000001,0.095,0.905,0.9305912596401028,705,400,False
model,0.41,0.8,3.0,0.2,score_point,0.02269503546099291,1.0090000000000001,0.095,0.905,0.9305912596401028,705,400,False
model,0.42,0.8,3.0,0.2,score_point,0.02269503546099291,1.0090000000000001,0.095,0.905,0.9305912596401028,705,400,False
model,0.43,0.8,3.0,0.2,score_point,0.02269503546099291,1.0200000000000002,0.1,0.9,0.9278350515463918,705,400,False
model,0.44,0.8,3.0,0.2,score_point,0.02269503546099291,1.0200000000000002,0.1,0.9,0.9278350515463918,705,400,False
model,0.57,0.6,3.5,0.2,score_point,0.02269503546099291,1.0277499999999997,0.1475,0.8525,0.9009247027741083,705,400,False
model,0.62,0.6,3.0,0.2,score_point,0.02269503546099291,1.0379999999999998,0.1825,0.8175,0.8802153432032301,705,400,False
model,0.58,0.6,3.5,0.2,score_point,0.02269503546099291,1.0494999999999999,0.155,0.845,0.896551724137931,705,400,False
model,0.27,0.9,3.5,0.2,score_point,0.02269503546099291,1.0625000000000002,0.0625,0.9375,0.9481668773704173,705,400,False
model,0.28,0.9,3.5,0.2,score_point,0.02269503546099291,1.0690000000000002,0.065,0.935,0.9468354430379747,705,400,False
model,0.7,0.6,2.5,0.2,score_point,0.02269503546099291,1.075,0.25,0.75,0.8379888268156425,705,400,False
model,0.59,0.7,3.0,0.2,score_point,0.02269503546099291,1.0794999999999997,0.165,0.835,0.8906666666666667,705,400,False
model,0.69,0.5,3.0,0.2,score_point,0.02269503546099291,1.08125,0.2325,0.7675,0.8492392807745505,705,400,False
model,0.35,0.9,3.0,0.2,score_point,0.02269503546099291,1.0837500000000002,0.0875,0.9125,0.9346991037131882,705,400,False
model,0.74,0.5,2.5,0.2,score_point,0.02269503546099291,1.085,0.2925,0.7075,0.8097281831187412,705,400,False
model,0.72,0.4,3.0,0.2,score_point,0.02269503546099291,1.089,0.265,0.735,0.8281690140845069,705,400,False
model,0.71,0.6,2.5,0.2,score_point,0.02269503546099291,1.0892499999999998,0.2575,0.7425,0.8330995792426369,705,400,False
model,0.6,0.7,3.0,0.2,score_point,0.02269503546099291,1.1024999999999998,0.175,0.825,0.8847184986595175,705,400,False
model,0.73,0.4,3.0,0.2,score_point,0.02269503546099291,1.1085,0.2725,0.7275,0.8231966053748232,705,400,False
model,0.75,0.5,2.5,0.2,score_point,0.02269503546099291,1.11,0.305,0.695,0.8011527377521614,705,400,False
model,0.63,0.8,2.5,0.2,score_point,0.02269503546099291,1.1102500000000002,0.1825,0.8175,0.8802153432032301,705,400,False
model,0.69,0.7,2.5,0.2,score_point,0.02269503546099291,1.1184999999999998,0.2325,0.7675,0.8492392807745505,705,400,False
model,0.64,0.8,2.5,0.2,score_point,0.02269503546099291,1.1357500000000003,0.1975,0.8025,0.8710990502035278,705,400,False
model,0.72,0.3,3.5,0.2,score_point,0.02269503546099291,1.1480000000000001,0.265,0.735,0.8281690140845069,705,400,False
model,0.65,0.8,2.5,0.2,score_point,0.02269503546099291,1.1527500000000002,0.2075,0.7925,0.8649386084583902,705,400,False
model,0.27,1.0,3.5,0.2,score_point,0.02269503546099291,1.15625,0.0625,0.9375,0.9481668773704173,705,400,False
model,0.28,1.0,3.5,0.2,score_point,0.02269503546099291,1.1625,0.065,0.935,0.9468354430379747,705,400,False
model,0.66,0.8,2.5,0.2,score_point,0.02269503546099291,1.1655000000000002,0.215,0.785,0.8602739726027397,705,400,False
model,0.73,0.3,3.5,0.2,score_point,0.02269503546099291,1.1720000000000002,0.2725,0.7275,0.8231966053748232,705,400,False
model,0.35,1.0,3.0,0.2,score_point,0.02269503546099291,1.175,0.0875,0.9125,0.9346991037131882,705,400,False
model,0.7,0.4,3.5,0.2,score_point,0.02269503546099291,1.175,0.25,0.75,0.8379888268156425,705,400,False
model,0.67,0.8,2.5,0.2,score_point,0.02269503546099291,1.1782500000000002,0.2225,0.7775,0.8555708390646493,705,400,False
model,0.68,0.8,2.5,0.2,score_point,0.02269503546099291,1.1825000000000003,0.225,0.775,0.8539944903581268,705,400,False
model,0.63,0.9,2.5,0.2,score_point,0.02269503546099291,1.1920000000000002,0.1825,0.8175,0.8802153432032301,705,400,False
model,0.71,0.4,3.5,0.2,score_point,0.02269503546099291,1.1982500000000003,0.2575,0.7425,0.8330995792426369,705,400,False
model,0.64,0.9,2.5,0.2,score_point,0.02269503546099291,1.2160000000000002,0.1975,0.8025,0.8710990502035278,705,400,False
model,0.65,0.9,2.5,0.2,score_point,0.02269503546099291,1.2320000000000002,0.2075,0.7925,0.8649386084583902,705,400,False
model,0.8,0.4,2.5,0.2,score_point,0.02269503546099291,1.24,0.4,0.6,0.7317073170731707,705,400,False
model,0.66,0.9,2.5,0.2,score_point,0.02269503546099291,1.244,0.215,0.785,0.8602739726027397,705,400,False
model,0.67,0.9,2.5,0.2,score_point,0.02269503546099291,1.256,0.2225,0.7775,0.8555708390646493,705,400,False
model,0.68,0.9,2.5,0.2,score_point,0.02269503546099291,1.2600000000000002,0.225,0.775,0.8539944903581268,705,400,False
model,0.63,1.0,2.5,0.2,score_point,0.02269503546099291,1.27375,0.1825,0.8175,0.8802153432032301,705,400,False
model,0.81,0.4,2.5,0.2,score_point,0.02269503546099291,1.2872500000000002,0.4225,0.5775,0.7140649149922722,705,400,False
model,0.76,0.2,3.5,0.2,score_point,0.02269503546099291,1.2889999999999997,0.33,0.67,0.7836257309941521,705,400,False
model,0.64,1.0,2.5,0.2,score_point,0.02269503546099291,1.29625,0.1975,0.8025,0.8710990502035278,705,400,False
model,0.65,1.0,2.5,0.2,score_point,0.02269503546099291,1.31125,0.2075,0.7925,0.8649386084583902,705,400,False
model,0.8,0.2,3.0,0.2,score_point,0.02269503546099291,1.32,0.4,0.6,0.7317073170731707,705,400,False
model,0.77,0.2,3.5,0.2,score_point,0.02269503546099291,1.3219999999999998,0.34,0.66,0.7764705882352942,705,400,False
model,0.66,1.0,2.5,0.2,score_point,0.02269503546099291,1.3225,0.215,0.785,0.8602739726027397,705,400,False
model,0.67,1.0,2.5,0.2,score_point,0.02269503546099291,1.33375,0.2225,0.7775,0.8555708390646493,705,400,False
model,0.68,1.0,2.5,0.2,score_point,0.02269503546099291,1.3375,0.225,0.775,0.8539944903581268,705,400,False
model,0.82,0.4,2.5,0.2,score_point,0.02269503546099291,1.3397500000000002,0.4475,0.5525,0.6938775510204082,705,400,False
model,0.78,0.2,3.5,0.2,score_point,0.02269503546099291,1.3714999999999997,0.355,0.645,0.7655786350148367,705,400,False
model,0.81,0.2,3.0,0.2,score_point,0.02269503546099291,1.3829999999999996,0.4225,0.5775,0.7140649149922722,705,400,False
model,0.83,0.4,2.5,0.2,score_point,0.02269503546099291,1.3975,0.475,0.525,0.670926517571885,705,400,False
model,0.82,0.2,3.0,0.2,score_point,0.02269503546099291,1.4529999999999998,0.4475,0.5525,0.6938775510204082,705,400,False
model,0.83,0.2,3.0,0.2,score_point,0.02269503546099291,1.5299999999999998,0.475,0.525,0.670926517571885,705,400,False
model,0.89,0.2,2.5,0.2,score_point,0.02269503546099291,1.79275,0.6925,0.3075,0.45640074211502785,705,400,False
model,0.3,0.7,3.5,0.2,score_point,0.024113475177304965,0.91,0.075,0.925,0.9402795425667091,705,400,True
model,0.31,0.7,3.5,0.2,score_point,0.024113475177304965,0.9169999999999999,0.0775,0.9225,0.9389312977099237,705,400,False
model,0.32,0.7,3.5,0.2,score_point,0.024113475177304965,0.9169999999999999,0.0775,0.9225,0.9389312977099237,705,400,False
model,0.33,0.7,3.5,0.2,score_point,0.024113475177304965,0.9239999999999999,0.08,0.92,0.9375796178343949,705,400,False
model,0.34,0.7,3.5,0.2,score_point,0.024113475177304965,0.9239999999999999,0.08,0.92,0.9375796178343949,705,400,False
model,0.45,0.7,3.0,0.2,score_point,0.024113475177304965,0.9472499999999999,0.1075,0.8925,0.9224806201550387,705,400,False
model,0.46,0.7,3.0,0.2,score_point,0.024113475177304965,0.9587499999999999,0.1125,0.8875,0.9196891191709844,705,400,False
model,0.47,0.7,3.0,0.2,score_point,0.024113475177304965,0.9644999999999999,0.115,0.885,0.9182879377431907,705,400,False
model,0.48,0.7,3.0,0.2,score_point,0.024113475177304965,0.9702499999999997,0.1175,0.8825,0.9168831168831169,705,400,False
model,0.49,0.7,3.0,0.2,score_point,0.024113475177304965,0.9817499999999998,0.1225,0.8775,0.9140624999999999,705,400,False
model,0.5,0.7,3.0,0.2,score_point,0.024113475177304965,0.9874999999999998,0.125,0.875,0.9126466753585397,705,400,False
model,0.35,0.8,3.0,0.2,score_point,0.024113475177304965,0.9925000000000002,0.0875,0.9125,0.9335038363171355,705,400,False
model,0.51,0.7,3.0,0.2,score_point,0.024113475177304965,0.9932499999999999,0.1275,0.8725,0.9112271540469975,705,400,False
model,0.52,0.7,3.0,0.2,score_point,0.024113475177304965,0.9932499999999999,0.1275,0.8725,0.9112271540469975,705,400,False
model,0.64,0.5,3.0,0.2,score_point,0.024113475177304965,0.99375,0.1975,0.8025,0.8699186991869919,705,400,False
model,0.53,0.7,3.0,0.2,score_point,0.024113475177304965,1.0047499999999998,0.1325,0.8675,0.9083769633507853,705,400,False
model,0.54,0.7,3.0,0.2,score_point,0.024113475177304965,1.0162499999999997,0.1375,0.8625,0.9055118110236221,705,400,False
model,0.55,0.7,3.0,0.2,score_point,0.024113475177304965,1.0162499999999997,0.1375,0.8625,0.9055118110236221,705,400,False
model,0.65,0.5,3.0,0.2,score_point,0.024113475177304965,1.01875,0.2075,0.7925,0.8637602179836511,705,400,False
model,0.56,0.7,3.0,0.2,score_point,0.024113475177304965,1.0219999999999998,0.14,0.86,0.9040735873850196,705,400,False
model,0.72,0.5,2.5,0.2,score_point,0.024113475177304965,1.03,0.265,0.735,0.8270042194092827,705,400,False
model,0.61,0.6,3.0,0.2,score_point,0.024113475177304965,1.0319999999999998,0.18,0.82,0.8805369127516779,705,400,False
model,0.66,0.5,3.0,0.2,score_point,0.024113475177304965,1.0375,0.215,0.785,0.8590971272229821,705,400,False
model,0.57,0.7,3.0,0.2,score_point,0.024113475177304965,1.0392499999999998,0.1475,0.8525,0.899736147757256,705,400,False
model,0.69,0.6,2.5,0.2,score_point,0.024113475177304965,1.0417499999999997,0.2325,0.7675,0.8480662983425413,705,400,False
model,0.73,0.5,2.5,0.2,score_point,0.024113475177304965,1.045,0.2725,0.7275,0.8220338983050848,705,400,False
model,0.29,0.9,3.0,0.2,score_point,0.024113475177304965,1.0470000000000002,0.07,0.93,0.9429657794676806,705,400,False
model,0.62,0.5,3.5,0.2,score_point,0.024113475177304965,1.0475,0.1825,0.8175,0.8790322580645161,705,400,False
model,0.64,0.7,2.5,0.2,score_point,0.024113475177304965,1.0554999999999999,0.1975,0.8025,0.8699186991869919,705,400,False
model,0.26,0.9,3.5,0.2,score_point,0.024113475177304965,1.0560000000000003,0.06,0.94,0.9482976040353088,705,400,False
model,0.67,0.5,3.0,0.2,score_point,0.024113475177304965,1.05625,0.2225,0.7775,0.8543956043956044,705,400,False
model,0.58,0.7,3.0,0.2,score_point,0.024113475177304965,1.0564999999999998,0.155,0.845,0.895364238410596,705,400,False
model,0.3,0.9,3.0,0.2,score_point,0.024113475177304965,1.0575000000000003,0.075,0.925,0.9402795425667091,705,400,False
model,0.68,0.5,3.0,0.2,score_point,0.024113475177304965,1.0625,0.225,0.775,0.8528198074277854,705,400,False
model,0.31,0.9,3.0,0.2,score_point,0.024113475177304965,1.0627500000000003,0.0775,0.9225,0.9389312977099237,705,400,False
model,0.32,0.9,3.0,0.2,score_point,0.024113475177304965,1.0627500000000003,0.0775,0.9225,0.9389312977099237,705,400,False
model,0.33,0.9,3.0,0.2,score_point,0.024113475177304965,1.068,0.08,0.92,0.9375796178343949,705,400,False
model,0.34,0.9,3.0,0.2,score_point,0.024113475177304965,1.068,0.08,0.92,0.9375796178343949,705,400,False
model,0.65,0.7,2.5,0.2,score_point,0.024113475177304965,1.0735,0.2075,0.7925,0.8637602179836511,705,400,False
model,0.66,0.7,2.5,0.2,score_point,0.024113475177304965,1.087,0.215,0.785,0.8590971272229821,705,400,False
model,0.74,0.3,3.0,0.2,score_point,0.024113475177304965,1.08975,0.2925,0.7075,0.8085714285714286,705,400,False
model,0.67,0.7,2.5,0.2,score_point,0.024113475177304965,1.1004999999999998,0.2225,0.7775,0.8543956043956044,705,400,False
model,0.68,0.7,2.5,0.2,score_point,0.024113475177304965,1.1049999999999998,0.225,0.775,0.8528198074277854,705,400,False
model,0.2,1.0,3.5,0.2,score_point,0.024113475177304965,1.11875,0.0475,0.9525,0.9548872180451128,705,400,False
model,0.21,1.0,3.5,0.2,score_point,0.024113475177304965,1.11875,0.0475,0.9525,0.9548872180451128,705,400,False
model,0.75,0.3,3.0,0.2,score_point,0.024113475177304965,1.1235000000000002,0.305,0.695,0.7999999999999999,705,400,False
model,0.22,1.0,3.5,0.2,score_point,0.024113475177304965,1.13125,0.0525,0.9475,0.9522613065326633,705,400,False
model,0.23,1.0,3.5,0.2,score_point,0.024113475177304965,1.1375,0.055,0.945,0.950943396226415,705,400,False
model,0.29,1.0,3.0,0.2,score_point,0.024113475177304965,1.14,0.07,0.93,0.9429657794676806,705,400,False
model,0.24,1.0,3.5,0.2,score_point,0.024113475177304965,1.14375,0.0575,0.9425,0.9496221662468514,705,400,False
model,0.25,1.0,3.5,0.2,score_point,0.024113475177304965,1.14375,0.0575,0.9425,0.9496221662468514,705,400,False
model,0.26,1.0,3.5,0.2,score_point,0.024113475177304965,1.15,0.06,0.94,0.9482976040353088,705,400,False
model,0.3,1.0,3.0,0.2,score_point,0.024113475177304965,1.15,0.075,0.925,0.9402795425667091,705,400,False
model,0.31,1.0,3.0,0.2,score_point,0.024113475177304965,1.155,0.0775,0.9225,0.9389312977099237,705,400,False
model,0.32,1.0,3.0,0.2,score_point,0.024113475177304965,1.155,0.0775,0.9225,0.9389312977099237,705,400,False
model,0.33,1.0,3.0,0.2,score_point,0.024113475177304965,1.16,0.08,0.92,0.9375796178343949,705,400,False
model,0.34,1.0,3.0,0.2,score_point,0.024113475177304965,1.16,0.08,0.92,0.9375796178343949,705,400,False
model,0.79,0.4,2.5,0.2,score_point,0.024113475177304965,1.1770000000000003,0.37,0.63,0.7533632286995516,705,400,False
model,0.84,0.3,2.5,0.2,score_point,0.024113475177304965,1.4000000000000004,0.5,0.5,0.6482982171799028,705,400,False
model,0.85,0.3,2.5,0.2,score_point,0.024113475177304965,1.4880000000000002,0.54,0.46,0.6123128119800334,705,400,False
model,0.86,0.3,2.5,0.2,score_point,0.024113475177304965,1.5595,0.5725,0.4275,0.5816326530612245,705,400,False
model,0.87,0.3,2.5,0.2,score_point,0.024113475177304965,1.6475,0.6125,0.3875,0.541958041958042,705,400,False
model,0.88,0.2,2.5,0.2,score_point,0.024113475177304965,1.71225,0.6575,0.3425,0.4945848375451264,705,400,False
model,0.29,0.7,3.5,0.2,score_point,0.02553191489361702,0.8959999999999999,0.07,0.93,0.9417721518987343,705,400,True
model,0.36,0.7,3.0,0.2,score_point,0.02553191489361702,0.90125,0.0875,0.9125,0.9323116219667943,705,400,False
model,0.37,0.7,3.0,0.2,score_point,0.02553191489361702,0.9069999999999999,0.09,0.91,0.9309462915601024,705,400,False
model,0.38,0.7,3.0,0.2,score_point,0.02553191489361702,0.9069999999999999,0.09,0.91,0.9309462915601024,705,400,False
model,0.39,0.7,3.0,0.2,score_point,0.02553191489361702,0.9185,0.095,0.905,0.9282051282051282,705,400,False
model,0.4,0.7,3.0,0.2,score_point,0.02553191489361702,0.9185,0.095,0.905,0.9282051282051282,705,400,False
model,0.41,0.7,3.0,0.2,score_point,0.02553191489361702,0.9185,0.095,0.905,0.9282051282051282,705,400,False
model,0.42,0.7,3.0,0.2,score_point,0.02553191489361702,0.9185,0.095,0.905,0.9282051282051282,705,400,False
model,0.43,0.7,3.0,0.2,score_point,0.02553191489361702,0.9299999999999998,0.1,0.9,0.9254498714652956,705,400,False
model,0.44,0.7,3.0,0.2,score_point,0.02553191489361702,0.9299999999999998,0.1,0.9,0.9254498714652956,705,400,False
model,0.63,0.5,3.0,0.2,score_point,0.02553191489361702,0.95625,0.1825,0.8175,0.8778523489932886,705,400,False
model,0.5,0.6,3.5,0.2,score_point,0.02553191489361702,0.9624999999999997,0.125,0.875,0.9114583333333333,705,400,False
model,0.3,0.8,3.0,0.2,score_point,0.02553191489361702,0.965,0.075,0.925,0.9390862944162438,705,400,False
model,0.27,0.8,3.5,0.2,score_point,0.02553191489361702,0.96875,0.0625,0.9375,0.9457755359394704,705,400,False
model,0.31,0.8,3.0,0.2,score_point,0.02553191489361702,0.9705000000000001,0.0775,0.9225,0.937738246505718,705,400,False
model,0.32,0.8,3.0,0.2,score_point,0.02553191489361702,0.9705000000000001,0.0775,0.9225,0.937738246505718,705,400,False
model,0.64,0.6,2.5,0.2,score_point,0.02553191489361702,0.9752499999999997,0.1975,0.8025,0.8687415426251691,705,400,False
model,0.28,0.8,3.5,0.2,score_point,0.02553191489361702,0.9755000000000001,0.065,0.935,0.9444444444444445,705,400,False
model,0.33,0.8,3.0,0.2,score_point,0.02553191489361702,0.9760000000000001,0.08,0.92,0.9363867684478372,705,400,False
model,0.34,0.8,3.0,0.2,score_point,0.02553191489361702,0.9760000000000001,0.08,0.92,0.9363867684478372,705,400,False
model,0.65,0.6,2.5,0.2,score_point,0.02553191489361702,0.9942499999999999,0.2075,0.7925,0.8625850340136053,705,400,False
model,0.59,0.6,3.0,0.2,score_point,0.02553191489361702,0.996,0.165,0.835,0.8882978723404256,705,400,False
model,0.66,0.6,2.5,0.2,score_point,0.02553191489361702,1.0084999999999997,0.215,0.785,0.8579234972677596,705,400,False
model,0.6,0.6,3.0,0.2,score_point,0.02553191489361702,1.0199999999999998,0.175,0.825,0.8823529411764706,705,400,False
model,0.67,0.6,2.5,0.2,score_point,0.02553191489361702,1.0227499999999998,0.2225,0.7775,0.8532235939643347,705,400,False
model,0.2,0.9,3.5,0.2,score_point,0.02553191489361702,1.0235000000000003,0.0475,0.9525,0.9536921151439299,705,400,False
model,0.21,0.9,3.5,0.2,score_point,0.02553191489361702,1.0235000000000003,0.0475,0.9525,0.9536921151439299,705,400,False
model,0.68,0.6,2.5,0.2,score_point,0.02553191489361702,1.0274999999999999,0.225,0.775,0.8516483516483515,705,400,False
model,0.63,0.7,2.5,0.2,score_point,0.02553191489361702,1.0285,0.1825,0.8175,0.8778523489932886,705,400,False
model,0.22,0.9,3.5,0.2,score_point,0.02553191489361702,1.0365000000000004,0.0525,0.9475,0.9510664993726474,705,400,False
model,0.61,0.5,3.5,0.2,score_point,0.02553191489361702,1.04,0.18,0.82,0.8793565683646112,705,400,False
model,0.23,0.9,3.5,0.2,score_point,0.02553191489361702,1.0430000000000001,0.055,0.945,0.949748743718593,705,400,False
model,0.24,0.9,3.5,0.2,score_point,0.02553191489361702,1.0495,0.0575,0.9425,0.9484276729559747,705,400,False
model,0.25,0.9,3.5,0.2,score_point,0.02553191489361702,1.0495,0.0575,0.9425,0.9484276729559747,705,400,False
model,0.76,0.4,2.5,0.2,score_point,0.02553191489361702,1.0930000000000002,0.33,0.67,0.7813411078717202,705,400,False
model,0.61,0.8,2.5,0.2,score_point,0.02553191489361702,1.1060000000000003,0.18,0.82,0.8793565683646112,705,400,False
model,0.62,0.8,2.5,0.2,score_point,0.02553191489361702,1.1102500000000002,0.1825,0.8175,0.8778523489932886,705,400,False
model,0.77,0.4,2.5,0.2,score_point,0.02553191489361702,1.114,0.34,0.66,0.7741935483870968,705,400,False
model,0.19,1.0,3.5,0.2,score_point,0.02553191489361702,1.11875,0.0475,0.9525,0.9536921151439299,705,400,False
model,0.69,0.4,3.5,0.2,score_point,0.02553191489361702,1.1207500000000001,0.2325,0.7675,0.8468965517241379,705,400,False
model,0.78,0.4,2.5,0.2,score_point,0.02553191489361702,1.1455000000000002,0.355,0.645,0.7633136094674556,705,400,False
model,0.74,0.2,3.5,0.2,score_point,0.02553191489361702,1.1652499999999997,0.2925,0.7075,0.8074179743223966,705,400,False
model,0.8,0.3,2.5,0.2,score_point,0.02553191489361702,1.1800000000000002,0.4,0.6,0.729483282674772,705,400,False
model,0.61,0.9,2.5,0.2,score_point,0.02553191489361702,1.1880000000000002,0.18,0.82,0.8793565683646112,705,400,False
model,0.62,0.9,2.5,0.2,score_point,0.02553191489361702,1.1920000000000002,0.1825,0.8175,0.8778523489932886,705,400,False
model,0.75,0.2,3.5,0.2,score_point,0.02553191489361702,1.2064999999999997,0.305,0.695,0.7988505747126436,705,400,False
model,0.81,0.3,2.5,0.2,score_point,0.02553191489361702,1.2295000000000003,0.4225,0.5775,0.711864406779661,705,400,False
model,0.79,0.2,3.0,0.2,score_point,0.02553191489361702,1.236,0.37,0.63,0.7522388059701491,705,400,False
model,0.61,1.0,2.5,0.2,score_point,0.02553191489361702,1.27,0.18,0.82,0.8793565683646112,705,400,False
model,0.62,1.0,2.5,0.2,score_point,0.02553191489361702,1.27375,0.1825,0.8175,0.8778523489932886,705,400,False
model,0.82,0.3,2.5,0.2,score_point,0.02553191489361702,1.2845000000000002,0.4475,0.5525,0.6917057902973396,705,400,False
model,0.83,0.3,2.5,0.2,score_point,0.02553191489361702,1.345,0.475,0.525,0.6687898089171975,705,400,False
model,0.84,0.8,2.0,0.2,score_point,0.02553191489361702,1.4000000000000004,0.5,0.5,0.6472491909385113,705,400,False
model,0.85,0.8,2.0,0.2,score_point,0.02553191489361702,1.4480000000000002,0.54,0.46,0.6112956810631229,705,400,False
model,0.84,0.9,2.0,0.2,score_point,0.02553191489361702,1.45,0.5,0.5,0.6472491909385113,705,400,False
model,0.86,0.8,2.0,0.2,score_point,0.02553191489361702,1.487,0.5725,0.4275,0.5806451612903225,705,400,False
model,0.85,0.9,2.0,0.2,score_point,0.02553191489361702,1.494,0.54,0.46,0.6112956810631229,705,400,False
model,0.84,1.0,2.0,0.2,score_point,0.02553191489361702,1.5,0.5,0.5,0.6472491909385113,705,400,False
model,0.86,0.9,2.0,0.2,score_point,0.02553191489361702,1.52975,0.5725,0.4275,0.5806451612903225,705,400,False
model,0.87,0.8,2.0,0.2,score_point,0.02553191489361702,1.535,0.6125,0.3875,0.5410122164048866,705,400,False
model,0.85,1.0,2.0,0.2,score_point,0.02553191489361702,1.54,0.54,0.46,0.6112956810631229,705,400,False
model,0.86,1.0,2.0,0.2,score_point,0.02553191489361702,1.5725,0.5725,0.4275,0.5806451612903225,705,400,False
model,0.87,0.9,2.0,0.2,score_point,0.02553191489361702,1.57375,0.6125,0.3875,0.5410122164048866,705,400,False
model,0.88,0.8,2.0,0.2,score_point,0.02553191489361702,1.589,0.6575,0.3425,0.4936936936936937,705,400,False
model,0.87,1.0,2.0,0.2,score_point,0.02553191489361702,1.6125,0.6125,0.3875,0.5410122164048866,705,400,False
model,0.88,0.9,2.0,0.2,score_point,0.02553191489361702,1.6232499999999999,0.6575,0.3425,0.4936936936936937,705,400,False
model,0.89,0.8,2.0,0.2,score_point,0.02553191489361702,1.631,0.6925,0.3075,0.45471349353049906,705,400,False
model,0.88,1.0,2.0,0.2,score_point,0.02553191489361702,1.6575,0.6575,0.3425,0.4936936936936937,705,400,False
model,0.89,0.9,2.0,0.2,score_point,0.02553191489361702,1.66175,0.6925,0.3075,0.45471349353049906,705,400,False
model,0.9,0.8,2.0,0.2,score_point,0.02553191489361702,1.6670000000000005,0.7225,0.2775,0.41965973534971646,705,400,False
model,0.92,0.5,2.0,0.2,score_point,0.02553191489361702,1.68875,0.7925,0.2075,0.33133732534930144,705,400,False
model,0.89,1.0,2.0,0.2,score_point,0.02553191489361702,1.6925,0.6925,0.3075,0.45471349353049906,705,400,False
model,0.9,0.9,2.0,0.2,score_point,0.02553191489361702,1.69475,0.7225,0.2775,0.41965973534971646,705,400,False
model,0.92,0.6,2.0,0.2,score_point,0.02553191489361702,1.7094999999999998,0.7925,0.2075,0.33133732534930144,705,400,False
model,0.91,0.8,2.0,0.2,score_point,0.02553191489361702,1.7120000000000002,0.76,0.24,0.37354085603112835,705,400,False
model,0.9,1.0,2.0,0.2,score_point,0.02553191489361702,1.7225,0.7225,0.2775,0.41965973534971646,705,400,False
model,0.92,0.7,2.0,0.2,score_point,0.02553191489361702,1.7302499999999998,0.7925,0.2075,0.33133732534930144,705,400,False
model,0.91,0.9,2.0,0.2,score_point,0.02553191489361702,1.736,0.76,0.24,0.37354085603112835,705,400,False
model,0.93,0.5,2.0,0.2,score_point,0.02553191489361702,1.7375,0.825,0.175,0.28688524590163933,705,400,False
model,0.92,0.8,2.0,0.2,score_point,0.02553191489361702,1.7510000000000003,0.7925,0.2075,0.33133732534930144,705,400,False
model,0.93,0.6,2.0,0.2,score_point,0.02553191489361702,1.755,0.825,0.175,0.28688524590163933,705,400,False
model,0.91,1.0,2.0,0.2,score_point,0.02553191489361702,1.76,0.76,0.24,0.37354085603112835,705,400,False
model,0.92,0.9,2.0,0.2,score_point,0.02553191489361702,1.7717500000000002,0.7925,0.2075,0.33133732534930144,705,400,False
model,0.93,0.7,2.0,0.2,score_point,0.02553191489361702,1.7725,0.825,0.175,0.28688524590163933,705,400,False
model,0.93,0.8,2.0,0.2,score_point,0.02553191489361702,1.79,0.825,0.175,0.28688524590163933,705,400,False
model,0.92,1.0,2.0,0.2,score_point,0.02553191489361702,1.7925,0.7925,0.2075,0.33133732534930144,705,400,False
model,0.93,0.9,2.0,0.2,score_point,0.02553191489361702,1.8075,0.825,0.175,0.28688524590163933,705,400,False
model,0.94,0.5,2.0,0.2,score_point,0.02553191489361702,1.8125,0.875,0.125,0.21367521367521367,705,400,False
model,0.93,1.0,2.0,0.2,score_point,0.02553191489361702,1.825,0.825,0.175,0.28688524590163933,705,400,False
model,0.94,0.6,2.0,0.2,score_point,0.02553191489361702,1.825,0.875,0.125,0.21367521367521367,705,400,False
model,0.94,0.7,2.0,0.2,score_point,0.02553191489361702,1.8375,0.875,0.125,0.21367521367521367,705,400,False
model,0.94,0.8,2.0,0.2,score_point,0.02553191489361702,1.85,0.875,0.125,0.21367521367521367,705,400,False
model,0.94,0.9,2.0,0.2,score_point,0.02553191489361702,1.8625,0.875,0.125,0.21367521367521367,705,400,False
model,0.94,1.0,2.0,0.2,score_point,0.02553191489361702,1.875,0.875,0.125,0.21367521367521367,705,400,False
model,0.95,0.2,2.0,0.2,score_point,0.02553191489361702,1.892,0.94,0.06,0.10859728506787328,705,400,False
model,0.95,0.3,2.0,0.2,score_point,0.02553191489361702,1.8980000000000001,0.94,0.06,0.10859728506787328,705,400,False
model,0.95,0.4,2.0,0.2,score_point,0.02553191489361702,1.9039999999999997,0.94,0.06,0.10859728506787328,705,400,False
model,0.95,0.5,2.0,0.2,score_point,0.02553191489361702,1.91,0.94,0.06,0.10859728506787328,705,400,False
model,0.95,0.6,2.0,0.2,score_point,0.02553191489361702,1.9160000000000001,0.94,0.06,0.10859728506787328,705,400,False
model,0.95,0.7,2.0,0.2,score_point,0.02553191489361702,1.922,0.94,0.06,0.10859728506787328,705,400,False
model,0.95,0.8,2.0,0.2,score_point,0.02553191489361702,1.9280000000000002,0.94,0.06,0.10859728506787328,705,400,False
model,0.95,0.9,2.0,0.2,score_point,0.02553191489361702,1.9339999999999997,0.94,0.06,0.10859728506787328,705,400,False
model,0.95,1.0,2.0,0.2,score_point,0.02553191489361702,1.94,0.94,0.06,0.10859728506787328,705,400,False
model,0.96,0.2,2.0,0.2,score_point,0.02553191489361702,1.9415,0.9675,0.0325,0.060324825986078884,705,400,False
model,0.96,0.3,2.0,0.2,score_point,0.02553191489361702,1.94475,0.9675,0.0325,0.060324825986078884,705,400,False
model,0.96,0.4,2.0,0.2,score_point,0.02553191489361702,1.9480000000000002,0.9675,0.0325,0.060324825986078884,705,400,False
model,0.96,0.5,2.0,0.2,score_point,0.02553191489361702,1.95125,0.9675,0.0325,0.060324825986078884,705,400,False
model,0.96,0.6,2.0,0.2,score_point,0.02553191489361702,1.9545,0.9675,0.0325,0.060324825986078884,705,400,False
model,0.96,0.7,2.0,0.2,score_point,0.02553191489361702,1.95775,0.9675,0.0325,0.060324825986078884,705,400,False
model,0.96,0.8,2.0,0.2,score_point,0.02553191489361702,1.9609999999999999,0.9675,0.0325,0.060324825986078884,705,400,False
model,0.97,0.2,2.0,0.2,score_point,0.02553191489361702,1.964,0.98,0.02,0.03755868544600939,705,400,False
model,0.96,0.9,2.0,0.2,score_point,0.02553191489361702,1.96425,0.9675,0.0325,0.060324825986078884,705,400,False
model,0.97,0.3,2.0,0.2,score_point,0.02553191489361702,1.966,0.98,0.02,0.03755868544600939,705,400,False
model,0.96,1.0,2.0,0.2,score_point,0.02553191489361702,1.9675,0.9675,0.0325,0.060324825986078884,705,400,False
model,0.97,0.4,2.0,0.2,score_point,0.02553191489361702,1.9680000000000002,0.98,0.02,0.03755868544600939,705,400,False
model,0.97,0.5,2.0,0.2,score_point,0.02553191489361702,1.97,0.98,0.02,0.03755868544600939,705,400,False
model,0.97,0.6,2.0,0.2,score_point,0.02553191489361702,1.972,0.98,0.02,0.03755868544600939,705,400,False
model,0.97,0.7,2.0,0.2,score_point,0.02553191489361702,1.974,0.98,0.02,0.03755868544600939,705,400,False
model,0.97,0.8,2.0,0.2,score_point,0.02553191489361702,1.976,0.98,0.02,0.03755868544600939,705,400,False
model,0.97,0.9,2.0,0.2,score_point,0.02553191489361702,1.9780000000000002,0.98,0.02,0.03755868544600939,705,400,False
model,0.97,1.0,2.0,0.2,score_point,0.02553191489361702,1.98,0.98,0.02,0.03755868544600939,705,400,False
model,0.98,0.2,2.0,0.2,score_point,0.02553191489361702,1.9955,0.9975,0.0025,0.00477326968973747,705,400,False
model,0.98,0.3,2.0,0.2,score_point,0.02553191489361702,1.99575,0.9975,0.0025,0.00477326968973747,705,400,False
model,0.98,0.4,2.0,0.2,score_point,0.02553191489361702,1.996,0.9975,0.0025,0.00477326968973747,705,400,False
model,0.98,0.5,2.0,0.2,score_point,0.02553191489361702,1.99625,0.9975,0.0025,0.00477326968973747,705,400,False
model,0.98,0.6,2.0,0.2,score_point,0.02553191489361702,1.9965000000000002,0.9975,0.0025,0.00477326968973747,705,400,False
model,0.98,0.7,2.0,0.2,score_point,0.02553191489361702,1.99675,0.9975,0.0025,0.00477326968973747,705,400,False
model,0.98,0.8,2.0,0.2,score_point,0.02553191489361702,1.9969999999999999,0.9975,0.0025,0.00477326968973747,705,400,False
model,0.98,0.9,2.0,0.2,score_point,0.02553191489361702,1.99725,0.9975,0.0025,0.00477326968973747,705,400,False
model,0.98,1.0,2.0,0.2,score_point,0.02553191489361702,1.9975,0.9975,0.0025,0.00477326968973747,705,400,False
model,0.99,0.2,2.0,0.2,score_point,0.02553191489361702,2.0,1.0,0.0,0.0,705,400,False
model,1.0,0.2,2.0,0.2,score_point,0.02553191489361702,2.0,1.0,0.0,0.0,705,400,False
model,0.99,0.3,2.0,0.2,score_point,0.02553191489361702,2.0,1.0,0.0,0.0,705,400,False
model,1.0,0.3,2.0,0.2,score_point,0.02553191489361702,2.0,1.0,0.0,0.0,705,400,False
model,0.99,0.4,2.0,0.2,score_point,0.02553191489361702,2.0,1.0,0.0,0.0,705,400,False
model,1.0,0.4,2.0,0.2,score_point,0.02553191489361702,2.0,1.0,0.0,0.0,705,400,False
model,0.99,0.5,2.0,0.2,score_point,0.02553191489361702,2.0,1.0,0.0,0.0,705,400,False
model,1.0,0.5,2.0,0.2,score_point,0.02553191489361702,2.0,1.0,0.0,0.0,705,400,False
model,0.99,0.6,2.0,0.2,score_point,0.02553191489361702,2.0,1.0,0.0,0.0,705,400,False
model,1.0,0.6,2.0,0.2,score_point,0.02553191489361702,2.0,1.0,0.0,0.0,705,400,False
model,0.99,0.7,2.0,0.2,score_point,0.02553191489361702,2.0,1.0,0.0,0.0,705,400,False
model,1.0,0.7,2.0,0.2,score_point,0.02553191489361702,2.0,1.0,0.0,0.0,705,400,False
model,0.99,0.8,2.0,0.2,score_point,0.02553191489361702,2.0,1.0,0.0,0.0,705,400,False
model,1.0,0.8,2.0,0.2,score_point,0.02553191489361702,2.0,1.0,0.0,0.0,705,400,False
model,0.99,0.9,2.0,0.2,score_point,0.02553191489361702,2.0,1.0,0.0,0.0,705,400,False
model,1.0,0.9,2.0,0.2,score_point,0.02553191489361702,2.0,1.0,0.0,0.0,705,400,False
model,0.99,1.0,2.0,0.2,score_point,0.02553191489361702,2.0,1.0,0.0,0.0,705,400,False
model,1.0,1.0,2.0,0.2,score_point,0.02553191489361702,2.0,1.0,0.0,0.0,705,400,False
model,0.35,0.7,3.0,0.2,score_point,0.02695035460992908,0.90125,0.0875,0.9125,0.9311224489795918,705,400,False
model,0.51,0.6,3.0,0.2,score_point,0.02695035460992908,0.9059999999999999,0.1275,0.8725,0.9088541666666667,705,400,False
model,0.52,0.6,3.0,0.2,score_point,0.02695035460992908,0.9059999999999999,0.1275,0.8725,0.9088541666666667,705,400,False
model,0.45,0.6,3.5,0.2,score_point,0.02695035460992908,0.9117499999999998,0.1075,0.8925,0.9201030927835052,705,400,False
model,0.53,0.6,3.0,0.2,score_point,0.02695035460992908,0.9179999999999998,0.1325,0.8675,0.9060052219321149,705,400,False
model,0.46,0.6,3.5,0.2,score_point,0.02695035460992908,0.9262499999999999,0.1125,0.8875,0.917312661498708,705,400,False
model,0.54,0.6,3.0,0.2,score_point,0.02695035460992908,0.9299999999999998,0.1375,0.8625,0.9031413612565445,705,400,False
model,0.55,0.6,3.0,0.2,score_point,0.02695035460992908,0.9299999999999998,0.1375,0.8625,0.9031413612565445,705,400,False
model,0.47,0.6,3.5,0.2,score_point,0.02695035460992908,0.9335,0.115,0.885,0.9159120310478654,705,400,False
model,0.56,0.6,3.0,0.2,score_point,0.02695035460992908,0.9359999999999999,0.14,0.86,0.9017038007863695,705,400,False
model,0.48,0.6,3.5,0.2,score_point,0.02695035460992908,0.9407499999999999,0.1175,0.8825,0.9145077720207253,705,400,False
model,0.63,0.6,2.5,0.2,score_point,0.02695035460992908,0.9467499999999999,0.1825,0.8175,0.8766756032171582,705,400,False
model,0.57,0.6,3.0,0.2,score_point,0.02695035460992908,0.9539999999999997,0.1475,0.8525,0.8973684210526316,705,400,False
model,0.29,0.8,3.0,0.2,score_point,0.02695035460992908,0.9540000000000001,0.07,0.93,0.9405815423514539,705,400,False
model,0.49,0.6,3.5,0.2,score_point,0.02695035460992908,0.9552499999999998,0.1225,0.8775,0.9116883116883118,705,400,False
model,0.26,0.8,3.5,0.2,score_point,0.02695035460992908,0.9620000000000002,0.06,0.94,0.9459119496855345,705,400,False
model,0.58,0.6,3.0,0.2,score_point,0.02695035460992908,0.9719999999999999,0.155,0.845,0.892998678996037,705,400,False
model,0.59,0.5,3.5,0.2,score_point,0.02695035460992908,0.995,0.165,0.835,0.8871181938911022,705,400,False
model,0.7,0.5,2.5,0.2,score_point,0.02695035460992908,1.0,0.25,0.75,0.8344923504867872,705,400,False
model,0.64,0.4,3.5,0.2,score_point,0.02695035460992908,1.01225,0.1975,0.8025,0.8675675675675675,705,400,False
model,0.74,0.4,2.5,0.2,score_point,0.02695035460992908,1.01425,0.2925,0.7075,0.8062678062678063,705,400,False
model,0.71,0.5,2.5,0.2,score_point,0.02695035460992908,1.015,0.2575,0.7425,0.8296089385474861,705,400,False
model,0.72,0.3,3.0,0.2,score_point,0.02695035460992908,1.0155,0.265,0.735,0.8246844319775596,705,400,False
model,0.19,0.9,3.5,0.2,score_point,0.02695035460992908,1.0235000000000003,0.0475,0.9525,0.9525,705,400,False
model,0.6,0.5,3.5,0.2,score_point,0.02695035460992908,1.025,0.175,0.825,0.8811748998664886,705,400,False
model,0.27,0.9,3.0,0.2,score_point,0.02695035460992908,1.0312500000000002,0.0625,0.9375,0.9445843828715365,705,400,False
model,0.73,0.3,3.0,0.2,score_point,0.02695035460992908,1.0357500000000002,0.2725,0.7275,0.819718309859155,705,400,False
model,0.28,0.9,3.0,0.2,score_point,0.02695035460992908,1.0365000000000002,0.065,0.935,0.9432534678436317,705,400,False
model,0.75,0.4,2.5,0.2,score_point,0.02695035460992908,1.0405000000000002,0.305,0.695,0.7977044476327115,705,400,False
model,0.65,0.4,3.5,0.2,score_point,0.02695035460992908,1.04325,0.2075,0.7925,0.8614130434782609,705,400,False
model,0.7,0.4,3.0,0.2,score_point,0.02695035460992908,1.05,0.25,0.75,0.8344923504867872,705,400,False
model,0.66,0.4,3.5,0.2,score_point,0.02695035460992908,1.0665,0.215,0.785,0.8567530695770804,705,400,False
model,0.71,0.4,3.0,0.2,score_point,0.02695035460992908,1.0695000000000001,0.2575,0.7425,0.8296089385474861,705,400,False
model,0.59,0.8,2.5,0.2,score_point,0.02695035460992908,1.0805000000000002,0.165,0.835,0.8871181938911022,705,400,False
model,0.67,0.4,3.5,0.2,score_point,0.02695035460992908,1.08975,0.2225,0.7775,0.8520547945205479,705,400,False
model,0.6,0.8,2.5,0.2,score_point,0.02695035460992908,1.0975000000000001,0.175,0.825,0.8811748998664886,705,400,False
model,0.68,0.4,3.5,0.2,score_point,0.02695035460992908,1.0975000000000001,0.225,0.775,0.8504801097393689,705,400,False
model,0.7,0.3,3.5,0.2,score_point,0.02695035460992908,1.1,0.25,0.75,0.8344923504867872,705,400,False
model,0.79,0.3,2.5,0.2,score_point,0.02695035460992908,1.114,0.37,0.63,0.751117734724292,705,400,False
model,0.76,0.2,3.0,0.2,score_point,0.02695035460992908,1.1239999999999997,0.33,0.67,0.7802037845705968,705,400,False
model,0.71,0.3,3.5,0.2,score_point,0.02695035460992908,1.124,0.2575,0.7425,0.8296089385474861,705,400,False
model,0.27,1.0,3.0,0.2,score_point,0.02695035460992908,1.125,0.0625,0.9375,0.9445843828715365,705,400,False
model,0.28,1.0,3.0,0.2,score_point,0.02695035460992908,1.13,0.065,0.935,0.9432534678436317,705,400,False
model,0.77,0.2,3.0,0.2,score_point,0.02695035460992908,1.152,0.34,0.66,0.7730600292825768,705,400,False
model,0.59,0.9,2.5,0.2,score_point,0.02695035460992908,1.1640000000000001,0.165,0.835,0.8871181938911022,705,400,False
model,0.6,0.9,2.5,0.2,score_point,0.02695035460992908,1.1800000000000004,0.175,0.825,0.8811748998664886,705,400,False
model,0.78,0.2,3.0,0.2,score_point,0.02695035460992908,1.194,0.355,0.645,0.7621861152141802,705,400,False
model,0.76,0.8,2.0,0.2,score_point,0.02695035460992908,1.1960000000000002,0.33,0.67,0.7802037845705968,705,400,False
model,0.77,0.8,2.0,0.2,score_point,0.02695035460992908,1.2080000000000002,0.34,0.66,0.7730600292825768,705,400,False
model,0.78,0.8,2.0,0.2,score_point,0.02695035460992908,1.2260000000000002,0.355,0.645,0.7621861152141802,705,400,False
model,0.79,0.8,2.0,0.2,score_point,0.02695035460992908,1.244,0.37,0.63,0.751117734724292,705,400,False
model,0.59,1.0,2.5,0.2,score_point,0.02695035460992908,1.2475,0.165,0.835,0.8871181938911022,705,400,False
model,0.6,1.0,2.5,0.2,score_point,0.02695035460992908,1.2625,0.175,0.825,0.8811748998664886,705,400,False
model,0.76,0.9,2.0,0.2,score_point,0.02695035460992908,1.2630000000000001,0.33,0.67,0.7802037845705968,705,400,False
model,0.77,0.9,2.0,0.2,score_point,0.02695035460992908,1.2740000000000002,0.34,0.66,0.7730600292825768,705,400,False
model,0.8,0.8,2.0,0.2,score_point,0.02695035460992908,1.2800000000000002,0.4,0.6,0.7283763277693475,705,400,False
model,0.78,0.9,2.0,0.2,score_point,0.02695035460992908,1.2905000000000002,0.355,0.645,0.7621861152141802,705,400,False
model,0.79,0.9,2.0,0.2,score_point,0.02695035460992908,1.3070000000000002,0.37,0.63,0.751117734724292,705,400,False
model,0.81,0.8,2.0,0.2,score_point,0.02695035460992908,1.3070000000000002,0.4225,0.5775,0.7107692307692308,705,400,False
model,0.76,1.0,2.0,0.2,score_point,0.02695035460992908,1.33,0.33,0.67,0.7802037845705968,705,400,False
model,0.82,0.8,2.0,0.2,score_point,0.02695035460992908,1.3370000000000002,0.4475,0.5525,0.690625,705,400,False
model,0.77,1.0,2.0,0.2,score_point,0.02695035460992908,1.34,0.34,0.66,0.7730600292825768,705,400,False
model,0.8,0.9,2.0,0.2,score_point,0.02695035460992908,1.34,0.4,0.6,0.7283763277693475,705,400,False
model,0.84,0.7,2.0,0.2,score_point,0.02695035460992908,1.3499999999999996,0.5,0.5,0.6462035541195477,705,400,False
model,0.78,1.0,2.0,0.2,score_point,0.02695035460992908,1.355,0.355,0.645,0.7621861152141802,705,400,False
model,0.81,0.9,2.0,0.2,score_point,0.02695035460992908,1.3647500000000001,0.4225,0.5775,0.7107692307692308,705,400,False
model,0.79,1.0,2.0,0.2,score_point,0.02695035460992908,1.37,0.37,0.63,0.751117734724292,705,400,False
model,0.83,0.8,2.0,0.2,score_point,0.02695035460992908,1.37,0.475,0.525,0.6677265500794913,705,400,False
model,0.82,0.9,2.0,0.2,score_point,0.02695035460992908,1.39225,0.4475,0.5525,0.690625,705,400,False
model,0.8,1.0,2.0,0.2,score_point,0.02695035460992908,1.4,0.4,0.6,0.7283763277693475,705,400,False
model,0.85,0.7,2.0,0.2,score_point,0.02695035460992908,1.402,0.54,0.46,0.6102819237147595,705,400,False
model,0.81,1.0,2.0,0.2,score_point,0.02695035460992908,1.4225,0.4225,0.5775,0.7107692307692308,705,400,False
model,0.83,0.9,2.0,0.2,score_point,0.02695035460992908,1.4225,0.475,0.525,0.6677265500794913,705,400,False
model,0.86,0.7,2.0,0.2,score_point,0.02695035460992908,1.4442499999999998,0.5725,0.4275,0.5796610169491525,705,400,False
model,0.82,1.0,2.0,0.2,score_point,0.02695035460992908,1.4475,0.4475,0.5525,0.690625,705,400,False
model,0.83,1.0,2.0,0.2,score_point,0.02695035460992908,1.475,0.475,0.525,0.6677265500794913,705,400,False
model,0.87,0.7,2.0,0.2,score_point,0.02695035460992908,1.49625,0.6125,0.3875,0.5400696864111498,705,400,False
model,0.86,0.2,2.5,0.2,score_point,0.02695035460992908,1.5167499999999998,0.5725,0.4275,0.5796610169491525,705,400,False
model,0.88,0.7,2.0,0.2,score_point,0.02695035460992908,1.5547499999999999,0.6575,0.3425,0.4928057553956835,705,400,False
model,0.89,0.7,2.0,0.2,score_point,0.02695035460992908,1.60025,0.6925,0.3075,0.4538745387453874,705,400,False
model,0.87,0.2,2.5,0.2,score_point,0.02695035460992908,1.60875,0.6125,0.3875,0.5400696864111498,705,400,False
model,0.9,0.7,2.0,0.2,score_point,0.02695035460992908,1.6392499999999997,0.7225,0.2775,0.4188679245283019,705,400,False
model,0.91,0.5,2.0,0.2,score_point,0.02695035460992908,1.64,0.76,0.24,0.37281553398058254,705,400,False
model,0.92,0.3,2.0,0.2,score_point,0.02695035460992908,1.6472500000000003,0.7925,0.2075,0.3306772908366533,705,400,False
model,0.91,0.6,2.0,0.2,score_point,0.02695035460992908,1.6639999999999997,0.76,0.24,0.37281553398058254,705,400,False
model,0.92,0.4,2.0,0.2,score_point,0.02695035460992908,1.6680000000000001,0.7925,0.2075,0.3306772908366533,705,400,False
model,0.91,0.7,2.0,0.2,score_point,0.02695035460992908,1.6879999999999997,0.76,0.24,0.37281553398058254,705,400,False
model,0.93,0.3,2.0,0.2,score_point,0.02695035460992908,1.7025,0.825,0.175,0.28629856850715746,705,400,False
model,0.93,0.4,2.0,0.2,score_point,0.02695035460992908,1.72,0.825,0.175,0.28629856850715746,705,400,False
model,0.94,0.2,2.0,0.2,score_point,0.02695035460992908,1.775,0.875,0.125,0.21321961620469082,705,400,False
model,0.94,0.3,2.0,0.2,score_point,0.02695035460992908,1.7875,0.875,0.125,0.21321961620469082,705,400,False
model,0.94,0.4,2.0,0.2,score_point,0.02695035460992908,1.8,0.875,0.125,0.21321961620469082,705,400,False
model,0.3,0.7,3.0,0.2,score_point,0.028368794326241134,0.8725,0.075,0.925,0.9367088607594937,705,400,True
model,0.27,0.7,3.5,0.2,score_point,0.028368794326241134,0.875,0.0625,0.9375,0.9433962264150944,705,400,False
model,0.31,0.7,3.0,0.2,score_point,0.028368794326241134,0.8782499999999999,0.0775,0.9225,0.9353612167300381,705,400,False
model,0.32,0.7,3.0,0.2,score_point,0.028368794326241134,0.8782499999999999,0.0775,0.9225,0.9353612167300381,705,400,False
model,0.28,0.7,3.5,0.2,score_point,0.028368794326241134,0.8819999999999999,0.065,0.935,0.942065491183879,705,400,False
model,0.51,0.5,3.5,0.2,score_point,0.028368794326241134,0.8825,0.1275,0.8725,0.9076723016905072,705,400,False
model,0.52,0.5,3.5,0.2,score_point,0.028368794326241134,0.8825,0.1275,0.8725,0.9076723016905072,705,400,False
model,0.33,0.7,3.0,0.2,score_point,0.028368794326241134,0.8839999999999999,0.08,0.92,0.9340101522842639,705,400,False
model,0.34,0.7,3.0,0.2,score_point,0.028368794326241134,0.8839999999999999,0.08,0.92,0.9340101522842639,705,400,False
model,0.53,0.5,3.5,0.2,score_point,0.028368794326241134,0.8975,0.1325,0.8675,0.9048239895697523,705,400,False
model,0.54,0.5,3.5,0.2,score_point,0.028368794326241134,0.9125,0.1375,0.8625,0.9019607843137256,705,400,False
model,0.55,0.5,3.5,0.2,score_point,0.028368794326241134,0.9125,0.1375,0.8625,0.9019607843137256,705,400,False
model,0.56,0.5,3.5,0.2,score_point,0.028368794326241134,0.92,0.14,0.86,0.9005235602094239,705,400,False
model,0.2,0.8,3.5,0.2,score_point,0.028368794326241134,0.9282500000000001,0.0475,0.9525,0.951310861423221,705,400,False
model,0.21,0.8,3.5,0.2,score_point,0.028368794326241134,0.9282500000000001,0.0475,0.9525,0.951310861423221,705,400,False
model,0.22,0.8,3.5,0.2,score_point,0.028368794326241134,0.9417500000000001,0.0525,0.9475,0.9486858573216521,705,400,False
model,0.57,0.5,3.5,0.2,score_point,0.028368794326241134,0.9425,0.1475,0.8525,0.8961892247043363,705,400,False
model,0.23,0.8,3.5,0.2,score_point,0.028368794326241134,0.9485000000000001,0.055,0.945,0.9473684210526316,705,400,False
model,0.24,0.8,3.5,0.2,score_point,0.028368794326241134,0.95525,0.0575,0.9425,0.9460476787954829,705,400,False
model,0.25,0.8,3.5,0.2,score_point,0.028368794326241134,0.95525,0.0575,0.9425,0.9460476787954829,705,400,False
model,0.62,0.5,3.0,0.2,score_point,0.028368794326241134,0.95625,0.1825,0.8175,0.8755020080321285,705,400,False
model,0.58,0.5,3.5,0.2,score_point,0.028368794326241134,0.965,0.155,0.845,0.8918205804749341,705,400,False
model,0.63,0.4,3.5,0.2,score_point,0.028368794326241134,0.9657500000000002,0.1825,0.8175,0.8755020080321285,705,400,False
model,0.45,0.8,2.5,0.2,score_point,0.028368794326241134,0.98275,0.1075,0.8925,0.9189189189189189,705,400,False
model,0.46,0.8,2.5,0.2,score_point,0.028368794326241134,0.9912500000000002,0.1125,0.8875,0.9161290322580645,705,400,False
model,0.47,0.8,2.5,0.2,score_point,0.028368794326241134,0.9955000000000002,0.115,0.885,0.9147286821705426,705,400,False
model,0.48,0.8,2.5,0.2,score_point,0.028368794326241134,0.9997500000000002,0.1175,0.8825,0.9133247089262613,705,400,False
model,0.49,0.8,2.5,0.2,score_point,0.028368794326241134,1.00825,0.1225,0.8775,0.9105058365758755,705,400,False
model,0.5,0.8,2.5,0.2,score_point,0.028368794326241134,1.0125000000000002,0.125,0.875,0.9090909090909091,705,400,False
model,0.51,0.8,2.5,0.2,score_point,0.028368794326241134,1.01675,0.1275,0.8725,0.9076723016905072,705,400,False
model,0.52,0.8,2.5,0.2,score_point,0.028368794326241134,1.01675,0.1275,0.8725,0.9076723016905072,705,400,False
model,0.61,0.7,2.5,0.2,score_point,0.028368794326241134,1.024,0.18,0.82,0.877005347593583,705,400,False
model,0.53,0.8,2.5,0.2,score_point,0.028368794326241134,1.0252500000000002,0.1325,0.8675,0.9048239895697523,705,400,False
model,0.76,0.3,2.5,0.2,score_point,0.028368794326241134,1.026,0.33,0.67,0.7790697674418605,705,400,False
model,0.26,0.9,3.0,0.2,score_point,0.028368794326241134,1.0260000000000002,0.06,0.94,0.9447236180904524,705,400,False
model,0.62,0.7,2.5,0.2,score_point,0.028368794326241134,1.0285,0.1825,0.8175,0.8755020080321285,705,400,False
model,0.54,0.8,2.5,0.2,score_point,0.028368794326241134,1.0337500000000004,0.1375,0.8625,0.9019607843137256,705,400,False
model,0.55,0.8,2.5,0.2,score_point,0.028368794326241134,1.0337500000000004,0.1375,0.8625,0.9019607843137256,705,400,False
model,0.56,0.8,2.5,0.2,score_point,0.028368794326241134,1.0380000000000003,0.14,0.86,0.9005235602094239,705,400,False
model,0.36,0.9,2.5,0.2,score_point,0.028368794326241134,1.0400000000000003,0.0875,0.9125,0.929936305732484,705,400,False
model,0.37,0.9,2.5,0.2,score_point,0.028368794326241134,1.0440000000000003,0.09,0.91,0.9285714285714285,705,400,False
model,0.38,0.9,2.5,0.2,score_point,0.028368794326241134,1.0440000000000003,0.09,0.91,0.9285714285714285,705,400,False
model,0.77,0.3,2.5,0.2,score_point,0.028368794326241134,1.048,0.34,0.66,0.7719298245614035,705,400,False
model,0.57,0.8,2.5,0.2,score_point,0.028368794326241134,1.05075,0.1475,0.8525,0.8961892247043363,705,400,False
model,0.39,0.9,2.5,0.2,score_point,0.028368794326241134,1.0520000000000003,0.095,0.905,0.9258312020460359,705,400,False
model,0.4,0.9,2.5,0.2,score_point,0.028368794326241134,1.0520000000000003,0.095,0.905,0.9258312020460359,705,400,False
model,0.41,0.9,2.5,0.2,score_point,0.028368794326241134,1.0520000000000003,0.095,0.905,0.9258312020460359,705,400,False
model,0.42,0.9,2.5,0.2,score_point,0.028368794326241134,1.0520000000000003,0.095,0.905,0.9258312020460359,705,400,False
model,0.43,0.9,2.5,0.2,score_point,0.028368794326241134,1.0600000000000003,0.1,0.9,0.9230769230769231,705,400,False
model,0.44,0.9,2.5,0.2,score_point,0.028368794326241134,1.0600000000000003,0.1,0.9,0.9230769230769231,705,400,False
model,0.58,0.8,2.5,0.2,score_point,0.028368794326241134,1.0635000000000003,0.155,0.845,0.8918205804749341,705,400,False
model,0.45,0.9,2.5,0.2,score_point,0.028368794326241134,1.072,0.1075,0.8925,0.9189189189189189,705,400,False
model,0.46,0.9,2.5,0.2,score_point,0.028368794326241134,1.0800000000000003,0.1125,0.8875,0.9161290322580645,705,400,False
model,0.78,0.3,2.5,0.2,score_point,0.028368794326241134,1.0810000000000002,0.355,0.645,0.7610619469026549,705,400,False
model,0.47,0.9,2.5,0.2,score_point,0.028368794326241134,1.0840000000000003,0.115,0.885,0.9147286821705426,705,400,False
model,0.48,0.9,2.5,0.2,score_point,0.028368794326241134,1.088,0.1175,0.8825,0.9133247089262613,705,400,False
model,0.2,1.0,3.0,0.2,score_point,0.028368794326241134,1.095,0.0475,0.9525,0.951310861423221,705,400,False
model,0.21,1.0,3.0,0.2,score_point,0.028368794326241134,1.095,0.0475,0.9525,0.951310861423221,705,400,False
model,0.49,0.9,2.5,0.2,score_point,0.028368794326241134,1.0960000000000003,0.1225,0.8775,0.9105058365758755,705,400,False
model,0.5,0.9,2.5,0.2,score_point,0.028368794326241134,1.1000000000000003,0.125,0.875,0.9090909090909091,705,400,False
model,0.51,0.9,2.5,0.2,score_point,0.028368794326241134,1.104,0.1275,0.8725,0.9076723016905072,705,400,False
model,0.52,0.9,2.5,0.2,score_point,0.028368794326241134,1.104,0.1275,0.8725,0.9076723016905072,705,400,False
model,0.22,1.0,3.0,0.2,score_point,0.028368794326241134,1.105,0.0525,0.9475,0.9486858573216521,705,400,False
model,0.23,1.0,3.0,0.2,score_point,0.028368794326241134,1.11,0.055,0.945,0.9473684210526316,705,400,False
model,0.53,0.9,2.5,0.2,score_point,0.028368794326241134,1.112,0.1325,0.8675,0.9048239895697523,705,400,False
model,0.24,1.0,3.0,0.2,score_point,0.028368794326241134,1.115,0.0575,0.9425,0.9460476787954829,705,400,False
model,0.25,1.0,3.0,0.2,score_point,0.028368794326241134,1.115,0.0575,0.9425,0.9460476787954829,705,400,False
model,0.26,1.0,3.0,0.2,score_point,0.028368794326241134,1.12,0.06,0.94,0.9447236180904524,705,400,False
model,0.54,0.9,2.5,0.2,score_point,0.028368794326241134,1.1200000000000003,0.1375,0.8625,0.9019607843137256,705,400,False
model,0.55,0.9,2.5,0.2,score_point,0.028368794326241134,1.1200000000000003,0.1375,0.8625,0.9019607843137256,705,400,False
model,0.56,0.9,2.5,0.2,score_point,0.028368794326241134,1.124,0.14,0.86,0.9005235602094239,705,400,False
model,0.76,0.7,2.0,0.2,score_point,0.028368794326241134,1.1289999999999998,0.33,0.67,0.7790697674418605,705,400,False
model,0.36,1.0,2.5,0.2,score_point,0.028368794326241134,1.13125,0.0875,0.9125,0.929936305732484,705,400,False
model,0.37,1.0,2.5,0.2,score_point,0.028368794326241134,1.135,0.09,0.91,0.9285714285714285,705,400,False
model,0.38,1.0,2.5,0.2,score_point,0.028368794326241134,1.135,0.09,0.91,0.9285714285714285,705,400,False
model,0.57,0.9,2.5,0.2,score_point,0.028368794326241134,1.1360000000000001,0.1475,0.8525,0.8961892247043363,705,400,False
model,0.77,0.7,2.0,0.2,score_point,0.028368794326241134,1.142,0.34,0.66,0.7719298245614035,705,400,False
model,0.39,1.0,2.5,0.2,score_point,0.028368794326241134,1.1425,0.095,0.905,0.9258312020460359,705,400,False
model,0.4,1.0,2.5,0.2,score_point,0.028368794326241134,1.1425,0.095,0.905,0.9258312020460359,705,400,False
model,0.41,1.0,2.5,0.2,score_point,0.028368794326241134,1.1425,0.095,0.905,0.9258312020460359,705,400,False
model,0.42,1.0,2.5,0.2,score_point,0.028368794326241134,1.1425,0.095,0.905,0.9258312020460359,705,400,False
model,0.58,0.9,2.5,0.2,score_point,0.028368794326241134,1.1480000000000001,0.155,0.845,0.8918205804749341,705,400,False
model,0.43,1.0,2.5,0.2,score_point,0.028368794326241134,1.15,0.1,0.9,0.9230769230769231,705,400,False
model,0.44,1.0,2.5,0.2,score_point,0.028368794326241134,1.15,0.1,0.9,0.9230769230769231,705,400,False
model,0.74,0.8,2.0,0.2,score_point,0.028368794326241134,1.151,0.2925,0.7075,0.8051209103840682,705,400,False
model,0.45,1.0,2.5,0.2,score_point,0.028368794326241134,1.16125,0.1075,0.8925,0.9189189189189189,705,400,False
model,0.78,0.7,2.0,0.2,score_point,0.028368794326241134,1.1614999999999998,0.355,0.645,0.7610619469026549,705,400,False
model,0.75,0.8,2.0,0.2,score_point,0.028368794326241134,1.1660000000000001,0.305,0.695,0.7965616045845272,705,400,False
model,0.46,1.0,2.5,0.2,score_point,0.028368794326241134,1.16875,0.1125,0.8875,0.9161290322580645,705,400,False
model,0.47,1.0,2.5,0.2,score_point,0.028368794326241134,1.1725,0.115,0.885,0.9147286821705426,705,400,False
model,0.48,1.0,2.5,0.2,score_point,0.028368794326241134,1.17625,0.1175,0.8825,0.9133247089262613,705,400,False
model,0.79,0.7,2.0,0.2,score_point,0.028368794326241134,1.181,0.37,0.63,0.75,705,400,False
model,0.49,1.0,2.5,0.2,score_point,0.028368794326241134,1.18375,0.1225,0.8775,0.9105058365758755,705,400,False
model,0.5,1.0,2.5,0.2,score_point,0.028368794326241134,1.1875,0.125,0.875,0.9090909090909091,705,400,False
model,0.51,1.0,2.5,0.2,score_point,0.028368794326241134,1.19125,0.1275,0.8725,0.9076723016905072,705,400,False
model,0.52,1.0,2.5,0.2,score_point,0.028368794326241134,1.19125,0.1275,0.8725,0.9076723016905072,705,400,False
model,0.53,1.0,2.5,0.2,score_point,0.028368794326241134,1.19875,0.1325,0.8675,0.9048239895697523,705,400,False
model,0.54,1.0,2.5,0.2,score_point,0.028368794326241134,1.20625,0.1375,0.8625,0.9019607843137256,705,400,False
model,0.55,1.0,2.5,0.2,score_point,0.028368794326241134,1.20625,0.1375,0.8625,0.9019607843137256,705,400,False
model,0.56,1.0,2.5,0.2,score_point,0.028368794326241134,1.21,0.14,0.86,0.9005235602094239,705,400,False
model,0.8,0.7,2.0,0.2,score_point,0.028368794326241134,1.2199999999999998,0.4,0.6,0.7272727272727274,705,400,False
model,0.57,1.0,2.5,0.2,score_point,0.028368794326241134,1.22125,0.1475,0.8525,0.8961892247043363,705,400,False
model,0.74,0.9,2.0,0.2,score_point,0.028368794326241134,1.2217500000000001,0.2925,0.7075,0.8051209103840682,705,400,False
model,0.58,1.0,2.5,0.2,score_point,0.028368794326241134,1.2325,0.155,0.845,0.8918205804749341,705,400,False
model,0.75,0.9,2.0,0.2,score_point,0.028368794326241134,1.2355,0.305,0.695,0.7965616045845272,705,400,False
model,0.81,0.7,2.0,0.2,score_point,0.028368794326241134,1.2492499999999997,0.4225,0.5775,0.7096774193548386,705,400,False
model,0.82,0.7,2.0,0.2,score_point,0.028368794326241134,1.2817499999999997,0.4475,0.5525,0.689547581903276,705,400,False
model,0.74,1.0,2.0,0.2,score_point,0.028368794326241134,1.2925,0.2925,0.7075,0.8051209103840682,705,400,False
model,0.84,0.6,2.0,0.2,score_point,0.028368794326241134,1.3,0.5,0.5,0.6451612903225806,705,400,False
model,0.75,1.0,2.0,0.2,score_point,0.028368794326241134,1.305,0.305,0.695,0.7965616045845272,705,400,False
model,0.83,0.7,2.0,0.2,score_point,0.028368794326241134,1.3175,0.475,0.525,0.6666666666666667,705,400,False
model,0.84,0.2,2.5,0.2,score_point,0.028368794326241134,1.3499999999999996,0.5,0.5,0.6451612903225806,705,400,False
model,0.85,0.6,2.0,0.2,score_point,0.028368794326241134,1.3559999999999999,0.54,0.46,0.609271523178808,705,400,False
model,0.86,0.6,2.0,0.2,score_point,0.028368794326241134,1.4015,0.5725,0.4275,0.5786802030456853,705,400,False
model,0.85,0.2,2.5,0.2,score_point,0.028368794326241134,1.442,0.54,0.46,0.609271523178808,705,400,False
model,0.87,0.6,2.0,0.2,score_point,0.028368794326241134,1.4575,0.6125,0.3875,0.5391304347826087,705,400,False
model,0.88,0.6,2.0,0.2,score_point,0.028368794326241134,1.5205000000000002,0.6575,0.3425,0.4919210053859964,705,400,False
model,0.89,0.6,2.0,0.2,score_point,0.028368794326241134,1.5695,0.6925,0.3075,0.4530386740331492,705,400,False
model,0.9,0.5,2.0,0.2,score_point,0.028368794326241134,1.58375,0.7225,0.2775,0.4180790960451978,705,400,False
model,0.91,0.3,2.0,0.2,score_point,0.028368794326241134,1.592,0.76,0.24,0.3720930232558139,705,400,False
model,0.9,0.6,2.0,0.2,score_point,0.028368794326241134,1.6115000000000002,0.7225,0.2775,0.4180790960451978,705,400,False
model,0.91,0.4,2.0,0.2,score_point,0.028368794326241134,1.6160000000000003,0.76,0.24,0.3720930232558139,705,400,False
model,0.93,0.2,2.0,0.2,score_point,0.028368794326241134,1.685,0.825,0.175,0.2857142857142857,705,400,False
model,0.37,0.6,3.5,0.2,score_point,0.029787234042553193,0.8609999999999998,0.09,0.91,0.927388535031847,705,400,False
model,0.38,0.6,3.5,0.2,score_point,0.029787234042553193,0.8609999999999998,0.09,0.91,0.927388535031847,705,400,True
model,0.29,0.7,3.0,0.2,score_point,0.029787234042553193,0.861,0.07,0.93,0.9382093316519546,705,400,False
model,0.26,0.7,3.5,0.2,score_point,0.029787234042553193,0.8679999999999999,0.06,0.94,0.9435382685069009,705,400,False
model,0.39,0.6,3.5,0.2,score_point,0.029787234042553193,0.8754999999999998,0.095,0.905,0.9246487867177523,705,400,False
model,0.4,0.6,3.5,0.2,score_point,0.029787234042553193,0.8754999999999998,0.095,0.905,0.9246487867177523,705,400,False
model,0.41,0.6,3.5,0.2,score_point,0.029787234042553193,0.8754999999999998,0.095,0.905,0.9246487867177523,705,400,False
model,0.42,0.6,3.5,0.2,score_point,0.029787234042553193,0.8754999999999998,0.095,0.905,0.9246487867177523,705,400,False
model,0.43,0.6,3.5,0.2,score_point,0.029787234042553193,0.8899999999999999,0.1,0.9,0.9218950064020487,705,400,False
model,0.44,0.6,3.5,0.2,score_point,0.029787234042553193,0.8899999999999999,0.1,0.9,0.9218950064020487,705,400,False
model,0.5,0.6,3.0,0.2,score_point,0.029787234042553193,0.8999999999999997,0.125,0.875,0.9079118028534371,705,400,False
model,0.19,0.8,3.5,0.2,score_point,0.029787234042553193,0.9282500000000001,0.0475,0.9525,0.9501246882793016,705,400,False
model,0.27,0.8,3.0,0.2,score_point,0.029787234042553193,0.9375,0.0625,0.9375,0.9422110552763819,705,400,False
model,0.28,0.8,3.0,0.2,score_point,0.029787234042553193,0.9430000000000001,0.065,0.935,0.9408805031446541,705,400,False
model,0.62,0.6,2.5,0.2,score_point,0.029787234042553193,0.9467499999999999,0.1825,0.8175,0.8743315508021391,705,400,False
model,0.36,0.8,2.5,0.2,score_point,0.029787234042553193,0.9487500000000001,0.0875,0.9125,0.9287531806615776,705,400,False
model,0.61,0.5,3.0,0.2,score_point,0.029787234042553193,0.95,0.18,0.82,0.8758344459279038,705,400,False
model,0.37,0.8,2.5,0.2,score_point,0.029787234042553193,0.9530000000000001,0.09,0.91,0.927388535031847,705,400,False
model,0.38,0.8,2.5,0.2,score_point,0.029787234042553193,0.9530000000000001,0.09,0.91,0.927388535031847,705,400,False
model,0.72,0.4,2.5,0.2,score_point,0.029787234042553193,0.9565,0.265,0.735,0.8223776223776222,705,400,False
model,0.39,0.8,2.5,0.2,score_point,0.029787234042553193,0.9615,0.095,0.905,0.9246487867177523,705,400,False
model,0.4,0.8,2.5,0.2,score_point,0.029787234042553193,0.9615,0.095,0.905,0.9246487867177523,705,400,False
model,0.41,0.8,2.5,0.2,score_point,0.029787234042553193,0.9615,0.095,0.905,0.9246487867177523,705,400,False
model,0.42,0.8,2.5,0.2,score_point,0.029787234042553193,0.9615,0.095,0.905,0.9246487867177523,705,400,False
model,0.69,0.5,2.5,0.2,score_point,0.029787234042553193,0.965,0.2325,0.7675,0.8434065934065934,705,400,False
model,0.43,0.8,2.5,0.2,score_point,0.029787234042553193,0.9700000000000002,0.1,0.9,0.9218950064020487,705,400,False
model,0.44,0.8,2.5,0.2,score_point,0.029787234042553193,0.9700000000000002,0.1,0.9,0.9218950064020487,705,400,False
model,0.73,0.4,2.5,0.2,score_point,0.029787234042553193,0.9722500000000001,0.2725,0.7275,0.8174157303370787,705,400,False
model,0.59,0.7,2.5,0.2,score_point,0.029787234042553193,0.9969999999999998,0.165,0.835,0.8847682119205298,705,400,False
model,0.2,0.9,3.0,0.2,score_point,0.029787234042553193,0.9997500000000002,0.0475,0.9525,0.9501246882793016,705,400,False
model,0.21,0.9,3.0,0.2,score_point,0.029787234042553193,0.9997500000000002,0.0475,0.9525,0.9501246882793016,705,400,False
model,0.69,0.4,3.0,0.2,score_point,0.029787234042553193,1.0045000000000002,0.2325,0.7675,0.8434065934065934,705,400,False
model,0.22,0.9,3.0,0.2,score_point,0.029787234042553193,1.0102500000000003,0.0525,0.9475,0.9475,705,400,False
model,0.6,0.7,2.5,0.2,score_point,0.029787234042553193,1.015,0.175,0.825,0.8788282290279626,705,400,False
model,0.23,0.9,3.0,0.2,score_point,0.029787234042553193,1.0155000000000003,0.055,0.945,0.9461827284105131,705,400,False
model,0.74,0.2,3.0,0.2,score_point,0.029787234042553193,1.019,0.2925,0.7075,0.8039772727272728,705,400,False
model,0.24,0.9,3.0,0.2,score_point,0.029787234042553193,1.0207500000000003,0.0575,0.9425,0.9448621553884713,705,400,False
model,0.25,0.9,3.0,0.2,score_point,0.029787234042553193,1.0207500000000003,0.0575,0.9425,0.9448621553884713,705,400,False
model,0.35,0.9,2.5,0.2,score_point,0.029787234042553193,1.0400000000000003,0.0875,0.9125,0.9287531806615776,705,400,False
model,0.69,0.3,3.5,0.2,score_point,0.029787234042553193,1.0440000000000003,0.2325,0.7675,0.8434065934065934,705,400,False
model,0.75,0.2,3.0,0.2,score_point,0.029787234042553193,1.0539999999999998,0.305,0.695,0.7954220314735336,705,400,False
model,0.76,0.6,2.0,0.2,score_point,0.029787234042553193,1.0619999999999998,0.33,0.67,0.7779390420899855,705,400,False
model,0.77,0.6,2.0,0.2,score_point,0.029787234042553193,1.0759999999999998,0.34,0.66,0.7708029197080292,705,400,False
model,0.74,0.7,2.0,0.2,score_point,0.029787234042553193,1.08025,0.2925,0.7075,0.8039772727272728,705,400,False
model,0.16,1.0,3.5,0.2,score_point,0.029787234042553193,1.09375,0.0375,0.9625,0.955334987593052,705,400,False
model,0.17,1.0,3.5,0.2,score_point,0.029787234042553193,1.09375,0.0375,0.9625,0.955334987593052,705,400,False
model,0.19,1.0,3.0,0.2,score_point,0.029787234042553193,1.095,0.0475,0.9525,0.9501246882793016,705,400,False
model,0.75,0.7,2.0,0.2,score_point,0.029787234042553193,1.0964999999999998,0.305,0.695,0.7954220314735336,705,400,False
model,0.78,0.6,2.0,0.2,score_point,0.029787234042553193,1.097,0.355,0.645,0.759941089837997,705,400,False
model,0.18,1.0,3.5,0.2,score_point,0.029787234042553193,1.1125,0.045,0.955,0.9514321295143212,705,400,False
model,0.79,0.6,2.0,0.2,score_point,0.029787234042553193,1.1179999999999999,0.37,0.63,0.7488855869242198,705,400,False
model,0.72,0.8,2.0,0.2,score_point,0.029787234042553193,1.118,0.265,0.735,0.8223776223776222,705,400,False
model,0.8,0.2,2.5,0.2,score_point,0.029787234042553193,1.1199999999999999,0.4,0.6,0.7261724659606658,705,400,False
model,0.73,0.8,2.0,0.2,score_point,0.029787234042553193,1.1270000000000002,0.2725,0.7275,0.8174157303370787,705,400,False
model,0.35,1.0,2.5,0.2,score_point,0.029787234042553193,1.13125,0.0875,0.9125,0.9287531806615776,705,400,False
model,0.8,0.6,2.0,0.2,score_point,0.029787234042553193,1.16,0.4,0.6,0.7261724659606658,705,400,False
model,0.81,0.2,2.5,0.2,score_point,0.029787234042553193,1.1717499999999998,0.4225,0.5775,0.7085889570552147,705,400,False
model,0.72,0.9,2.0,0.2,score_point,0.029787234042553193,1.1915,0.265,0.735,0.8223776223776222,705,400,False
model,0.81,0.6,2.0,0.2,score_point,0.029787234042553193,1.1915,0.4225,0.5775,0.7085889570552147,705,400,False
model,0.73,0.9,2.0,0.2,score_point,0.029787234042553193,1.19975,0.2725,0.7275,0.8174157303370787,705,400,False
model,0.82,0.6,2.0,0.2,score_point,0.029787234042553193,1.2265,0.4475,0.5525,0.6884735202492211,705,400,False
model,0.82,0.2,2.5,0.2,score_point,0.029787234042553193,1.2292499999999997,0.4475,0.5525,0.6884735202492211,705,400,False
model,0.83,0.6,2.0,0.2,score_point,0.029787234042553193,1.2649999999999997,0.475,0.525,0.6656101426307449,705,400,False
model,0.72,1.0,2.0,0.2,score_point,0.029787234042553193,1.265,0.265,0.735,0.8223776223776222,705,400,False
model,0.73,1.0,2.0,0.2,score_point,0.029787234042553193,1.2725,0.2725,0.7275,0.8174157303370787,705,400,False
model,0.83,0.2,2.5,0.2,score_point,0.029787234042553193,1.2925,0.475,0.525,0.6656101426307449,705,400,False
model,0.9,0.3,2.0,0.2,score_point,0.029787234042553193,1.5282500000000006,0.7225,0.2775,0.4172932330827068,705,400,False
model,0.89,0.5,2.0,0.2,score_point,0.029787234042553193,1.53875,0.6925,0.3075,0.4522058823529412,705,400,False
model,0.9,0.4,2.0,0.2,score_point,0.029787234042553193,1.556,0.7225,0.2775,0.4172932330827068,705,400,False
model,0.92,0.2,2.0,0.2,score_point,0.029787234042553193,1.6264999999999998,0.7925,0.2075,0.32936507936507936,705,400,False
model,0.2,0.7,3.5,0.2,score_point,0.031205673758865248,0.833,0.0475,0.9525,0.9489414694894147,705,400,False
model,0.21,0.7,3.5,0.2,score_point,0.031205673758865248,0.833,0.0475,0.9525,0.9489414694894147,705,400,True
model,0.22,0.7,3.5,0.2,score_point,0.031205673758865248,0.8469999999999999,0.0525,0.9475,0.9463171036204744,705,400,False
model,0.36,0.6,3.5,0.2,score_point,0.031205673758865248,0.8537499999999997,0.0875,0.9125,0.9275730622617535,705,400,False
model,0.23,0.7,3.5,0.2,score_point,0.031205673758865248,0.8539999999999999,0.055,0.945,0.945,705,400,False
model,0.45,0.6,3.0,0.2,score_point,0.031205673758865248,0.8579999999999999,0.1075,0.8925,0.9165596919127086,705,400,False
model,0.24,0.7,3.5,0.2,score_point,0.031205673758865248,0.861,0.0575,0.9425,0.9436795994993743,705,400,False
model,0.25,0.7,3.5,0.2,score_point,0.031205673758865248,0.861,0.0575,0.9425,0.9436795994993743,705,400,False
model,0.46,0.6,3.0,0.2,score_point,0.031205673758865248,0.8699999999999999,0.1125,0.8875,0.9137709137709138,705,400,False
model,0.5,0.5,3.5,0.2,score_point,0.031205673758865248,0.875,0.125,0.875,0.9067357512953368,705,400,False
model,0.47,0.6,3.0,0.2,score_point,0.031205673758865248,0.8759999999999999,0.115,0.885,0.9123711340206185,705,400,False
model,0.48,0.6,3.0,0.2,score_point,0.031205673758865248,0.8819999999999999,0.1175,0.8825,0.9109677419354838,705,400,False
model,0.45,0.7,2.5,0.2,score_point,0.031205673758865248,0.8935,0.1075,0.8925,0.9165596919127086,705,400,False
model,0.49,0.6,3.0,0.2,score_point,0.031205673758865248,0.8939999999999998,0.1225,0.8775,0.908150064683053,705,400,False
model,0.64,0.5,2.5,0.2,score_point,0.031205673758865248,0.895,0.1975,0.8025,0.8640646029609691,705,400,False
model,0.46,0.7,2.5,0.2,score_point,0.031205673758865248,0.9024999999999999,0.1125,0.8875,0.9137709137709138,705,400,False
model,0.47,0.7,2.5,0.2,score_point,0.031205673758865248,0.9069999999999999,0.115,0.885,0.9123711340206185,705,400,False
model,0.48,0.7,2.5,0.2,score_point,0.031205673758865248,0.9114999999999998,0.1175,0.8825,0.9109677419354838,705,400,False
model,0.59,0.5,3.0,0.2,score_point,0.031205673758865248,0.9125,0.165,0.835,0.8835978835978836,705,400,False
model,0.64,0.4,3.0,0.2,score_point,0.031205673758865248,0.9135000000000002,0.1975,0.8025,0.8640646029609691,705,400,False
model,0.65,0.5,2.5,0.2,score_point,0.031205673758865248,0.915,0.2075,0.7925,0.8579161028416779,705,400,False
model,0.49,0.7,2.5,0.2,score_point,0.031205673758865248,0.9204999999999999,0.1225,0.8775,0.908150064683053,705,400,False
model,0.5,0.7,2.5,0.2,score_point,0.031205673758865248,0.9249999999999998,0.125,0.875,0.9067357512953368,705,400,False
model,0.51,0.7,2.5,0.2,score_point,0.031205673758865248,0.9294999999999999,0.1275,0.8725,0.9053177691309987,705,400,False
model,0.52,0.7,2.5,0.2,score_point,0.031205673758865248,0.9294999999999999,0.1275,0.8725,0.9053177691309987,705,400,False
model,0.66,0.5,2.5,0.2,score_point,0.031205673758865248,0.93,0.215,0.785,0.8532608695652175,705,400,False
model,0.26,0.8,3.0,0.2,score_point,0.031205673758865248,0.9320000000000002,0.06,0.94,0.9423558897243106,705,400,False
model,0.6,0.5,3.0,0.2,score_point,0.031205673758865248,0.9375,0.175,0.825,0.8776595744680852,705,400,False
model,0.53,0.7,2.5,0.2,score_point,0.031205673758865248,0.9384999999999999,0.1325,0.8675,0.9024707412223667,705,400,False
model,0.65,0.4,3.0,0.2,score_point,0.031205673758865248,0.9395000000000002,0.2075,0.7925,0.8579161028416779,705,400,False
model,0.61,0.6,2.5,0.2,score_point,0.031205673758865248,0.9419999999999998,0.18,0.82,0.8746666666666667,705,400,False
model,0.74,0.3,2.5,0.2,score_point,0.031205673758865248,0.9435000000000001,0.2925,0.7075,0.802836879432624,705,400,False
model,0.67,0.5,2.5,0.2,score_point,0.031205673758865248,0.945,0.2225,0.7775,0.8485675306957707,705,400,False
model,0.54,0.7,2.5,0.2,score_point,0.031205673758865248,0.9474999999999997,0.1375,0.8625,0.8996088657105606,705,400,False
model,0.55,0.7,2.5,0.2,score_point,0.031205673758865248,0.9474999999999997,0.1375,0.8625,0.8996088657105606,705,400,False
model,0.35,0.8,2.5,0.2,score_point,0.031205673758865248,0.9487500000000001,0.0875,0.9125,0.9275730622617535,705,400,False
model,0.68,0.5,2.5,0.2,score_point,0.031205673758865248,0.95,0.225,0.775,0.8469945355191257,705,400,False
model,0.56,0.7,2.5,0.2,score_point,0.031205673758865248,0.9519999999999997,0.14,0.86,0.8981723237597912,705,400,False
model,0.66,0.4,3.0,0.2,score_point,0.031205673758865248,0.9590000000000001,0.215,0.785,0.8532608695652175,705,400,False
model,0.65,0.3,3.5,0.2,score_point,0.031205673758865248,0.9640000000000001,0.2075,0.7925,0.8579161028416779,705,400,False
model,0.57,0.7,2.5,0.2,score_point,0.031205673758865248,0.9654999999999998,0.1475,0.8525,0.8938401048492792,705,400,False
model,0.62,0.4,3.5,0.2,score_point,0.031205673758865248,0.9657500000000002,0.1825,0.8175,0.8731642189586115,705,400,False
model,0.75,0.3,2.5,0.2,score_point,0.031205673758865248,0.9710000000000001,0.305,0.695,0.7942857142857142,705,400,False
model,0.7,0.3,3.0,0.2,score_point,0.031205673758865248,0.9750000000000001,0.25,0.75,0.8310249307479224,705,400,False
model,0.67,0.4,3.0,0.2,score_point,0.031205673758865248,0.9785,0.2225,0.7775,0.8485675306957707,705,400,False
model,0.58,0.7,2.5,0.2,score_point,0.031205673758865248,0.9789999999999998,0.155,0.845,0.8894736842105263,705,400,False
model,0.68,0.4,3.0,0.2,score_point,0.031205673758865248,0.9850000000000001,0.225,0.775,0.8469945355191257,705,400,False
model,0.66,0.3,3.5,0.2,score_point,0.031205673758865248,0.9880000000000001,0.215,0.785,0.8532608695652175,705,400,False
model,0.71,0.3,3.0,0.2,score_point,0.031205673758865248,0.9952500000000001,0.2575,0.7425,0.8261474269819193,705,400,False
model,0.16,0.9,3.5,0.2,score_point,0.031205673758865248,0.9975000000000003,0.0375,0.9625,0.9541511771995044,705,400,False
model,0.17,0.9,3.5,0.2,score_point,0.031205673758865248,0.9975000000000003,0.0375,0.9625,0.9541511771995044,705,400,False
model,0.19,0.9,3.0,0.2,score_point,0.031205673758865248,0.9997500000000002,0.0475,0.9525,0.9489414694894147,705,400,False
model,0.74,0.6,2.0,0.2,score_point,0.031205673758865248,1.0094999999999998,0.2925,0.7075,0.802836879432624,705,400,False
model,0.67,0.3,3.5,0.2,score_point,0.031205673758865248,1.012,0.2225,0.7775,0.8485675306957707,705,400,False
model,0.29,0.9,2.5,0.2,score_point,0.031205673758865248,1.0120000000000002,0.07,0.93,0.9370277078085644,705,400,False
model,0.18,0.9,3.5,0.2,score_point,0.031205673758865248,1.0170000000000001,0.045,0.955,0.9502487562189055,705,400,False
model,0.3,0.9,2.5,0.2,score_point,0.031205673758865248,1.0200000000000002,0.075,0.925,0.9343434343434343,705,400,False
model,0.68,0.3,3.5,0.2,score_point,0.031205673758865248,1.0200000000000002,0.225,0.775,0.8469945355191257,705,400,False
model,0.31,0.9,2.5,0.2,score_point,0.031205673758865248,1.0240000000000002,0.0775,0.9225,0.9329962073324906,705,400,False
model,0.32,0.9,2.5,0.2,score_point,0.031205673758865248,1.0240000000000002,0.0775,0.9225,0.9329962073324906,705,400,False
model,0.75,0.6,2.0,0.2,score_point,0.031205673758865248,1.027,0.305,0.695,0.7942857142857142,705,400,False
model,0.33,0.9,2.5,0.2,score_point,0.031205673758865248,1.028,0.08,0.92,0.9316455696202531,705,400,False
model,0.34,0.9,2.5,0.2,score_point,0.031205673758865248,1.028,0.08,0.92,0.9316455696202531,705,400,False
model,0.72,0.7,2.0,0.2,score_point,0.031205673758865248,1.0445,0.265,0.735,0.8212290502793296,705,400,False
model,0.73,0.7,2.0,0.2,score_point,0.031205673758865248,1.05425,0.2725,0.7275,0.8162692847124824,705,400,False
model,0.72,0.2,3.5,0.2,score_point,0.031205673758865248,1.0744999999999998,0.265,0.735,0.8212290502793296,705,400,False
model,0.15,1.0,3.5,0.2,score_point,0.031205673758865248,1.0875,0.035,0.965,0.9554455445544553,705,400,False
model,0.73,0.2,3.5,0.2,score_point,0.031205673758865248,1.0992499999999998,0.2725,0.7275,0.8162692847124824,705,400,False
model,0.29,1.0,2.5,0.2,score_point,0.031205673758865248,1.105,0.07,0.93,0.9370277078085644,705,400,False
model,0.3,1.0,2.5,0.2,score_point,0.031205673758865248,1.1125,0.075,0.925,0.9343434343434343,705,400,False
model,0.31,1.0,2.5,0.2,score_point,0.031205673758865248,1.11625,0.0775,0.9225,0.9329962073324906,705,400,False
model,0.32,1.0,2.5,0.2,score_point,0.031205673758865248,1.11625,0.0775,0.9225,0.9329962073324906,705,400,False
model,0.33,1.0,2.5,0.2,score_point,0.031205673758865248,1.12,0.08,0.92,0.9316455696202531,705,400,False
model,0.34,1.0,2.5,0.2,score_point,0.031205673758865248,1.12,0.08,0.92,0.9316455696202531,705,400,False
model,0.84,0.5,2.0,0.2,score_point,0.031205673758865248,1.25,0.5,0.5,0.6430868167202571,705,400,False
model,0.85,0.5,2.0,0.2,score_point,0.031205673758865248,1.31,0.54,0.46,0.6072607260726073,705,400,False
model,0.86,0.5,2.0,0.2,score_point,0.031205673758865248,1.35875,0.5725,0.4275,0.5767284991568297,705,400,False
model,0.87,0.5,2.0,0.2,score_point,0.031205673758865248,1.41875,0.6125,0.3875,0.537261698440208,705,400,False
model,0.88,0.5,2.0,0.2,score_point,0.031205673758865248,1.48625,0.6575,0.3425,0.49016100178890876,705,400,False
model,0.89,0.4,2.0,0.2,score_point,0.031205673758865248,1.508,0.6925,0.3075,0.45137614678899085,705,400,False
model,0.91,0.2,2.0,0.2,score_point,0.031205673758865248,1.5679999999999998,0.76,0.24,0.37065637065637064,705,400,False
model,0.51,0.5,3.0,0.2,score_point,0.032624113475177303,0.81875,0.1275,0.8725,0.9041450777202072,705,400,False
model,0.52,0.5,3.0,0.2,score_point,0.032624113475177303,0.81875,0.1275,0.8725,0.9041450777202072,705,400,True
model,0.45,0.5,3.5,0.2,score_point,0.032624113475177303,0.8225,0.1075,0.8925,0.9153846153846154,705,400,False
model,0.53,0.5,3.0,0.2,score_point,0.032624113475177303,0.83125,0.1325,0.8675,0.9012987012987013,705,400,False
model,0.19,0.7,3.5,0.2,score_point,0.032624113475177303,0.833,0.0475,0.9525,0.9477611940298508,705,400,False
model,0.46,0.5,3.5,0.2,score_point,0.032624113475177303,0.8375,0.1125,0.8875,0.9125964010282775,705,400,False
model,0.27,0.7,3.0,0.2,score_point,0.032624113475177303,0.84375,0.0625,0.9375,0.9398496240601504,705,400,False
model,0.54,0.5,3.0,0.2,score_point,0.032624113475177303,0.84375,0.1375,0.8625,0.8984375,705,400,False
model,0.55,0.5,3.0,0.2,score_point,0.032624113475177303,0.84375,0.1375,0.8625,0.8984375,705,400,False
model,0.47,0.5,3.5,0.2,score_point,0.032624113475177303,0.845,0.115,0.885,0.9111969111969112,705,400,False
model,0.28,0.7,3.0,0.2,score_point,0.032624113475177303,0.8494999999999999,0.065,0.935,0.9385194479297365,705,400,False
model,0.56,0.5,3.0,0.2,score_point,0.032624113475177303,0.85,0.14,0.86,0.8970013037809648,705,400,False
model,0.48,0.5,3.5,0.2,score_point,0.032624113475177303,0.8525,0.1175,0.8825,0.9097938144329897,705,400,False
model,0.35,0.6,3.5,0.2,score_point,0.032624113475177303,0.8537499999999997,0.0875,0.9125,0.9263959390862945,705,400,False
model,0.36,0.7,2.5,0.2,score_point,0.032624113475177303,0.8575,0.0875,0.9125,0.9263959390862945,705,400,False
model,0.37,0.7,2.5,0.2,score_point,0.032624113475177303,0.8619999999999999,0.09,0.91,0.9250317662007624,705,400,False
model,0.38,0.7,2.5,0.2,score_point,0.032624113475177303,0.8619999999999999,0.09,0.91,0.9250317662007624,705,400,False
model,0.63,0.5,2.5,0.2,score_point,0.032624113475177303,0.865,0.1825,0.8175,0.872,705,400,False
model,0.49,0.5,3.5,0.2,score_point,0.032624113475177303,0.8675,0.1225,0.8775,0.9069767441860465,705,400,False
model,0.57,0.5,3.0,0.2,score_point,0.032624113475177303,0.86875,0.1475,0.8525,0.8926701570680629,705,400,False
model,0.39,0.7,2.5,0.2,score_point,0.032624113475177303,0.871,0.095,0.905,0.9222929936305734,705,400,False
model,0.4,0.7,2.5,0.2,score_point,0.032624113475177303,0.871,0.095,0.905,0.9222929936305734,705,400,False
model,0.41,0.7,2.5,0.2,score_point,0.032624113475177303,0.871,0.095,0.905,0.9222929936305734,705,400,False
model,0.42,0.7,2.5,0.2,score_point,0.032624113475177303,0.871,0.095,0.905,0.9222929936305734,705,400,False
model,0.63,0.4,3.0,0.2,score_point,0.032624113475177303,0.8745000000000002,0.1825,0.8175,0.872,705,400,False
model,0.43,0.7,2.5,0.2,score_point,0.032624113475177303,0.8799999999999999,0.1,0.9,0.9195402298850573,705,400,False
model,0.44,0.7,2.5,0.2,score_point,0.032624113475177303,0.8799999999999999,0.1,0.9,0.9195402298850573,705,400,False
model,0.58,0.5,3.0,0.2,score_point,0.032624113475177303,0.8875,0.155,0.845,0.888304862023653,705,400,False
model,0.2,0.8,3.0,0.2,score_point,0.032624113475177303,0.9045000000000001,0.0475,0.9525,0.9477611940298508,705,400,False
model,0.21,0.8,3.0,0.2,score_point,0.032624113475177303,0.9045000000000001,0.0475,0.9525,0.9477611940298508,705,400,False
model,0.59,0.6,2.5,0.2,score_point,0.032624113475177303,0.9135,0.165,0.835,0.8824306472919419,705,400,False
model,0.22,0.8,3.0,0.2,score_point,0.032624113475177303,0.9155000000000001,0.0525,0.9475,0.9451371571072319,705,400,False
model,0.23,0.8,3.0,0.2,score_point,0.032624113475177303,0.921,0.055,0.945,0.9438202247191011,705,400,False
model,0.24,0.8,3.0,0.2,score_point,0.032624113475177303,0.9265000000000001,0.0575,0.9425,0.9425,705,400,False
model,0.25,0.8,3.0,0.2,score_point,0.032624113475177303,0.9265000000000001,0.0575,0.9425,0.9425,705,400,False
model,0.3,0.8,2.5,0.2,score_point,0.032624113475177303,0.9275,0.075,0.925,0.9331651954602773,705,400,False
model,0.31,0.8,2.5,0.2,score_point,0.032624113475177303,0.9317500000000001,0.0775,0.9225,0.9318181818181819,705,400,False
model,0.32,0.8,2.5,0.2,score_point,0.032624113475177303,0.9317500000000001,0.0775,0.9225,0.9318181818181819,705,400,False
model,0.64,0.3,3.5,0.2,score_point,0.032624113475177303,0.9320000000000002,0.1975,0.8025,0.8629032258064517,705,400,False
model,0.6,0.6,2.5,0.2,score_point,0.032624113475177303,0.9324999999999997,0.175,0.825,0.8764940239043824,705,400,False
model,0.33,0.8,2.5,0.2,score_point,0.032624113475177303,0.936,0.08,0.92,0.9304677623261695,705,400,False
model,0.34,0.8,2.5,0.2,score_point,0.032624113475177303,0.936,0.08,0.92,0.9304677623261695,705,400,False
model,0.61,0.4,3.5,0.2,score_point,0.032624113475177303,0.9580000000000001,0.18,0.82,0.8735019973368842,705,400,False
model,0.72,0.6,2.0,0.2,score_point,0.032624113475177303,0.971,0.265,0.735,0.8200836820083682,705,400,False
model,0.73,0.6,2.0,0.2,score_point,0.032624113475177303,0.9814999999999999,0.2725,0.7275,0.8151260504201681,705,400,False
model,0.15,0.9,3.5,0.2,score_point,0.032624113475177303,0.9910000000000002,0.035,0.965,0.9542645241038319,705,400,False
model,0.27,0.9,2.5,0.2,score_point,0.032624113475177303,1.0000000000000002,0.0625,0.9375,0.9398496240601504,705,400,False
model,0.28,0.9,2.5,0.2,score_point,0.032624113475177303,1.0040000000000002,0.065,0.935,0.9385194479297365,705,400,False
model,0.79,0.2,2.5,0.2,score_point,0.032624113475177303,1.051,0.37,0.63,0.7466666666666666,705,400,False
model,0.1,1.0,3.5,0.2,score_point,0.032624113475177303,1.05625,0.0225,0.9775,0.9606879606879607,705,400,False
model,0.11,1.0,3.5,0.2,score_point,0.032624113475177303,1.05625,0.0225,0.9775,0.9606879606879607,705,400,False
model,0.12,1.0,3.5,0.2,score_point,0.032624113475177303,1.05625,0.0225,0.9775,0.9606879606879607,705,400,False
model,0.13,1.0,3.5,0.2,score_point,0.032624113475177303,1.06875,0.0275,0.9725,0.958128078817734,705,400,False
model,0.14,1.0,3.5,0.2,score_point,0.032624113475177303,1.075,0.03,0.97,0.9568434032059185,705,400,False
model,0.16,1.0,3.0,0.2,score_point,0.032624113475177303,1.075,0.0375,0.9625,0.9529702970297029,705,400,False
model,0.17,1.0,3.0,0.2,score_point,0.032624113475177303,1.075,0.0375,0.9625,0.9529702970297029,705,400,False
model,0.18,1.0,3.0,0.2,score_point,0.032624113475177303,1.09,0.045,0.955,0.9490683229813665,705,400,False
model,0.27,1.0,2.5,0.2,score_point,0.032624113475177303,1.09375,0.0625,0.9375,0.9398496240601504,705,400,False
model,0.28,1.0,2.5,0.2,score_point,0.032624113475177303,1.0975,0.065,0.935,0.9385194479297365,705,400,False
model,0.7,0.8,2.0,0.2,score_point,0.032624113475177303,1.1,0.25,0.75,0.8298755186721991,705,400,False
model,0.8,0.5,2.0,0.2,score_point,0.032624113475177303,1.1,0.4,0.6,0.7239819004524888,705,400,False
model,0.71,0.8,2.0,0.2,score_point,0.032624113475177303,1.109,0.2575,0.7425,0.8250000000000001,705,400,False
model,0.81,0.5,2.0,0.2,score_point,0.032624113475177303,1.13375,0.4225,0.5775,0.7064220183486238,705,400,False
model,0.82,0.5,2.0,0.2,score_point,0.032624113475177303,1.17125,0.4475,0.5525,0.686335403726708,705,400,False
model,0.7,0.9,2.0,0.2,score_point,0.032624113475177303,1.175,0.25,0.75,0.8298755186721991,705,400,False
model,0.71,0.9,2.0,0.2,score_point,0.032624113475177303,1.1832500000000001,0.2575,0.7425,0.8250000000000001,705,400,False
model,0.83,0.5,2.0,0.2,score_point,0.032624113475177303,1.2125,0.475,0.525,0.6635071090047394,705,400,False
model,0.7,1.0,2.0,0.2,score_point,0.032624113475177303,1.25,0.25,0.75,0.8298755186721991,705,400,False
model,0.71,1.0,2.0,0.2,score_point,0.032624113475177303,1.2575,0.2575,0.7425,0.8250000000000001,705,400,False
model,0.88,0.4,2.0,0.2,score_point,0.032624113475177303,1.452,0.6575,0.3425,0.4892857142857143,705,400,False
model,0.89,0.3,2.0,0.2,score_point,0.032624113475177303,1.47725,0.6925,0.3075,0.4505494505494505,705,400,False
model,0.9,0.2,2.0,0.2,score_point,0.032624113475177303,1.5004999999999995,0.7225,0.2775,0.4157303370786517,705,400,False
model,0.37,0.6,3.0,0.2,score_point,0.03404255319148936,0.8159999999999998,0.09,0.91,0.9238578680203046,705,400,False
model,0.38,0.6,3.0,0.2,score_point,0.03404255319148936,0.8159999999999998,0.09,0.91,0.9238578680203046,705,400,True
model,0.3,0.6,3.5,0.2,score_point,0.03404255319148936,0.8174999999999997,0.075,0.925,0.9319899244332494,705,400,False
model,0.31,0.6,3.5,0.2,score_point,0.03404255319148936,0.8247499999999997,0.0775,0.9225,0.9306431273644389,705,400,False
model,0.32,0.6,3.5,0.2,score_point,0.03404255319148936,0.8247499999999997,0.0775,0.9225,0.9306431273644389,705,400,False
model,0.39,0.6,3.0,0.2,score_point,0.03404255319148936,0.8279999999999998,0.095,0.905,0.9211195928753181,705,400,False
model,0.4,0.6,3.0,0.2,score_point,0.03404255319148936,0.8279999999999998,0.095,0.905,0.9211195928753181,705,400,False
model,0.41,0.6,3.0,0.2,score_point,0.03404255319148936,0.8279999999999998,0.095,0.905,0.9211195928753181,705,400,False
model,0.42,0.6,3.0,0.2,score_point,0.03404255319148936,0.8279999999999998,0.095,0.905,0.9211195928753181,705,400,False
model,0.33,0.6,3.5,0.2,score_point,0.03404255319148936,0.8319999999999999,0.08,0.92,0.9292929292929293,705,400,False
model,0.34,0.6,3.5,0.2,score_point,0.03404255319148936,0.8319999999999999,0.08,0.92,0.9292929292929293,705,400,False
model,0.26,0.7,3.0,0.2,score_point,0.03404255319148936,0.838,0.06,0.94,0.94,705,400,False
model,0.43,0.6,3.0,0.2,score_point,0.03404255319148936,0.84,0.1,0.9,0.9183673469387755,705,400,False
model,0.44,0.6,3.0,0.2,score_point,0.03404255319148936,0.84,0.1,0.9,0.9183673469387755,705,400,False
model,0.51,0.6,2.5,0.2,score_point,0.03404255319148936,0.8422499999999999,0.1275,0.8725,0.9029754204398448,705,400,False
model,0.52,0.6,2.5,0.2,score_point,0.03404255319148936,0.8422499999999999,0.1275,0.8725,0.9029754204398448,705,400,False
model,0.53,0.6,2.5,0.2,score_point,0.03404255319148936,0.8517499999999998,0.1325,0.8675,0.9001297016861219,705,400,False
model,0.35,0.7,2.5,0.2,score_point,0.03404255319148936,0.8575,0.0875,0.9125,0.9252217997465145,705,400,False
model,0.54,0.6,2.5,0.2,score_point,0.03404255319148936,0.8612499999999998,0.1375,0.8625,0.8972691807542263,705,400,False
model,0.55,0.6,2.5,0.2,score_point,0.03404255319148936,0.8612499999999998,0.1375,0.8625,0.8972691807542263,705,400,False
model,0.56,0.6,2.5,0.2,score_point,0.03404255319148936,0.866,0.14,0.86,0.8958333333333334,705,400,False
model,0.57,0.6,2.5,0.2,score_point,0.03404255319148936,0.8802499999999998,0.1475,0.8525,0.8915032679738562,705,400,False
model,0.72,0.3,2.5,0.2,score_point,0.03404255319148936,0.883,0.265,0.735,0.818941504178273,705,400,False
model,0.63,0.3,3.5,0.2,score_point,0.03404255319148936,0.884,0.1825,0.8175,0.8708388814913448,705,400,False
model,0.58,0.6,2.5,0.2,score_point,0.03404255319148936,0.8944999999999999,0.155,0.845,0.8871391076115485,705,400,False
model,0.73,0.3,2.5,0.2,score_point,0.03404255319148936,0.8995000000000002,0.2725,0.7275,0.813986013986014,705,400,False
model,0.16,0.8,3.5,0.2,score_point,0.03404255319148936,0.90125,0.0375,0.9625,0.9517923362175524,705,400,False
model,0.17,0.8,3.5,0.2,score_point,0.03404255319148936,0.90125,0.0375,0.9625,0.9517923362175524,705,400,False
model,0.19,0.8,3.0,0.2,score_point,0.03404255319148936,0.9045000000000001,0.0475,0.9525,0.9465838509316771,705,400,False
model,0.59,0.4,3.5,0.2,score_point,0.03404255319148936,0.9115000000000001,0.165,0.835,0.8812664907651715,705,400,False
model,0.29,0.8,2.5,0.2,score_point,0.03404255319148936,0.919,0.07,0.93,0.9346733668341709,705,400,False
model,0.18,0.8,3.5,0.2,score_point,0.03404255319148936,0.9215000000000001,0.045,0.955,0.9478908188585607,705,400,False
model,0.7,0.4,2.5,0.2,score_point,0.03404255319148936,0.925,0.25,0.75,0.8287292817679557,705,400,False
model,0.69,0.3,3.0,0.2,score_point,0.03404255319148936,0.9277500000000002,0.2325,0.7675,0.8399452804377565,705,400,False
model,0.71,0.4,2.5,0.2,score_point,0.03404255319148936,0.9407500000000002,0.2575,0.7425,0.8238557558945908,705,400,False
model,0.6,0.4,3.5,0.2,score_point,0.03404255319148936,0.9425000000000003,0.175,0.825,0.8753315649867374,705,400,False
model,0.76,0.2,2.5,0.2,score_point,0.03404255319148936,0.959,0.33,0.67,0.7745664739884393,705,400,False
model,0.16,0.9,3.0,0.2,score_point,0.03404255319148936,0.9787500000000002,0.0375,0.9625,0.9517923362175524,705,400,False
model,0.17,0.9,3.0,0.2,score_point,0.03404255319148936,0.9787500000000002,0.0375,0.9625,0.9517923362175524,705,400,False
model,0.77,0.2,2.5,0.2,score_point,0.03404255319148936,0.9819999999999999,0.34,0.66,0.7674418604651163,705,400,False
model,0.18,0.9,3.0,0.2,score_point,0.03404255319148936,0.9945000000000002,0.045,0.955,0.9478908188585607,705,400,False
model,0.76,0.5,2.0,0.2,score_point,0.03404255319148936,0.995,0.33,0.67,0.7745664739884393,705,400,False
model,0.26,0.9,2.5,0.2,score_point,0.03404255319148936,0.9960000000000002,0.06,0.94,0.94,705,400,False
model,0.77,0.5,2.0,0.2,score_point,0.03404255319148936,1.01,0.34,0.66,0.7674418604651163,705,400,False
model,0.78,0.2,2.5,0.2,score_point,0.03404255319148936,1.0164999999999997,0.355,0.645,0.7565982404692083,705,400,False
model,0.04,1.0,3.5,0.2,score_point,0.03404255319148936,1.025,0.01,0.99,0.9658536585365853,705,400,False
model,0.7,0.7,2.0,0.2,score_point,0.03404255319148936,1.025,0.25,0.75,0.8287292817679557,705,400,False
model,0.05,1.0,3.5,0.2,score_point,0.03404255319148936,1.03125,0.0125,0.9875,0.9645909645909647,705,400,False
model,0.78,0.5,2.0,0.2,score_point,0.03404255319148936,1.0325,0.355,0.645,0.7565982404692083,705,400,False
model,0.71,0.7,2.0,0.2,score_point,0.03404255319148936,1.0347499999999998,0.2575,0.7425,0.8238557558945908,705,400,False
model,0.06,1.0,3.5,0.2,score_point,0.03404255319148936,1.0375,0.015,0.985,0.9633251833740831,705,400,False
model,0.07,1.0,3.5,0.2,score_point,0.03404255319148936,1.04375,0.0175,0.9825,0.9620563035495716,705,400,False
model,0.08,1.0,3.5,0.2,score_point,0.03404255319148936,1.04375,0.0175,0.9825,0.9620563035495716,705,400,False
model,0.09,1.0,3.5,0.2,score_point,0.03404255319148936,1.05,0.02,0.98,0.9607843137254902,705,400,False
model,0.79,0.5,2.0,0.2,score_point,0.03404255319148936,1.055,0.37,0.63,0.7455621301775148,705,400,False
model,0.15,1.0,3.0,0.2,score_point,0.03404255319148936,1.07,0.035,0.965,0.9530864197530864,705,400,False
model,0.2,1.0,2.5,0.2,score_point,0.03404255319148936,1.07125,0.0475,0.9525,0.9465838509316771,705,400,False
model,0.21,1.0,2.5,0.2,score_point,0.03404255319148936,1.07125,0.0475,0.9525,0.9465838509316771,705,400,False
model,0.22,1.0,2.5,0.2,score_point,0.03404255319148936,1.07875,0.0525,0.9475,0.9439601494396014,705,400,False
model,0.69,0.8,2.0,0.2,score_point,0.03404255319148936,1.0790000000000002,0.2325,0.7675,0.8399452804377565,705,400,False
model,0.23,1.0,2.5,0.2,score_point,0.03404255319148936,1.0825,0.055,0.945,0.942643391521197,705,400,False
model,0.24,1.0,2.5,0.2,score_point,0.03404255319148936,1.08625,0.0575,0.9425,0.9413233458177278,705,400,False
model,0.25,1.0,2.5,0.2,score_point,0.03404255319148936,1.08625,0.0575,0.9425,0.9413233458177278,705,400,False
model,0.26,1.0,2.5,0.2,score_point,0.03404255319148936,1.09,0.06,0.94,0.94,705,400,False
model,0.69,0.9,2.0,0.2,score_point,0.03404255319148936,1.1557500000000003,0.2325,0.7675,0.8399452804377565,705,400,False
model,0.84,0.4,2.0,0.2,score_point,0.03404255319148936,1.2000000000000002,0.5,0.5,0.6410256410256411,705,400,False
model,0.69,1.0,2.0,0.2,score_point,0.03404255319148936,1.2325,0.2325,0.7675,0.8399452804377565,705,400,False
model,0.85,0.4,2.0,0.2,score_point,0.03404255319148936,1.264,0.54,0.46,0.605263157894737,705,400,False
model,0.86,0.4,2.0,0.2,score_point,0.03404255319148936,1.3159999999999998,0.5725,0.4275,0.5747899159663865,705,400,False
model,0.87,0.4,2.0,0.2,score_point,0.03404255319148936,1.38,0.6125,0.3875,0.5354058721934369,705,400,False
model,0.88,0.3,2.0,0.2,score_point,0.03404255319148936,1.41775,0.6575,0.3425,0.48841354723707675,705,400,False
model,0.37,0.5,3.5,0.2,score_point,0.03546099290780142,0.77,0.09,0.91,0.9226869455006338,705,400,False
model,0.38,0.5,3.5,0.2,score_point,0.03546099290780142,0.77,0.09,0.91,0.9226869455006338,705,400,True
model,0.39,0.5,3.5,0.2,score_point,0.03546099290780142,0.785,0.095,0.905,0.9199491740787803,705,400,False
model,0.4,0.5,3.5,0.2,score_point,0.03546099290780142,0.785,0.095,0.905,0.9199491740787803,705,400,False
model,0.41,0.5,3.5,0.2,score_point,0.03546099290780142,0.785,0.095,0.905,0.9199491740787803,705,400,False
model,0.42,0.5,3.5,0.2,score_point,0.03546099290780142,0.785,0.095,0.905,0.9199491740787803,705,400,False
model,0.43,0.5,3.5,0.2,score_point,0.03546099290780142,0.8,0.1,0.9,0.9171974522292993,705,400,False
model,0.44,0.5,3.5,0.2,score_point,0.03546099290780142,0.8,0.1,0.9,0.9171974522292993,705,400,False
model,0.29,0.6,3.5,0.2,score_point,0.03546099290780142,0.8029999999999998,0.07,0.93,0.9335006273525721,705,400,False
model,0.2,0.7,3.0,0.2,score_point,0.03546099290780142,0.8092500000000001,0.0475,0.9525,0.945409429280397,705,400,False
model,0.21,0.7,3.0,0.2,score_point,0.03546099290780142,0.8092500000000001,0.0475,0.9525,0.945409429280397,705,400,False
model,0.36,0.6,3.0,0.2,score_point,0.03546099290780142,0.8099999999999998,0.0875,0.9125,0.9240506329113924,705,400,False
model,0.5,0.5,3.0,0.2,score_point,0.03546099290780142,0.8125,0.125,0.875,0.9032258064516129,705,400,False
model,0.22,0.7,3.0,0.2,score_point,0.03546099290780142,0.82075,0.0525,0.9475,0.9427860696517413,705,400,False
model,0.23,0.7,3.0,0.2,score_point,0.03546099290780142,0.8265,0.055,0.945,0.9414694894146948,705,400,False
model,0.24,0.7,3.0,0.2,score_point,0.03546099290780142,0.8322499999999999,0.0575,0.9425,0.940149625935162,705,400,False
model,0.25,0.7,3.0,0.2,score_point,0.03546099290780142,0.8322499999999999,0.0575,0.9425,0.940149625935162,705,400,False
model,0.3,0.7,2.5,0.2,score_point,0.03546099290780142,0.835,0.075,0.925,0.9308176100628932,705,400,False
model,0.31,0.7,2.5,0.2,score_point,0.03546099290780142,0.8394999999999999,0.0775,0.9225,0.9294710327455918,705,400,False
model,0.32,0.7,2.5,0.2,score_point,0.03546099290780142,0.8394999999999999,0.0775,0.9225,0.9294710327455918,705,400,False
model,0.33,0.7,2.5,0.2,score_point,0.03546099290780142,0.8439999999999999,0.08,0.92,0.9281210592686003,705,400,False
model,0.34,0.7,2.5,0.2,score_point,0.03546099290780142,0.8439999999999999,0.08,0.92,0.9281210592686003,705,400,False
model,0.65,0.3,3.0,0.2,score_point,0.03546099290780142,0.8602500000000001,0.2075,0.7925,0.8544474393530996,705,400,False
model,0.62,0.5,2.5,0.2,score_point,0.03546099290780142,0.865,0.1825,0.8175,0.8696808510638298,705,400,False
model,0.62,0.4,3.0,0.2,score_point,0.03546099290780142,0.8745000000000002,0.1825,0.8175,0.8696808510638298,705,400,False
model,0.58,0.4,3.5,0.2,score_point,0.03546099290780142,0.8805000000000001,0.155,0.845,0.8859764089121887,705,400,False
model,0.66,0.3,3.0,0.2,score_point,0.03546099290780142,0.8805000000000001,0.215,0.785,0.8497970230040595,705,400,False
model,0.15,0.8,3.5,0.2,score_point,0.03546099290780142,0.8945000000000002,0.035,0.965,0.9519112207151664,705,400,False
model,0.67,0.3,3.0,0.2,score_point,0.03546099290780142,0.90075,0.2225,0.7775,0.845108695652174,705,400,False
model,0.27,0.8,2.5,0.2,score_point,0.03546099290780142,0.90625,0.0625,0.9375,0.9375,705,400,False
model,0.68,0.3,3.0,0.2,score_point,0.03546099290780142,0.9075,0.225,0.775,0.8435374149659864,705,400,False
model,0.28,0.8,2.5,0.2,score_point,0.03546099290780142,0.9105000000000001,0.065,0.935,0.9361702127659575,705,400,False
model,0.74,0.5,2.0,0.2,score_point,0.03546099290780142,0.93875,0.2925,0.7075,0.7994350282485875,705,400,False
model,0.72,0.2,3.0,0.2,score_point,0.03546099290780142,0.9420000000000001,0.265,0.735,0.8178025034770515,705,400,False
model,0.7,0.6,2.0,0.2,score_point,0.03546099290780142,0.95,0.25,0.75,0.8275862068965517,705,400,False
model,0.75,0.5,2.0,0.2,score_point,0.03546099290780142,0.9575,0.305,0.695,0.7908961593172118,705,400,False
model,0.71,0.6,2.0,0.2,score_point,0.03546099290780142,0.9604999999999998,0.2575,0.7425,0.8227146814404432,705,400,False
model,0.73,0.2,3.0,0.2,score_point,0.03546099290780142,0.9629999999999999,0.2725,0.7275,0.8128491620111732,705,400,False
model,0.15,0.9,3.0,0.2,score_point,0.03546099290780142,0.9735000000000003,0.035,0.965,0.9519112207151664,705,400,False
model,0.2,0.9,2.5,0.2,score_point,0.03546099290780142,0.9760000000000002,0.0475,0.9525,0.945409429280397,705,400,False
model,0.21,0.9,2.5,0.2,score_point,0.03546099290780142,0.9760000000000002,0.0475,0.9525,0.945409429280397,705,400,False
model,0.22,0.9,2.5,0.2,score_point,0.03546099290780142,0.9840000000000003,0.0525,0.9475,0.9427860696517413,705,400,False
model,0.23,0.9,2.5,0.2,score_point,0.03546099290780142,0.9880000000000002,0.055,0.945,0.9414694894146948,705,400,False
model,0.24,0.9,2.5,0.2,score_point,0.03546099290780142,0.9920000000000002,0.0575,0.9425,0.940149625935162,705,400,False
model,0.25,0.9,2.5,0.2,score_point,0.03546099290780142,0.9920000000000002,0.0575,0.9425,0.940149625935162,705,400,False
model,0.69,0.7,2.0,0.2,score_point,0.03546099290780142,1.0022499999999999,0.2325,0.7675,0.8387978142076501,705,400,False
model,0.63,0.8,2.0,0.2,score_point,0.03546099290780142,1.0190000000000001,0.1825,0.8175,0.8696808510638298,705,400,False
model,0.7,0.2,3.5,0.2,score_point,0.03546099290780142,1.025,0.25,0.75,0.8275862068965517,705,400,False
model,0.64,0.8,2.0,0.2,score_point,0.03546099290780142,1.0370000000000001,0.1975,0.8025,0.8605898123324396,705,400,False
model,0.8,0.4,2.0,0.2,score_point,0.03546099290780142,1.04,0.4,0.6,0.7218045112781956,705,400,False
model,0.1,1.0,3.0,0.2,score_point,0.03546099290780142,1.045,0.0225,0.9775,0.9583333333333333,705,400,False
model,0.11,1.0,3.0,0.2,score_point,0.03546099290780142,1.045,0.0225,0.9775,0.9583333333333333,705,400,False
model,0.12,1.0,3.0,0.2,score_point,0.03546099290780142,1.045,0.0225,0.9775,0.9583333333333333,705,400,False
model,0.65,0.8,2.0,0.2,score_point,0.03546099290780142,1.0490000000000002,0.2075,0.7925,0.8544474393530996,705,400,False
model,0.71,0.2,3.5,0.2,score_point,0.03546099290780142,1.04975,0.2575,0.7425,0.8227146814404432,705,400,False
model,0.13,1.0,3.0,0.2,score_point,0.03546099290780142,1.055,0.0275,0.9725,0.9557739557739559,705,400,False
model,0.66,0.8,2.0,0.2,score_point,0.03546099290780142,1.058,0.215,0.785,0.8497970230040595,705,400,False
model,0.14,1.0,3.0,0.2,score_point,0.03546099290780142,1.06,0.03,0.97,0.9544895448954489,705,400,False
model,0.67,0.8,2.0,0.2,score_point,0.03546099290780142,1.0670000000000002,0.2225,0.7775,0.845108695652174,705,400,False
model,0.68,0.8,2.0,0.2,score_point,0.03546099290780142,1.07,0.225,0.775,0.8435374149659864,705,400,False
model,0.19,1.0,2.5,0.2,score_point,0.03546099290780142,1.07125,0.0475,0.9525,0.945409429280397,705,400,False
model,0.81,0.4,2.0,0.2,score_point,0.03546099290780142,1.076,0.4225,0.5775,0.7042682926829268,705,400,False
model,0.63,0.9,2.0,0.2,score_point,0.03546099290780142,1.1007500000000001,0.1825,0.8175,0.8696808510638298,705,400,False
model,0.82,0.4,2.0,0.2,score_point,0.03546099290780142,1.116,0.4475,0.5525,0.6842105263157895,705,400,False
model,0.64,0.9,2.0,0.2,score_point,0.03546099290780142,1.1172500000000003,0.1975,0.8025,0.8605898123324396,705,400,False
model,0.65,0.9,2.0,0.2,score_point,0.03546099290780142,1.1282500000000002,0.2075,0.7925,0.8544474393530996,705,400,False
model,0.66,0.9,2.0,0.2,score_point,0.03546099290780142,1.1365,0.215,0.785,0.8497970230040595,705,400,False
model,0.67,0.9,2.0,0.2,score_point,0.03546099290780142,1.1447500000000002,0.2225,0.7775,0.845108695652174,705,400,False
model,0.68,0.9,2.0,0.2,score_point,0.03546099290780142,1.1475000000000002,0.225,0.775,0.8435374149659864,705,400,False
model,0.83,0.4,2.0,0.2,score_point,0.03546099290780142,1.16,0.475,0.525,0.6614173228346456,705,400,False
model,0.63,1.0,2.0,0.2,score_point,0.03546099290780142,1.1825,0.1825,0.8175,0.8696808510638298,705,400,False
model,0.64,1.0,2.0,0.2,score_point,0.03546099290780142,1.1975,0.1975,0.8025,0.8605898123324396,705,400,False
model,0.65,1.0,2.0,0.2,score_point,0.03546099290780142,1.2075,0.2075,0.7925,0.8544474393530996,705,400,False
model,0.66,1.0,2.0,0.2,score_point,0.03546099290780142,1.215,0.215,0.785,0.8497970230040595,705,400,False
model,0.67,1.0,2.0,0.2,score_point,0.03546099290780142,1.2225,0.2225,0.7775,0.845108695652174,705,400,False
model,0.68,1.0,2.0,0.2,score_point,0.03546099290780142,1.225,0.225,0.775,0.8435374149659864,705,400,False
model,0.89,0.2,2.0,0.2,score_point,0.03546099290780142,1.4465000000000001,0.6925,0.3075,0.44890510948905105,705,400,False
model,0.45,0.5,3.0,0.2,score_point,0.03687943262411347,0.76875,0.1075,0.8925,0.9118773946360152,705,400,True
model,0.46,0.5,3.0,0.2,score_point,0.03687943262411347,0.78125,0.1125,0.8875,0.9090909090909091,705,400,False
model,0.47,0.5,3.0,0.2,score_point,0.03687943262411347,0.7875,0.115,0.885,0.9076923076923077,705,400,False
model,0.48,0.5,3.0,0.2,score_point,0.03687943262411347,0.79375,0.1175,0.8825,0.9062901155327342,705,400,False
model,0.17,0.7,3.5,0.2,score_point,0.03687943262411347,0.805,0.0375,0.9625,0.9494451294697903,705,400,False
model,0.49,0.5,3.0,0.2,score_point,0.03687943262411347,0.80625,0.1225,0.8775,0.9034749034749034,705,400,False
model,0.19,0.7,3.0,0.2,score_point,0.03687943262411347,0.8092500000000001,0.0475,0.9525,0.9442379182156134,705,400,False
model,0.35,0.6,3.0,0.2,score_point,0.03687943262411347,0.8099999999999998,0.0875,0.9125,0.9228824273072059,705,400,False
model,0.18,0.7,3.5,0.2,score_point,0.03687943262411347,0.826,0.045,0.955,0.9455445544554456,705,400,False
model,0.29,0.7,2.5,0.2,score_point,0.03687943262411347,0.826,0.07,0.93,0.9323308270676693,705,400,False
model,0.55,0.4,3.5,0.2,score_point,0.03687943262411347,0.8262500000000002,0.1375,0.8625,0.8949416342412451,705,400,False
model,0.64,0.3,3.0,0.2,score_point,0.03687943262411347,0.83325,0.1975,0.8025,0.859437751004016,705,400,False
model,0.56,0.4,3.5,0.2,score_point,0.03687943262411347,0.8340000000000001,0.14,0.86,0.8935064935064935,705,400,False
model,0.5,0.6,2.5,0.2,score_point,0.03687943262411347,0.8374999999999997,0.125,0.875,0.902061855670103,705,400,False
model,0.57,0.4,3.5,0.2,score_point,0.03687943262411347,0.8572500000000002,0.1475,0.8525,0.8891786179921772,705,400,False
model,0.61,0.5,2.5,0.2,score_point,0.03687943262411347,0.86,0.18,0.82,0.870026525198939,705,400,False
model,0.61,0.4,3.0,0.2,score_point,0.03687943262411347,0.8680000000000001,0.18,0.82,0.870026525198939,705,400,False
model,0.74,0.2,2.5,0.2,score_point,0.03687943262411347,0.8727499999999999,0.2925,0.7075,0.7983074753173485,705,400,False
model,0.16,0.8,3.0,0.2,score_point,0.03687943262411347,0.8825,0.0375,0.9625,0.9494451294697903,705,400,False
model,0.17,0.8,3.0,0.2,score_point,0.03687943262411347,0.8825,0.0375,0.9625,0.9494451294697903,705,400,False
model,0.62,0.3,3.5,0.2,score_point,0.03687943262411347,0.884,0.1825,0.8175,0.8685258964143425,705,400,False
model,0.69,0.4,2.5,0.2,score_point,0.03687943262411347,0.8882500000000002,0.2325,0.7675,0.8376534788540245,705,400,False
model,0.72,0.5,2.0,0.2,score_point,0.03687943262411347,0.8975,0.265,0.735,0.8166666666666665,705,400,False
model,0.18,0.8,3.0,0.2,score_point,0.03687943262411347,0.899,0.045,0.955,0.9455445544554456,705,400,False
model,0.75,0.2,2.5,0.2,score_point,0.03687943262411347,0.9015,0.305,0.695,0.7897727272727271,705,400,False
model,0.26,0.8,2.5,0.2,score_point,0.03687943262411347,0.9020000000000001,0.06,0.94,0.9376558603491272,705,400,False
model,0.73,0.5,2.0,0.2,score_point,0.03687943262411347,0.90875,0.2725,0.7275,0.811715481171548,705,400,False
model,0.69,0.6,2.0,0.2,score_point,0.03687943262411347,0.9254999999999999,0.2325,0.7675,0.8376534788540245,705,400,False
model,0.64,0.7,2.0,0.2,score_point,0.03687943262411347,0.9567499999999999,0.1975,0.8025,0.859437751004016,705,400,False
model,0.65,0.7,2.0,0.2,score_point,0.03687943262411347,0.9697499999999999,0.2075,0.7925,0.8532974427994616,705,400,False
model,0.13,0.9,3.5,0.2,score_point,0.03687943262411347,0.9715000000000003,0.0275,0.9725,0.954601226993865,705,400,False
model,0.19,0.9,2.5,0.2,score_point,0.03687943262411347,0.9760000000000002,0.0475,0.9525,0.9442379182156134,705,400,False
model,0.14,0.9,3.5,0.2,score_point,0.03687943262411347,0.9780000000000002,0.03,0.97,0.9533169533169534,705,400,False
model,0.66,0.7,2.0,0.2,score_point,0.03687943262411347,0.9794999999999999,0.215,0.785,0.8486486486486486,705,400,False
model,0.67,0.7,2.0,0.2,score_point,0.03687943262411347,0.98925,0.2225,0.7775,0.8439620081411126,705,400,False
model,0.79,0.4,2.0,0.2,score_point,0.03687943262411347,0.9920000000000002,0.37,0.63,0.743362831858407,705,400,False
model,0.68,0.7,2.0,0.2,score_point,0.03687943262411347,0.9925,0.225,0.775,0.842391304347826,705,400,False
model,0.61,0.8,2.0,0.2,score_point,0.03687943262411347,1.016,0.18,0.82,0.870026525198939,705,400,False
model,0.62,0.8,2.0,0.2,score_point,0.03687943262411347,1.0190000000000001,0.1825,0.8175,0.8685258964143425,705,400,False
model,0.04,1.0,3.0,0.2,score_point,0.03687943262411347,1.02,0.01,0.99,0.9635036496350365,705,400,False
model,0.05,1.0,3.0,0.2,score_point,0.03687943262411347,1.025,0.0125,0.9875,0.9622411693057248,705,400,False
model,0.06,1.0,3.0,0.2,score_point,0.03687943262411347,1.03,0.015,0.985,0.9609756097560974,705,400,False
model,0.07,1.0,3.0,0.2,score_point,0.03687943262411347,1.035,0.0175,0.9825,0.9597069597069596,705,400,False
model,0.08,1.0,3.0,0.2,score_point,0.03687943262411347,1.035,0.0175,0.9825,0.9597069597069596,705,400,False
model,0.09,1.0,3.0,0.2,score_point,0.03687943262411347,1.04,0.02,0.98,0.9584352078239609,705,400,False
model,0.61,0.9,2.0,0.2,score_point,0.03687943262411347,1.098,0.18,0.82,0.870026525198939,705,400,False
model,0.62,0.9,2.0,0.2,score_point,0.03687943262411347,1.1007500000000001,0.1825,0.8175,0.8685258964143425,705,400,False
model,0.84,0.3,2.0,0.2,score_point,0.03687943262411347,1.15,0.5,0.5,0.6389776357827476,705,400,False
model,0.61,1.0,2.0,0.2,score_point,0.03687943262411347,1.18,0.18,0.82,0.870026525198939,705,400,False
model,0.62,1.0,2.0,0.2,score_point,0.03687943262411347,1.1825,0.1825,0.8175,0.8685258964143425,705,400,False
model,0.85,0.3,2.0,0.2,score_point,0.03687943262411347,1.2180000000000002,0.54,0.46,0.6032786885245902,705,400,False
model,0.86,0.3,2.0,0.2,score_point,0.03687943262411347,1.27325,0.5725,0.4275,0.5728643216080402,705,400,False
model,0.87,0.3,2.0,0.2,score_point,0.03687943262411347,1.34125,0.6125,0.3875,0.5335628227194492,705,400,False
model,0.88,0.2,2.0,0.2,score_point,0.03687943262411347,1.3835,0.6575,0.3425,0.48667850799289525,705,400,False
model,0.36,0.5,3.5,0.2,score_point,0.03829787234042553,0.7625,0.0875,0.9125,0.9217171717171717,705,400,True
model,0.3,0.6,3.0,0.2,score_point,0.03829787234042553,0.7799999999999997,0.075,0.925,0.9284818067754078,705,400,False
model,0.27,0.6,3.5,0.2,score_point,0.03829787234042553,0.7812499999999999,0.0625,0.9375,0.9351620947630922,705,400,False
model,0.31,0.6,3.0,0.2,score_point,0.03829787234042553,0.7859999999999999,0.0775,0.9225,0.9271356783919598,705,400,False
model,0.32,0.6,3.0,0.2,score_point,0.03829787234042553,0.7859999999999999,0.0775,0.9225,0.9271356783919598,705,400,False
model,0.28,0.6,3.5,0.2,score_point,0.03829787234042553,0.7884999999999998,0.065,0.935,0.933832709113608,705,400,False
model,0.33,0.6,3.0,0.2,score_point,0.03829787234042553,0.7919999999999999,0.08,0.92,0.9257861635220126,705,400,False
model,0.34,0.6,3.0,0.2,score_point,0.03829787234042553,0.7919999999999999,0.08,0.92,0.9257861635220126,705,400,False
model,0.63,0.3,3.0,0.2,score_point,0.03829787234042553,0.7927500000000001,0.1825,0.8175,0.8673740053050397,705,400,False
model,0.51,0.4,3.5,0.2,score_point,0.03829787234042553,0.79525,0.1275,0.8725,0.8994845360824741,705,400,False
model,0.52,0.4,3.5,0.2,score_point,0.03829787234042553,0.79525,0.1275,0.8725,0.8994845360824741,705,400,False
model,0.45,0.6,2.5,0.2,score_point,0.03829787234042553,0.8042499999999998,0.1075,0.8925,0.9107142857142857,705,400,False
model,0.16,0.7,3.5,0.2,score_point,0.03829787234042553,0.805,0.0375,0.9625,0.9482758620689655,705,400,False
model,0.53,0.4,3.5,0.2,score_point,0.03829787234042553,0.8107500000000002,0.1325,0.8675,0.896640826873385,705,400,False
model,0.27,0.7,2.5,0.2,score_point,0.03829787234042553,0.8125,0.0625,0.9375,0.9351620947630922,705,400,False
model,0.46,0.6,2.5,0.2,score_point,0.03829787234042553,0.8137499999999999,0.1125,0.8875,0.9079283887468029,705,400,False
model,0.64,0.4,2.5,0.2,score_point,0.03829787234042553,0.8147500000000001,0.1975,0.8025,0.8582887700534759,705,400,False
model,0.28,0.7,2.5,0.2,score_point,0.03829787234042553,0.8169999999999998,0.065,0.935,0.933832709113608,705,400,False
model,0.47,0.6,2.5,0.2,score_point,0.03829787234042553,0.8184999999999999,0.115,0.885,0.9065300896286812,705,400,False
model,0.48,0.6,2.5,0.2,score_point,0.03829787234042553,0.8232499999999999,0.1175,0.8825,0.9051282051282051,705,400,False
model,0.54,0.4,3.5,0.2,score_point,0.03829787234042553,0.8262500000000002,0.1375,0.8625,0.8937823834196891,705,400,False
model,0.59,0.4,3.0,0.2,score_point,0.03829787234042553,0.8290000000000001,0.165,0.835,0.8777923784494086,705,400,False
model,0.59,0.5,2.5,0.2,score_point,0.03829787234042553,0.83,0.165,0.835,0.8777923784494086,705,400,False
model,0.49,0.6,2.5,0.2,score_point,0.03829787234042553,0.8327499999999998,0.1225,0.8775,0.9023136246786633,705,400,False
model,0.65,0.4,2.5,0.2,score_point,0.03829787234042553,0.8357500000000002,0.2075,0.7925,0.8521505376344085,705,400,False
model,0.6,0.5,2.5,0.2,score_point,0.03829787234042553,0.85,0.175,0.825,0.8718626155878467,705,400,False
model,0.7,0.3,2.5,0.2,score_point,0.03829787234042553,0.85,0.25,0.75,0.8253094910591473,705,400,False
model,0.66,0.4,2.5,0.2,score_point,0.03829787234042553,0.8515,0.215,0.785,0.8475033738191634,705,400,False
model,0.6,0.4,3.0,0.2,score_point,0.03829787234042553,0.8550000000000003,0.175,0.825,0.8718626155878467,705,400,False
model,0.71,0.3,2.5,0.2,score_point,0.03829787234042553,0.8665,0.2575,0.7425,0.8204419889502763,705,400,False
model,0.67,0.4,2.5,0.2,score_point,0.03829787234042553,0.8672500000000002,0.2225,0.7775,0.8428184281842819,705,400,False
model,0.68,0.4,2.5,0.2,score_point,0.03829787234042553,0.8725000000000002,0.225,0.775,0.8412483039348712,705,400,False
model,0.61,0.3,3.5,0.2,score_point,0.03829787234042553,0.8760000000000001,0.18,0.82,0.8688741721854305,705,400,False
model,0.64,0.6,2.0,0.2,score_point,0.03829787234042553,0.8764999999999997,0.1975,0.8025,0.8582887700534759,705,400,False
model,0.15,0.8,3.0,0.2,score_point,0.03829787234042553,0.8770000000000002,0.035,0.965,0.9495694956949571,705,400,False
model,0.2,0.8,2.5,0.2,score_point,0.03829787234042553,0.88075,0.0475,0.9525,0.9430693069306931,705,400,False
model,0.21,0.8,2.5,0.2,score_point,0.03829787234042553,0.88075,0.0475,0.9525,0.9430693069306931,705,400,False
model,0.22,0.8,2.5,0.2,score_point,0.03829787234042553,0.8892500000000001,0.0525,0.9475,0.9404466501240695,705,400,False
model,0.65,0.6,2.0,0.2,score_point,0.03829787234042553,0.8904999999999998,0.2075,0.7925,0.8521505376344085,705,400,False
model,0.23,0.8,2.5,0.2,score_point,0.03829787234042553,0.8935000000000001,0.055,0.945,0.9391304347826087,705,400,False
model,0.24,0.8,2.5,0.2,score_point,0.03829787234042553,0.89775,0.0575,0.9425,0.9378109452736318,705,400,False
model,0.25,0.8,2.5,0.2,score_point,0.03829787234042553,0.89775,0.0575,0.9425,0.9378109452736318,705,400,False
model,0.66,0.6,2.0,0.2,score_point,0.03829787234042553,0.9009999999999999,0.215,0.785,0.8475033738191634,705,400,False
model,0.67,0.6,2.0,0.2,score_point,0.03829787234042553,0.9114999999999999,0.2225,0.7775,0.8428184281842819,705,400,False
model,0.68,0.6,2.0,0.2,score_point,0.03829787234042553,0.9149999999999998,0.225,0.775,0.8412483039348712,705,400,False
model,0.76,0.4,2.0,0.2,score_point,0.03829787234042553,0.9280000000000002,0.33,0.67,0.7712230215827339,705,400,False
model,0.63,0.7,2.0,0.2,score_point,0.03829787234042553,0.9372499999999999,0.1825,0.8175,0.8673740053050397,705,400,False
model,0.77,0.4,2.0,0.2,score_point,0.03829787234042553,0.9440000000000002,0.34,0.66,0.7641099855282201,705,400,False
model,0.1,0.9,3.5,0.2,score_point,0.03829787234042553,0.9585000000000002,0.0225,0.9775,0.9559902200488999,705,400,False
model,0.11,0.9,3.5,0.2,score_point,0.03829787234042553,0.9585000000000002,0.0225,0.9775,0.9559902200488999,705,400,False
model,0.12,0.9,3.5,0.2,score_point,0.03829787234042553,0.9585000000000002,0.0225,0.9775,0.9559902200488999,705,400,False
model,0.69,0.2,3.5,0.2,score_point,0.03829787234042553,0.9672499999999998,0.2325,0.7675,0.8365122615803814,705,400,False
model,0.78,0.4,2.0,0.2,score_point,0.03829787234042553,0.9680000000000001,0.355,0.645,0.7532846715328467,705,400,False
model,0.8,0.3,2.0,0.2,score_point,0.03829787234042553,0.98,0.4,0.6,0.7196401799100449,705,400,False
model,0.59,0.8,2.0,0.2,score_point,0.03829787234042553,0.9980000000000001,0.165,0.835,0.8777923784494086,705,400,False
model,0.6,0.8,2.0,0.2,score_point,0.03829787234042553,1.0100000000000002,0.175,0.825,0.8718626155878467,705,400,False
model,0.81,0.3,2.0,0.2,score_point,0.03829787234042553,1.01825,0.4225,0.5775,0.7021276595744681,705,400,False
model,0.03,1.0,3.5,0.2,score_point,0.03829787234042553,1.01875,0.0075,0.9925,0.9635922330097088,705,400,False
model,0.16,1.0,2.5,0.2,score_point,0.03829787234042553,1.05625,0.0375,0.9625,0.9482758620689655,705,400,False
model,0.17,1.0,2.5,0.2,score_point,0.03829787234042553,1.05625,0.0375,0.9625,0.9482758620689655,705,400,False
model,0.82,0.3,2.0,0.2,score_point,0.03829787234042553,1.06075,0.4475,0.5525,0.6820987654320987,705,400,False
model,0.18,1.0,2.5,0.2,score_point,0.03829787234042553,1.0675,0.045,0.955,0.9443757725587144,705,400,False
model,0.59,0.9,2.0,0.2,score_point,0.03829787234042553,1.0815000000000001,0.165,0.835,0.8777923784494086,705,400,False
model,0.6,0.9,2.0,0.2,score_point,0.03829787234042553,1.0925000000000002,0.175,0.825,0.8718626155878467,705,400,False
model,0.83,0.3,2.0,0.2,score_point,0.03829787234042553,1.1075000000000002,0.475,0.525,0.6593406593406593,705,400,False
model,0.59,1.0,2.0,0.2,score_point,0.03829787234042553,1.165,0.165,0.835,0.8777923784494086,705,400,False
model,0.6,1.0,2.0,0.2,score_point,0.03829787234042553,1.175,0.175,0.825,0.8718626155878467,705,400,False
model,0.37,0.5,3.0,0.2,score_point,0.03971631205673759,0.725,0.09,0.91,0.9191919191919193,705,400,False
model,0.38,0.5,3.0,0.2,score_point,0.03971631205673759,0.725,0.09,0.91,0.9191919191919193,705,400,True
model,0.39,0.5,3.0,0.2,score_point,0.03971631205673759,0.7375,0.095,0.905,0.9164556962025316,705,400,False
model,0.4,0.5,3.0,0.2,score_point,0.03971631205673759,0.7375,0.095,0.905,0.9164556962025316,705,400,False
model,0.41,0.5,3.0,0.2,score_point,0.03971631205673759,0.7375,0.095,0.905,0.9164556962025316,705,400,False
model,0.42,0.5,3.0,0.2,score_point,0.03971631205673759,0.7375,0.095,0.905,0.9164556962025316,705,400,False
model,0.43,0.5,3.0,0.2,score_point,0.03971631205673759,0.75,0.1,0.9,0.9137055837563451,705,400,False
model,0.44,0.5,3.0,0.2,score_point,0.03971631205673759,0.75,0.1,0.9,0.9137055837563451,705,400,False
model,0.51,0.5,2.5,0.2,score_point,0.03971631205673759,0.755,0.1275,0.8725,0.8983268983268984,705,400,False
model,0.52,0.5,2.5,0.2,score_point,0.03971631205673759,0.755,0.1275,0.8725,0.8983268983268984,705,400,False
model,0.35,0.5,3.5,0.2,score_point,0.03971631205673759,0.7625,0.0875,0.9125,0.9205548549810845,705,400,False
model,0.53,0.5,2.5,0.2,score_point,0.03971631205673759,0.765,0.1325,0.8675,0.895483870967742,705,400,False
model,0.29,0.6,3.0,0.2,score_point,0.03971631205673759,0.7679999999999998,0.07,0.93,0.93,705,400,False
model,0.26,0.6,3.5,0.2,score_point,0.03971631205673759,0.7739999999999999,0.06,0.94,0.9353233830845772,705,400,False
model,0.54,0.5,2.5,0.2,score_point,0.03971631205673759,0.775,0.1375,0.8625,0.8926261319534282,705,400,False
model,0.55,0.5,2.5,0.2,score_point,0.03971631205673759,0.775,0.1375,0.8625,0.8926261319534282,705,400,False
model,0.56,0.5,2.5,0.2,score_point,0.03971631205673759,0.78,0.14,0.86,0.8911917098445595,705,400,False
model,0.63,0.4,2.5,0.2,score_point,0.03971631205673759,0.7832500000000002,0.1825,0.8175,0.866225165562914,705,400,False
model,0.17,0.7,3.0,0.2,score_point,0.03971631205673759,0.78625,0.0375,0.9625,0.9471094710947109,705,400,False
model,0.57,0.5,2.5,0.2,score_point,0.03971631205673759,0.795,0.1475,0.8525,0.8868660598179454,705,400,False
model,0.15,0.7,3.5,0.2,score_point,0.03971631205673759,0.7979999999999998,0.035,0.965,0.9484029484029484,705,400,False
model,0.58,0.4,3.0,0.2,score_point,0.03971631205673759,0.8030000000000002,0.155,0.845,0.8825065274151436,705,400,False
model,0.18,0.7,3.0,0.2,score_point,0.03971631205673759,0.8035,0.045,0.955,0.9432098765432099,705,400,False
model,0.26,0.7,2.5,0.2,score_point,0.03971631205673759,0.8079999999999999,0.06,0.94,0.9353233830845772,705,400,False
model,0.58,0.5,2.5,0.2,score_point,0.03971631205673759,0.81,0.155,0.845,0.8825065274151436,705,400,False
model,0.59,0.3,3.5,0.2,score_point,0.03971631205673759,0.8280000000000001,0.165,0.835,0.8766404199475066,705,400,False
model,0.63,0.6,2.0,0.2,score_point,0.03971631205673759,0.8554999999999998,0.1825,0.8175,0.866225165562914,705,400,False
model,0.6,0.3,3.5,0.2,score_point,0.03971631205673759,0.8600000000000001,0.175,0.825,0.870712401055409,705,400,False
model,0.74,0.4,2.0,0.2,score_point,0.03971631205673759,0.8680000000000001,0.2925,0.7075,0.7960618846694796,705,400,False
model,0.13,0.8,3.5,0.2,score_point,0.03971631205673759,0.8742500000000001,0.0275,0.9725,0.9522643818849449,705,400,False
model,0.7,0.5,2.0,0.2,score_point,0.03971631205673759,0.875,0.25,0.75,0.8241758241758242,705,400,False
model,0.19,0.8,2.5,0.2,score_point,0.03971631205673759,0.88075,0.0475,0.9525,0.9419035846724351,705,400,False
model,0.14,0.8,3.5,0.2,score_point,0.03971631205673759,0.8809999999999999,0.03,0.97,0.9509803921568627,705,400,False
model,0.65,0.2,3.5,0.2,score_point,0.03971631205673759,0.8847499999999999,0.2075,0.7925,0.851006711409396,705,400,False
model,0.71,0.5,2.0,0.2,score_point,0.03971631205673759,0.88625,0.2575,0.7425,0.8193103448275862,705,400,False
model,0.75,0.4,2.0,0.2,score_point,0.03971631205673759,0.8880000000000001,0.305,0.695,0.7875354107648724,705,400,False
model,0.7,0.2,3.0,0.2,score_point,0.03971631205673759,0.9,0.25,0.75,0.8241758241758242,705,400,False
model,0.66,0.2,3.5,0.2,score_point,0.03971631205673759,0.9094999999999999,0.215,0.785,0.8463611859838275,705,400,False
model,0.71,0.2,3.0,0.2,score_point,0.03971631205673759,0.9209999999999999,0.2575,0.7425,0.8193103448275862,705,400,False
model,0.45,0.8,2.0,0.2,score_point,0.03971631205673759,0.929,0.1075,0.8925,0.9095541401273884,705,400,False
model,0.79,0.3,2.0,0.2,score_point,0.03971631205673759,0.929,0.37,0.63,0.7411764705882353,705,400,False
model,0.61,0.7,2.0,0.2,score_point,0.03971631205673759,0.9339999999999999,0.18,0.82,0.8677248677248677,705,400,False
model,0.67,0.2,3.5,0.2,score_point,0.03971631205673759,0.93425,0.2225,0.7775,0.8416779431664411,705,400,False
model,0.46,0.8,2.0,0.2,score_point,0.03971631205673759,0.9350000000000002,0.1125,0.8875,0.9067688378033206,705,400,False
model,0.62,0.7,2.0,0.2,score_point,0.03971631205673759,0.9372499999999999,0.1825,0.8175,0.866225165562914,705,400,False
model,0.47,0.8,2.0,0.2,score_point,0.03971631205673759,0.9380000000000002,0.115,0.885,0.9053708439897699,705,400,False
model,0.48,0.8,2.0,0.2,score_point,0.03971631205673759,0.9410000000000003,0.1175,0.8825,0.9039692701664532,705,400,False
model,0.68,0.2,3.5,0.2,score_point,0.03971631205673759,0.9424999999999999,0.225,0.775,0.8401084010840109,705,400,False
model,0.08,0.9,3.5,0.2,score_point,0.03971631205673759,0.9455000000000001,0.0175,0.9825,0.9573690621193666,705,400,False
model,0.49,0.8,2.0,0.2,score_point,0.03971631205673759,0.9470000000000002,0.1225,0.8775,0.9011553273427471,705,400,False
model,0.5,0.8,2.0,0.2,score_point,0.03971631205673759,0.9500000000000002,0.125,0.875,0.8997429305912596,705,400,False
model,0.09,0.9,3.5,0.2,score_point,0.03971631205673759,0.9520000000000002,0.02,0.98,0.9560975609756097,705,400,False
model,0.51,0.8,2.0,0.2,score_point,0.03971631205673759,0.9530000000000001,0.1275,0.8725,0.8983268983268984,705,400,False
model,0.52,0.8,2.0,0.2,score_point,0.03971631205673759,0.9530000000000001,0.1275,0.8725,0.8983268983268984,705,400,False
model,0.13,0.9,3.0,0.2,score_point,0.03971631205673759,0.9577500000000002,0.0275,0.9725,0.9522643818849449,705,400,False
model,0.53,0.8,2.0,0.2,score_point,0.03971631205673759,0.9590000000000001,0.1325,0.8675,0.895483870967742,705,400,False
model,0.16,0.9,2.5,0.2,score_point,0.03971631205673759,0.9600000000000003,0.0375,0.9625,0.9471094710947109,705,400,False
model,0.17,0.9,2.5,0.2,score_point,0.03971631205673759,0.9600000000000003,0.0375,0.9625,0.9471094710947109,705,400,False
model,0.14,0.9,3.0,0.2,score_point,0.03971631205673759,0.9630000000000003,0.03,0.97,0.9509803921568627,705,400,False
model,0.54,0.8,2.0,0.2,score_point,0.03971631205673759,0.9650000000000002,0.1375,0.8625,0.8926261319534282,705,400,False
model,0.55,0.8,2.0,0.2,score_point,0.03971631205673759,0.9650000000000002,0.1375,0.8625,0.8926261319534282,705,400,False
model,0.56,0.8,2.0,0.2,score_point,0.03971631205673759,0.9680000000000001,0.14,0.86,0.8911917098445595,705,400,False
model,0.18,0.9,2.5,0.2,score_point,0.03971631205673759,0.9720000000000002,0.045,0.955,0.9432098765432099,705,400,False
model,0.57,0.8,2.0,0.2,score_point,0.03971631205673759,0.9770000000000002,0.1475,0.8525,0.8868660598179454,705,400,False
model,0.58,0.8,2.0,0.2,score_point,0.03971631205673759,0.9860000000000002,0.155,0.845,0.8825065274151436,705,400,False
model,0.36,0.9,2.0,0.2,score_point,0.03971631205673759,0.9962500000000003,0.0875,0.9125,0.9205548549810845,705,400,False
model,0.37,0.9,2.0,0.2,score_point,0.03971631205673759,0.9990000000000002,0.09,0.91,0.9191919191919193,705,400,False
model,0.38,0.9,2.0,0.2,score_point,0.03971631205673759,0.9990000000000002,0.09,0.91,0.9191919191919193,705,400,False
model,0.39,0.9,2.0,0.2,score_point,0.03971631205673759,1.0045000000000002,0.095,0.905,0.9164556962025316,705,400,False
model,0.4,0.9,2.0,0.2,score_point,0.03971631205673759,1.0045000000000002,0.095,0.905,0.9164556962025316,705,400,False
model,0.41,0.9,2.0,0.2,score_point,0.03971631205673759,1.0045000000000002,0.095,0.905,0.9164556962025316,705,400,False
model,0.42,0.9,2.0,0.2,score_point,0.03971631205673759,1.0045000000000002,0.095,0.905,0.9164556962025316,705,400,False
model,0.43,0.9,2.0,0.2,score_point,0.03971631205673759,1.0100000000000002,0.1,0.9,0.9137055837563451,705,400,False
model,0.44,0.9,2.0,0.2,score_point,0.03971631205673759,1.0100000000000002,0.1,0.9,0.9137055837563451,705,400,False
model,0.45,0.9,2.0,0.2,score_point,0.03971631205673759,1.01825,0.1075,0.8925,0.9095541401273884,705,400,False
model,0.46,0.9,2.0,0.2,score_point,0.03971631205673759,1.0237500000000004,0.1125,0.8875,0.9067688378033206,705,400,False
model,0.47,0.9,2.0,0.2,score_point,0.03971631205673759,1.0265000000000004,0.115,0.885,0.9053708439897699,705,400,False
model,0.48,0.9,2.0,0.2,score_point,0.03971631205673759,1.0292500000000002,0.1175,0.8825,0.9039692701664532,705,400,False
model,0.49,0.9,2.0,0.2,score_point,0.03971631205673759,1.0347500000000003,0.1225,0.8775,0.9011553273427471,705,400,False
model,0.5,0.9,2.0,0.2,score_point,0.03971631205673759,1.0375000000000003,0.125,0.875,0.8997429305912596,705,400,False
model,0.51,0.9,2.0,0.2,score_point,0.03971631205673759,1.0402500000000001,0.1275,0.8725,0.8983268983268984,705,400,False
model,0.52,0.9,2.0,0.2,score_point,0.03971631205673759,1.0402500000000001,0.1275,0.8725,0.8983268983268984,705,400,False
model,0.53,0.9,2.0,0.2,score_point,0.03971631205673759,1.0457500000000002,0.1325,0.8675,0.895483870967742,705,400,False
model,0.54,0.9,2.0,0.2,score_point,0.03971631205673759,1.0512500000000002,0.1375,0.8625,0.8926261319534282,705,400,False
model,0.55,0.9,2.0,0.2,score_point,0.03971631205673759,1.0512500000000002,0.1375,0.8625,0.8926261319534282,705,400,False
model,0.15,1.0,2.5,0.2,score_point,0.03971631205673759,1.0525,0.035,0.965,0.9484029484029484,705,400,False
model,0.56,0.9,2.0,0.2,score_point,0.03971631205673759,1.054,0.14,0.86,0.8911917098445595,705,400,False
model,0.57,0.9,2.0,0.2,score_point,0.03971631205673759,1.0622500000000001,0.1475,0.8525,0.8868660598179454,705,400,False
model,0.58,0.9,2.0,0.2,score_point,0.03971631205673759,1.0705,0.155,0.845,0.8825065274151436,705,400,False
model,0.36,1.0,2.0,0.2,score_point,0.03971631205673759,1.0875,0.0875,0.9125,0.9205548549810845,705,400,False
model,0.37,1.0,2.0,0.2,score_point,0.03971631205673759,1.09,0.09,0.91,0.9191919191919193,705,400,False
model,0.38,1.0,2.0,0.2,score_point,0.03971631205673759,1.09,0.09,0.91,0.9191919191919193,705,400,False
model,0.39,1.0,2.0,0.2,score_point,0.03971631205673759,1.095,0.095,0.905,0.9164556962025316,705,400,False
model,0.4,1.0,2.0,0.2,score_point,0.03971631205673759,1.095,0.095,0.905,0.9164556962025316,705,400,False
model,0.41,1.0,2.0,0.2,score_point,0.03971631205673759,1.095,0.095,0.905,0.9164556962025316,705,400,False
model,0.42,1.0,2.0,0.2,score_point,0.03971631205673759,1.095,0.095,0.905,0.9164556962025316,705,400,False
model,0.43,1.0,2.0,0.2,score_point,0.03971631205673759,1.1,0.1,0.9,0.9137055837563451,705,400,False
model,0.44,1.0,2.0,0.2,score_point,0.03971631205673759,1.1,0.1,0.9,0.9137055837563451,705,400,False
model,0.45,1.0,2.0,0.2,score_point,0.03971631205673759,1.1075,0.1075,0.8925,0.9095541401273884,705,400,False
model,0.46,1.0,2.0,0.2,score_point,0.03971631205673759,1.1125,0.1125,0.8875,0.9067688378033206,705,400,False
model,0.47,1.0,2.0,0.2,score_point,0.03971631205673759,1.115,0.115,0.885,0.9053708439897699,705,400,False
model,0.48,1.0,2.0,0.2,score_point,0.03971631205673759,1.1175,0.1175,0.8825,0.9039692701664532,705,400,False
model,0.49,1.0,2.0,0.2,score_point,0.03971631205673759,1.1225,0.1225,0.8775,0.9011553273427471,705,400,False
model,0.5,1.0,2.0,0.2,score_point,0.03971631205673759,1.125,0.125,0.875,0.8997429305912596,705,400,False
model,0.51,1.0,2.0,0.2,score_point,0.03971631205673759,1.1275,0.1275,0.8725,0.8983268983268984,705,400,False
model,0.52,1.0,2.0,0.2,score_point,0.03971631205673759,1.1275,0.1275,0.8725,0.8983268983268984,705,400,False
model,0.53,1.0,2.0,0.2,score_point,0.03971631205673759,1.1325,0.1325,0.8675,0.895483870967742,705,400,False
model,0.54,1.0,2.0,0.2,score_point,0.03971631205673759,1.1375,0.1375,0.8625,0.8926261319534282,705,400,False
model,0.55,1.0,2.0,0.2,score_point,0.03971631205673759,1.1375,0.1375,0.8625,0.8926261319534282,705,400,False
model,0.56,1.0,2.0,0.2,score_point,0.03971631205673759,1.14,0.14,0.86,0.8911917098445595,705,400,False
model,0.57,1.0,2.0,0.2,score_point,0.03971631205673759,1.1475,0.1475,0.8525,0.8868660598179454,705,400,False
model,0.58,1.0,2.0,0.2,score_point,0.03971631205673759,1.155,0.155,0.845,0.8825065274151436,705,400,False
model,0.86,0.2,2.0,0.2,score_point,0.03971631205673759,1.2305000000000001,0.5725,0.4275,0.5709515859766277,705,400,False
model,0.87,0.2,2.0,0.2,score_point,0.03971631205673759,1.3025,0.6125,0.3875,0.5317324185248714,705,400,False
model,0.3,0.5,3.5,0.2,score_point,0.04113475177304964,0.725,0.075,0.925,0.9261576971214016,705,400,False
model,0.31,0.5,3.5,0.2,score_point,0.04113475177304964,0.7325,0.0775,0.9225,0.924812030075188,705,400,False
model,0.32,0.5,3.5,0.2,score_point,0.04113475177304964,0.7325,0.0775,0.9225,0.924812030075188,705,400,False
model,0.33,0.5,3.5,0.2,score_point,0.04113475177304964,0.74,0.08,0.92,0.9234629861982435,705,400,False
model,0.34,0.5,3.5,0.2,score_point,0.04113475177304964,0.74,0.08,0.92,0.9234629861982435,705,400,False
model,0.55,0.4,3.0,0.2,score_point,0.04113475177304964,0.7575000000000002,0.1375,0.8625,0.8914728682170542,705,400,False
model,0.56,0.4,3.0,0.2,score_point,0.04113475177304964,0.764,0.14,0.86,0.890038809831824,705,400,False
model,0.24,0.6,3.5,0.2,score_point,0.04113475177304964,0.7667499999999998,0.0575,0.9425,0.9354838709677419,705,400,False
model,0.25,0.6,3.5,0.2,score_point,0.04113475177304964,0.7667499999999998,0.0575,0.9425,0.9354838709677419,705,400,False
model,0.37,0.6,2.5,0.2,score_point,0.04113475177304964,0.7709999999999998,0.09,0.91,0.9180327868852458,705,400,False
model,0.38,0.6,2.5,0.2,score_point,0.04113475177304964,0.7709999999999998,0.09,0.91,0.9180327868852458,705,400,False
model,0.39,0.6,2.5,0.2,score_point,0.04113475177304964,0.7804999999999999,0.095,0.905,0.9152970922882426,705,400,False
model,0.4,0.6,2.5,0.2,score_point,0.04113475177304964,0.7804999999999999,0.095,0.905,0.9152970922882426,705,400,False
model,0.41,0.6,2.5,0.2,score_point,0.04113475177304964,0.7804999999999999,0.095,0.905,0.9152970922882426,705,400,False
model,0.42,0.6,2.5,0.2,score_point,0.04113475177304964,0.7804999999999999,0.095,0.905,0.9152970922882426,705,400,False
model,0.57,0.4,3.0,0.2,score_point,0.04113475177304964,0.7835000000000002,0.1475,0.8525,0.8857142857142857,705,400,False
model,0.2,0.7,2.5,0.2,score_point,0.04113475177304964,0.7855,0.0475,0.9525,0.9407407407407408,705,400,False
model,0.21,0.7,2.5,0.2,score_point,0.04113475177304964,0.7855,0.0475,0.9525,0.9407407407407408,705,400,False
model,0.16,0.7,3.0,0.2,score_point,0.04113475177304964,0.78625,0.0375,0.9625,0.9459459459459459,705,400,False
model,0.5,0.4,3.5,0.2,score_point,0.04113475177304964,0.7875000000000001,0.125,0.875,0.8985879332477537,705,400,False
model,0.43,0.6,2.5,0.2,score_point,0.04113475177304964,0.7899999999999998,0.1,0.9,0.9125475285171102,705,400,False
model,0.44,0.6,2.5,0.2,score_point,0.04113475177304964,0.7899999999999998,0.1,0.9,0.9125475285171102,705,400,False
model,0.62,0.3,3.0,0.2,score_point,0.04113475177304964,0.7927500000000001,0.1825,0.8175,0.865079365079365,705,400,False
model,0.22,0.7,2.5,0.2,score_point,0.04113475177304964,0.7944999999999999,0.0525,0.9475,0.9381188118811882,705,400,False
model,0.58,0.3,3.5,0.2,score_point,0.04113475177304964,0.796,0.155,0.845,0.8813559322033898,705,400,False
model,0.23,0.7,2.5,0.2,score_point,0.04113475177304964,0.7989999999999999,0.055,0.945,0.9368029739776951,705,400,False
model,0.24,0.7,2.5,0.2,score_point,0.04113475177304964,0.8035,0.0575,0.9425,0.9354838709677419,705,400,False
model,0.25,0.7,2.5,0.2,score_point,0.04113475177304964,0.8035,0.0575,0.9425,0.9354838709677419,705,400,False
model,0.69,0.3,2.5,0.2,score_point,0.04113475177304964,0.8115000000000001,0.2325,0.7675,0.8342391304347826,705,400,False
model,0.64,0.2,3.5,0.2,score_point,0.04113475177304964,0.8517499999999998,0.1975,0.8025,0.8560000000000001,705,400,False
model,0.62,0.6,2.0,0.2,score_point,0.04113475177304964,0.8554999999999998,0.1825,0.8175,0.865079365079365,705,400,False
model,0.1,0.8,3.5,0.2,score_point,0.04113475177304964,0.86075,0.0225,0.9775,0.9536585365853658,705,400,False
model,0.11,0.8,3.5,0.2,score_point,0.04113475177304964,0.86075,0.0225,0.9775,0.9536585365853658,705,400,False
model,0.12,0.8,3.5,0.2,score_point,0.04113475177304964,0.86075,0.0225,0.9775,0.9536585365853658,705,400,False
model,0.76,0.3,2.0,0.2,score_point,0.04113475177304964,0.8610000000000001,0.33,0.67,0.7690100430416069,705,400,False
model,0.77,0.3,2.0,0.2,score_point,0.04113475177304964,0.8780000000000001,0.34,0.66,0.7619047619047619,705,400,False
model,0.78,0.3,2.0,0.2,score_point,0.04113475177304964,0.9035000000000001,0.355,0.645,0.7510917030567685,705,400,False
model,0.36,0.8,2.0,0.2,score_point,0.04113475177304964,0.905,0.0875,0.9125,0.9193954659949621,705,400,False
model,0.37,0.8,2.0,0.2,score_point,0.04113475177304964,0.9080000000000001,0.09,0.91,0.9180327868852458,705,400,False
model,0.38,0.8,2.0,0.2,score_point,0.04113475177304964,0.9080000000000001,0.09,0.91,0.9180327868852458,705,400,False
model,0.39,0.8,2.0,0.2,score_point,0.04113475177304964,0.914,0.095,0.905,0.9152970922882426,705,400,False
model,0.4,0.8,2.0,0.2,score_point,0.04113475177304964,0.914,0.095,0.905,0.9152970922882426,705,400,False
model,0.41,0.8,2.0,0.2,score_point,0.04113475177304964,0.914,0.095,0.905,0.9152970922882426,705,400,False
model,0.42,0.8,2.0,0.2,score_point,0.04113475177304964,0.914,0.095,0.905,0.9152970922882426,705,400,False
model,0.59,0.7,2.0,0.2,score_point,0.04113475177304964,0.9144999999999999,0.165,0.835,0.8754914809960681,705,400,False
model,0.43,0.8,2.0,0.2,score_point,0.04113475177304964,0.9200000000000002,0.1,0.9,0.9125475285171102,705,400,False
model,0.44,0.8,2.0,0.2,score_point,0.04113475177304964,0.9200000000000002,0.1,0.9,0.9125475285171102,705,400,False
model,0.04,0.9,3.5,0.2,score_point,0.04113475177304964,0.9260000000000003,0.01,0.99,0.96,705,400,False
model,0.6,0.7,2.0,0.2,score_point,0.04113475177304964,0.9274999999999999,0.175,0.825,0.8695652173913043,705,400,False
model,0.05,0.9,3.5,0.2,score_point,0.04113475177304964,0.9325000000000001,0.0125,0.9875,0.9587378640776699,705,400,False
model,0.06,0.9,3.5,0.2,score_point,0.04113475177304964,0.9390000000000002,0.015,0.985,0.9574726609963548,705,400,False
model,0.07,0.9,3.5,0.2,score_point,0.04113475177304964,0.9455000000000001,0.0175,0.9825,0.9562043795620438,705,400,False
model,0.1,0.9,3.0,0.2,score_point,0.04113475177304964,0.9472500000000003,0.0225,0.9775,0.9536585365853658,705,400,False
model,0.11,0.9,3.0,0.2,score_point,0.04113475177304964,0.9472500000000003,0.0225,0.9775,0.9536585365853658,705,400,False
model,0.12,0.9,3.0,0.2,score_point,0.04113475177304964,0.9472500000000003,0.0225,0.9775,0.9536585365853658,705,400,False
model,0.15,0.9,2.5,0.2,score_point,0.04113475177304964,0.9560000000000002,0.035,0.965,0.9472392638036808,705,400,False
model,0.35,0.9,2.0,0.2,score_point,0.04113475177304964,0.9962500000000003,0.0875,0.9125,0.9193954659949621,705,400,False
model,0.03,1.0,3.0,0.2,score_point,0.04113475177304964,1.015,0.0075,0.9925,0.9612590799031476,705,400,False
model,0.1,1.0,2.5,0.2,score_point,0.04113475177304964,1.03375,0.0225,0.9775,0.9536585365853658,705,400,False
model,0.11,1.0,2.5,0.2,score_point,0.04113475177304964,1.03375,0.0225,0.9775,0.9536585365853658,705,400,False
model,0.12,1.0,2.5,0.2,score_point,0.04113475177304964,1.03375,0.0225,0.9775,0.9536585365853658,705,400,False
model,0.13,1.0,2.5,0.2,score_point,0.04113475177304964,1.04125,0.0275,0.9725,0.9511002444987775,705,400,False
model,0.14,1.0,2.5,0.2,score_point,0.04113475177304964,1.045,0.03,0.97,0.9498164014687882,705,400,False
model,0.35,1.0,2.0,0.2,score_point,0.04113475177304964,1.0875,0.0875,0.9125,0.9193954659949621,705,400,False
model,0.84,0.2,2.0,0.2,score_point,0.04113475177304964,1.1,0.5,0.5,0.6359300476947536,705,400,False
model,0.85,0.2,2.0,0.2,score_point,0.04113475177304964,1.172,0.54,0.46,0.6003262642740621,705,400,False
model,0.29,0.5,3.5,0.2,score_point,0.0425531914893617,0.71,0.07,0.93,0.9276807980049875,705,400,True
model,0.36,0.5,3.0,0.2,score_point,0.0425531914893617,0.71875,0.0875,0.9125,0.9182389937106918,705,400,False
model,0.51,0.4,3.0,0.2,score_point,0.0425531914893617,0.7315,0.1275,0.8725,0.8960205391527599,705,400,False
model,0.52,0.4,3.0,0.2,score_point,0.0425531914893617,0.7315,0.1275,0.8725,0.8960205391527599,705,400,False
model,0.45,0.4,3.5,0.2,score_point,0.0425531914893617,0.7332500000000001,0.1075,0.8925,0.9072426937738246,705,400,False
model,0.55,0.3,3.5,0.2,score_point,0.0425531914893617,0.74,0.1375,0.8625,0.8903225806451613,705,400,False
model,0.53,0.4,3.0,0.2,score_point,0.0425531914893617,0.7445000000000002,0.1325,0.8675,0.8931788931788932,705,400,False
model,0.56,0.3,3.5,0.2,score_point,0.0425531914893617,0.748,0.14,0.86,0.8888888888888888,705,400,False
model,0.46,0.4,3.5,0.2,score_point,0.0425531914893617,0.7487500000000001,0.1125,0.8875,0.9044585987261146,705,400,False
model,0.27,0.6,3.0,0.2,score_point,0.0425531914893617,0.7499999999999999,0.0625,0.9375,0.9316770186335404,705,400,False
model,0.5,0.5,2.5,0.2,score_point,0.0425531914893617,0.75,0.125,0.875,0.8974358974358975,705,400,False
model,0.28,0.6,3.0,0.2,score_point,0.0425531914893617,0.7559999999999999,0.065,0.935,0.9303482587064678,705,400,False
model,0.47,0.4,3.5,0.2,score_point,0.0425531914893617,0.7565000000000001,0.115,0.885,0.903061224489796,705,400,False
model,0.65,0.3,2.5,0.2,score_point,0.0425531914893617,0.7565000000000001,0.2075,0.7925,0.8487282463186078,705,400,False
model,0.54,0.4,3.0,0.2,score_point,0.0425531914893617,0.7575000000000002,0.1375,0.8625,0.8903225806451613,705,400,False
model,0.23,0.6,3.5,0.2,score_point,0.0425531914893617,0.7594999999999998,0.055,0.945,0.9356435643564356,705,400,False
model,0.48,0.4,3.5,0.2,score_point,0.0425531914893617,0.7642500000000001,0.1175,0.8825,0.9016602809706258,705,400,False
model,0.36,0.6,2.5,0.2,score_point,0.0425531914893617,0.7662499999999999,0.0875,0.9125,0.9182389937106918,705,400,False
model,0.57,0.3,3.5,0.2,score_point,0.0425531914893617,0.7720000000000001,0.1475,0.8525,0.8845654993514916,705,400,False
model,0.66,0.3,2.5,0.2,score_point,0.0425531914893617,0.7730000000000001,0.215,0.785,0.8440860215053764,705,400,False
model,0.49,0.4,3.5,0.2,score_point,0.0425531914893617,0.77975,0.1225,0.8775,0.8988476312419974,705,400,False
model,0.15,0.7,3.0,0.2,score_point,0.0425531914893617,0.7805,0.035,0.965,0.9460784313725491,705,400,False
model,0.62,0.4,2.5,0.2,score_point,0.0425531914893617,0.7832500000000002,0.1825,0.8175,0.8639365918097754,705,400,False
model,0.19,0.7,2.5,0.2,score_point,0.0425531914893617,0.7855,0.0475,0.9525,0.9395807644882861,705,400,False
model,0.61,0.3,3.0,0.2,score_point,0.0425531914893617,0.786,0.18,0.82,0.8654353562005277,705,400,False
model,0.67,0.3,2.5,0.2,score_point,0.0425531914893617,0.7895,0.2225,0.7775,0.8394062078272604,705,400,False
model,0.68,0.3,2.5,0.2,score_point,0.0425531914893617,0.795,0.225,0.775,0.8378378378378379,705,400,False
model,0.63,0.2,3.5,0.2,score_point,0.0425531914893617,0.8022499999999999,0.1825,0.8175,0.8639365918097754,705,400,False
model,0.72,0.2,2.5,0.2,score_point,0.0425531914893617,0.8095,0.265,0.735,0.8121546961325967,705,400,False
model,0.72,0.4,2.0,0.2,score_point,0.0425531914893617,0.8240000000000001,0.265,0.735,0.8121546961325967,705,400,False
model,0.73,0.2,2.5,0.2,score_point,0.0425531914893617,0.8267499999999999,0.2725,0.7275,0.8072122052704578,705,400,False
model,0.73,0.4,2.0,0.2,score_point,0.0425531914893617,0.8360000000000001,0.2725,0.7275,0.8072122052704578,705,400,False
model,0.45,0.7,2.0,0.2,score_point,0.0425531914893617,0.83975,0.1075,0.8925,0.9072426937738246,705,400,False
model,0.46,0.7,2.0,0.2,score_point,0.0425531914893617,0.84625,0.1125,0.8875,0.9044585987261146,705,400,False
model,0.08,0.8,3.5,0.2,score_point,0.0425531914893617,0.8472500000000001,0.0175,0.9825,0.9550425273390036,705,400,False
model,0.69,0.5,2.0,0.2,score_point,0.0425531914893617,0.84875,0.2325,0.7675,0.8331071913161466,705,400,False
model,0.47,0.7,2.0,0.2,score_point,0.0425531914893617,0.8494999999999999,0.115,0.885,0.903061224489796,705,400,False
model,0.69,0.2,3.0,0.2,score_point,0.0425531914893617,0.851,0.2325,0.7675,0.8331071913161466,705,400,False
model,0.61,0.6,2.0,0.2,score_point,0.0425531914893617,0.8519999999999999,0.18,0.82,0.8654353562005277,705,400,False
model,0.48,0.7,2.0,0.2,score_point,0.0425531914893617,0.8527499999999998,0.1175,0.8825,0.9016602809706258,705,400,False
model,0.09,0.8,3.5,0.2,score_point,0.0425531914893617,0.8540000000000001,0.02,0.98,0.9537712895377128,705,400,False
model,0.49,0.7,2.0,0.2,score_point,0.0425531914893617,0.8592499999999998,0.1225,0.8775,0.8988476312419974,705,400,False
model,0.13,0.8,3.0,0.2,score_point,0.0425531914893617,0.8605000000000002,0.0275,0.9725,0.9499389499389499,705,400,False
model,0.5,0.7,2.0,0.2,score_point,0.0425531914893617,0.8625,0.125,0.875,0.8974358974358975,705,400,False
model,0.16,0.8,2.5,0.2,score_point,0.0425531914893617,0.86375,0.0375,0.9625,0.9447852760736196,705,400,False
model,0.17,0.8,2.5,0.2,score_point,0.0425531914893617,0.86375,0.0375,0.9625,0.9447852760736196,705,400,False
model,0.51,0.7,2.0,0.2,score_point,0.0425531914893617,0.8657499999999999,0.1275,0.8725,0.8960205391527599,705,400,False
model,0.52,0.7,2.0,0.2,score_point,0.0425531914893617,0.8657499999999999,0.1275,0.8725,0.8960205391527599,705,400,False
model,0.14,0.8,3.0,0.2,score_point,0.0425531914893617,0.866,0.03,0.97,0.9486552567237163,705,400,False
model,0.53,0.7,2.0,0.2,score_point,0.0425531914893617,0.87225,0.1325,0.8675,0.8931788931788932,705,400,False
model,0.18,0.8,2.5,0.2,score_point,0.0425531914893617,0.8765000000000001,0.045,0.955,0.9408866995073892,705,400,False
model,0.54,0.7,2.0,0.2,score_point,0.0425531914893617,0.87875,0.1375,0.8625,0.8903225806451613,705,400,False
model,0.55,0.7,2.0,0.2,score_point,0.0425531914893617,0.87875,0.1375,0.8625,0.8903225806451613,705,400,False
model,0.56,0.7,2.0,0.2,score_point,0.0425531914893617,0.8819999999999999,0.14,0.86,0.8888888888888888,705,400,False
model,0.57,0.7,2.0,0.2,score_point,0.0425531914893617,0.8917499999999998,0.1475,0.8525,0.8845654993514916,705,400,False
model,0.58,0.7,2.0,0.2,score_point,0.0425531914893617,0.9015,0.155,0.845,0.8802083333333334,705,400,False
model,0.35,0.8,2.0,0.2,score_point,0.0425531914893617,0.905,0.0875,0.9125,0.9182389937106918,705,400,False
model,0.8,0.2,2.0,0.2,score_point,0.0425531914893617,0.92,0.4,0.6,0.7164179104477612,705,400,False
model,0.08,0.9,3.0,0.2,score_point,0.0425531914893617,0.9367500000000001,0.0175,0.9825,0.9550425273390036,705,400,False
model,0.09,0.9,3.0,0.2,score_point,0.0425531914893617,0.9420000000000002,0.02,0.98,0.9537712895377128,705,400,False
model,0.81,0.2,2.0,0.2,score_point,0.0425531914893617,0.9605,0.4225,0.5775,0.6989409984871408,705,400,False
model,0.29,0.9,2.0,0.2,score_point,0.0425531914893617,0.9770000000000002,0.07,0.93,0.9276807980049875,705,400,False
model,0.3,0.9,2.0,0.2,score_point,0.0425531914893617,0.9825000000000003,0.075,0.925,0.925,705,400,False
model,0.31,0.9,2.0,0.2,score_point,0.0425531914893617,0.9852500000000003,0.0775,0.9225,0.9236545682102628,705,400,False
model,0.32,0.9,2.0,0.2,score_point,0.0425531914893617,0.9852500000000003,0.0775,0.9225,0.9236545682102628,705,400,False
model,0.33,0.9,2.0,0.2,score_point,0.0425531914893617,0.9880000000000001,0.08,0.92,0.9223057644110277,705,400,False
model,0.34,0.9,2.0,0.2,score_point,0.0425531914893617,0.9880000000000001,0.08,0.92,0.9223057644110277,705,400,False
model,0.82,0.2,2.0,0.2,score_point,0.0425531914893617,1.0055,0.4475,0.5525,0.6789554531490015,705,400,False
model,0.04,1.0,2.5,0.2,score_point,0.0425531914893617,1.015,0.01,0.99,0.9588377723970944,705,400,False
model,0.05,1.0,2.5,0.2,score_point,0.0425531914893617,1.01875,0.0125,0.9875,0.9575757575757576,705,400,False
model,0.06,1.0,2.5,0.2,score_point,0.0425531914893617,1.0225,0.015,0.985,0.9563106796116505,705,400,False
model,0.07,1.0,2.5,0.2,score_point,0.0425531914893617,1.02625,0.0175,0.9825,0.9550425273390036,705,400,False
model,0.08,1.0,2.5,0.2,score_point,0.0425531914893617,1.02625,0.0175,0.9825,0.9550425273390036,705,400,False
model,0.09,1.0,2.5,0.2,score_point,0.0425531914893617,1.03,0.02,0.98,0.9537712895377128,705,400,False
model,0.83,0.2,2.0,0.2,score_point,0.0425531914893617,1.055,0.475,0.525,0.6562500000000001,705,400,False
model,0.29,1.0,2.0,0.2,score_point,0.0425531914893617,1.07,0.07,0.93,0.9276807980049875,705,400,False
model,0.3,1.0,2.0,0.2,score_point,0.0425531914893617,1.075,0.075,0.925,0.925,705,400,False
model,0.31,1.0,2.0,0.2,score_point,0.0425531914893617,1.0775,0.0775,0.9225,0.9236545682102628,705,400,False
model,0.32,1.0,2.0,0.2,score_point,0.0425531914893617,1.0775,0.0775,0.9225,0.9236545682102628,705,400,False
model,0.33,1.0,2.0,0.2,score_point,0.0425531914893617,1.08,0.08,0.92,0.9223057644110277,705,400,False
model,0.34,1.0,2.0,0.2,score_point,0.0425531914893617,1.08,0.08,0.92,0.9223057644110277,705,400,False
model,0.51,0.3,3.5,0.2,score_point,0.04397163120567376,0.708,0.1275,0.8725,0.8948717948717948,705,400,False
model,0.52,0.3,3.5,0.2,score_point,0.04397163120567376,0.708,0.1275,0.8725,0.8948717948717948,705,400,True
model,0.45,0.5,2.5,0.2,score_point,0.04397163120567376,0.715,0.1075,0.8925,0.9060913705583755,705,400,False
model,0.35,0.5,3.0,0.2,score_point,0.04397163120567376,0.71875,0.0875,0.9125,0.9170854271356783,705,400,False
model,0.53,0.3,3.5,0.2,score_point,0.04397163120567376,0.7240000000000001,0.1325,0.8675,0.8920308483290489,705,400,False
model,0.46,0.5,2.5,0.2,score_point,0.04397163120567376,0.725,0.1125,0.8875,0.9033078880407125,705,400,False
model,0.47,0.5,2.5,0.2,score_point,0.04397163120567376,0.73,0.115,0.885,0.9019108280254778,705,400,False
model,0.64,0.3,2.5,0.2,score_point,0.04397163120567376,0.7345,0.1975,0.8025,0.8537234042553191,705,400,False
model,0.48,0.5,2.5,0.2,score_point,0.04397163120567376,0.735,0.1175,0.8825,0.9005102040816327,705,400,False
model,0.2,0.6,3.5,0.2,score_point,0.04397163120567376,0.7377499999999998,0.0475,0.9525,0.9384236453201971,705,400,False
model,0.21,0.6,3.5,0.2,score_point,0.04397163120567376,0.7377499999999998,0.0475,0.9525,0.9384236453201971,705,400,False
model,0.54,0.3,3.5,0.2,score_point,0.04397163120567376,0.74,0.1375,0.8625,0.8891752577319587,705,400,False
model,0.26,0.6,3.0,0.2,score_point,0.04397163120567376,0.7439999999999998,0.06,0.94,0.9318463444857495,705,400,False
model,0.49,0.5,2.5,0.2,score_point,0.04397163120567376,0.745,0.1225,0.8775,0.8976982097186701,705,400,False
model,0.59,0.3,3.0,0.2,score_point,0.04397163120567376,0.7454999999999999,0.165,0.835,0.873202614379085,705,400,False
model,0.22,0.6,3.5,0.2,score_point,0.04397163120567376,0.75225,0.0525,0.9475,0.9358024691358025,705,400,False
model,0.35,0.6,2.5,0.2,score_point,0.04397163120567376,0.7662499999999999,0.0875,0.9125,0.9170854271356783,705,400,False
model,0.6,0.3,3.0,0.2,score_point,0.04397163120567376,0.7725,0.175,0.825,0.8672798948751642,705,400,False
model,0.13,0.7,3.5,0.2,score_point,0.04397163120567376,0.7769999999999999,0.0275,0.9725,0.9487804878048781,705,400,False
model,0.61,0.4,2.5,0.2,score_point,0.04397163120567376,0.7780000000000001,0.18,0.82,0.8642951251646904,705,400,False
model,0.65,0.2,3.0,0.2,score_point,0.04397163120567376,0.7809999999999999,0.2075,0.7925,0.8475935828877005,705,400,False
model,0.14,0.7,3.5,0.2,score_point,0.04397163120567376,0.784,0.03,0.97,0.9474969474969476,705,400,False
model,0.64,0.5,2.0,0.2,score_point,0.04397163120567376,0.79625,0.1975,0.8025,0.8537234042553191,705,400,False
model,0.74,0.3,2.0,0.2,score_point,0.04397163120567376,0.7972499999999999,0.2925,0.7075,0.7927170868347339,705,400,False
model,0.66,0.2,3.0,0.2,score_point,0.04397163120567376,0.8019999999999999,0.215,0.785,0.8429530201342282,705,400,False
model,0.65,0.5,2.0,0.2,score_point,0.04397163120567376,0.81125,0.2075,0.7925,0.8475935828877005,705,400,False
model,0.36,0.7,2.0,0.2,score_point,0.04397163120567376,0.81375,0.0875,0.9125,0.9170854271356783,705,400,False
model,0.37,0.7,2.0,0.2,score_point,0.04397163120567376,0.8169999999999998,0.09,0.91,0.9157232704402516,705,400,False
model,0.38,0.7,2.0,0.2,score_point,0.04397163120567376,0.8169999999999998,0.09,0.91,0.9157232704402516,705,400,False
model,0.75,0.3,2.0,0.2,score_point,0.04397163120567376,0.8185000000000001,0.305,0.695,0.7842031029619181,705,400,False
model,0.66,0.5,2.0,0.2,score_point,0.04397163120567376,0.8225,0.215,0.785,0.8429530201342282,705,400,False
model,0.67,0.2,3.0,0.2,score_point,0.04397163120567376,0.823,0.2225,0.7775,0.8382749326145552,705,400,False
model,0.39,0.7,2.0,0.2,score_point,0.04397163120567376,0.8234999999999999,0.095,0.905,0.9129886506935688,705,400,False
model,0.4,0.7,2.0,0.2,score_point,0.04397163120567376,0.8234999999999999,0.095,0.905,0.9129886506935688,705,400,False
model,0.41,0.7,2.0,0.2,score_point,0.04397163120567376,0.8234999999999999,0.095,0.905,0.9129886506935688,705,400,False
model,0.42,0.7,2.0,0.2,score_point,0.04397163120567376,0.8234999999999999,0.095,0.905,0.9129886506935688,705,400,False
model,0.43,0.7,2.0,0.2,score_point,0.04397163120567376,0.8299999999999998,0.1,0.9,0.9102402022756004,705,400,False
model,0.44,0.7,2.0,0.2,score_point,0.04397163120567376,0.8299999999999998,0.1,0.9,0.9102402022756004,705,400,False
model,0.68,0.2,3.0,0.2,score_point,0.04397163120567376,0.83,0.225,0.775,0.8367071524966262,705,400,False
model,0.59,0.6,2.0,0.2,score_point,0.04397163120567376,0.831,0.165,0.835,0.873202614379085,705,400,False
model,0.67,0.5,2.0,0.2,score_point,0.04397163120567376,0.83375,0.2225,0.7775,0.8382749326145552,705,400,False
model,0.68,0.5,2.0,0.2,score_point,0.04397163120567376,0.8375,0.225,0.775,0.8367071524966262,705,400,False
model,0.06,0.8,3.5,0.2,score_point,0.04397163120567376,0.8405000000000001,0.015,0.985,0.9551515151515151,705,400,False
model,0.6,0.6,2.0,0.2,score_point,0.04397163120567376,0.8449999999999999,0.175,0.825,0.8672798948751642,705,400,False
model,0.07,0.8,3.5,0.2,score_point,0.04397163120567376,0.8472500000000001,0.0175,0.9825,0.9538834951456311,705,400,False
model,0.1,0.8,3.0,0.2,score_point,0.04397163120567376,0.8495,0.0225,0.9775,0.951338199513382,705,400,False
model,0.11,0.8,3.0,0.2,score_point,0.04397163120567376,0.8495,0.0225,0.9775,0.951338199513382,705,400,False
model,0.12,0.8,3.0,0.2,score_point,0.04397163120567376,0.8495,0.0225,0.9775,0.951338199513382,705,400,False
model,0.15,0.8,2.5,0.2,score_point,0.04397163120567376,0.8595000000000002,0.035,0.965,0.944920440636475,705,400,False
model,0.3,0.8,2.0,0.2,score_point,0.04397163120567376,0.89,0.075,0.925,0.9238451935081149,705,400,False
model,0.31,0.8,2.0,0.2,score_point,0.04397163120567376,0.8930000000000001,0.0775,0.9225,0.9225,705,400,False
model,0.32,0.8,2.0,0.2,score_point,0.04397163120567376,0.8930000000000001,0.0775,0.9225,0.9225,705,400,False
model,0.33,0.8,2.0,0.2,score_point,0.04397163120567376,0.8960000000000001,0.08,0.92,0.9211514392991239,705,400,False
model,0.34,0.8,2.0,0.2,score_point,0.04397163120567376,0.8960000000000001,0.08,0.92,0.9211514392991239,705,400,False
model,0.04,0.9,3.0,0.2,score_point,0.04397163120567376,0.9210000000000003,0.01,0.99,0.9576783555018138,705,400,False
model,0.05,0.9,3.0,0.2,score_point,0.04397163120567376,0.9262500000000001,0.0125,0.9875,0.9564164648910412,705,400,False
model,0.06,0.9,3.0,0.2,score_point,0.04397163120567376,0.9315000000000002,0.015,0.985,0.9551515151515151,705,400,False
model,0.07,0.9,3.0,0.2,score_point,0.04397163120567376,0.9367500000000001,0.0175,0.9825,0.9538834951456311,705,400,False
model,0.26,0.9,2.0,0.2,score_point,0.04397163120567376,0.9660000000000002,0.06,0.94,0.9318463444857495,705,400,False
model,0.27,0.9,2.0,0.2,score_point,0.04397163120567376,0.9687500000000003,0.0625,0.9375,0.9305210918114144,705,400,False
model,0.28,0.9,2.0,0.2,score_point,0.04397163120567376,0.9715000000000003,0.065,0.935,0.929192546583851,705,400,False
model,0.02,1.0,3.5,0.2,score_point,0.04397163120567376,1.0125,0.005,0.995,0.9601930036188179,705,400,False
model,0.2,1.0,2.0,0.2,score_point,0.04397163120567376,1.0475,0.0475,0.9525,0.9384236453201971,705,400,False
model,0.21,1.0,2.0,0.2,score_point,0.04397163120567376,1.0475,0.0475,0.9525,0.9384236453201971,705,400,False
model,0.22,1.0,2.0,0.2,score_point,0.04397163120567376,1.0525,0.0525,0.9475,0.9358024691358025,705,400,False
model,0.23,1.0,2.0,0.2,score_point,0.04397163120567376,1.055,0.055,0.945,0.934487021013597,705,400,False
model,0.24,1.0,2.0,0.2,score_point,0.04397163120567376,1.0575,0.0575,0.9425,0.9331683168316832,705,400,False
model,0.25,1.0,2.0,0.2,score_point,0.04397163120567376,1.0575,0.0575,0.9425,0.9331683168316832,705,400,False
model,0.26,1.0,2.0,0.2,score_point,0.04397163120567376,1.06,0.06,0.94,0.9318463444857495,705,400,False
model,0.27,1.0,2.0,0.2,score_point,0.04397163120567376,1.0625,0.0625,0.9375,0.9305210918114144,705,400,False
model,0.28,1.0,2.0,0.2,score_point,0.04397163120567376,1.065,0.065,0.935,0.929192546583851,705,400,False
model,0.3,0.5,3.0,0.2,score_point,0.04539007092198582,0.6875,0.075,0.925,0.9226932668329176,705,400,True
model,0.31,0.5,3.0,0.2,score_point,0.04539007092198582,0.69375,0.0775,0.9225,0.9213483146067415,705,400,False
model,0.32,0.5,3.0,0.2,score_point,0.04539007092198582,0.69375,0.0775,0.9225,0.9213483146067415,705,400,False
model,0.41,0.4,3.5,0.2,score_point,0.04539007092198582,0.6945,0.095,0.905,0.9118387909319899,705,400,False
model,0.42,0.4,3.5,0.2,score_point,0.04539007092198582,0.6945,0.095,0.905,0.9118387909319899,705,400,False
model,0.33,0.5,3.0,0.2,score_point,0.04539007092198582,0.7,0.08,0.92,0.92,705,400,False
model,0.34,0.5,3.0,0.2,score_point,0.04539007092198582,0.7,0.08,0.92,0.92,705,400,False
model,0.63,0.3,2.5,0.2,score_point,0.04539007092198582,0.7015,0.1825,0.8175,0.8616600790513835,705,400,False
model,0.43,0.4,3.5,0.2,score_point,0.04539007092198582,0.71,0.1,0.9,0.9090909090909091,705,400,False
model,0.44,0.4,3.5,0.2,score_point,0.04539007092198582,0.71,0.1,0.9,0.9090909090909091,705,400,False
model,0.58,0.3,3.0,0.2,score_point,0.04539007092198582,0.7185000000000001,0.155,0.845,0.8779220779220779,705,400,False
model,0.5,0.4,3.0,0.2,score_point,0.04539007092198582,0.7250000000000001,0.125,0.875,0.8951406649616369,705,400,False
model,0.19,0.6,3.5,0.2,score_point,0.04539007092198582,0.7377499999999998,0.0475,0.9525,0.9372693726937269,705,400,False
model,0.24,0.6,3.0,0.2,score_point,0.04539007092198582,0.7379999999999999,0.0575,0.9425,0.9320148331273177,705,400,False
model,0.25,0.6,3.0,0.2,score_point,0.04539007092198582,0.7379999999999999,0.0575,0.9425,0.9320148331273177,705,400,False
model,0.3,0.6,2.5,0.2,score_point,0.04539007092198582,0.7424999999999997,0.075,0.925,0.9226932668329176,705,400,False
model,0.59,0.4,2.5,0.2,score_point,0.04539007092198582,0.7465,0.165,0.835,0.8720626631853786,705,400,False
model,0.31,0.6,2.5,0.2,score_point,0.04539007092198582,0.74725,0.0775,0.9225,0.9213483146067415,705,400,False
model,0.32,0.6,2.5,0.2,score_point,0.04539007092198582,0.74725,0.0775,0.9225,0.9213483146067415,705,400,False
model,0.33,0.6,2.5,0.2,score_point,0.04539007092198582,0.7519999999999999,0.08,0.92,0.92,705,400,False
model,0.34,0.6,2.5,0.2,score_point,0.04539007092198582,0.7519999999999999,0.08,0.92,0.92,705,400,False
model,0.64,0.2,3.0,0.2,score_point,0.04539007092198582,0.753,0.1975,0.8025,0.852589641434263,705,400,False
model,0.11,0.7,3.5,0.2,score_point,0.04539007092198582,0.763,0.0225,0.9775,0.9501822600243014,705,400,False
model,0.12,0.7,3.5,0.2,score_point,0.04539007092198582,0.763,0.0225,0.9775,0.9501822600243014,705,400,False
model,0.17,0.7,2.5,0.2,score_point,0.04539007092198582,0.7675,0.0375,0.9625,0.9424724602203184,705,400,False
model,0.6,0.4,2.5,0.2,score_point,0.04539007092198582,0.7675000000000002,0.175,0.825,0.8661417322834646,705,400,False
model,0.63,0.5,2.0,0.2,score_point,0.04539007092198582,0.77375,0.1825,0.8175,0.8616600790513835,705,400,False
model,0.51,0.6,2.0,0.2,score_point,0.04539007092198582,0.7785,0.1275,0.8725,0.8937259923175417,705,400,False
model,0.52,0.6,2.0,0.2,score_point,0.04539007092198582,0.7785,0.1275,0.8725,0.8937259923175417,705,400,False
model,0.18,0.7,2.5,0.2,score_point,0.04539007092198582,0.7809999999999999,0.045,0.955,0.9385749385749386,705,400,False
model,0.53,0.6,2.0,0.2,score_point,0.04539007092198582,0.7854999999999999,0.1325,0.8675,0.8908857509627728,705,400,False
model,0.54,0.6,2.0,0.2,score_point,0.04539007092198582,0.7924999999999998,0.1375,0.8625,0.888030888030888,705,400,False
model,0.55,0.6,2.0,0.2,score_point,0.04539007092198582,0.7924999999999998,0.1375,0.8625,0.888030888030888,705,400,False
model,0.56,0.6,2.0,0.2,score_point,0.04539007092198582,0.7959999999999999,0.14,0.86,0.8865979381443299,705,400,False
model,0.62,0.2,3.5,0.2,score_point,0.04539007092198582,0.8022499999999999,0.1825,0.8175,0.8616600790513835,705,400,False
model,0.57,0.6,2.0,0.2,score_point,0.04539007092198582,0.8064999999999998,0.1475,0.8525,0.8822768434670119,705,400,False
model,0.35,0.7,2.0,0.2,score_point,0.04539007092198582,0.81375,0.0875,0.9125,0.9159347553324969,705,400,False
model,0.58,0.6,2.0,0.2,score_point,0.04539007092198582,0.8169999999999998,0.155,0.845,0.8779220779220779,705,400,False
model,0.04,0.8,3.5,0.2,score_point,0.04539007092198582,0.8269999999999998,0.01,0.99,0.9565217391304348,705,400,False
model,0.05,0.8,3.5,0.2,score_point,0.04539007092198582,0.83375,0.0125,0.9875,0.955259975816203,705,400,False
model,0.08,0.8,3.0,0.2,score_point,0.04539007092198582,0.8385000000000001,0.0175,0.9825,0.9527272727272728,705,400,False
model,0.09,0.8,3.0,0.2,score_point,0.04539007092198582,0.8440000000000001,0.02,0.98,0.9514563106796116,705,400,False
model,0.79,0.2,2.0,0.2,score_point,0.04539007092198582,0.866,0.37,0.63,0.7368421052631579,705,400,False
model,0.29,0.8,2.0,0.2,score_point,0.04539007092198582,0.884,0.07,0.93,0.9253731343283582,705,400,False
model,0.03,0.9,3.5,0.2,score_point,0.04539007092198582,0.9195000000000002,0.0075,0.9925,0.9577804583835947,705,400,False
model,0.13,0.9,2.5,0.2,score_point,0.04539007092198582,0.9440000000000002,0.0275,0.9725,0.9476248477466505,705,400,False
model,0.14,0.9,2.5,0.2,score_point,0.04539007092198582,0.9480000000000003,0.03,0.97,0.9463414634146342,705,400,False
model,0.2,0.9,2.0,0.2,score_point,0.04539007092198582,0.9522500000000003,0.0475,0.9525,0.9372693726937269,705,400,False
model,0.21,0.9,2.0,0.2,score_point,0.04539007092198582,0.9522500000000003,0.0475,0.9525,0.9372693726937269,705,400,False
model,0.22,0.9,2.0,0.2,score_point,0.04539007092198582,0.9577500000000003,0.0525,0.9475,0.9346485819975339,705,400,False
model,0.23,0.9,2.0,0.2,score_point,0.04539007092198582,0.9605000000000002,0.055,0.945,0.9333333333333333,705,400,False
model,0.24,0.9,2.0,0.2,score_point,0.04539007092198582,0.9632500000000002,0.0575,0.9425,0.9320148331273177,705,400,False
model,0.25,0.9,2.0,0.2,score_point,0.04539007092198582,0.9632500000000002,0.0575,0.9425,0.9320148331273177,705,400,False
model,0.19,1.0,2.0,0.2,score_point,0.04539007092198582,1.0475,0.0475,0.9525,0.9372693726937269,705,400,False
model,0.55,0.3,3.0,0.2,score_point,0.04680851063829787,0.67125,0.1375,0.8625,0.8868894601542415,705,400,True
model,0.29,0.5,3.0,0.2,score_point,0.04680851063829787,0.675,0.07,0.93,0.924223602484472,705,400,False
model,0.56,0.3,3.0,0.2,score_point,0.04680851063829787,0.6779999999999999,0.14,0.86,0.8854568854568854,705,400,False
model,0.45,0.4,3.0,0.2,score_point,0.04680851063829787,0.6795,0.1075,0.8925,0.9037974683544303,705,400,False
model,0.37,0.5,2.5,0.2,score_point,0.04680851063829787,0.68,0.09,0.91,0.9134253450439147,705,400,False
model,0.38,0.5,2.5,0.2,score_point,0.04680851063829787,0.68,0.09,0.91,0.9134253450439147,705,400,False
model,0.27,0.5,3.5,0.2,score_point,0.04680851063829787,0.6875,0.0625,0.9375,0.9282178217821782,705,400,False
model,0.39,0.5,2.5,0.2,score_point,0.04680851063829787,0.69,0.095,0.905,0.9106918238993711,705,400,False
model,0.4,0.5,2.5,0.2,score_point,0.04680851063829787,0.69,0.095,0.905,0.9106918238993711,705,400,False
model,0.41,0.5,2.5,0.2,score_point,0.04680851063829787,0.69,0.095,0.905,0.9106918238993711,705,400,False
model,0.42,0.5,2.5,0.2,score_point,0.04680851063829787,0.69,0.095,0.905,0.9106918238993711,705,400,False
model,0.46,0.4,3.0,0.2,score_point,0.04680851063829787,0.6925000000000001,0.1125,0.8875,0.9010152284263958,705,400,False
model,0.4,0.4,3.5,0.2,score_point,0.04680851063829787,0.6945,0.095,0.905,0.9106918238993711,705,400,False
model,0.28,0.5,3.5,0.2,score_point,0.04680851063829787,0.695,0.065,0.935,0.9268897149938043,705,400,False
model,0.57,0.3,3.0,0.2,score_point,0.04680851063829787,0.69825,0.1475,0.8525,0.8811369509043929,705,400,False
model,0.47,0.4,3.0,0.2,score_point,0.04680851063829787,0.6990000000000002,0.115,0.885,0.8996188055908513,705,400,False
model,0.43,0.5,2.5,0.2,score_point,0.04680851063829787,0.7,0.1,0.9,0.9079445145018915,705,400,False
model,0.44,0.5,2.5,0.2,score_point,0.04680851063829787,0.7,0.1,0.9,0.9079445145018915,705,400,False
model,0.5,0.3,3.5,0.2,score_point,0.04680851063829787,0.7,0.125,0.875,0.8939974457215837,705,400,False
model,0.48,0.4,3.0,0.2,score_point,0.04680851063829787,0.7055000000000001,0.1175,0.8825,0.8982188295165394,705,400,False
model,0.63,0.2,3.0,0.2,score_point,0.04680851063829787,0.711,0.1825,0.8175,0.8605263157894737,705,400,False
model,0.49,0.4,3.0,0.2,score_point,0.04680851063829787,0.7185000000000001,0.1225,0.8775,0.895408163265306,705,400,False
model,0.58,0.4,2.5,0.2,score_point,0.04680851063829787,0.7255000000000001,0.155,0.845,0.8767833981841765,705,400,False
model,0.23,0.6,3.0,0.2,score_point,0.04680851063829787,0.7319999999999999,0.055,0.945,0.9321824907521579,705,400,False
model,0.29,0.6,2.5,0.2,score_point,0.04680851063829787,0.7329999999999999,0.07,0.93,0.924223602484472,705,400,False
model,0.72,0.3,2.0,0.2,score_point,0.04680851063829787,0.7505,0.265,0.735,0.8088033012379642,705,400,False
model,0.1,0.7,3.5,0.2,score_point,0.04680851063829787,0.763,0.0225,0.9775,0.9490291262135921,705,400,False
model,0.13,0.7,3.0,0.2,score_point,0.04680851063829787,0.76325,0.0275,0.9725,0.9464720194647201,705,400,False
model,0.73,0.3,2.0,0.2,score_point,0.04680851063829787,0.7632500000000002,0.2725,0.7275,0.8038674033149171,705,400,False
model,0.16,0.7,2.5,0.2,score_point,0.04680851063829787,0.7675,0.0375,0.9625,0.9413202933985331,705,400,False
model,0.14,0.7,3.0,0.2,score_point,0.04680851063829787,0.769,0.03,0.97,0.9451887941534713,705,400,False
model,0.62,0.5,2.0,0.2,score_point,0.04680851063829787,0.77375,0.1825,0.8175,0.8605263157894737,705,400,False
model,0.7,0.2,2.5,0.2,score_point,0.04680851063829787,0.775,0.25,0.75,0.8185538881309685,705,400,False
model,0.71,0.2,2.5,0.2,score_point,0.04680851063829787,0.7922499999999999,0.2575,0.7425,0.8136986301369863,705,400,False
model,0.61,0.2,3.5,0.2,score_point,0.04680851063829787,0.7939999999999999,0.18,0.82,0.862023653088042,705,400,False
model,0.76,0.2,2.0,0.2,score_point,0.04680851063829787,0.794,0.33,0.67,0.7646219686162624,705,400,False
model,0.3,0.7,2.0,0.2,score_point,0.04680851063829787,0.7975,0.075,0.925,0.9215442092154421,705,400,False
model,0.7,0.4,2.0,0.2,score_point,0.04680851063829787,0.8,0.25,0.75,0.8185538881309685,705,400,False
model,0.31,0.7,2.0,0.2,score_point,0.04680851063829787,0.8007499999999999,0.0775,0.9225,0.9201995012468828,705,400,False
model,0.32,0.7,2.0,0.2,score_point,0.04680851063829787,0.8007499999999999,0.0775,0.9225,0.9201995012468828,705,400,False
model,0.33,0.7,2.0,0.2,score_point,0.04680851063829787,0.8039999999999999,0.08,0.92,0.9188514357053683,705,400,False
model,0.34,0.7,2.0,0.2,score_point,0.04680851063829787,0.8039999999999999,0.08,0.92,0.9188514357053683,705,400,False
model,0.77,0.2,2.0,0.2,score_point,0.04680851063829787,0.812,0.34,0.66,0.7575322812051649,705,400,False
model,0.71,0.4,2.0,0.2,score_point,0.04680851063829787,0.8120000000000002,0.2575,0.7425,0.8136986301369863,705,400,False
model,0.06,0.8,3.0,0.2,score_point,0.04680851063829787,0.8330000000000001,0.015,0.985,0.9528415961305925,705,400,False
model,0.07,0.8,3.0,0.2,score_point,0.04680851063829787,0.8385000000000001,0.0175,0.9825,0.9515738498789347,705,400,False
model,0.78,0.2,2.0,0.2,score_point,0.04680851063829787,0.8390000000000001,0.355,0.645,0.7467438494934877,705,400,False
model,0.26,0.8,2.0,0.2,score_point,0.04680851063829787,0.872,0.06,0.94,0.9295426452410382,705,400,False
model,0.27,0.8,2.0,0.2,score_point,0.04680851063829787,0.875,0.0625,0.9375,0.9282178217821782,705,400,False
model,0.28,0.8,2.0,0.2,score_point,0.04680851063829787,0.8780000000000001,0.065,0.935,0.9268897149938043,705,400,False
model,0.1,0.9,2.5,0.2,score_point,0.04680851063829787,0.9360000000000003,0.0225,0.9775,0.9490291262135921,705,400,False
model,0.11,0.9,2.5,0.2,score_point,0.04680851063829787,0.9360000000000003,0.0225,0.9775,0.9490291262135921,705,400,False
model,0.12,0.9,2.5,0.2,score_point,0.04680851063829787,0.9360000000000003,0.0225,0.9775,0.9490291262135921,705,400,False
model,0.19,0.9,2.0,0.2,score_point,0.04680851063829787,0.9522500000000003,0.0475,0.9525,0.9361179361179361,705,400,False
model,0.02,1.0,3.0,0.2,score_point,0.04680851063829787,1.01,0.005,0.995,0.9578820697954273,705,400,False
model,0.03,1.0,2.5,0.2,score_point,0.04680851063829787,1.01125,0.0075,0.9925,0.9566265060240964,705,400,False
model,0.51,0.3,3.0,0.2,score_point,0.04822695035460993,0.64425,0.1275,0.8725,0.8914431673052363,705,400,False
model,0.52,0.3,3.0,0.2,score_point,0.04822695035460993,0.64425,0.1275,0.8725,0.8914431673052363,705,400,True
model,0.53,0.3,3.0,0.2,score_point,0.04822695035460993,0.6577500000000001,0.1325,0.8675,0.8886043533930857,705,400,False
model,0.54,0.3,3.0,0.2,score_point,0.04822695035460993,0.67125,0.1375,0.8625,0.8857509627727856,705,400,False
model,0.48,0.3,3.5,0.2,score_point,0.04822695035460993,0.6759999999999999,0.1175,0.8825,0.8970775095298603,705,400,False
model,0.37,0.4,3.5,0.2,score_point,0.04822695035460993,0.679,0.09,0.91,0.912280701754386,705,400,False
model,0.38,0.4,3.5,0.2,score_point,0.04822695035460993,0.679,0.09,0.91,0.912280701754386,705,400,False
model,0.26,0.5,3.5,0.2,score_point,0.04822695035460993,0.68,0.06,0.94,0.9283950617283951,705,400,False
model,0.55,0.4,2.5,0.2,score_point,0.04822695035460993,0.68875,0.1375,0.8625,0.8857509627727856,705,400,False
model,0.49,0.3,3.5,0.2,score_point,0.04822695035460993,0.6919999999999998,0.1225,0.8775,0.8942675159235669,705,400,False
model,0.56,0.4,2.5,0.2,score_point,0.04822695035460993,0.6940000000000001,0.14,0.86,0.884318766066838,705,400,False
model,0.39,0.4,3.5,0.2,score_point,0.04822695035460993,0.6945,0.095,0.905,0.9095477386934674,705,400,False
model,0.62,0.3,2.5,0.2,score_point,0.04822695035460993,0.7015,0.1825,0.8175,0.859395532194481,705,400,False
model,0.57,0.4,2.5,0.2,score_point,0.04822695035460993,0.7097500000000002,0.1475,0.8525,0.88,705,400,False
model,0.2,0.6,3.0,0.2,score_point,0.04822695035460993,0.714,0.0475,0.9525,0.9349693251533743,705,400,False
model,0.21,0.6,3.0,0.2,score_point,0.04822695035460993,0.714,0.0475,0.9525,0.9349693251533743,705,400,False
model,0.27,0.6,2.5,0.2,score_point,0.04822695035460993,0.7187499999999999,0.0625,0.9375,0.927070457354759,705,400,False
model,0.28,0.6,2.5,0.2,score_point,0.04822695035460993,0.7234999999999999,0.065,0.935,0.9257425742574258,705,400,False
model,0.22,0.6,3.0,0.2,score_point,0.04822695035460993,0.726,0.0525,0.9475,0.932349323493235,705,400,False
model,0.59,0.2,3.5,0.2,score_point,0.04822695035460993,0.7444999999999999,0.165,0.835,0.8697916666666666,705,400,False
model,0.08,0.7,3.5,0.2,score_point,0.04822695035460993,0.7489999999999999,0.0175,0.9825,0.950423216444982,705,400,False
model,0.11,0.7,3.0,0.2,score_point,0.04822695035460993,0.7517499999999999,0.0225,0.9775,0.947878787878788,705,400,False
model,0.12,0.7,3.0,0.2,score_point,0.04822695035460993,0.7517499999999999,0.0225,0.9775,0.947878787878788,705,400,False
model,0.09,0.7,3.5,0.2,score_point,0.04822695035460993,0.7559999999999999,0.02,0.98,0.9491525423728814,705,400,False
model,0.15,0.7,2.5,0.2,score_point,0.04822695035460993,0.763,0.035,0.965,0.9414634146341463,705,400,False
model,0.61,0.5,2.0,0.2,score_point,0.04822695035460993,0.77,0.18,0.82,0.8608923884514436,705,400,False
model,0.5,0.6,2.0,0.2,score_point,0.04822695035460993,0.7749999999999999,0.125,0.875,0.8928571428571429,705,400,False
model,0.6,0.2,3.5,0.2,score_point,0.04822695035460993,0.7775,0.175,0.825,0.8638743455497382,705,400,False
model,0.29,0.7,2.0,0.2,score_point,0.04822695035460993,0.7909999999999999,0.07,0.93,0.923076923076923,705,400,False
model,0.04,0.8,3.0,0.2,score_point,0.04822695035460993,0.8219999999999998,0.01,0.99,0.9542168674698797,705,400,False
model,0.05,0.8,3.0,0.2,score_point,0.04822695035460993,0.8275,0.0125,0.9875,0.9529553679131485,705,400,False
model,0.13,0.8,2.5,0.2,score_point,0.04822695035460993,0.8467500000000001,0.0275,0.9725,0.945321992709599,705,400,False
model,0.14,0.8,2.5,0.2,score_point,0.04822695035460993,0.851,0.03,0.97,0.9440389294403893,705,400,False
model,0.2,0.8,2.0,0.2,score_point,0.04822695035460993,0.857,0.0475,0.9525,0.9349693251533743,705,400,False
model,0.21,0.8,2.0,0.2,score_point,0.04822695035460993,0.857,0.0475,0.9525,0.9349693251533743,705,400,False
model,0.22,0.8,2.0,0.2,score_point,0.04822695035460993,0.8630000000000001,0.0525,0.9475,0.932349323493235,705,400,False
model,0.23,0.8,2.0,0.2,score_point,0.04822695035460993,0.8660000000000001,0.055,0.945,0.9310344827586207,705,400,False
model,0.24,0.8,2.0,0.2,score_point,0.04822695035460993,0.8690000000000001,0.0575,0.9425,0.9297163995067818,705,400,False
model,0.25,0.8,2.0,0.2,score_point,0.04822695035460993,0.8690000000000001,0.0575,0.9425,0.9297163995067818,705,400,False
model,0.03,0.9,3.0,0.2,score_point,0.04822695035460993,0.9157500000000002,0.0075,0.9925,0.9554753309265944,705,400,False
model,0.08,0.9,2.5,0.2,score_point,0.04822695035460993,0.9280000000000002,0.0175,0.9825,0.950423216444982,705,400,False
model,0.09,0.9,2.5,0.2,score_point,0.04822695035460993,0.9320000000000002,0.02,0.98,0.9491525423728814,705,400,False
model,0.16,1.0,2.0,0.2,score_point,0.04822695035460993,1.0375,0.0375,0.9625,0.9401709401709402,705,400,False
model,0.17,1.0,2.0,0.2,score_point,0.04822695035460993,1.0375,0.0375,0.9625,0.9401709401709402,705,400,False
model,0.18,1.0,2.0,0.2,score_point,0.04822695035460993,1.045,0.045,0.955,0.9362745098039216,705,400,False
model,0.45,0.3,3.5,0.2,score_point,0.04964539007092199,0.644,0.1075,0.8925,0.9015151515151515,705,400,True
model,0.41,0.4,3.0,0.2,score_point,0.04964539007092199,0.6470000000000001,0.095,0.905,0.9084065244667504,705,400,False
model,0.42,0.4,3.0,0.2,score_point,0.04964539007092199,0.6470000000000001,0.095,0.905,0.9084065244667504,705,400,False
model,0.46,0.3,3.5,0.2,score_point,0.04964539007092199,0.66,0.1125,0.8875,0.8987341772151898,705,400,False
model,0.43,0.4,3.0,0.2,score_point,0.04964539007092199,0.6600000000000001,0.1,0.9,0.9056603773584907,705,400,False
model,0.44,0.4,3.0,0.2,score_point,0.04964539007092199,0.6600000000000001,0.1,0.9,0.9056603773584907,705,400,False
model,0.51,0.4,2.5,0.2,score_point,0.04964539007092199,0.6677500000000001,0.1275,0.8725,0.8903061224489797,705,400,False
model,0.52,0.4,2.5,0.2,score_point,0.04964539007092199,0.6677500000000001,0.1275,0.8725,0.8903061224489797,705,400,False
model,0.47,0.3,3.5,0.2,score_point,0.04964539007092199,0.6679999999999999,0.115,0.885,0.8973384030418251,705,400,False
model,0.24,0.5,3.5,0.2,score_point,0.04964539007092199,0.6725,0.0575,0.9425,0.9285714285714286,705,400,False
model,0.25,0.5,3.5,0.2,score_point,0.04964539007092199,0.6725,0.0575,0.9425,0.9285714285714286,705,400,False
model,0.36,0.5,2.5,0.2,score_point,0.04964539007092199,0.675,0.0875,0.9125,0.9125,705,400,False
model,0.53,0.4,2.5,0.2,score_point,0.04964539007092199,0.6782500000000001,0.1325,0.8675,0.887468030690537,705,400,False
model,0.54,0.4,2.5,0.2,score_point,0.04964539007092199,0.68875,0.1375,0.8625,0.8846153846153847,705,400,False
model,0.61,0.3,2.5,0.2,score_point,0.04964539007092199,0.696,0.18,0.82,0.8597640891218873,705,400,False
model,0.17,0.6,3.5,0.2,score_point,0.04964539007092199,0.7087499999999999,0.0375,0.9625,0.9390243902439025,705,400,False
model,0.62,0.2,3.0,0.2,score_point,0.04964539007092199,0.711,0.1825,0.8175,0.858267716535433,705,400,False
model,0.58,0.2,3.5,0.2,score_point,0.04964539007092199,0.7114999999999999,0.155,0.845,0.8745148771021992,705,400,False
model,0.26,0.6,2.5,0.2,score_point,0.04964539007092199,0.7139999999999997,0.06,0.94,0.9272503082614056,705,400,False
model,0.19,0.6,3.0,0.2,score_point,0.04964539007092199,0.714,0.0475,0.9525,0.9338235294117646,705,400,False
model,0.74,0.2,2.0,0.2,score_point,0.04964539007092199,0.7265,0.2925,0.7075,0.7883008356545961,705,400,False
model,0.18,0.6,3.5,0.2,score_point,0.04964539007092199,0.7304999999999998,0.045,0.955,0.9351285189718482,705,400,False
model,0.69,0.2,2.5,0.2,score_point,0.04964539007092199,0.7347499999999999,0.2325,0.7675,0.8274932614555257,705,400,False
model,0.59,0.5,2.0,0.2,score_point,0.04964539007092199,0.7475,0.165,0.835,0.8686605981794538,705,400,False
model,0.75,0.2,2.0,0.2,score_point,0.04964539007092199,0.7490000000000001,0.305,0.695,0.7798036465638148,705,400,False
model,0.45,0.6,2.0,0.2,score_point,0.04964539007092199,0.7504999999999998,0.1075,0.8925,0.9015151515151515,705,400,False
model,0.1,0.7,3.0,0.2,score_point,0.04964539007092199,0.7517499999999999,0.0225,0.9775,0.9467312348668281,705,400,False
model,0.46,0.6,2.0,0.2,score_point,0.04964539007092199,0.7575,0.1125,0.8875,0.8987341772151898,705,400,False
model,0.47,0.6,2.0,0.2,score_point,0.04964539007092199,0.7609999999999999,0.115,0.885,0.8973384030418251,705,400,False
model,0.6,0.5,2.0,0.2,score_point,0.04964539007092199,0.7625,0.175,0.825,0.8627450980392157,705,400,False
model,0.48,0.6,2.0,0.2,score_point,0.04964539007092199,0.7644999999999998,0.1175,0.8825,0.8959390862944162,705,400,False
model,0.49,0.6,2.0,0.2,score_point,0.04964539007092199,0.7715,0.1225,0.8775,0.8931297709923663,705,400,False
model,0.69,0.4,2.0,0.2,score_point,0.04964539007092199,0.7720000000000001,0.2325,0.7675,0.8274932614555257,705,400,False
model,0.26,0.7,2.0,0.2,score_point,0.04964539007092199,0.778,0.06,0.94,0.9272503082614056,705,400,False
model,0.27,0.7,2.0,0.2,score_point,0.04964539007092199,0.78125,0.0625,0.9375,0.925925925925926,705,400,False
model,0.28,0.7,2.0,0.2,score_point,0.04964539007092199,0.7844999999999999,0.065,0.935,0.9245982694684796,705,400,False
model,0.1,0.8,2.5,0.2,score_point,0.04964539007092199,0.83825,0.0225,0.9775,0.9467312348668281,705,400,False
model,0.11,0.8,2.5,0.2,score_point,0.04964539007092199,0.83825,0.0225,0.9775,0.9467312348668281,705,400,False
model,0.12,0.8,2.5,0.2,score_point,0.04964539007092199,0.83825,0.0225,0.9775,0.9467312348668281,705,400,False
model,0.19,0.8,2.0,0.2,score_point,0.04964539007092199,0.857,0.0475,0.9525,0.9338235294117646,705,400,False
model,0.04,0.9,2.5,0.2,score_point,0.04964539007092199,0.9160000000000003,0.01,0.99,0.9530685920577617,705,400,False
model,0.05,0.9,2.5,0.2,score_point,0.04964539007092199,0.9200000000000002,0.0125,0.9875,0.9518072289156626,705,400,False
model,0.06,0.9,2.5,0.2,score_point,0.04964539007092199,0.9240000000000002,0.015,0.985,0.9505428226779251,705,400,False
model,0.07,0.9,2.5,0.2,score_point,0.04964539007092199,0.9280000000000002,0.0175,0.9825,0.9492753623188406,705,400,False
model,0.16,0.9,2.0,0.2,score_point,0.04964539007092199,0.9412500000000003,0.0375,0.9625,0.9390243902439025,705,400,False
model,0.17,0.9,2.0,0.2,score_point,0.04964539007092199,0.9412500000000003,0.0375,0.9625,0.9390243902439025,705,400,False
model,0.18,0.9,2.0,0.2,score_point,0.04964539007092199,0.9495000000000001,0.045,0.955,0.9351285189718482,705,400,False
model,0.15,1.0,2.0,0.2,score_point,0.04964539007092199,1.035,0.035,0.965,0.9403166869671133,705,400,False
model,0.5,0.3,3.0,0.2,score_point,0.05106382978723404,0.6375,0.125,0.875,0.8905852417302799,705,400,True
model,0.4,0.4,3.0,0.2,score_point,0.05106382978723404,0.6470000000000001,0.095,0.905,0.9072681704260652,705,400,False
model,0.55,0.2,3.5,0.2,score_point,0.05106382978723404,0.65375,0.1375,0.8625,0.8834827144686299,705,400,False
model,0.27,0.5,3.0,0.2,score_point,0.05106382978723404,0.65625,0.0625,0.9375,0.9247842170160295,705,400,False
model,0.56,0.2,3.5,0.2,score_point,0.05106382978723404,0.6619999999999999,0.14,0.86,0.8820512820512821,705,400,False
model,0.28,0.5,3.0,0.2,score_point,0.05106382978723404,0.6625,0.065,0.935,0.9234567901234569,705,400,False
model,0.59,0.3,2.5,0.2,score_point,0.05106382978723404,0.6629999999999999,0.165,0.835,0.8675324675324674,705,400,False
model,0.36,0.4,3.5,0.2,score_point,0.05106382978723404,0.6712500000000001,0.0875,0.9125,0.9113607990012484,705,400,False
model,0.35,0.5,2.5,0.2,score_point,0.05106382978723404,0.675,0.0875,0.9125,0.9113607990012484,705,400,False
model,0.65,0.2,2.5,0.2,score_point,0.05106382978723404,0.6772499999999999,0.2075,0.7925,0.8419654714475431,705,400,False
model,0.6,0.3,2.5,0.2,score_point,0.05106382978723404,0.685,0.175,0.825,0.8616187989556136,705,400,False
model,0.57,0.2,3.5,0.2,score_point,0.05106382978723404,0.6867499999999999,0.1475,0.8525,0.8777348777348778,705,400,False
model,0.51,0.5,2.0,0.2,score_point,0.05106382978723404,0.69125,0.1275,0.8725,0.889171974522293,705,400,False
model,0.52,0.5,2.0,0.2,score_point,0.05106382978723404,0.69125,0.1275,0.8725,0.889171974522293,705,400,False
model,0.66,0.2,2.5,0.2,score_point,0.05106382978723404,0.6944999999999999,0.215,0.785,0.8373333333333334,705,400,False
model,0.53,0.5,2.0,0.2,score_point,0.05106382978723404,0.69875,0.1325,0.8675,0.8863346104725414,705,400,False
model,0.61,0.2,3.0,0.2,score_point,0.05106382978723404,0.704,0.18,0.82,0.8586387434554974,705,400,False
model,0.54,0.5,2.0,0.2,score_point,0.05106382978723404,0.70625,0.1375,0.8625,0.8834827144686299,705,400,False
model,0.55,0.5,2.0,0.2,score_point,0.05106382978723404,0.70625,0.1375,0.8625,0.8834827144686299,705,400,False
model,0.24,0.6,2.5,0.2,score_point,0.05106382978723404,0.7092499999999998,0.0575,0.9425,0.9274292742927429,705,400,False
model,0.25,0.6,2.5,0.2,score_point,0.05106382978723404,0.7092499999999998,0.0575,0.9425,0.9274292742927429,705,400,False
model,0.56,0.5,2.0,0.2,score_point,0.05106382978723404,0.71,0.14,0.86,0.8820512820512821,705,400,False
model,0.67,0.2,2.5,0.2,score_point,0.05106382978723404,0.7117500000000001,0.2225,0.7775,0.8326639892904953,705,400,False
model,0.64,0.4,2.0,0.2,score_point,0.05106382978723404,0.7160000000000002,0.1975,0.8025,0.8480845442536327,705,400,False
model,0.68,0.2,2.5,0.2,score_point,0.05106382978723404,0.7175,0.225,0.775,0.8310991957104559,705,400,False
model,0.57,0.5,2.0,0.2,score_point,0.05106382978723404,0.72125,0.1475,0.8525,0.8777348777348778,705,400,False
model,0.7,0.3,2.0,0.2,score_point,0.05106382978723404,0.725,0.25,0.75,0.8152173913043479,705,400,False
model,0.65,0.4,2.0,0.2,score_point,0.05106382978723404,0.7320000000000002,0.2075,0.7925,0.8419654714475431,705,400,False
model,0.58,0.5,2.0,0.2,score_point,0.05106382978723404,0.7325,0.155,0.845,0.8733850129198966,705,400,False
model,0.71,0.3,2.0,0.2,score_point,0.05106382978723404,0.73775,0.2575,0.7425,0.8103683492496591,705,400,False
model,0.08,0.7,3.0,0.2,score_point,0.05106382978723404,0.7402500000000001,0.0175,0.9825,0.948130277442702,705,400,False
model,0.66,0.4,2.0,0.2,score_point,0.05106382978723404,0.7440000000000001,0.215,0.785,0.8373333333333334,705,400,False
model,0.09,0.7,3.0,0.2,score_point,0.05106382978723404,0.746,0.02,0.98,0.9468599033816426,705,400,False
model,0.07,0.7,3.5,0.2,score_point,0.05106382978723404,0.7489999999999999,0.0175,0.9825,0.948130277442702,705,400,False
model,0.67,0.4,2.0,0.2,score_point,0.05106382978723404,0.7560000000000001,0.2225,0.7775,0.8326639892904953,705,400,False
model,0.68,0.4,2.0,0.2,score_point,0.05106382978723404,0.7600000000000001,0.225,0.775,0.8310991957104559,705,400,False
model,0.2,0.7,2.0,0.2,score_point,0.05106382978723404,0.7617500000000001,0.0475,0.9525,0.9326805385556916,705,400,False
model,0.21,0.7,2.0,0.2,score_point,0.05106382978723404,0.7617500000000001,0.0475,0.9525,0.9326805385556916,705,400,False
model,0.22,0.7,2.0,0.2,score_point,0.05106382978723404,0.76825,0.0525,0.9475,0.9300613496932516,705,400,False
model,0.23,0.7,2.0,0.2,score_point,0.05106382978723404,0.7715000000000001,0.055,0.945,0.9287469287469287,705,400,False
model,0.24,0.7,2.0,0.2,score_point,0.05106382978723404,0.7747499999999999,0.0575,0.9425,0.9274292742927429,705,400,False
model,0.25,0.7,2.0,0.2,score_point,0.05106382978723404,0.7747499999999999,0.0575,0.9425,0.9274292742927429,705,400,False
model,0.03,0.8,3.5,0.2,score_point,0.05106382978723404,0.82025,0.0075,0.9925,0.9531812725090035,705,400,False
model,0.08,0.8,2.5,0.2,score_point,0.05106382978723404,0.8297500000000001,0.0175,0.9825,0.948130277442702,705,400,False
model,0.09,0.8,2.5,0.2,score_point,0.05106382978723404,0.8340000000000001,0.02,0.98,0.9468599033816426,705,400,False
model,0.15,0.9,2.0,0.2,score_point,0.05106382978723404,0.9385000000000002,0.035,0.965,0.9391727493917275,705,400,False
model,0.01,1.0,3.0,0.2,score_point,0.05106382978723404,1.01,0.005,0.995,0.9544364508393286,705,400,False
model,0.01,1.0,3.5,0.2,score_point,0.05106382978723404,1.0125,0.005,0.995,0.9544364508393286,705,400,False
model,0.1,1.0,2.0,0.2,score_point,0.05106382978723404,1.0225,0.0225,0.9775,0.9455864570737607,705,400,False
model,0.11,1.0,2.0,0.2,score_point,0.05106382978723404,1.0225,0.0225,0.9775,0.9455864570737607,705,400,False
model,0.12,1.0,2.0,0.2,score_point,0.05106382978723404,1.0225,0.0225,0.9775,0.9455864570737607,705,400,False
model,0.13,1.0,2.0,0.2,score_point,0.05106382978723404,1.0275,0.0275,0.9725,0.9430303030303031,705,400,False
model,0.14,1.0,2.0,0.2,score_point,0.05106382978723404,1.03,0.03,0.97,0.9417475728155339,705,400,False
model,0.41,0.3,3.5,0.2,score_point,0.0524822695035461,0.604,0.095,0.905,0.9061326658322904,705,400,False
model,0.42,0.3,3.5,0.2,score_point,0.0524822695035461,0.604,0.095,0.905,0.9061326658322904,705,400,True
model,0.48,0.3,3.0,0.2,score_point,0.0524822695035461,0.61725,0.1175,0.8825,0.8936708860759494,705,400,False
model,0.43,0.3,3.5,0.2,score_point,0.0524822695035461,0.6199999999999999,0.1,0.9,0.903387703889586,705,400,False
model,0.44,0.3,3.5,0.2,score_point,0.0524822695035461,0.6199999999999999,0.1,0.9,0.903387703889586,705,400,False
model,0.52,0.2,3.5,0.2,score_point,0.0524822695035461,0.62075,0.1275,0.8725,0.8880407124681934,705,400,False
model,0.49,0.3,3.0,0.2,score_point,0.0524822695035461,0.6307499999999999,0.1225,0.8775,0.8908629441624365,705,400,False
model,0.37,0.4,3.0,0.2,score_point,0.0524822695035461,0.6340000000000001,0.09,0.91,0.9088639200998752,705,400,False
model,0.38,0.4,3.0,0.2,score_point,0.0524822695035461,0.6340000000000001,0.09,0.91,0.9088639200998752,705,400,False
model,0.53,0.2,3.5,0.2,score_point,0.0524822695035461,0.63725,0.1325,0.8675,0.8852040816326532,705,400,False
model,0.58,0.3,2.5,0.2,score_point,0.0524822695035461,0.6409999999999999,0.155,0.845,0.8722580645161291,705,400,False
model,0.39,0.4,3.0,0.2,score_point,0.0524822695035461,0.6470000000000001,0.095,0.905,0.9061326658322904,705,400,False
model,0.26,0.5,3.0,0.2,score_point,0.0524822695035461,0.65,0.06,0.94,0.9249692496924968,705,400,False
model,0.3,0.5,2.5,0.2,score_point,0.0524822695035461,0.65,0.075,0.925,0.9169764560099133,705,400,False
model,0.54,0.2,3.5,0.2,score_point,0.0524822695035461,0.65375,0.1375,0.8625,0.8823529411764706,705,400,False
model,0.64,0.2,2.5,0.2,score_point,0.0524822695035461,0.6542499999999998,0.1975,0.8025,0.8469656992084432,705,400,False
model,0.31,0.5,2.5,0.2,score_point,0.0524822695035461,0.655,0.0775,0.9225,0.9156327543424317,705,400,False
model,0.32,0.5,2.5,0.2,score_point,0.0524822695035461,0.655,0.0775,0.9225,0.9156327543424317,705,400,False
model,0.33,0.5,2.5,0.2,score_point,0.0524822695035461,0.66,0.08,0.92,0.9142857142857144,705,400,False
model,0.34,0.5,2.5,0.2,score_point,0.0524822695035461,0.66,0.08,0.92,0.9142857142857144,705,400,False
model,0.59,0.2,3.0,0.2,score_point,0.0524822695035461,0.662,0.165,0.835,0.8664072632944229,705,400,False
model,0.5,0.4,2.5,0.2,score_point,0.0524822695035461,0.6625000000000001,0.125,0.875,0.8894536213468869,705,400,False
model,0.23,0.5,3.5,0.2,score_point,0.0524822695035461,0.665,0.055,0.945,0.9276073619631902,705,400,False
model,0.35,0.4,3.5,0.2,score_point,0.0524822695035461,0.6712500000000001,0.0875,0.9125,0.9102244389027432,705,400,False
model,0.17,0.6,3.0,0.2,score_point,0.0524822695035461,0.69,0.0375,0.9625,0.9367396593673967,705,400,False
model,0.6,0.2,3.0,0.2,score_point,0.0524822695035461,0.69,0.175,0.825,0.8604954367666231,705,400,False
model,0.63,0.4,2.0,0.2,score_point,0.0524822695035461,0.6920000000000002,0.1825,0.8175,0.856020942408377,705,400,False
model,0.23,0.6,2.5,0.2,score_point,0.0524822695035461,0.7044999999999999,0.055,0.945,0.9276073619631902,705,400,False
model,0.18,0.6,3.0,0.2,score_point,0.0524822695035461,0.7079999999999999,0.045,0.955,0.9328449328449329,705,400,False
model,0.16,0.6,3.5,0.2,score_point,0.0524822695035461,0.7087499999999999,0.0375,0.9625,0.9367396593673967,705,400,False
model,0.37,0.6,2.0,0.2,score_point,0.0524822695035461,0.726,0.09,0.91,0.9088639200998752,705,400,False
model,0.38,0.6,2.0,0.2,score_point,0.0524822695035461,0.726,0.09,0.91,0.9088639200998752,705,400,False
model,0.39,0.6,2.0,0.2,score_point,0.0524822695035461,0.7329999999999999,0.095,0.905,0.9061326658322904,705,400,False
model,0.4,0.6,2.0,0.2,score_point,0.0524822695035461,0.7329999999999999,0.095,0.905,0.9061326658322904,705,400,False
model,0.41,0.6,2.0,0.2,score_point,0.0524822695035461,0.7329999999999999,0.095,0.905,0.9061326658322904,705,400,False
model,0.42,0.6,2.0,0.2,score_point,0.0524822695035461,0.7329999999999999,0.095,0.905,0.9061326658322904,705,400,False
model,0.43,0.6,2.0,0.2,score_point,0.0524822695035461,0.74,0.1,0.9,0.903387703889586,705,400,False
model,0.44,0.6,2.0,0.2,score_point,0.0524822695035461,0.74,0.1,0.9,0.903387703889586,705,400,False
model,0.13,0.7,2.5,0.2,score_point,0.0524822695035461,0.7494999999999998,0.0275,0.9725,0.9418886198547216,705,400,False
model,0.14,0.7,2.5,0.2,score_point,0.0524822695035461,0.754,0.03,0.97,0.9406060606060607,705,400,False
model,0.19,0.7,2.0,0.2,score_point,0.0524822695035461,0.7617500000000001,0.0475,0.9525,0.9315403422982885,705,400,False
model,0.06,0.8,2.5,0.2,score_point,0.0524822695035461,0.8255000000000001,0.015,0.985,0.9482551143200962,705,400,False
model,0.07,0.8,2.5,0.2,score_point,0.0524822695035461,0.8297500000000001,0.0175,0.9825,0.9469879518072288,705,400,False
model,0.16,0.8,2.0,0.2,score_point,0.0524822695035461,0.845,0.0375,0.9625,0.9367396593673967,705,400,False
model,0.17,0.8,2.0,0.2,score_point,0.0524822695035461,0.845,0.0375,0.9625,0.9367396593673967,705,400,False
model,0.18,0.8,2.0,0.2,score_point,0.0524822695035461,0.8540000000000001,0.045,0.955,0.9328449328449329,705,400,False
model,0.02,0.9,3.5,0.2,score_point,0.0524822695035461,0.9130000000000001,0.005,0.995,0.9532934131736527,705,400,False
model,0.02,1.0,2.5,0.2,score_point,0.0524822695035461,1.0075,0.005,0.995,0.9532934131736527,705,400,False
model,0.04,1.0,2.0,0.2,score_point,0.0524822695035461,1.01,0.01,0.99,0.9507803121248499,705,400,False
model,0.05,1.0,2.0,0.2,score_point,0.0524822695035461,1.0125,0.0125,0.9875,0.9495192307692307,705,400,False
model,0.06,1.0,2.0,0.2,score_point,0.0524822695035461,1.015,0.015,0.985,0.9482551143200962,705,400,False
model,0.07,1.0,2.0,0.2,score_point,0.0524822695035461,1.0175,0.0175,0.9825,0.9469879518072288,705,400,False
model,0.08,1.0,2.0,0.2,score_point,0.0524822695035461,1.0175,0.0175,0.9825,0.9469879518072288,705,400,False
model,0.09,1.0,2.0,0.2,score_point,0.0524822695035461,1.02,0.02,0.98,0.9457177322074789,705,400,False
model,0.45,0.3,3.0,0.2,score_point,0.05390070921985816,0.5902499999999999,0.1075,0.8925,0.8981132075471697,705,400,True
model,0.55,0.3,2.5,0.2,score_point,0.05390070921985816,0.6024999999999999,0.1375,0.8625,0.8812260536398467,705,400,False
model,0.46,0.3,3.0,0.2,score_point,0.05390070921985816,0.60375,0.1125,0.8875,0.8953341740226985,705,400,False
model,0.4,0.3,3.5,0.2,score_point,0.05390070921985816,0.604,0.095,0.905,0.905,705,400,False
model,0.56,0.3,2.5,0.2,score_point,0.05390070921985816,0.608,0.14,0.86,0.8797953964194374,705,400,False
model,0.47,0.3,3.0,0.2,score_point,0.05390070921985816,0.6104999999999999,0.115,0.885,0.8939393939393939,705,400,False
model,0.63,0.2,2.5,0.2,score_point,0.05390070921985816,0.61975,0.1825,0.8175,0.8549019607843137,705,400,False
model,0.51,0.2,3.5,0.2,score_point,0.05390070921985816,0.62075,0.1275,0.8725,0.8869123252858958,705,400,False
model,0.57,0.3,2.5,0.2,score_point,0.05390070921985816,0.6244999999999998,0.1475,0.8525,0.8754813863928113,705,400,False
model,0.45,0.4,2.5,0.2,score_point,0.05390070921985816,0.6257500000000001,0.1075,0.8925,0.8981132075471697,705,400,False
model,0.58,0.2,3.0,0.2,score_point,0.05390070921985816,0.634,0.155,0.845,0.8711340206185567,705,400,False
model,0.46,0.4,2.5,0.2,score_point,0.05390070921985816,0.6362500000000001,0.1125,0.8875,0.8953341740226985,705,400,False
model,0.29,0.5,2.5,0.2,score_point,0.05390070921985816,0.64,0.07,0.93,0.9185185185185186,705,400,False
model,0.47,0.4,2.5,0.2,score_point,0.05390070921985816,0.6415000000000001,0.115,0.885,0.8939393939393939,705,400,False
model,0.24,0.5,3.0,0.2,score_point,0.05390070921985816,0.64375,0.0575,0.9425,0.9251533742331288,705,400,False
model,0.25,0.5,3.0,0.2,score_point,0.05390070921985816,0.64375,0.0575,0.9425,0.9251533742331288,705,400,False
model,0.48,0.4,2.5,0.2,score_point,0.05390070921985816,0.6467500000000002,0.1175,0.8825,0.8925410872313527,705,400,False
model,0.33,0.4,3.5,0.2,score_point,0.05390070921985816,0.6480000000000001,0.08,0.92,0.913151364764268,705,400,False
model,0.34,0.4,3.5,0.2,score_point,0.05390070921985816,0.6480000000000001,0.08,0.92,0.913151364764268,705,400,False
model,0.49,0.4,2.5,0.2,score_point,0.05390070921985816,0.6572500000000001,0.1225,0.8775,0.8897338403041825,705,400,False
model,0.5,0.5,2.0,0.2,score_point,0.05390070921985816,0.6875,0.125,0.875,0.8883248730964467,705,400,False
model,0.2,0.6,2.5,0.2,score_point,0.05390070921985816,0.6902499999999999,0.0475,0.9525,0.9304029304029304,705,400,False
model,0.21,0.6,2.5,0.2,score_point,0.05390070921985816,0.6902499999999999,0.0475,0.9525,0.9304029304029304,705,400,False
model,0.62,0.4,2.0,0.2,score_point,0.05390070921985816,0.6920000000000002,0.1825,0.8175,0.8549019607843137,705,400,False
model,0.69,0.3,2.0,0.2,score_point,0.05390070921985816,0.69525,0.2325,0.7675,0.8241610738255033,705,400,False
model,0.22,0.6,2.5,0.2,score_point,0.05390070921985816,0.69975,0.0525,0.9475,0.9277845777233783,705,400,False
model,0.36,0.6,2.0,0.2,score_point,0.05390070921985816,0.7224999999999998,0.0875,0.9125,0.9090909090909092,705,400,False
model,0.07,0.7,3.0,0.2,score_point,0.05390070921985816,0.7402500000000001,0.0175,0.9825,0.9458483754512635,705,400,False
model,0.11,0.7,2.5,0.2,score_point,0.05390070921985816,0.7404999999999999,0.0225,0.9775,0.9433051869722556,705,400,False
model,0.12,0.7,2.5,0.2,score_point,0.05390070921985816,0.7404999999999999,0.0225,0.9775,0.9433051869722556,705,400,False
model,0.06,0.7,3.5,0.2,score_point,0.05390070921985816,0.7419999999999999,0.015,0.985,0.9471153846153846,705,400,False
model,0.03,0.8,3.0,0.2,score_point,0.05390070921985816,0.8165,0.0075,0.9925,0.9508982035928143,705,400,False
model,0.04,0.8,2.5,0.2,score_point,0.05390070921985816,0.8169999999999998,0.01,0.99,0.9496402877697843,705,400,False
model,0.05,0.8,2.5,0.2,score_point,0.05390070921985816,0.82125,0.0125,0.9875,0.9483793517406963,705,400,False
model,0.15,0.8,2.0,0.2,score_point,0.05390070921985816,0.8420000000000001,0.035,0.965,0.9368932038834951,705,400,False
model,0.03,0.9,2.5,0.2,score_point,0.05390070921985816,0.9120000000000001,0.0075,0.9925,0.9508982035928143,705,400,False
model,0.84,0.8,1.5,0.2,score_point,0.05390070921985816,1.15,0.5,0.5,0.6269592476489028,705,400,False
model,0.85,0.8,1.5,0.2,score_point,0.05390070921985816,1.1780000000000002,0.54,0.46,0.5916398713826366,705,400,False
model,0.84,0.9,1.5,0.2,score_point,0.05390070921985816,1.2000000000000002,0.5,0.5,0.6269592476489028,705,400,False
model,0.86,0.8,1.5,0.2,score_point,0.05390070921985816,1.2007500000000002,0.5725,0.4275,0.561576354679803,705,400,False
model,0.85,0.9,1.5,0.2,score_point,0.05390070921985816,1.224,0.54,0.46,0.5916398713826366,705,400,False
model,0.87,0.8,1.5,0.2,score_point,0.05390070921985816,1.22875,0.6125,0.3875,0.5227655986509275,705,400,False
model,0.86,0.9,1.5,0.2,score_point,0.05390070921985816,1.2435,0.5725,0.4275,0.561576354679803,705,400,False
model,0.84,1.0,1.5,0.2,score_point,0.05390070921985816,1.25,0.5,0.5,0.6269592476489028,705,400,False
model,0.88,0.8,1.5,0.2,score_point,0.05390070921985816,1.26025,0.6575,0.3425,0.47652173913043483,705,400,False
model,0.87,0.9,1.5,0.2,score_point,0.05390070921985816,1.2675,0.6125,0.3875,0.5227655986509275,705,400,False
model,0.85,1.0,1.5,0.2,score_point,0.05390070921985816,1.27,0.54,0.46,0.5916398713826366,705,400,False
model,0.89,0.8,1.5,0.2,score_point,0.05390070921985816,1.2847499999999998,0.6925,0.3075,0.4385026737967915,705,400,False
model,0.86,1.0,1.5,0.2,score_point,0.05390070921985816,1.28625,0.5725,0.4275,0.561576354679803,705,400,False
model,0.92,0.5,1.5,0.2,score_point,0.05390070921985816,1.2925,0.7925,0.2075,0.31861804222648754,705,400,False
model,0.88,0.9,1.5,0.2,score_point,0.05390070921985816,1.2945000000000002,0.6575,0.3425,0.47652173913043483,705,400,False
model,0.9,0.8,1.5,0.2,score_point,0.05390070921985816,1.3057500000000002,0.7225,0.2775,0.4043715846994536,705,400,False
model,0.87,1.0,1.5,0.2,score_point,0.05390070921985816,1.30625,0.6125,0.3875,0.5227655986509275,705,400,False
model,0.92,0.6,1.5,0.2,score_point,0.05390070921985816,1.3132499999999998,0.7925,0.2075,0.31861804222648754,705,400,False
model,0.89,0.9,1.5,0.2,score_point,0.05390070921985816,1.3155000000000001,0.6925,0.3075,0.4385026737967915,705,400,False
model,0.93,0.5,1.5,0.2,score_point,0.05390070921985816,1.325,0.825,0.175,0.2755905511811023,705,400,False
model,0.88,1.0,1.5,0.2,score_point,0.05390070921985816,1.32875,0.6575,0.3425,0.47652173913043483,705,400,False
model,0.91,0.8,1.5,0.2,score_point,0.05390070921985816,1.3319999999999999,0.76,0.24,0.3595505617977528,705,400,False
model,0.9,0.9,1.5,0.2,score_point,0.05390070921985816,1.3335000000000001,0.7225,0.2775,0.4043715846994536,705,400,False
model,0.92,0.7,1.5,0.2,score_point,0.05390070921985816,1.334,0.7925,0.2075,0.31861804222648754,705,400,False
model,0.93,0.6,1.5,0.2,score_point,0.05390070921985816,1.3425,0.825,0.175,0.2755905511811023,705,400,False
model,0.89,1.0,1.5,0.2,score_point,0.05390070921985816,1.34625,0.6925,0.3075,0.4385026737967915,705,400,False
model,0.92,0.8,1.5,0.2,score_point,0.05390070921985816,1.3547500000000001,0.7925,0.2075,0.31861804222648754,705,400,False
model,0.91,0.9,1.5,0.2,score_point,0.05390070921985816,1.3560000000000003,0.76,0.24,0.3595505617977528,705,400,False
model,0.93,0.7,1.5,0.2,score_point,0.05390070921985816,1.36,0.825,0.175,0.2755905511811023,705,400,False
model,0.9,1.0,1.5,0.2,score_point,0.05390070921985816,1.36125,0.7225,0.2775,0.4043715846994536,705,400,False
model,0.94,0.5,1.5,0.2,score_point,0.05390070921985816,1.375,0.875,0.125,0.20491803278688525,705,400,False
model,0.92,0.9,1.5,0.2,score_point,0.05390070921985816,1.3755000000000002,0.7925,0.2075,0.31861804222648754,705,400,False
model,0.93,0.8,1.5,0.2,score_point,0.05390070921985816,1.3775,0.825,0.175,0.2755905511811023,705,400,False
model,0.91,1.0,1.5,0.2,score_point,0.05390070921985816,1.38,0.76,0.24,0.3595505617977528,705,400,False
model,0.94,0.6,1.5,0.2,score_point,0.05390070921985816,1.3875,0.875,0.125,0.20491803278688525,705,400,False
model,0.93,0.9,1.5,0.2,score_point,0.05390070921985816,1.395,0.825,0.175,0.2755905511811023,705,400,False
model,0.92,1.0,1.5,0.2,score_point,0.05390070921985816,1.39625,0.7925,0.2075,0.31861804222648754,705,400,False
model,0.94,0.7,1.5,0.2,score_point,0.05390070921985816,1.4,0.875,0.125,0.20491803278688525,705,400,False
model,0.93,1.0,1.5,0.2,score_point,0.05390070921985816,1.4125,0.825,0.175,0.2755905511811023,705,400,False
model,0.94,0.8,1.5,0.2,score_point,0.05390070921985816,1.4125,0.875,0.125,0.20491803278688525,705,400,False
model,0.95,0.2,1.5,0.2,score_point,0.05390070921985816,1.422,0.94,0.06,0.10389610389610389,705,400,False
model,0.94,0.9,1.5,0.2,score_point,0.05390070921985816,1.425,0.875,0.125,0.20491803278688525,705,400,False
model,0.95,0.3,1.5,0.2,score_point,0.05390070921985816,1.4280000000000002,0.94,0.06,0.10389610389610389,705,400,False
model,0.95,0.4,1.5,0.2,score_point,0.05390070921985816,1.4339999999999997,0.94,0.06,0.10389610389610389,705,400,False
model,0.94,1.0,1.5,0.2,score_point,0.05390070921985816,1.4375,0.875,0.125,0.20491803278688525,705,400,False
model,0.95,0.5,1.5,0.2,score_point,0.05390070921985816,1.44,0.94,0.06,0.10389610389610389,705,400,False
model,0.95,0.6,1.5,0.2,score_point,0.05390070921985816,1.4460000000000002,0.94,0.06,0.10389610389610389,705,400,False
model,0.95,0.7,1.5,0.2,score_point,0.05390070921985816,1.452,0.94,0.06,0.10389610389610389,705,400,False
model,0.96,0.2,1.5,0.2,score_point,0.05390070921985816,1.4577500000000003,0.9675,0.0325,0.05764966740576497,705,400,False
model,0.95,0.8,1.5,0.2,score_point,0.05390070921985816,1.4580000000000002,0.94,0.06,0.10389610389610389,705,400,False
model,0.96,0.3,1.5,0.2,score_point,0.05390070921985816,1.4609999999999996,0.9675,0.0325,0.05764966740576497,705,400,False
model,0.95,0.9,1.5,0.2,score_point,0.05390070921985816,1.4639999999999997,0.94,0.06,0.10389610389610389,705,400,False
model,0.96,0.4,1.5,0.2,score_point,0.05390070921985816,1.46425,0.9675,0.0325,0.05764966740576497,705,400,False
model,0.96,0.5,1.5,0.2,score_point,0.05390070921985816,1.4675,0.9675,0.0325,0.05764966740576497,705,400,False
model,0.95,1.0,1.5,0.2,score_point,0.05390070921985816,1.47,0.94,0.06,0.10389610389610389,705,400,False
model,0.96,0.6,1.5,0.2,score_point,0.05390070921985816,1.4707499999999998,0.9675,0.0325,0.05764966740576497,705,400,False
model,0.96,0.7,1.5,0.2,score_point,0.05390070921985816,1.474,0.9675,0.0325,0.05764966740576497,705,400,False
model,0.97,0.2,1.5,0.2,score_point,0.05390070921985816,1.474,0.98,0.02,0.035874439461883414,705,400,False
model,0.97,0.3,1.5,0.2,score_point,0.05390070921985816,1.476,0.98,0.02,0.035874439461883414,705,400,False
model,0.96,0.8,1.5,0.2,score_point,0.05390070921985816,1.47725,0.9675,0.0325,0.05764966740576497,705,400,False
model,0.97,0.4,1.5,0.2,score_point,0.05390070921985816,1.4780000000000002,0.98,0.02,0.035874439461883414,705,400,False
model,0.97,0.5,1.5,0.2,score_point,0.05390070921985816,1.48,0.98,0.02,0.035874439461883414,705,400,False
model,0.96,0.9,1.5,0.2,score_point,0.05390070921985816,1.4805000000000001,0.9675,0.0325,0.05764966740576497,705,400,False
model,0.97,0.6,1.5,0.2,score_point,0.05390070921985816,1.482,0.98,0.02,0.035874439461883414,705,400,False
model,0.96,1.0,1.5,0.2,score_point,0.05390070921985816,1.48375,0.9675,0.0325,0.05764966740576497,705,400,False
model,0.97,0.7,1.5,0.2,score_point,0.05390070921985816,1.484,0.98,0.02,0.035874439461883414,705,400,False
model,0.97,0.8,1.5,0.2,score_point,0.05390070921985816,1.486,0.98,0.02,0.035874439461883414,705,400,False
model,0.97,0.9,1.5,0.2,score_point,0.05390070921985816,1.4880000000000002,0.98,0.02,0.035874439461883414,705,400,False
model,0.97,1.0,1.5,0.2,score_point,0.05390070921985816,1.49,0.98,0.02,0.035874439461883414,705,400,False
model,0.98,0.2,1.5,0.2,score_point,0.05390070921985816,1.49675,0.9975,0.0025,0.004555808656036447,705,400,False
model,0.98,0.3,1.5,0.2,score_point,0.05390070921985816,1.4969999999999999,0.9975,0.0025,0.004555808656036447,705,400,False
model,0.98,0.4,1.5,0.2,score_point,0.05390070921985816,1.49725,0.9975,0.0025,0.004555808656036447,705,400,False
model,0.98,0.5,1.5,0.2,score_point,0.05390070921985816,1.4975,0.9975,0.0025,0.004555808656036447,705,400,False
model,0.98,0.6,1.5,0.2,score_point,0.05390070921985816,1.4977500000000001,0.9975,0.0025,0.004555808656036447,705,400,False
model,0.98,0.7,1.5,0.2,score_point,0.05390070921985816,1.4980000000000002,0.9975,0.0025,0.004555808656036447,705,400,False
model,0.98,0.8,1.5,0.2,score_point,0.05390070921985816,1.4982499999999999,0.9975,0.0025,0.004555808656036447,705,400,False
model,0.98,0.9,1.5,0.2,score_point,0.05390070921985816,1.4985,0.9975,0.0025,0.004555808656036447,705,400,False
model,0.98,1.0,1.5,0.2,score_point,0.05390070921985816,1.49875,0.9975,0.0025,0.004555808656036447,705,400,False
model,0.99,0.2,1.5,0.2,score_point,0.05390070921985816,1.5,1.0,0.0,0.0,705,400,False
model,1.0,0.2,1.5,0.2,score_point,0.05390070921985816,1.5,1.0,0.0,0.0,705,400,False
model,0.99,0.3,1.5,0.2,score_point,0.05390070921985816,1.5,1.0,0.0,0.0,705,400,False
model,1.0,0.3,1.5,0.2,score_point,0.05390070921985816,1.5,1.0,0.0,0.0,705,400,False
model,0.99,0.4,1.5,0.2,score_point,0.05390070921985816,1.5,1.0,0.0,0.0,705,400,False
model,1.0,0.4,1.5,0.2,score_point,0.05390070921985816,1.5,1.0,0.0,0.0,705,400,False
model,0.99,0.5,1.5,0.2,score_point,0.05390070921985816,1.5,1.0,0.0,0.0,705,400,False
model,1.0,0.5,1.5,0.2,score_point,0.05390070921985816,1.5,1.0,0.0,0.0,705,400,False
model,0.99,0.6,1.5,0.2,score_point,0.05390070921985816,1.5,1.0,0.0,0.0,705,400,False
model,1.0,0.6,1.5,0.2,score_point,0.05390070921985816,1.5,1.0,0.0,0.0,705,400,False
model,0.99,0.7,1.5,0.2,score_point,0.05390070921985816,1.5,1.0,0.0,0.0,705,400,False
model,1.0,0.7,1.5,0.2,score_point,0.05390070921985816,1.5,1.0,0.0,0.0,705,400,False
model,0.99,0.8,1.5,0.2,score_point,0.05390070921985816,1.5,1.0,0.0,0.0,705,400,False
model,1.0,0.8,1.5,0.2,score_point,0.05390070921985816,1.5,1.0,0.0,0.0,705,400,False
model,0.99,0.9,1.5,0.2,score_point,0.05390070921985816,1.5,1.0,0.0,0.0,705,400,False
model,1.0,0.9,1.5,0.2,score_point,0.05390070921985816,1.5,1.0,0.0,0.0,705,400,False
model,0.99,1.0,1.5,0.2,score_point,0.05390070921985816,1.5,1.0,0.0,0.0,705,400,False
model,1.0,1.0,1.5,0.2,score_point,0.05390070921985816,1.5,1.0,0.0,0.0,705,400,False
model,0.51,0.3,2.5,0.2,score_point,0.05531914893617021,0.5805,0.1275,0.8725,0.8857868020304569,705,400,False
model,0.52,0.3,2.5,0.2,score_point,0.05531914893617021,0.5805,0.1275,0.8725,0.8857868020304569,705,400,True
model,0.55,0.2,3.0,0.2,score_point,0.05531914893617021,0.585,0.1375,0.8625,0.8801020408163265,705,400,False
model,0.37,0.3,3.5,0.2,score_point,0.05531914893617021,0.588,0.09,0.91,0.9066002490660025,705,400,False
model,0.38,0.3,3.5,0.2,score_point,0.05531914893617021,0.588,0.09,0.91,0.9066002490660025,705,400,False
model,0.53,0.3,2.5,0.2,score_point,0.05531914893617021,0.5914999999999999,0.1325,0.8675,0.8829516539440204,705,400,False
model,0.56,0.2,3.0,0.2,score_point,0.05531914893617021,0.5920000000000001,0.14,0.86,0.8786717752234994,705,400,False
model,0.54,0.3,2.5,0.2,score_point,0.05531914893617021,0.6024999999999999,0.1375,0.8625,0.8801020408163265,705,400,False
model,0.39,0.3,3.5,0.2,score_point,0.05531914893617021,0.604,0.095,0.905,0.9038701622971286,705,400,False
model,0.57,0.2,3.0,0.2,score_point,0.05531914893617021,0.6130000000000001,0.1475,0.8525,0.8743589743589744,705,400,False
model,0.36,0.4,3.0,0.2,score_point,0.05531914893617021,0.6275000000000002,0.0875,0.9125,0.9079601990049752,705,400,False
model,0.3,0.4,3.5,0.2,score_point,0.05531914893617021,0.6325000000000001,0.075,0.925,0.9147095179233622,705,400,False
model,0.31,0.4,3.5,0.2,score_point,0.05531914893617021,0.6402500000000001,0.0775,0.9225,0.9133663366336634,705,400,False
model,0.32,0.4,3.5,0.2,score_point,0.05531914893617021,0.6402500000000001,0.0775,0.9225,0.9133663366336634,705,400,False
model,0.2,0.5,3.5,0.2,score_point,0.05531914893617021,0.6425,0.0475,0.9525,0.9292682926829268,705,400,False
model,0.21,0.5,3.5,0.2,score_point,0.05531914893617021,0.6425,0.0475,0.9525,0.9292682926829268,705,400,False
model,0.65,0.3,2.0,0.2,score_point,0.05531914893617021,0.6527499999999999,0.2075,0.7925,0.8386243386243386,705,400,False
model,0.22,0.5,3.5,0.2,score_point,0.05531914893617021,0.6575,0.0525,0.9475,0.9266503667481663,705,400,False
model,0.45,0.5,2.0,0.2,score_point,0.05531914893617021,0.66125,0.1075,0.8925,0.8969849246231155,705,400,False
model,0.66,0.3,2.0,0.2,score_point,0.05531914893617021,0.6655,0.215,0.785,0.8339973439575034,705,400,False
model,0.46,0.5,2.0,0.2,score_point,0.05531914893617021,0.66875,0.1125,0.8875,0.8942065491183878,705,400,False
model,0.47,0.5,2.0,0.2,score_point,0.05531914893617021,0.6725,0.115,0.885,0.89281210592686,705,400,False
model,0.48,0.5,2.0,0.2,score_point,0.05531914893617021,0.67625,0.1175,0.8825,0.8914141414141414,705,400,False
model,0.72,0.2,2.0,0.2,score_point,0.05531914893617021,0.677,0.265,0.735,0.8021828103683492,705,400,False
model,0.67,0.3,2.0,0.2,score_point,0.05531914893617021,0.6782499999999999,0.2225,0.7775,0.8293333333333333,705,400,False
model,0.68,0.3,2.0,0.2,score_point,0.05531914893617021,0.6825,0.225,0.775,0.8277703604806409,705,400,False
model,0.49,0.5,2.0,0.2,score_point,0.05531914893617021,0.68375,0.1225,0.8775,0.8886075949367089,705,400,False
model,0.61,0.4,2.0,0.2,score_point,0.05531914893617021,0.6880000000000002,0.18,0.82,0.8552803129074316,705,400,False
model,0.16,0.6,3.0,0.2,score_point,0.05531914893617021,0.69,0.0375,0.9625,0.9344660194174758,705,400,False
model,0.19,0.6,2.5,0.2,score_point,0.05531914893617021,0.6902499999999999,0.0475,0.9525,0.9292682926829268,705,400,False
model,0.73,0.2,2.0,0.2,score_point,0.05531914893617021,0.6905000000000001,0.2725,0.7275,0.7972602739726028,705,400,False
model,0.15,0.6,3.5,0.2,score_point,0.05531914893617021,0.7014999999999999,0.035,0.965,0.9357575757575758,705,400,False
model,0.35,0.6,2.0,0.2,score_point,0.05531914893617021,0.7224999999999998,0.0875,0.9125,0.9079601990049752,705,400,False
model,0.1,0.7,2.5,0.2,score_point,0.05531914893617021,0.7404999999999999,0.0225,0.9775,0.9421686746987952,705,400,False
model,0.17,0.7,2.0,0.2,score_point,0.05531914893617021,0.74875,0.0375,0.9625,0.9344660194174758,705,400,False
model,0.18,0.7,2.0,0.2,score_point,0.05531914893617021,0.7585,0.045,0.955,0.930572472594397,705,400,False
model,0.02,0.9,3.0,0.2,score_point,0.05531914893617021,0.9105000000000001,0.005,0.995,0.9510155316606929,705,400,False
model,0.13,0.9,2.0,0.2,score_point,0.05531914893617021,0.9302500000000002,0.0275,0.9725,0.9396135265700484,705,400,False
model,0.14,0.9,2.0,0.2,score_point,0.05531914893617021,0.9330000000000003,0.03,0.97,0.9383313180169287,705,400,False
model,0.76,0.8,1.5,0.2,score_point,0.05531914893617021,1.0310000000000001,0.33,0.67,0.7581329561527582,705,400,False
model,0.77,0.8,1.5,0.2,score_point,0.05531914893617021,1.038,0.34,0.66,0.7510668563300142,705,400,False
model,0.78,0.8,1.5,0.2,score_point,0.05531914893617021,1.0485000000000002,0.355,0.645,0.7403156384505021,705,400,False
model,0.79,0.8,1.5,0.2,score_point,0.05531914893617021,1.0590000000000002,0.37,0.63,0.7293777134587555,705,400,False
model,0.8,0.8,1.5,0.2,score_point,0.05531914893617021,1.0800000000000003,0.4,0.6,0.706921944035346,705,400,False
model,0.81,0.8,1.5,0.2,score_point,0.05531914893617021,1.0957500000000002,0.4225,0.5775,0.6895522388059702,705,400,False
model,0.76,0.9,1.5,0.2,score_point,0.05531914893617021,1.0980000000000003,0.33,0.67,0.7581329561527582,705,400,False
model,0.84,0.7,1.5,0.2,score_point,0.05531914893617021,1.1,0.5,0.5,0.6259780907668232,705,400,False
model,0.77,0.9,1.5,0.2,score_point,0.05531914893617021,1.104,0.34,0.66,0.7510668563300142,705,400,False
model,0.78,0.9,1.5,0.2,score_point,0.05531914893617021,1.1130000000000002,0.355,0.645,0.7403156384505021,705,400,False
model,0.82,0.8,1.5,0.2,score_point,0.05531914893617021,1.11325,0.4475,0.5525,0.6696969696969697,705,400,False
model,0.79,0.9,1.5,0.2,score_point,0.05531914893617021,1.122,0.37,0.63,0.7293777134587555,705,400,False
model,0.85,0.7,1.5,0.2,score_point,0.05531914893617021,1.132,0.54,0.46,0.5906902086677367,705,400,False
model,0.83,0.8,1.5,0.2,score_point,0.05531914893617021,1.1325,0.475,0.525,0.6471494607087828,705,400,False
model,0.8,0.9,1.5,0.2,score_point,0.05531914893617021,1.1400000000000001,0.4,0.6,0.706921944035346,705,400,False
model,0.81,0.9,1.5,0.2,score_point,0.05531914893617021,1.1535000000000002,0.4225,0.5775,0.6895522388059702,705,400,False
model,0.86,0.7,1.5,0.2,score_point,0.05531914893617021,1.158,0.5725,0.4275,0.5606557377049181,705,400,False
model,0.76,1.0,1.5,0.2,score_point,0.05531914893617021,1.165,0.33,0.67,0.7581329561527582,705,400,False
model,0.82,0.9,1.5,0.2,score_point,0.05531914893617021,1.1685,0.4475,0.5525,0.6696969696969697,705,400,False
model,0.77,1.0,1.5,0.2,score_point,0.05531914893617021,1.17,0.34,0.66,0.7510668563300142,705,400,False
model,0.78,1.0,1.5,0.2,score_point,0.05531914893617021,1.1775,0.355,0.645,0.7403156384505021,705,400,False
model,0.79,1.0,1.5,0.2,score_point,0.05531914893617021,1.185,0.37,0.63,0.7293777134587555,705,400,False
model,0.83,0.9,1.5,0.2,score_point,0.05531914893617021,1.185,0.475,0.525,0.6471494607087828,705,400,False
model,0.87,0.7,1.5,0.2,score_point,0.05531914893617021,1.19,0.6125,0.3875,0.521885521885522,705,400,False
model,0.8,1.0,1.5,0.2,score_point,0.05531914893617021,1.2,0.4,0.6,0.706921944035346,705,400,False
model,0.81,1.0,1.5,0.2,score_point,0.05531914893617021,1.21125,0.4225,0.5775,0.6895522388059702,705,400,False
model,0.82,1.0,1.5,0.2,score_point,0.05531914893617021,1.22375,0.4475,0.5525,0.6696969696969697,705,400,False
model,0.88,0.7,1.5,0.2,score_point,0.05531914893617021,1.226,0.6575,0.3425,0.4756944444444445,705,400,False
model,0.83,1.0,1.5,0.2,score_point,0.05531914893617021,1.2375,0.475,0.525,0.6471494607087828,705,400,False
model,0.92,0.3,1.5,0.2,score_point,0.05531914893617021,1.251,0.7925,0.2075,0.318007662835249,705,400,False
model,0.89,0.7,1.5,0.2,score_point,0.05531914893617021,1.254,0.6925,0.3075,0.43772241992882566,705,400,False
model,0.91,0.5,1.5,0.2,score_point,0.05531914893617021,1.26,0.76,0.24,0.35887850467289717,705,400,False
model,0.92,0.4,1.5,0.2,score_point,0.05531914893617021,1.2717500000000002,0.7925,0.2075,0.318007662835249,705,400,False
model,0.9,0.7,1.5,0.2,score_point,0.05531914893617021,1.2779999999999998,0.7225,0.2775,0.4036363636363636,705,400,False
model,0.91,0.6,1.5,0.2,score_point,0.05531914893617021,1.2839999999999998,0.76,0.24,0.35887850467289717,705,400,False
model,0.93,0.3,1.5,0.2,score_point,0.05531914893617021,1.29,0.825,0.175,0.27504911591355596,705,400,False
model,0.93,0.4,1.5,0.2,score_point,0.05531914893617021,1.3075,0.825,0.175,0.27504911591355596,705,400,False
model,0.91,0.7,1.5,0.2,score_point,0.05531914893617021,1.3079999999999998,0.76,0.24,0.35887850467289717,705,400,False
model,0.94,0.2,1.5,0.2,score_point,0.05531914893617021,1.3375,0.875,0.125,0.20449897750511248,705,400,False
model,0.94,0.3,1.5,0.2,score_point,0.05531914893617021,1.35,0.875,0.125,0.20449897750511248,705,400,False
model,0.94,0.4,1.5,0.2,score_point,0.05531914893617021,1.3625,0.875,0.125,0.20449897750511248,705,400,False
model,0.41,0.3,3.0,0.2,score_point,0.05673758865248227,0.5564999999999999,0.095,0.905,0.9027431421446384,705,400,False
model,0.42,0.3,3.0,0.2,score_point,0.05673758865248227,0.5564999999999999,0.095,0.905,0.9027431421446384,705,400,True
model,0.52,0.2,3.0,0.2,score_point,0.05673758865248227,0.557,0.1275,0.8725,0.8846641318124209,705,400,False
model,0.43,0.3,3.0,0.2,score_point,0.05673758865248227,0.57,0.1,0.9,0.9,705,400,False
model,0.44,0.3,3.0,0.2,score_point,0.05673758865248227,0.57,0.1,0.9,0.9,705,400,False
model,0.53,0.2,3.0,0.2,score_point,0.05673758865248227,0.5710000000000001,0.1325,0.8675,0.8818297331639136,705,400,False
model,0.54,0.2,3.0,0.2,score_point,0.05673758865248227,0.585,0.1375,0.8625,0.8789808917197451,705,400,False
model,0.41,0.4,2.5,0.2,score_point,0.05673758865248227,0.5995000000000001,0.095,0.905,0.9027431421446384,705,400,False
model,0.42,0.4,2.5,0.2,score_point,0.05673758865248227,0.5995000000000001,0.095,0.905,0.9027431421446384,705,400,False
model,0.43,0.4,2.5,0.2,score_point,0.05673758865248227,0.6100000000000001,0.1,0.9,0.9,705,400,False
model,0.44,0.4,2.5,0.2,score_point,0.05673758865248227,0.6100000000000001,0.1,0.9,0.9,705,400,False
model,0.5,0.2,3.5,0.2,score_point,0.05673758865248227,0.6125,0.125,0.875,0.8860759493670887,705,400,False
model,0.29,0.4,3.5,0.2,score_point,0.05673758865248227,0.6170000000000001,0.07,0.93,0.916256157635468,705,400,False
model,0.62,0.2,2.5,0.2,score_point,0.05673758865248227,0.61975,0.1825,0.8175,0.8526727509778357,705,400,False
model,0.27,0.5,2.5,0.2,score_point,0.05673758865248227,0.625,0.0625,0.9375,0.920245398773006,705,400,False
model,0.35,0.4,3.0,0.2,score_point,0.05673758865248227,0.6275000000000002,0.0875,0.9125,0.9068322981366459,705,400,False
model,0.28,0.5,2.5,0.2,score_point,0.05673758865248227,0.63,0.065,0.935,0.9189189189189189,705,400,False
model,0.64,0.3,2.0,0.2,score_point,0.05673758865248227,0.6357499999999999,0.1975,0.8025,0.8436268068331142,705,400,False
model,0.23,0.5,3.0,0.2,score_point,0.05673758865248227,0.6375,0.055,0.945,0.9242053789731052,705,400,False
model,0.19,0.5,3.5,0.2,score_point,0.05673758865248227,0.6425,0.0475,0.9525,0.9281364190012181,705,400,False
model,0.59,0.4,2.0,0.2,score_point,0.05673758865248227,0.664,0.165,0.835,0.8630490956072352,705,400,False
model,0.6,0.4,2.0,0.2,score_point,0.05673758865248227,0.6800000000000002,0.175,0.825,0.8571428571428571,705,400,False
model,0.3,0.6,2.0,0.2,score_point,0.05673758865248227,0.7049999999999998,0.075,0.925,0.9135802469135802,705,400,False
model,0.31,0.6,2.0,0.2,score_point,0.05673758865248227,0.7084999999999999,0.0775,0.9225,0.9122373300370828,705,400,False
model,0.32,0.6,2.0,0.2,score_point,0.05673758865248227,0.7084999999999999,0.0775,0.9225,0.9122373300370828,705,400,False
model,0.33,0.6,2.0,0.2,score_point,0.05673758865248227,0.7119999999999999,0.08,0.92,0.9108910891089109,705,400,False
model,0.34,0.6,2.0,0.2,score_point,0.05673758865248227,0.7119999999999999,0.08,0.92,0.9108910891089109,705,400,False
model,0.08,0.7,2.5,0.2,score_point,0.05673758865248227,0.7315,0.0175,0.9825,0.943577430972389,705,400,False
model,0.06,0.7,3.0,0.2,score_point,0.05673758865248227,0.7344999999999999,0.015,0.985,0.9448441247002398,705,400,False
model,0.05,0.7,3.5,0.2,score_point,0.05673758865248227,0.735,0.0125,0.9875,0.9461077844311377,705,400,False
model,0.09,0.7,2.5,0.2,score_point,0.05673758865248227,0.736,0.02,0.98,0.9423076923076924,705,400,False
model,0.16,0.7,2.0,0.2,score_point,0.05673758865248227,0.74875,0.0375,0.9625,0.9333333333333333,705,400,False
model,0.1,0.9,2.0,0.2,score_point,0.05673758865248227,0.9247500000000002,0.0225,0.9775,0.9410348977135982,705,400,False
model,0.11,0.9,2.0,0.2,score_point,0.05673758865248227,0.9247500000000002,0.0225,0.9775,0.9410348977135982,705,400,False
model,0.12,0.9,2.0,0.2,score_point,0.05673758865248227,0.9247500000000002,0.0225,0.9775,0.9410348977135982,705,400,False
model,0.76,0.7,1.5,0.2,score_point,0.05673758865248227,0.964,0.33,0.67,0.7570621468926553,705,400,False
model,0.77,0.7,1.5,0.2,score_point,0.05673758865248227,0.9719999999999999,0.34,0.66,0.7500000000000001,705,400,False
model,0.78,0.7,1.5,0.2,score_point,0.05673758865248227,0.9839999999999999,0.355,0.645,0.7392550143266476,705,400,False
model,0.72,0.8,1.5,0.2,score_point,0.05673758865248227,0.9855000000000002,0.265,0.735,0.8010899182561307,705,400,False
model,0.73,0.8,1.5,0.2,score_point,0.05673758865248227,0.9907500000000001,0.2725,0.7275,0.7961696306429549,705,400,False
model,0.79,0.7,1.5,0.2,score_point,0.05673758865248227,0.996,0.37,0.63,0.7283236994219653,705,400,False
model,0.74,0.8,1.5,0.2,score_point,0.05673758865248227,1.00475,0.2925,0.7075,0.7828492392807747,705,400,False
model,0.01,1.0,2.5,0.2,score_point,0.05673758865248227,1.0075,0.005,0.995,0.9498806682577566,705,400,False
model,0.03,1.0,2.0,0.2,score_point,0.05673758865248227,1.0075,0.0075,0.9925,0.948626045400239,705,400,False
model,0.75,0.8,1.5,0.2,score_point,0.05673758865248227,1.0135,0.305,0.695,0.7743732590529249,705,400,False
model,0.8,0.7,1.5,0.2,score_point,0.05673758865248227,1.0199999999999998,0.4,0.6,0.7058823529411764,705,400,False
model,0.81,0.7,1.5,0.2,score_point,0.05673758865248227,1.0379999999999998,0.4225,0.5775,0.6885245901639345,705,400,False
model,0.84,0.6,1.5,0.2,score_point,0.05673758865248227,1.0499999999999998,0.5,0.5,0.625,705,400,False
model,0.82,0.7,1.5,0.2,score_point,0.05673758865248227,1.0579999999999998,0.4475,0.5525,0.6686838124054463,705,400,False
model,0.72,0.9,1.5,0.2,score_point,0.05673758865248227,1.0590000000000002,0.265,0.735,0.8010899182561307,705,400,False
model,0.73,0.9,1.5,0.2,score_point,0.05673758865248227,1.0635000000000001,0.2725,0.7275,0.7961696306429549,705,400,False
model,0.74,0.9,1.5,0.2,score_point,0.05673758865248227,1.0755000000000001,0.2925,0.7075,0.7828492392807747,705,400,False
model,0.83,0.7,1.5,0.2,score_point,0.05673758865248227,1.0799999999999998,0.475,0.525,0.6461538461538462,705,400,False
model,0.75,0.9,1.5,0.2,score_point,0.05673758865248227,1.0830000000000002,0.305,0.695,0.7743732590529249,705,400,False
model,0.85,0.6,1.5,0.2,score_point,0.05673758865248227,1.0859999999999999,0.54,0.46,0.5897435897435898,705,400,False
model,0.86,0.6,1.5,0.2,score_point,0.05673758865248227,1.1152499999999999,0.5725,0.4275,0.5597381342062193,705,400,False
model,0.72,1.0,1.5,0.2,score_point,0.05673758865248227,1.1325,0.265,0.735,0.8010899182561307,705,400,False
model,0.73,1.0,1.5,0.2,score_point,0.05673758865248227,1.13625,0.2725,0.7275,0.7961696306429549,705,400,False
model,0.74,1.0,1.5,0.2,score_point,0.05673758865248227,1.14625,0.2925,0.7075,0.7828492392807747,705,400,False
model,0.87,0.6,1.5,0.2,score_point,0.05673758865248227,1.15125,0.6125,0.3875,0.5210084033613446,705,400,False
model,0.75,1.0,1.5,0.2,score_point,0.05673758865248227,1.1525,0.305,0.695,0.7743732590529249,705,400,False
model,0.88,0.6,1.5,0.2,score_point,0.05673758865248227,1.1917499999999999,0.6575,0.3425,0.4748700173310225,705,400,False
model,0.91,0.3,1.5,0.2,score_point,0.05673758865248227,1.2120000000000002,0.76,0.24,0.3582089552238806,705,400,False
model,0.9,0.5,1.5,0.2,score_point,0.05673758865248227,1.2225,0.7225,0.2775,0.4029038112522686,705,400,False
model,0.89,0.6,1.5,0.2,score_point,0.05673758865248227,1.22325,0.6925,0.3075,0.4369449378330373,705,400,False
model,0.91,0.4,1.5,0.2,score_point,0.05673758865248227,1.236,0.76,0.24,0.3582089552238806,705,400,False
model,0.9,0.6,1.5,0.2,score_point,0.05673758865248227,1.2502499999999999,0.7225,0.2775,0.4029038112522686,705,400,False
model,0.93,0.2,1.5,0.2,score_point,0.05673758865248227,1.2725,0.825,0.175,0.27450980392156865,705,400,False
model,0.4,0.3,3.0,0.2,score_point,0.05815602836879433,0.5564999999999999,0.095,0.905,0.9016189290161892,705,400,False
model,0.51,0.2,3.0,0.2,score_point,0.05815602836879433,0.557,0.1275,0.8725,0.8835443037974685,705,400,False
model,0.5,0.3,2.5,0.2,score_point,0.05815602836879433,0.575,0.125,0.875,0.8849557522123893,705,400,False
model,0.36,0.3,3.5,0.2,score_point,0.05815602836879433,0.58,0.0875,0.9125,0.9057071960297767,705,400,False
model,0.48,0.2,3.5,0.2,score_point,0.05815602836879433,0.58775,0.1175,0.8825,0.889168765743073,705,400,False
model,0.4,0.4,2.5,0.2,score_point,0.05815602836879433,0.5995000000000001,0.095,0.905,0.9016189290161892,705,400,False
model,0.49,0.2,3.5,0.2,score_point,0.05815602836879433,0.6042500000000001,0.1225,0.8775,0.8863636363636364,705,400,False
model,0.33,0.4,3.0,0.2,score_point,0.05815602836879433,0.6080000000000001,0.08,0.92,0.9097651421508035,705,400,False
model,0.34,0.4,3.0,0.2,score_point,0.05815602836879433,0.6080000000000001,0.08,0.92,0.9097651421508035,705,400,False
model,0.63,0.3,2.0,0.2,score_point,0.05815602836879433,0.61025,0.1825,0.8175,0.8515625000000001,705,400,False
model,0.61,0.2,2.5,0.2,score_point,0.05815602836879433,0.614,0.18,0.82,0.8530559167750326,705,400,False
model,0.26,0.5,2.5,0.2,score_point,0.05815602836879433,0.62,0.06,0.94,0.9204406364749081,705,400,False
model,0.37,0.5,2.0,0.2,score_point,0.05815602836879433,0.635,0.09,0.91,0.9043478260869565,705,400,False
model,0.38,0.5,2.0,0.2,score_point,0.05815602836879433,0.635,0.09,0.91,0.9043478260869565,705,400,False
model,0.39,0.5,2.0,0.2,score_point,0.05815602836879433,0.6425,0.095,0.905,0.9016189290161892,705,400,False
model,0.4,0.5,2.0,0.2,score_point,0.05815602836879433,0.6425,0.095,0.905,0.9016189290161892,705,400,False
model,0.41,0.5,2.0,0.2,score_point,0.05815602836879433,0.6425,0.095,0.905,0.9016189290161892,705,400,False
model,0.42,0.5,2.0,0.2,score_point,0.05815602836879433,0.6425,0.095,0.905,0.9016189290161892,705,400,False
model,0.58,0.4,2.0,0.2,score_point,0.05815602836879433,0.6480000000000001,0.155,0.845,0.8677792041078306,705,400,False
model,0.43,0.5,2.0,0.2,score_point,0.05815602836879433,0.65,0.1,0.9,0.8988764044943821,705,400,False
model,0.44,0.5,2.0,0.2,score_point,0.05815602836879433,0.65,0.1,0.9,0.8988764044943821,705,400,False
model,0.17,0.6,2.5,0.2,score_point,0.05815602836879433,0.67125,0.0375,0.9625,0.9322033898305085,705,400,False
model,0.15,0.6,3.0,0.2,score_point,0.05815602836879433,0.6839999999999999,0.035,0.965,0.9334945586457074,705,400,False
model,0.18,0.6,2.5,0.2,score_point,0.05815602836879433,0.6854999999999998,0.045,0.955,0.928311057108141,705,400,False
model,0.29,0.6,2.0,0.2,score_point,0.05815602836879433,0.6979999999999998,0.07,0.93,0.9151291512915128,705,400,False
model,0.04,0.7,3.5,0.2,score_point,0.05815602836879433,0.7280000000000001,0.01,0.99,0.946236559139785,705,400,False
model,0.15,0.7,2.0,0.2,score_point,0.05815602836879433,0.7455000000000002,0.035,0.965,0.9334945586457074,705,400,False
model,0.13,0.8,2.0,0.2,score_point,0.05815602836879433,0.8330000000000001,0.0275,0.9725,0.9373493975903614,705,400,False
model,0.14,0.8,2.0,0.2,score_point,0.05815602836879433,0.836,0.03,0.97,0.9360675512665863,705,400,False
model,0.76,0.6,1.5,0.2,score_point,0.05815602836879433,0.8969999999999999,0.33,0.67,0.7559943582510579,705,400,False
model,0.77,0.6,1.5,0.2,score_point,0.05815602836879433,0.9059999999999999,0.34,0.66,0.7489361702127659,705,400,False
model,0.72,0.7,1.5,0.2,score_point,0.05815602836879433,0.9119999999999999,0.265,0.735,0.8,705,400,False
model,0.73,0.7,1.5,0.2,score_point,0.05815602836879433,0.9179999999999998,0.2725,0.7275,0.7950819672131147,705,400,False
model,0.08,0.9,2.0,0.2,score_point,0.05815602836879433,0.9192500000000001,0.0175,0.9825,0.9424460431654678,705,400,False
model,0.78,0.6,1.5,0.2,score_point,0.05815602836879433,0.9194999999999999,0.355,0.645,0.7381974248927039,705,400,False
model,0.09,0.9,2.0,0.2,score_point,0.05815602836879433,0.9220000000000002,0.02,0.98,0.9411764705882352,705,400,False
model,0.79,0.6,1.5,0.2,score_point,0.05815602836879433,0.9329999999999998,0.37,0.63,0.7272727272727273,705,400,False
model,0.74,0.7,1.5,0.2,score_point,0.05815602836879433,0.9339999999999999,0.2925,0.7075,0.7817679558011049,705,400,False
model,0.75,0.7,1.5,0.2,score_point,0.05815602836879433,0.944,0.305,0.695,0.7732962447844227,705,400,False
model,0.8,0.6,1.5,0.2,score_point,0.05815602836879433,0.96,0.4,0.6,0.7048458149779736,705,400,False
model,0.81,0.6,1.5,0.2,score_point,0.05815602836879433,0.9802500000000001,0.4225,0.5775,0.6875,705,400,False
model,0.82,0.6,1.5,0.2,score_point,0.05815602836879433,1.0027499999999998,0.4475,0.5525,0.6676737160120846,705,400,False
model,0.83,0.6,1.5,0.2,score_point,0.05815602836879433,1.0274999999999999,0.475,0.525,0.6451612903225807,705,400,False
model,0.9,0.3,1.5,0.2,score_point,0.05815602836879433,1.167,0.7225,0.2775,0.4021739130434783,705,400,False
model,0.89,0.5,1.5,0.2,score_point,0.05815602836879433,1.1925,0.6925,0.3075,0.4361702127659574,705,400,False
model,0.9,0.4,1.5,0.2,score_point,0.05815602836879433,1.19475,0.7225,0.2775,0.4021739130434783,705,400,False
model,0.92,0.2,1.5,0.2,score_point,0.05815602836879433,1.2302499999999998,0.7925,0.2075,0.31679389312977096,705,400,False
model,0.37,0.3,3.0,0.2,score_point,0.059574468085106386,0.5429999999999999,0.09,0.91,0.9032258064516129,705,400,False
model,0.38,0.3,3.0,0.2,score_point,0.059574468085106386,0.5429999999999999,0.09,0.91,0.9032258064516129,705,400,True
model,0.45,0.2,3.5,0.2,score_point,0.059574468085106386,0.55475,0.1075,0.8925,0.8936170212765957,705,400,False
model,0.39,0.3,3.0,0.2,score_point,0.059574468085106386,0.5564999999999999,0.095,0.905,0.9004975124378108,705,400,False
model,0.48,0.3,2.5,0.2,score_point,0.059574468085106386,0.5585,0.1175,0.8825,0.8880503144654088,705,400,False
model,0.49,0.3,2.5,0.2,score_point,0.059574468085106386,0.5695,0.1225,0.8775,0.8852459016393442,705,400,False
model,0.46,0.2,3.5,0.2,score_point,0.059574468085106386,0.57125,0.1125,0.8875,0.890840652446675,705,400,False
model,0.47,0.2,3.5,0.2,score_point,0.059574468085106386,0.5794999999999999,0.115,0.885,0.8894472361809046,705,400,False
model,0.59,0.2,2.5,0.2,score_point,0.059574468085106386,0.5795,0.165,0.835,0.8608247422680413,705,400,False
model,0.35,0.3,3.5,0.2,score_point,0.059574468085106386,0.58,0.0875,0.9125,0.9045848822800495,705,400,False
model,0.37,0.4,2.5,0.2,score_point,0.059574468085106386,0.5890000000000001,0.09,0.91,0.9032258064516129,705,400,False
model,0.38,0.4,2.5,0.2,score_point,0.059574468085106386,0.5890000000000001,0.09,0.91,0.9032258064516129,705,400,False
model,0.3,0.4,3.0,0.2,score_point,0.059574468085106386,0.5950000000000002,0.075,0.925,0.9113300492610837,705,400,False
model,0.39,0.4,2.5,0.2,score_point,0.059574468085106386,0.5995000000000001,0.095,0.905,0.9004975124378108,705,400,False
model,0.31,0.4,3.0,0.2,score_point,0.059574468085106386,0.6015000000000001,0.0775,0.9225,0.9099876695437731,705,400,False
model,0.32,0.4,3.0,0.2,score_point,0.059574468085106386,0.6015000000000001,0.0775,0.9225,0.9099876695437731,705,400,False
model,0.6,0.2,2.5,0.2,score_point,0.059574468085106386,0.6025,0.175,0.825,0.8549222797927462,705,400,False
model,0.62,0.3,2.0,0.2,score_point,0.059574468085106386,0.61025,0.1825,0.8175,0.8504551365409624,705,400,False
model,0.24,0.5,2.5,0.2,score_point,0.059574468085106386,0.615,0.0575,0.9425,0.9206349206349207,705,400,False
model,0.25,0.5,2.5,0.2,score_point,0.059574468085106386,0.615,0.0575,0.9425,0.9206349206349207,705,400,False
model,0.2,0.5,3.0,0.2,score_point,0.059574468085106386,0.61875,0.0475,0.9525,0.9258809234507898,705,400,False
model,0.21,0.5,3.0,0.2,score_point,0.059574468085106386,0.61875,0.0475,0.9525,0.9258809234507898,705,400,False
model,0.55,0.4,2.0,0.2,score_point,0.059574468085106386,0.62,0.1375,0.8625,0.8767471410419314,705,400,False
model,0.56,0.4,2.0,0.2,score_point,0.059574468085106386,0.6240000000000001,0.14,0.86,0.8753180661577609,705,400,False
model,0.22,0.5,3.0,0.2,score_point,0.059574468085106386,0.63125,0.0525,0.9475,0.92326431181486,705,400,False
model,0.57,0.4,2.0,0.2,score_point,0.059574468085106386,0.6360000000000001,0.1475,0.8525,0.8710089399744572,705,400,False
model,0.7,0.2,2.0,0.2,score_point,0.059574468085106386,0.6500000000000001,0.25,0.75,0.8086253369272236,705,400,False
model,0.71,0.2,2.0,0.2,score_point,0.059574468085106386,0.6635,0.2575,0.7425,0.803788903924222,705,400,False
model,0.13,0.6,3.5,0.2,score_point,0.059574468085106386,0.67975,0.0275,0.9725,0.9362214199759326,705,400,False
model,0.26,0.6,2.0,0.2,score_point,0.059574468085106386,0.6839999999999997,0.06,0.94,0.9193154034229829,705,400,False
model,0.14,0.6,3.5,0.2,score_point,0.059574468085106386,0.6869999999999998,0.03,0.97,0.9349397590361446,705,400,False
model,0.27,0.6,2.0,0.2,score_point,0.059574468085106386,0.6874999999999999,0.0625,0.9375,0.9179926560587515,705,400,False
model,0.28,0.6,2.0,0.2,score_point,0.059574468085106386,0.691,0.065,0.935,0.9166666666666667,705,400,False
model,0.05,0.7,3.0,0.2,score_point,0.059574468085106386,0.72875,0.0125,0.9875,0.943847072879331,705,400,False
model,0.07,0.7,2.5,0.2,score_point,0.059574468085106386,0.7315,0.0175,0.9825,0.9413173652694611,705,400,False
model,0.03,0.8,2.5,0.2,score_point,0.059574468085106386,0.8127500000000001,0.0075,0.9925,0.9463647199046484,705,400,False
model,0.02,0.8,3.5,0.2,score_point,0.059574468085106386,0.8134999999999999,0.005,0.995,0.9476190476190477,705,400,False
model,0.1,0.8,2.0,0.2,score_point,0.059574468085106386,0.8270000000000001,0.0225,0.9775,0.9387755102040816,705,400,False
model,0.11,0.8,2.0,0.2,score_point,0.059574468085106386,0.8270000000000001,0.0225,0.9775,0.9387755102040816,705,400,False
model,0.12,0.8,2.0,0.2,score_point,0.059574468085106386,0.8270000000000001,0.0225,0.9775,0.9387755102040816,705,400,False
model,0.72,0.6,1.5,0.2,score_point,0.059574468085106386,0.8384999999999999,0.265,0.735,0.7989130434782609,705,400,False
model,0.73,0.6,1.5,0.2,score_point,0.059574468085106386,0.84525,0.2725,0.7275,0.7939972714870396,705,400,False
model,0.74,0.6,1.5,0.2,score_point,0.059574468085106386,0.8632499999999999,0.2925,0.7075,0.7806896551724138,705,400,False
model,0.75,0.6,1.5,0.2,score_point,0.059574468085106386,0.8744999999999998,0.305,0.695,0.7722222222222221,705,400,False
model,0.04,0.9,2.0,0.2,score_point,0.059574468085106386,0.9110000000000003,0.01,0.99,0.9451073985680191,705,400,False
model,0.05,0.9,2.0,0.2,score_point,0.059574468085106386,0.9137500000000002,0.0125,0.9875,0.943847072879331,705,400,False
model,0.06,0.9,2.0,0.2,score_point,0.059574468085106386,0.9165000000000002,0.015,0.985,0.9425837320574162,705,400,False
model,0.07,0.9,2.0,0.2,score_point,0.059574468085106386,0.9192500000000001,0.0175,0.9825,0.9413173652694611,705,400,False
model,0.69,0.8,1.5,0.2,score_point,0.059574468085106386,0.9627500000000002,0.2325,0.7675,0.8197596795727637,705,400,False
model,0.7,0.8,1.5,0.2,score_point,0.059574468085106386,0.9750000000000001,0.25,0.75,0.8086253369272236,705,400,False
model,0.71,0.8,1.5,0.2,score_point,0.059574468085106386,0.9802500000000001,0.2575,0.7425,0.803788903924222,705,400,False
model,0.84,0.5,1.5,0.2,score_point,0.059574468085106386,1.0,0.5,0.5,0.6230529595015577,705,400,False
model,0.69,0.9,1.5,0.2,score_point,0.059574468085106386,1.0395,0.2325,0.7675,0.8197596795727637,705,400,False
model,0.85,0.5,1.5,0.2,score_point,0.059574468085106386,1.04,0.54,0.46,0.5878594249201278,705,400,False
model,0.7,0.9,1.5,0.2,score_point,0.059574468085106386,1.05,0.25,0.75,0.8086253369272236,705,400,False
model,0.71,0.9,1.5,0.2,score_point,0.059574468085106386,1.0545000000000002,0.2575,0.7425,0.803788903924222,705,400,False
model,0.86,0.5,1.5,0.2,score_point,0.059574468085106386,1.0725,0.5725,0.4275,0.5579119086460033,705,400,False
model,0.87,0.5,1.5,0.2,score_point,0.059574468085106386,1.1125,0.6125,0.3875,0.5192629815745394,705,400,False
model,0.69,1.0,1.5,0.2,score_point,0.059574468085106386,1.11625,0.2325,0.7675,0.8197596795727637,705,400,False
model,0.7,1.0,1.5,0.2,score_point,0.059574468085106386,1.125,0.25,0.75,0.8086253369272236,705,400,False
model,0.71,1.0,1.5,0.2,score_point,0.059574468085106386,1.12875,0.2575,0.7425,0.803788903924222,705,400,False
model,0.88,0.5,1.5,0.2,score_point,0.059574468085106386,1.1575,0.6575,0.3425,0.4732297063903283,705,400,False
model,0.89,0.4,1.5,0.2,score_point,0.059574468085106386,1.16175,0.6925,0.3075,0.43539823008849554,705,400,False
model,0.91,0.2,1.5,0.2,score_point,0.059574468085106386,1.1879999999999997,0.76,0.24,0.35687732342007433,705,400,False
model,0.45,0.3,2.5,0.2,score_point,0.06099290780141844,0.5365,0.1075,0.8925,0.8925,705,400,True
model,0.46,0.3,2.5,0.2,score_point,0.06099290780141844,0.5474999999999999,0.1125,0.8875,0.8897243107769425,705,400,False
model,0.5,0.2,3.0,0.2,score_point,0.06099290780141844,0.55,0.125,0.875,0.8827238335435056,705,400,False
model,0.47,0.3,2.5,0.2,score_point,0.06099290780141844,0.5529999999999999,0.115,0.885,0.8883312421580928,705,400,False
model,0.33,0.3,3.5,0.2,score_point,0.06099290780141844,0.5559999999999999,0.08,0.92,0.907521578298397,705,400,False
model,0.34,0.3,3.5,0.2,score_point,0.06099290780141844,0.5559999999999999,0.08,0.92,0.907521578298397,705,400,False
model,0.58,0.2,2.5,0.2,score_point,0.06099290780141844,0.5565000000000001,0.155,0.845,0.8655569782330346,705,400,False
model,0.29,0.4,3.0,0.2,score_point,0.06099290780141844,0.5820000000000001,0.07,0.93,0.912883435582822,705,400,False
model,0.27,0.4,3.5,0.2,score_point,0.06099290780141844,0.5937500000000001,0.0625,0.9375,0.9168704156479217,705,400,False
model,0.28,0.4,3.5,0.2,score_point,0.06099290780141844,0.6015,0.065,0.935,0.9155446756425949,705,400,False
model,0.51,0.4,2.0,0.2,score_point,0.06099290780141844,0.6040000000000001,0.1275,0.8725,0.8813131313131313,705,400,False
model,0.52,0.4,2.0,0.2,score_point,0.06099290780141844,0.6040000000000001,0.1275,0.8725,0.8813131313131313,705,400,False
model,0.61,0.3,2.0,0.2,score_point,0.06099290780141844,0.606,0.18,0.82,0.8508430609597925,705,400,False
model,0.53,0.4,2.0,0.2,score_point,0.06099290780141844,0.6120000000000001,0.1325,0.8675,0.8784810126582278,705,400,False
model,0.17,0.5,3.5,0.2,score_point,0.06099290780141844,0.6125,0.0375,0.9625,0.9299516908212561,705,400,False
model,0.19,0.5,3.0,0.2,score_point,0.06099290780141844,0.61875,0.0475,0.9525,0.924757281553398,705,400,False
model,0.54,0.4,2.0,0.2,score_point,0.06099290780141844,0.62,0.1375,0.8625,0.8756345177664975,705,400,False
model,0.36,0.5,2.0,0.2,score_point,0.06099290780141844,0.63125,0.0875,0.9125,0.9034653465346535,705,400,False
model,0.18,0.5,3.5,0.2,score_point,0.06099290780141844,0.635,0.045,0.955,0.9260606060606061,705,400,False
model,0.11,0.6,3.5,0.2,score_point,0.06099290780141844,0.6652499999999998,0.0225,0.9775,0.9376498800959233,705,400,False
model,0.12,0.6,3.5,0.2,score_point,0.06099290780141844,0.6652499999999998,0.0225,0.9775,0.9376498800959233,705,400,False
model,0.16,0.6,2.5,0.2,score_point,0.06099290780141844,0.67125,0.0375,0.9625,0.9299516908212561,705,400,False
model,0.24,0.6,2.0,0.2,score_point,0.06099290780141844,0.6804999999999999,0.0575,0.9425,0.9195121951219513,705,400,False
model,0.25,0.6,2.0,0.2,score_point,0.06099290780141844,0.6804999999999999,0.0575,0.9425,0.9195121951219513,705,400,False
model,0.04,0.7,3.0,0.2,score_point,0.06099290780141844,0.7230000000000001,0.01,0.99,0.9439809296781884,705,400,False
model,0.08,0.8,2.0,0.2,score_point,0.06099290780141844,0.821,0.0175,0.9825,0.9401913875598086,705,400,False
model,0.09,0.8,2.0,0.2,score_point,0.06099290780141844,0.8240000000000001,0.02,0.98,0.9389221556886228,705,400,False
model,0.69,0.7,1.5,0.2,score_point,0.06099290780141844,0.8859999999999998,0.2325,0.7675,0.8186666666666667,705,400,False
model,0.7,0.7,1.5,0.2,score_point,0.06099290780141844,0.8999999999999999,0.25,0.75,0.8075370121130551,705,400,False
model,0.8,0.5,1.5,0.2,score_point,0.06099290780141844,0.9,0.4,0.6,0.7027818448023426,705,400,False
model,0.71,0.7,1.5,0.2,score_point,0.06099290780141844,0.9059999999999999,0.2575,0.7425,0.8027027027027027,705,400,False
model,0.02,0.9,2.5,0.2,score_point,0.06099290780141844,0.9080000000000001,0.005,0.995,0.9464922711058263,705,400,False
model,0.01,0.9,3.0,0.2,score_point,0.06099290780141844,0.9105000000000001,0.005,0.995,0.9464922711058263,705,400,False
model,0.01,0.9,3.5,0.2,score_point,0.06099290780141844,0.9130000000000001,0.005,0.995,0.9464922711058263,705,400,False
model,0.81,0.5,1.5,0.2,score_point,0.06099290780141844,0.9225,0.4225,0.5775,0.685459940652819,705,400,False
model,0.63,0.8,1.5,0.2,score_point,0.06099290780141844,0.9277500000000001,0.1825,0.8175,0.8493506493506494,705,400,False
model,0.64,0.8,1.5,0.2,score_point,0.06099290780141844,0.9382500000000001,0.1975,0.8025,0.8403141361256544,705,400,False
model,0.65,0.8,1.5,0.2,score_point,0.06099290780141844,0.94525,0.2075,0.7925,0.8342105263157895,705,400,False
model,0.82,0.5,1.5,0.2,score_point,0.06099290780141844,0.9475,0.4475,0.5525,0.6656626506024097,705,400,False
model,0.66,0.8,1.5,0.2,score_point,0.06099290780141844,0.9505000000000001,0.215,0.785,0.8295904887714662,705,400,False
model,0.67,0.8,1.5,0.2,score_point,0.06099290780141844,0.95575,0.2225,0.7775,0.8249336870026525,705,400,False
model,0.68,0.8,1.5,0.2,score_point,0.06099290780141844,0.9575,0.225,0.775,0.8233731739707835,705,400,False
model,0.83,0.5,1.5,0.2,score_point,0.06099290780141844,0.975,0.475,0.525,0.6431852986217458,705,400,False
model,0.02,1.0,2.0,0.2,score_point,0.06099290780141844,1.005,0.005,0.995,0.9464922711058263,705,400,False
model,0.63,0.9,1.5,0.2,score_point,0.06099290780141844,1.0095,0.1825,0.8175,0.8493506493506494,705,400,False
model,0.64,0.9,1.5,0.2,score_point,0.06099290780141844,1.0185000000000002,0.1975,0.8025,0.8403141361256544,705,400,False
model,0.65,0.9,1.5,0.2,score_point,0.06099290780141844,1.0245000000000002,0.2075,0.7925,0.8342105263157895,705,400,False
model,0.66,0.9,1.5,0.2,score_point,0.06099290780141844,1.0290000000000001,0.215,0.785,0.8295904887714662,705,400,False
model,0.67,0.9,1.5,0.2,score_point,0.06099290780141844,1.0335000000000003,0.2225,0.7775,0.8249336870026525,705,400,False
model,0.68,0.9,1.5,0.2,score_point,0.06099290780141844,1.0350000000000001,0.225,0.775,0.8233731739707835,705,400,False
model,0.63,1.0,1.5,0.2,score_point,0.06099290780141844,1.09125,0.1825,0.8175,0.8493506493506494,705,400,False
model,0.64,1.0,1.5,0.2,score_point,0.06099290780141844,1.09875,0.1975,0.8025,0.8403141361256544,705,400,False
model,0.65,1.0,1.5,0.2,score_point,0.06099290780141844,1.10375,0.2075,0.7925,0.8342105263157895,705,400,False
model,0.66,1.0,1.5,0.2,score_point,0.06099290780141844,1.1075,0.215,0.785,0.8295904887714662,705,400,False
model,0.67,1.0,1.5,0.2,score_point,0.06099290780141844,1.11125,0.2225,0.7775,0.8249336870026525,705,400,False
model,0.68,1.0,1.5,0.2,score_point,0.06099290780141844,1.1125,0.225,0.775,0.8233731739707835,705,400,False
model,0.88,0.4,1.5,0.2,score_point,0.06099290780141844,1.12325,0.6575,0.3425,0.47241379310344833,705,400,False
model,0.89,0.3,1.5,0.2,score_point,0.06099290780141844,1.131,0.6925,0.3075,0.4346289752650177,705,400,False
model,0.9,0.2,1.5,0.2,score_point,0.06099290780141844,1.1392499999999999,0.7225,0.2775,0.40072202166064985,705,400,False
model,0.41,0.2,3.5,0.2,score_point,0.062411347517730496,0.5135,0.095,0.905,0.8982630272952853,705,400,False
model,0.42,0.2,3.5,0.2,score_point,0.062411347517730496,0.5135,0.095,0.905,0.8982630272952853,705,400,True
model,0.55,0.2,2.5,0.2,score_point,0.062411347517730496,0.5162500000000001,0.1375,0.8625,0.8745247148288974,705,400,False
model,0.56,0.2,2.5,0.2,score_point,0.062411347517730496,0.522,0.14,0.86,0.8730964467005077,705,400,False
model,0.48,0.2,3.0,0.2,score_point,0.062411347517730496,0.529,0.1175,0.8825,0.8858218318695107,705,400,False
model,0.43,0.2,3.5,0.2,score_point,0.062411347517730496,0.53,0.1,0.9,0.8955223880597015,705,400,False
model,0.44,0.2,3.5,0.2,score_point,0.062411347517730496,0.53,0.1,0.9,0.8955223880597015,705,400,False
model,0.36,0.3,3.0,0.2,score_point,0.062411347517730496,0.53625,0.0875,0.9125,0.9023485784919654,705,400,False
model,0.57,0.2,2.5,0.2,score_point,0.062411347517730496,0.53925,0.1475,0.8525,0.8687898089171975,705,400,False
model,0.49,0.2,3.0,0.2,score_point,0.062411347517730496,0.543,0.1225,0.8775,0.8830188679245283,705,400,False
model,0.59,0.3,2.0,0.2,score_point,0.062411347517730496,0.5805,0.165,0.835,0.858611825192802,705,400,False
model,0.36,0.4,2.5,0.2,score_point,0.062411347517730496,0.5837500000000001,0.0875,0.9125,0.9023485784919654,705,400,False
model,0.26,0.4,3.5,0.2,score_point,0.062411347517730496,0.5860000000000001,0.06,0.94,0.9170731707317075,705,400,False
model,0.6,0.3,2.0,0.2,score_point,0.062411347517730496,0.5975,0.175,0.825,0.8527131782945736,705,400,False
model,0.23,0.5,2.5,0.2,score_point,0.062411347517730496,0.61,0.055,0.945,0.9197080291970804,705,400,False
model,0.69,0.2,2.0,0.2,score_point,0.062411347517730496,0.6185,0.2325,0.7675,0.8175765645805593,705,400,False
model,0.35,0.5,2.0,0.2,score_point,0.062411347517730496,0.63125,0.0875,0.9125,0.9023485784919654,705,400,False
model,0.1,0.6,3.5,0.2,score_point,0.062411347517730496,0.6652499999999998,0.0225,0.9775,0.9365269461077843,705,400,False
model,0.13,0.6,3.0,0.2,score_point,0.062411347517730496,0.6659999999999999,0.0275,0.9725,0.9339735894357742,705,400,False
model,0.14,0.6,3.0,0.2,score_point,0.062411347517730496,0.6719999999999999,0.03,0.97,0.9326923076923077,705,400,False
model,0.23,0.6,2.0,0.2,score_point,0.062411347517730496,0.6769999999999999,0.055,0.945,0.9197080291970804,705,400,False
model,0.06,0.7,2.5,0.2,score_point,0.062411347517730496,0.7269999999999999,0.015,0.985,0.9403341288782816,705,400,False
model,0.13,0.7,2.0,0.2,score_point,0.062411347517730496,0.73575,0.0275,0.9725,0.9339735894357742,705,400,False
model,0.14,0.7,2.0,0.2,score_point,0.062411347517730496,0.7390000000000001,0.03,0.97,0.9326923076923077,705,400,False
model,0.69,0.6,1.5,0.2,score_point,0.062411347517730496,0.8092499999999998,0.2325,0.7675,0.8175765645805593,705,400,False
model,0.02,0.8,3.0,0.2,score_point,0.062411347517730496,0.8109999999999999,0.005,0.995,0.9453681710213777,705,400,False
model,0.06,0.8,2.0,0.2,score_point,0.062411347517730496,0.8180000000000001,0.015,0.985,0.9403341288782816,705,400,False
model,0.07,0.8,2.0,0.2,score_point,0.062411347517730496,0.821,0.0175,0.9825,0.9390681003584229,705,400,False
model,0.7,0.6,1.5,0.2,score_point,0.062411347517730496,0.825,0.25,0.75,0.8064516129032259,705,400,False
model,0.76,0.5,1.5,0.2,score_point,0.062411347517730496,0.83,0.33,0.67,0.7528089887640449,705,400,False
model,0.71,0.6,1.5,0.2,score_point,0.062411347517730496,0.8317499999999999,0.2575,0.7425,0.8016194331983806,705,400,False
model,0.77,0.5,1.5,0.2,score_point,0.062411347517730496,0.84,0.34,0.66,0.7457627118644068,705,400,False
model,0.78,0.5,1.5,0.2,score_point,0.062411347517730496,0.855,0.355,0.645,0.735042735042735,705,400,False
model,0.64,0.7,1.5,0.2,score_point,0.062411347517730496,0.8579999999999999,0.1975,0.8025,0.8392156862745098,705,400,False
model,0.65,0.7,1.5,0.2,score_point,0.062411347517730496,0.866,0.2075,0.7925,0.8331143232588699,705,400,False
model,0.79,0.5,1.5,0.2,score_point,0.062411347517730496,0.87,0.37,0.63,0.7241379310344829,705,400,False
model,0.66,0.7,1.5,0.2,score_point,0.062411347517730496,0.8719999999999999,0.215,0.785,0.8284960422163589,705,400,False
model,0.67,0.7,1.5,0.2,score_point,0.062411347517730496,0.878,0.2225,0.7775,0.823841059602649,705,400,False
model,0.68,0.7,1.5,0.2,score_point,0.062411347517730496,0.88,0.225,0.775,0.8222811671087533,705,400,False
model,0.59,0.8,1.5,0.2,score_point,0.062411347517730496,0.9155000000000001,0.165,0.835,0.858611825192802,705,400,False
model,0.6,0.8,1.5,0.2,score_point,0.062411347517730496,0.9225000000000001,0.175,0.825,0.8527131782945736,705,400,False
model,0.61,0.8,1.5,0.2,score_point,0.062411347517730496,0.926,0.18,0.82,0.849740932642487,705,400,False
model,0.62,0.8,1.5,0.2,score_point,0.062411347517730496,0.9277500000000001,0.1825,0.8175,0.8482490272373541,705,400,False
model,0.84,0.4,1.5,0.2,score_point,0.062411347517730496,0.9500000000000002,0.5,0.5,0.6211180124223602,705,400,False
model,0.85,0.4,1.5,0.2,score_point,0.062411347517730496,0.9940000000000001,0.54,0.46,0.5859872611464968,705,400,False
model,0.59,0.9,1.5,0.2,score_point,0.062411347517730496,0.9990000000000001,0.165,0.835,0.858611825192802,705,400,False
model,0.6,0.9,1.5,0.2,score_point,0.062411347517730496,1.0050000000000001,0.175,0.825,0.8527131782945736,705,400,False
model,0.61,0.9,1.5,0.2,score_point,0.062411347517730496,1.008,0.18,0.82,0.849740932642487,705,400,False
model,0.62,0.9,1.5,0.2,score_point,0.062411347517730496,1.0095,0.1825,0.8175,0.8482490272373541,705,400,False
model,0.86,0.4,1.5,0.2,score_point,0.062411347517730496,1.0297500000000002,0.5725,0.4275,0.5560975609756097,705,400,False
model,0.87,0.4,1.5,0.2,score_point,0.062411347517730496,1.07375,0.6125,0.3875,0.5175292153589316,705,400,False
model,0.59,1.0,1.5,0.2,score_point,0.062411347517730496,1.0825,0.165,0.835,0.858611825192802,705,400,False
model,0.6,1.0,1.5,0.2,score_point,0.062411347517730496,1.0875,0.175,0.825,0.8527131782945736,705,400,False
model,0.88,0.3,1.5,0.2,score_point,0.062411347517730496,1.089,0.6575,0.3425,0.4716006884681584,705,400,False
model,0.61,1.0,1.5,0.2,score_point,0.062411347517730496,1.09,0.18,0.82,0.849740932642487,705,400,False
model,0.62,1.0,1.5,0.2,score_point,0.062411347517730496,1.09125,0.1825,0.8175,0.8482490272373541,705,400,False
model,0.52,0.2,2.5,0.2,score_point,0.06382978723404255,0.49325,0.1275,0.8725,0.8790931989924434,705,400,True
model,0.45,0.2,3.0,0.2,score_point,0.06382978723404255,0.501,0.1075,0.8925,0.8902743142144639,705,400,False
model,0.53,0.2,2.5,0.2,score_point,0.06382978723404255,0.50475,0.1325,0.8675,0.8762626262626263,705,400,False
model,0.41,0.3,2.5,0.2,score_point,0.06382978723404255,0.5089999999999999,0.095,0.905,0.8971499380421314,705,400,False
model,0.42,0.3,2.5,0.2,score_point,0.06382978723404255,0.5089999999999999,0.095,0.905,0.8971499380421314,705,400,False
model,0.4,0.2,3.5,0.2,score_point,0.06382978723404255,0.5135,0.095,0.905,0.8971499380421314,705,400,False
model,0.46,0.2,3.0,0.2,score_point,0.06382978723404255,0.515,0.1125,0.8875,0.8875,705,400,False
model,0.54,0.2,2.5,0.2,score_point,0.06382978723404255,0.5162500000000001,0.1375,0.8625,0.8734177215189874,705,400,False
model,0.43,0.3,2.5,0.2,score_point,0.06382978723404255,0.52,0.1,0.9,0.8944099378881988,705,400,False
model,0.44,0.3,2.5,0.2,score_point,0.06382978723404255,0.52,0.1,0.9,0.8944099378881988,705,400,False
model,0.47,0.2,3.0,0.2,score_point,0.06382978723404255,0.522,0.115,0.885,0.8861076345431789,705,400,False
model,0.35,0.3,3.0,0.2,score_point,0.06382978723404255,0.53625,0.0875,0.9125,0.9012345679012346,705,400,False
model,0.3,0.3,3.5,0.2,score_point,0.06382978723404255,0.5399999999999999,0.075,0.925,0.9079754601226994,705,400,False
model,0.31,0.3,3.5,0.2,score_point,0.06382978723404255,0.5479999999999999,0.0775,0.9225,0.9066339066339066,705,400,False
model,0.32,0.3,3.5,0.2,score_point,0.06382978723404255,0.5479999999999999,0.0775,0.9225,0.9066339066339066,705,400,False
model,0.58,0.3,2.0,0.2,score_point,0.06382978723404255,0.5634999999999999,0.155,0.845,0.8633461047254151,705,400,False
model,0.65,0.2,2.0,0.2,score_point,0.06382978723404255,0.5735000000000001,0.2075,0.7925,0.8320209973753282,705,400,False
model,0.25,0.4,3.5,0.2,score_point,0.06382978723404255,0.57825,0.0575,0.9425,0.9172749391727495,705,400,False
model,0.35,0.4,2.5,0.2,score_point,0.06382978723404255,0.5837500000000001,0.0875,0.9125,0.9012345679012346,705,400,False
model,0.66,0.2,2.0,0.2,score_point,0.06382978723404255,0.5870000000000001,0.215,0.785,0.8274044795783927,705,400,False
model,0.17,0.5,3.0,0.2,score_point,0.06382978723404255,0.59375,0.0375,0.9625,0.927710843373494,705,400,False
model,0.5,0.4,2.0,0.2,score_point,0.06382978723404255,0.6000000000000001,0.125,0.875,0.8805031446540881,705,400,False
model,0.67,0.2,2.0,0.2,score_point,0.06382978723404255,0.6005,0.2225,0.7775,0.8227513227513227,705,400,False
model,0.68,0.2,2.0,0.2,score_point,0.06382978723404255,0.6050000000000001,0.225,0.775,0.8211920529801324,705,400,False
model,0.16,0.5,3.5,0.2,score_point,0.06382978723404255,0.6125,0.0375,0.9625,0.927710843373494,705,400,False
model,0.18,0.5,3.0,0.2,score_point,0.06382978723404255,0.6125,0.045,0.955,0.9238210399032648,705,400,False
model,0.3,0.5,2.0,0.2,score_point,0.06382978723404255,0.6125,0.075,0.925,0.9079754601226994,705,400,False
model,0.31,0.5,2.0,0.2,score_point,0.06382978723404255,0.61625,0.0775,0.9225,0.9066339066339066,705,400,False
model,0.32,0.5,2.0,0.2,score_point,0.06382978723404255,0.61625,0.0775,0.9225,0.9066339066339066,705,400,False
model,0.33,0.5,2.0,0.2,score_point,0.06382978723404255,0.62,0.08,0.92,0.905289052890529,705,400,False
model,0.34,0.5,2.0,0.2,score_point,0.06382978723404255,0.62,0.08,0.92,0.905289052890529,705,400,False
model,0.08,0.6,3.5,0.2,score_point,0.06382978723404255,0.6507499999999999,0.0175,0.9825,0.9379474940334129,705,400,False
model,0.11,0.6,3.0,0.2,score_point,0.06382978723404255,0.6539999999999998,0.0225,0.9775,0.9354066985645932,705,400,False
model,0.12,0.6,3.0,0.2,score_point,0.06382978723404255,0.6539999999999998,0.0225,0.9775,0.9354066985645932,705,400,False
model,0.09,0.6,3.5,0.2,score_point,0.06382978723404255,0.6579999999999998,0.02,0.98,0.9366786140979689,705,400,False
model,0.15,0.6,2.5,0.2,score_point,0.06382978723404255,0.6664999999999999,0.035,0.965,0.9290012033694344,705,400,False
model,0.2,0.6,2.0,0.2,score_point,0.06382978723404255,0.6664999999999999,0.0475,0.9525,0.9225181598062955,705,400,False
model,0.21,0.6,2.0,0.2,score_point,0.06382978723404255,0.6664999999999999,0.0475,0.9525,0.9225181598062955,705,400,False
model,0.22,0.6,2.0,0.2,score_point,0.06382978723404255,0.6735,0.0525,0.9475,0.9199029126213593,705,400,False
model,0.11,0.7,2.0,0.2,score_point,0.06382978723404255,0.72925,0.0225,0.9775,0.9354066985645932,705,400,False
model,0.12,0.7,2.0,0.2,score_point,0.06382978723404255,0.72925,0.0225,0.9775,0.9354066985645932,705,400,False
model,0.72,0.5,1.5,0.2,score_point,0.06382978723404255,0.765,0.265,0.735,0.7956698240866036,705,400,False
model,0.73,0.5,1.5,0.2,score_point,0.06382978723404255,0.7725,0.2725,0.7275,0.7907608695652174,705,400,False
model,0.64,0.6,1.5,0.2,score_point,0.06382978723404255,0.7777499999999997,0.1975,0.8025,0.8381201044386423,705,400,False
model,0.65,0.6,1.5,0.2,score_point,0.06382978723404255,0.7867499999999998,0.2075,0.7925,0.8320209973753282,705,400,False
model,0.74,0.5,1.5,0.2,score_point,0.06382978723404255,0.7925,0.2925,0.7075,0.7774725274725275,705,400,False
model,0.66,0.6,1.5,0.2,score_point,0.06382978723404255,0.7935,0.215,0.785,0.8274044795783927,705,400,False
model,0.67,0.6,1.5,0.2,score_point,0.06382978723404255,0.8002499999999999,0.2225,0.7775,0.8227513227513227,705,400,False
model,0.68,0.6,1.5,0.2,score_point,0.06382978723404255,0.8024999999999999,0.225,0.775,0.8211920529801324,705,400,False
model,0.75,0.5,1.5,0.2,score_point,0.06382978723404255,0.805,0.305,0.695,0.7690179806362378,705,400,False
model,0.04,0.8,2.0,0.2,score_point,0.06382978723404255,0.8119999999999998,0.01,0.99,0.9417360285374555,705,400,False
model,0.05,0.8,2.0,0.2,score_point,0.06382978723404255,0.815,0.0125,0.9875,0.9404761904761905,705,400,False
model,0.8,0.4,1.5,0.2,score_point,0.06382978723404255,0.8400000000000002,0.4,0.6,0.7007299270072991,705,400,False
model,0.63,0.7,1.5,0.2,score_point,0.06382978723404255,0.846,0.1825,0.8175,0.8471502590673575,705,400,False
model,0.81,0.4,1.5,0.2,score_point,0.06382978723404255,0.8647500000000001,0.4225,0.5775,0.6834319526627219,705,400,False
model,0.45,0.8,1.5,0.2,score_point,0.06382978723404255,0.8752500000000001,0.1075,0.8925,0.8902743142144639,705,400,False
model,0.46,0.8,1.5,0.2,score_point,0.06382978723404255,0.87875,0.1125,0.8875,0.8875,705,400,False
model,0.47,0.8,1.5,0.2,score_point,0.06382978723404255,0.8805000000000001,0.115,0.885,0.8861076345431789,705,400,False
model,0.48,0.8,1.5,0.2,score_point,0.06382978723404255,0.8822500000000002,0.1175,0.8825,0.8847117794486216,705,400,False
model,0.49,0.8,1.5,0.2,score_point,0.06382978723404255,0.8857500000000001,0.1225,0.8775,0.8819095477386935,705,400,False
model,0.5,0.8,1.5,0.2,score_point,0.06382978723404255,0.8875,0.125,0.875,0.8805031446540881,705,400,False
model,0.51,0.8,1.5,0.2,score_point,0.06382978723404255,0.8892500000000001,0.1275,0.8725,0.8790931989924434,705,400,False
model,0.52,0.8,1.5,0.2,score_point,0.06382978723404255,0.8892500000000001,0.1275,0.8725,0.8790931989924434,705,400,False
model,0.82,0.4,1.5,0.2,score_point,0.06382978723404255,0.8922500000000002,0.4475,0.5525,0.6636636636636637,705,400,False
model,0.53,0.8,1.5,0.2,score_point,0.06382978723404255,0.89275,0.1325,0.8675,0.8762626262626263,705,400,False
model,0.54,0.8,1.5,0.2,score_point,0.06382978723404255,0.89625,0.1375,0.8625,0.8734177215189874,705,400,False
model,0.55,0.8,1.5,0.2,score_point,0.06382978723404255,0.89625,0.1375,0.8625,0.8734177215189874,705,400,False
model,0.56,0.8,1.5,0.2,score_point,0.06382978723404255,0.8980000000000001,0.14,0.86,0.8719898605830164,705,400,False
model,0.57,0.8,1.5,0.2,score_point,0.06382978723404255,0.9032500000000002,0.1475,0.8525,0.8676844783715013,705,400,False
model,0.03,0.9,2.0,0.2,score_point,0.06382978723404255,0.9082500000000002,0.0075,0.9925,0.9429928741092637,705,400,False
model,0.58,0.8,1.5,0.2,score_point,0.06382978723404255,0.9085000000000001,0.155,0.845,0.8633461047254151,705,400,False
model,0.83,0.4,1.5,0.2,score_point,0.06382978723404255,0.9225000000000003,0.475,0.525,0.6412213740458015,705,400,False
model,0.26,0.9,1.5,0.2,score_point,0.06382978723404255,0.9360000000000003,0.06,0.94,0.9159561510353228,705,400,False
model,0.27,0.9,1.5,0.2,score_point,0.06382978723404255,0.9375000000000003,0.0625,0.9375,0.9146341463414636,705,400,False
model,0.28,0.9,1.5,0.2,score_point,0.06382978723404255,0.9390000000000002,0.065,0.935,0.9133089133089133,705,400,False
model,0.29,0.9,1.5,0.2,score_point,0.06382978723404255,0.9420000000000002,0.07,0.93,0.9106487148102816,705,400,False
model,0.3,0.9,1.5,0.2,score_point,0.06382978723404255,0.9450000000000003,0.075,0.925,0.9079754601226994,705,400,False
model,0.31,0.9,1.5,0.2,score_point,0.06382978723404255,0.9465000000000002,0.0775,0.9225,0.9066339066339066,705,400,False
model,0.32,0.9,1.5,0.2,score_point,0.06382978723404255,0.9465000000000002,0.0775,0.9225,0.9066339066339066,705,400,False
model,0.33,0.9,1.5,0.2,score_point,0.06382978723404255,0.9480000000000001,0.08,0.92,0.905289052890529,705,400,False
model,0.34,0.9,1.5,0.2,score_point,0.06382978723404255,0.9480000000000001,0.08,0.92,0.905289052890529,705,400,False
model,0.35,0.9,1.5,0.2,score_point,0.06382978723404255,0.9525000000000001,0.0875,0.9125,0.9012345679012346,705,400,False
model,0.36,0.9,1.5,0.2,score_point,0.06382978723404255,0.9525000000000001,0.0875,0.9125,0.9012345679012346,705,400,False
model,0.37,0.9,1.5,0.2,score_point,0.06382978723404255,0.9540000000000002,0.09,0.91,0.8998763906056861,705,400,False
model,0.38,0.9,1.5,0.2,score_point,0.06382978723404255,0.9540000000000002,0.09,0.91,0.8998763906056861,705,400,False
model,0.39,0.9,1.5,0.2,score_point,0.06382978723404255,0.9570000000000002,0.095,0.905,0.8971499380421314,705,400,False
model,0.4,0.9,1.5,0.2,score_point,0.06382978723404255,0.9570000000000002,0.095,0.905,0.8971499380421314,705,400,False
model,0.41,0.9,1.5,0.2,score_point,0.06382978723404255,0.9570000000000002,0.095,0.905,0.8971499380421314,705,400,False
model,0.42,0.9,1.5,0.2,score_point,0.06382978723404255,0.9570000000000002,0.095,0.905,0.8971499380421314,705,400,False
model,0.43,0.9,1.5,0.2,score_point,0.06382978723404255,0.9600000000000003,0.1,0.9,0.8944099378881988,705,400,False
model,0.44,0.9,1.5,0.2,score_point,0.06382978723404255,0.9600000000000003,0.1,0.9,0.8944099378881988,705,400,False
model,0.45,0.9,1.5,0.2,score_point,0.06382978723404255,0.9645000000000001,0.1075,0.8925,0.8902743142144639,705,400,False
model,0.46,0.9,1.5,0.2,score_point,0.06382978723404255,0.9675000000000002,0.1125,0.8875,0.8875,705,400,False
model,0.47,0.9,1.5,0.2,score_point,0.06382978723404255,0.9690000000000003,0.115,0.885,0.8861076345431789,705,400,False
model,0.48,0.9,1.5,0.2,score_point,0.06382978723404255,0.9705000000000003,0.1175,0.8825,0.8847117794486216,705,400,False
model,0.49,0.9,1.5,0.2,score_point,0.06382978723404255,0.9735000000000003,0.1225,0.8775,0.8819095477386935,705,400,False
model,0.5,0.9,1.5,0.2,score_point,0.06382978723404255,0.9750000000000003,0.125,0.875,0.8805031446540881,705,400,False
model,0.51,0.9,1.5,0.2,score_point,0.06382978723404255,0.9765000000000001,0.1275,0.8725,0.8790931989924434,705,400,False
model,0.52,0.9,1.5,0.2,score_point,0.06382978723404255,0.9765000000000001,0.1275,0.8725,0.8790931989924434,705,400,False
model,0.53,0.9,1.5,0.2,score_point,0.06382978723404255,0.9795000000000001,0.1325,0.8675,0.8762626262626263,705,400,False
model,0.54,0.9,1.5,0.2,score_point,0.06382978723404255,0.9825000000000003,0.1375,0.8625,0.8734177215189874,705,400,False
model,0.55,0.9,1.5,0.2,score_point,0.06382978723404255,0.9825000000000003,0.1375,0.8625,0.8734177215189874,705,400,False
model,0.56,0.9,1.5,0.2,score_point,0.06382978723404255,0.9840000000000002,0.14,0.86,0.8719898605830164,705,400,False
model,0.57,0.9,1.5,0.2,score_point,0.06382978723404255,0.9885000000000003,0.1475,0.8525,0.8676844783715013,705,400,False
model,0.58,0.9,1.5,0.2,score_point,0.06382978723404255,0.9930000000000001,0.155,0.845,0.8633461047254151,705,400,False
model,0.2,1.0,1.5,0.2,score_point,0.06382978723404255,1.02375,0.0475,0.9525,0.9225181598062955,705,400,False
model,0.21,1.0,1.5,0.2,score_point,0.06382978723404255,1.02375,0.0475,0.9525,0.9225181598062955,705,400,False
model,0.22,1.0,1.5,0.2,score_point,0.06382978723404255,1.02625,0.0525,0.9475,0.9199029126213593,705,400,False
model,0.23,1.0,1.5,0.2,score_point,0.06382978723404255,1.0275,0.055,0.945,0.9185905224787363,705,400,False
model,0.24,1.0,1.5,0.2,score_point,0.06382978723404255,1.02875,0.0575,0.9425,0.9172749391727495,705,400,False
model,0.25,1.0,1.5,0.2,score_point,0.06382978723404255,1.02875,0.0575,0.9425,0.9172749391727495,705,400,False
model,0.26,1.0,1.5,0.2,score_point,0.06382978723404255,1.03,0.06,0.94,0.9159561510353228,705,400,False
model,0.27,1.0,1.5,0.2,score_point,0.06382978723404255,1.03125,0.0625,0.9375,0.9146341463414636,705,400,False
model,0.28,1.0,1.5,0.2,score_point,0.06382978723404255,1.0325,0.065,0.935,0.9133089133089133,705,400,False
model,0.29,1.0,1.5,0.2,score_point,0.06382978723404255,1.035,0.07,0.93,0.9106487148102816,705,400,False
model,0.3,1.0,1.5,0.2,score_point,0.06382978723404255,1.0375,0.075,0.925,0.9079754601226994,705,400,False
model,0.31,1.0,1.5,0.2,score_point,0.06382978723404255,1.03875,0.0775,0.9225,0.9066339066339066,705,400,False
model,0.32,1.0,1.5,0.2,score_point,0.06382978723404255,1.03875,0.0775,0.9225,0.9066339066339066,705,400,False
model,0.33,1.0,1.5,0.2,score_point,0.06382978723404255,1.04,0.08,0.92,0.905289052890529,705,400,False
model,0.34,1.0,1.5,0.2,score_point,0.06382978723404255,1.04,0.08,0.92,0.905289052890529,705,400,False
model,0.35,1.0,1.5,0.2,score_point,0.06382978723404255,1.04375,0.0875,0.9125,0.9012345679012346,705,400,False
model,0.36,1.0,1.5,0.2,score_point,0.06382978723404255,1.04375,0.0875,0.9125,0.9012345679012346,705,400,False
model,0.37,1.0,1.5,0.2,score_point,0.06382978723404255,1.045,0.09,0.91,0.8998763906056861,705,400,False
model,0.38,1.0,1.5,0.2,score_point,0.06382978723404255,1.045,0.09,0.91,0.8998763906056861,705,400,False
model,0.39,1.0,1.5,0.2,score_point,0.06382978723404255,1.0475,0.095,0.905,0.8971499380421314,705,400,False
model,0.4,1.0,1.5,0.2,score_point,0.06382978723404255,1.0475,0.095,0.905,0.8971499380421314,705,400,False
model,0.41,1.0,1.5,0.2,score_point,0.06382978723404255,1.0475,0.095,0.905,0.8971499380421314,705,400,False
model,0.42,1.0,1.5,0.2,score_point,0.06382978723404255,1.0475,0.095,0.905,0.8971499380421314,705,400,False
model,0.43,1.0,1.5,0.2,score_point,0.06382978723404255,1.05,0.1,0.9,0.8944099378881988,705,400,False
model,0.44,1.0,1.5,0.2,score_point,0.06382978723404255,1.05,0.1,0.9,0.8944099378881988,705,400,False
model,0.45,1.0,1.5,0.2,score_point,0.06382978723404255,1.05375,0.1075,0.8925,0.8902743142144639,705,400,False
model,0.46,1.0,1.5,0.2,score_point,0.06382978723404255,1.05625,0.1125,0.8875,0.8875,705,400,False
model,0.47,1.0,1.5,0.2,score_point,0.06382978723404255,1.0575,0.115,0.885,0.8861076345431789,705,400,False
model,0.48,1.0,1.5,0.2,score_point,0.06382978723404255,1.05875,0.1175,0.8825,0.8847117794486216,705,400,False
model,0.49,1.0,1.5,0.2,score_point,0.06382978723404255,1.06125,0.1225,0.8775,0.8819095477386935,705,400,False
model,0.5,1.0,1.5,0.2,score_point,0.06382978723404255,1.0625,0.125,0.875,0.8805031446540881,705,400,False
model,0.51,1.0,1.5,0.2,score_point,0.06382978723404255,1.06375,0.1275,0.8725,0.8790931989924434,705,400,False
model,0.52,1.0,1.5,0.2,score_point,0.06382978723404255,1.06375,0.1275,0.8725,0.8790931989924434,705,400,False
model,0.53,1.0,1.5,0.2,score_point,0.06382978723404255,1.06625,0.1325,0.8675,0.8762626262626263,705,400,False
model,0.54,1.0,1.5,0.2,score_point,0.06382978723404255,1.06875,0.1375,0.8625,0.8734177215189874,705,400,False
model,0.55,1.0,1.5,0.2,score_point,0.06382978723404255,1.06875,0.1375,0.8625,0.8734177215189874,705,400,False
model,0.56,1.0,1.5,0.2,score_point,0.06382978723404255,1.07,0.14,0.86,0.8719898605830164,705,400,False
model,0.57,1.0,1.5,0.2,score_point,0.06382978723404255,1.07375,0.1475,0.8525,0.8676844783715013,705,400,False
model,0.58,1.0,1.5,0.2,score_point,0.06382978723404255,1.0775,0.155,0.845,0.8633461047254151,705,400,False
model,0.89,0.2,1.5,0.2,score_point,0.06382978723404255,1.10025,0.6925,0.3075,0.43309859154929575,705,400,False
model,0.51,0.2,2.5,0.2,score_point,0.06524822695035461,0.49325,0.1275,0.8725,0.8779874213836479,705,400,False
model,0.38,0.2,3.5,0.2,score_point,0.06524822695035461,0.49700000000000005,0.09,0.91,0.8987654320987655,705,400,False
model,0.4,0.3,2.5,0.2,score_point,0.06524822695035461,0.5089999999999999,0.095,0.905,0.8960396039603961,705,400,False
model,0.39,0.2,3.5,0.2,score_point,0.06524822695035461,0.5135,0.095,0.905,0.8960396039603961,705,400,False
model,0.33,0.3,3.0,0.2,score_point,0.06524822695035461,0.5159999999999999,0.08,0.92,0.9041769041769042,705,400,False
model,0.34,0.3,3.0,0.2,score_point,0.06524822695035461,0.5159999999999999,0.08,0.92,0.9041769041769042,705,400,False
model,0.29,0.3,3.5,0.2,score_point,0.06524822695035461,0.524,0.07,0.93,0.9095354523227384,705,400,False
model,0.55,0.3,2.0,0.2,score_point,0.06524822695035461,0.53375,0.1375,0.8625,0.8723135271807839,705,400,False
model,0.56,0.3,2.0,0.2,score_point,0.06524822695035461,0.5379999999999999,0.14,0.86,0.8708860759493672,705,400,False
model,0.57,0.3,2.0,0.2,score_point,0.06524822695035461,0.5507499999999999,0.1475,0.8525,0.8665819567979671,705,400,False
model,0.64,0.2,2.0,0.2,score_point,0.06524822695035461,0.5555000000000001,0.1975,0.8025,0.8370273794002608,705,400,False
model,0.27,0.4,3.0,0.2,score_point,0.06524822695035461,0.5625000000000001,0.0625,0.9375,0.9135200974421437,705,400,False
model,0.33,0.4,2.5,0.2,score_point,0.06524822695035461,0.5680000000000001,0.08,0.92,0.9041769041769042,705,400,False
model,0.34,0.4,2.5,0.2,score_point,0.06524822695035461,0.5680000000000001,0.08,0.92,0.9041769041769042,705,400,False
model,0.28,0.4,3.0,0.2,score_point,0.06524822695035461,0.5690000000000001,0.065,0.935,0.9121951219512194,705,400,False
model,0.45,0.4,2.0,0.2,score_point,0.06524822695035461,0.5720000000000002,0.1075,0.8925,0.8891656288916562,705,400,False
model,0.24,0.4,3.5,0.2,score_point,0.06524822695035461,0.57825,0.0575,0.9425,0.9161603888213852,705,400,False
model,0.46,0.4,2.0,0.2,score_point,0.06524822695035461,0.5800000000000002,0.1125,0.8875,0.8863920099875157,705,400,False
model,0.47,0.4,2.0,0.2,score_point,0.06524822695035461,0.5840000000000001,0.115,0.885,0.885,705,400,False
model,0.48,0.4,2.0,0.2,score_point,0.06524822695035461,0.5880000000000001,0.1175,0.8825,0.8836045056320401,705,400,False
model,0.2,0.5,2.5,0.2,score_point,0.06524822695035461,0.595,0.0475,0.9525,0.9214026602176542,705,400,False
model,0.21,0.5,2.5,0.2,score_point,0.06524822695035461,0.595,0.0475,0.9525,0.9214026602176542,705,400,False
model,0.49,0.4,2.0,0.2,score_point,0.06524822695035461,0.5960000000000001,0.1225,0.8775,0.8808030112923464,705,400,False
model,0.22,0.5,2.5,0.2,score_point,0.06524822695035461,0.605,0.0525,0.9475,0.9187878787878787,705,400,False
model,0.29,0.5,2.0,0.2,score_point,0.06524822695035461,0.605,0.07,0.93,0.9095354523227384,705,400,False
model,0.1,0.6,3.0,0.2,score_point,0.06524822695035461,0.6539999999999998,0.0225,0.9775,0.9342891278375149,705,400,False
model,0.19,0.6,2.0,0.2,score_point,0.06524822695035461,0.6664999999999999,0.0475,0.9525,0.9214026602176542,705,400,False
model,0.03,0.7,3.5,0.2,score_point,0.06524822695035461,0.721,0.0075,0.9925,0.9418742586002373,705,400,False
model,0.05,0.7,2.5,0.2,score_point,0.06524822695035461,0.7225,0.0125,0.9875,0.9393579072532698,705,400,False
model,0.1,0.7,2.0,0.2,score_point,0.06524822695035461,0.72925,0.0225,0.9775,0.9342891278375149,705,400,False
model,0.63,0.6,1.5,0.2,score_point,0.06524822695035461,0.7642499999999999,0.1825,0.8175,0.8460543337645537,705,400,False
model,0.79,0.4,1.5,0.2,score_point,0.06524822695035461,0.8070000000000002,0.37,0.63,0.7220630372492837,705,400,False
model,0.59,0.7,1.5,0.2,score_point,0.06524822695035461,0.8319999999999999,0.165,0.835,0.8564102564102565,705,400,False
model,0.6,0.7,1.5,0.2,score_point,0.06524822695035461,0.8399999999999999,0.175,0.825,0.8505154639175257,705,400,False
model,0.61,0.7,1.5,0.2,score_point,0.06524822695035461,0.8439999999999999,0.18,0.82,0.8475452196382428,705,400,False
model,0.62,0.7,1.5,0.2,score_point,0.06524822695035461,0.846,0.1825,0.8175,0.8460543337645537,705,400,False
model,0.3,0.8,1.5,0.2,score_point,0.06524822695035461,0.8525,0.075,0.925,0.9068627450980392,705,400,False
model,0.31,0.8,1.5,0.2,score_point,0.06524822695035461,0.8542500000000001,0.0775,0.9225,0.9055214723926381,705,400,False
model,0.32,0.8,1.5,0.2,score_point,0.06524822695035461,0.8542500000000001,0.0775,0.9225,0.9055214723926381,705,400,False
model,0.33,0.8,1.5,0.2,score_point,0.06524822695035461,0.8560000000000001,0.08,0.92,0.9041769041769042,705,400,False
model,0.34,0.8,1.5,0.2,score_point,0.06524822695035461,0.8560000000000001,0.08,0.92,0.9041769041769042,705,400,False
model,0.35,0.8,1.5,0.2,score_point,0.06524822695035461,0.86125,0.0875,0.9125,0.9001233045622689,705,400,False
model,0.36,0.8,1.5,0.2,score_point,0.06524822695035461,0.86125,0.0875,0.9125,0.9001233045622689,705,400,False
model,0.37,0.8,1.5,0.2,score_point,0.06524822695035461,0.8630000000000001,0.09,0.91,0.8987654320987655,705,400,False
model,0.38,0.8,1.5,0.2,score_point,0.06524822695035461,0.8630000000000001,0.09,0.91,0.8987654320987655,705,400,False
model,0.39,0.8,1.5,0.2,score_point,0.06524822695035461,0.8665,0.095,0.905,0.8960396039603961,705,400,False
model,0.4,0.8,1.5,0.2,score_point,0.06524822695035461,0.8665,0.095,0.905,0.8960396039603961,705,400,False
model,0.41,0.8,1.5,0.2,score_point,0.06524822695035461,0.8665,0.095,0.905,0.8960396039603961,705,400,False
model,0.42,0.8,1.5,0.2,score_point,0.06524822695035461,0.8665,0.095,0.905,0.8960396039603961,705,400,False
model,0.43,0.8,1.5,0.2,score_point,0.06524822695035461,0.8700000000000001,0.1,0.9,0.8933002481389578,705,400,False
model,0.44,0.8,1.5,0.2,score_point,0.06524822695035461,0.8700000000000001,0.1,0.9,0.8933002481389578,705,400,False
model,0.84,0.3,1.5,0.2,score_point,0.06524822695035461,0.9,0.5,0.5,0.6191950464396285,705,400,False
model,0.2,0.9,1.5,0.2,score_point,0.06524822695035461,0.9285000000000002,0.0475,0.9525,0.9214026602176542,705,400,False
model,0.21,0.9,1.5,0.2,score_point,0.06524822695035461,0.9285000000000002,0.0475,0.9525,0.9214026602176542,705,400,False
model,0.22,0.9,1.5,0.2,score_point,0.06524822695035461,0.9315000000000003,0.0525,0.9475,0.9187878787878787,705,400,False
model,0.23,0.9,1.5,0.2,score_point,0.06524822695035461,0.9330000000000003,0.055,0.945,0.9174757281553398,705,400,False
model,0.24,0.9,1.5,0.2,score_point,0.06524822695035461,0.9345000000000002,0.0575,0.9425,0.9161603888213852,705,400,False
model,0.25,0.9,1.5,0.2,score_point,0.06524822695035461,0.9345000000000002,0.0575,0.9425,0.9161603888213852,705,400,False
model,0.85,0.3,1.5,0.2,score_point,0.06524822695035461,0.9480000000000001,0.54,0.46,0.5841269841269842,705,400,False
model,0.86,0.3,1.5,0.2,score_point,0.06524822695035461,0.9870000000000002,0.5725,0.4275,0.5542949756888168,705,400,False
model,0.01,1.0,2.0,0.2,score_point,0.06524822695035461,1.005,0.005,0.995,0.9431279620853079,705,400,False
model,0.19,1.0,1.5,0.2,score_point,0.06524822695035461,1.02375,0.0475,0.9525,0.9214026602176542,705,400,False
model,0.87,0.3,1.5,0.2,score_point,0.06524822695035461,1.035,0.6125,0.3875,0.5158069883527454,705,400,False
model,0.88,0.2,1.5,0.2,score_point,0.06524822695035461,1.0547499999999999,0.6575,0.3425,0.469982847341338,705,400,False
model,0.41,0.2,3.0,0.2,score_point,0.06666666666666667,0.46599999999999997,0.095,0.905,0.8949320148331273,705,400,False
model,0.42,0.2,3.0,0.2,score_point,0.06666666666666667,0.46599999999999997,0.095,0.905,0.8949320148331273,705,400,True
model,0.43,0.2,3.0,0.2,score_point,0.06666666666666667,0.48,0.1,0.9,0.8921933085501859,705,400,False
model,0.44,0.2,3.0,0.2,score_point,0.06666666666666667,0.48,0.1,0.9,0.8921933085501859,705,400,False
model,0.37,0.2,3.5,0.2,score_point,0.06666666666666667,0.49700000000000005,0.09,0.91,0.8976572133168927,705,400,False
model,0.37,0.3,2.5,0.2,score_point,0.06666666666666667,0.498,0.09,0.91,0.8976572133168927,705,400,False
model,0.38,0.3,2.5,0.2,score_point,0.06666666666666667,0.498,0.09,0.91,0.8976572133168927,705,400,False
model,0.39,0.3,2.5,0.2,score_point,0.06666666666666667,0.5089999999999999,0.095,0.905,0.8949320148331273,705,400,False
model,0.51,0.3,2.0,0.2,score_point,0.06666666666666667,0.5167499999999999,0.1275,0.8725,0.8768844221105527,705,400,False
model,0.52,0.3,2.0,0.2,score_point,0.06666666666666667,0.5167499999999999,0.1275,0.8725,0.8768844221105527,705,400,False
model,0.53,0.3,2.0,0.2,score_point,0.06666666666666667,0.5252499999999999,0.1325,0.8675,0.8740554156171285,705,400,False
model,0.63,0.2,2.0,0.2,score_point,0.06666666666666667,0.5285000000000001,0.1825,0.8175,0.8449612403100776,705,400,False
model,0.54,0.3,2.0,0.2,score_point,0.06666666666666667,0.53375,0.1375,0.8625,0.8712121212121212,705,400,False
model,0.26,0.4,3.0,0.2,score_point,0.06666666666666667,0.556,0.06,0.94,0.913730255164034,705,400,False
model,0.3,0.4,2.5,0.2,score_point,0.06666666666666667,0.5575000000000001,0.075,0.925,0.9057527539779683,705,400,False
model,0.31,0.4,2.5,0.2,score_point,0.06666666666666667,0.5627500000000001,0.0775,0.9225,0.9044117647058822,705,400,False
model,0.32,0.4,2.5,0.2,score_point,0.06666666666666667,0.5627500000000001,0.0775,0.9225,0.9044117647058822,705,400,False
model,0.16,0.5,3.0,0.2,score_point,0.06666666666666667,0.59375,0.0375,0.9625,0.9254807692307694,705,400,False
model,0.19,0.5,2.5,0.2,score_point,0.06666666666666667,0.595,0.0475,0.9525,0.9202898550724639,705,400,False
model,0.15,0.5,3.5,0.2,score_point,0.06666666666666667,0.605,0.035,0.965,0.9267707082833133,705,400,False
model,0.08,0.6,3.0,0.2,score_point,0.06666666666666667,0.6419999999999999,0.0175,0.9825,0.9357142857142857,705,400,False
model,0.09,0.6,3.0,0.2,score_point,0.06666666666666667,0.6479999999999998,0.02,0.98,0.934445768772348,705,400,False
model,0.04,0.7,2.5,0.2,score_point,0.06666666666666667,0.7180000000000001,0.01,0.99,0.9395017793594306,705,400,False
model,0.08,0.7,2.0,0.2,score_point,0.06666666666666667,0.72275,0.0175,0.9825,0.9357142857142857,705,400,False
model,0.09,0.7,2.0,0.2,score_point,0.06666666666666667,0.726,0.02,0.98,0.934445768772348,705,400,False
model,0.7,0.5,1.5,0.2,score_point,0.06666666666666667,0.75,0.25,0.75,0.8032128514056224,705,400,False
model,0.71,0.5,1.5,0.2,score_point,0.06666666666666667,0.7575,0.2575,0.7425,0.7983870967741935,705,400,False
model,0.76,0.4,1.5,0.2,score_point,0.06666666666666667,0.7630000000000001,0.33,0.67,0.7496503496503496,705,400,False
model,0.62,0.6,1.5,0.2,score_point,0.06666666666666667,0.7642499999999999,0.1825,0.8175,0.8449612403100776,705,400,False
model,0.77,0.4,1.5,0.2,score_point,0.06666666666666667,0.7740000000000002,0.34,0.66,0.7426160337552742,705,400,False
model,0.8,0.3,1.5,0.2,score_point,0.06666666666666667,0.78,0.4,0.6,0.6986899563318778,705,400,False
model,0.45,0.7,1.5,0.2,score_point,0.06666666666666667,0.7859999999999999,0.1075,0.8925,0.8880597014925373,705,400,False
model,0.46,0.7,1.5,0.2,score_point,0.06666666666666667,0.79,0.1125,0.8875,0.8852867830423942,705,400,False
model,0.78,0.4,1.5,0.2,score_point,0.06666666666666667,0.7905000000000001,0.355,0.645,0.7319148936170212,705,400,False
model,0.47,0.7,1.5,0.2,score_point,0.06666666666666667,0.7919999999999999,0.115,0.885,0.8838951310861423,705,400,False
model,0.48,0.7,1.5,0.2,score_point,0.06666666666666667,0.7939999999999999,0.1175,0.8825,0.8825,705,400,False
model,0.49,0.7,1.5,0.2,score_point,0.06666666666666667,0.7979999999999998,0.1225,0.8775,0.8796992481203008,705,400,False
model,0.5,0.7,1.5,0.2,score_point,0.06666666666666667,0.8,0.125,0.875,0.8782936010037641,705,400,False
model,0.51,0.7,1.5,0.2,score_point,0.06666666666666667,0.8019999999999999,0.1275,0.8725,0.8768844221105527,705,400,False
model,0.52,0.7,1.5,0.2,score_point,0.06666666666666667,0.8019999999999999,0.1275,0.8725,0.8768844221105527,705,400,False
model,0.53,0.7,1.5,0.2,score_point,0.06666666666666667,0.8059999999999999,0.1325,0.8675,0.8740554156171285,705,400,False
model,0.81,0.3,1.5,0.2,score_point,0.06666666666666667,0.807,0.4225,0.5775,0.6814159292035399,705,400,False
model,0.54,0.7,1.5,0.2,score_point,0.06666666666666667,0.81,0.1375,0.8625,0.8712121212121212,705,400,False
model,0.55,0.7,1.5,0.2,score_point,0.06666666666666667,0.81,0.1375,0.8625,0.8712121212121212,705,400,False
model,0.56,0.7,1.5,0.2,score_point,0.06666666666666667,0.8119999999999998,0.14,0.86,0.8697850821744627,705,400,False
model,0.57,0.7,1.5,0.2,score_point,0.06666666666666667,0.8179999999999998,0.1475,0.8525,0.8654822335025381,705,400,False
model,0.58,0.7,1.5,0.2,score_point,0.06666666666666667,0.8240000000000001,0.155,0.845,0.8611464968152867,705,400,False
model,0.82,0.3,1.5,0.2,score_point,0.06666666666666667,0.8370000000000001,0.4475,0.5525,0.6616766467065868,705,400,False
model,0.26,0.8,1.5,0.2,score_point,0.06666666666666667,0.8420000000000001,0.06,0.94,0.913730255164034,705,400,False
model,0.27,0.8,1.5,0.2,score_point,0.06666666666666667,0.84375,0.0625,0.9375,0.9124087591240876,705,400,False
model,0.28,0.8,1.5,0.2,score_point,0.06666666666666667,0.8455000000000001,0.065,0.935,0.9110840438489648,705,400,False
model,0.29,0.8,1.5,0.2,score_point,0.06666666666666667,0.8490000000000001,0.07,0.93,0.9084249084249084,705,400,False
model,0.83,0.3,1.5,0.2,score_point,0.06666666666666667,0.87,0.475,0.525,0.639269406392694,705,400,False
model,0.01,0.9,2.5,0.2,score_point,0.06666666666666667,0.9080000000000001,0.005,0.995,0.9420118343195266,705,400,False
model,0.19,0.9,1.5,0.2,score_point,0.06666666666666667,0.9285000000000002,0.0475,0.9525,0.9202898550724639,705,400,False
model,0.4,0.2,3.0,0.2,score_point,0.06808510638297872,0.46599999999999997,0.095,0.905,0.8938271604938272,705,400,False
model,0.5,0.2,2.5,0.2,score_point,0.06808510638297872,0.4875,0.125,0.875,0.8771929824561404,705,400,False
model,0.3,0.3,3.0,0.2,score_point,0.06808510638297872,0.5025,0.075,0.925,0.9046454767726161,705,400,False
model,0.31,0.3,3.0,0.2,score_point,0.06808510638297872,0.50925,0.0775,0.9225,0.9033047735618115,705,400,False
model,0.32,0.3,3.0,0.2,score_point,0.06808510638297872,0.50925,0.0775,0.9225,0.9033047735618115,705,400,False
model,0.62,0.2,2.0,0.2,score_point,0.06808510638297872,0.5285000000000001,0.1825,0.8175,0.8438709677419356,705,400,False
model,0.29,0.4,2.5,0.2,score_point,0.06808510638297872,0.547,0.07,0.93,0.9073170731707316,705,400,False
model,0.25,0.4,3.0,0.2,score_point,0.06808510638297872,0.5495,0.0575,0.9425,0.913939393939394,705,400,False
model,0.41,0.4,2.0,0.2,score_point,0.06808510638297872,0.552,0.095,0.905,0.8938271604938272,705,400,False
model,0.42,0.4,2.0,0.2,score_point,0.06808510638297872,0.552,0.095,0.905,0.8938271604938272,705,400,False
model,0.43,0.4,2.0,0.2,score_point,0.06808510638297872,0.56,0.1,0.9,0.8910891089108911,705,400,False
model,0.44,0.4,2.0,0.2,score_point,0.06808510638297872,0.56,0.1,0.9,0.8910891089108911,705,400,False
model,0.26,0.5,2.0,0.2,score_point,0.06808510638297872,0.59,0.06,0.94,0.912621359223301,705,400,False
model,0.27,0.5,2.0,0.2,score_point,0.06808510638297872,0.59375,0.0625,0.9375,0.9113001215066829,705,400,False
model,0.28,0.5,2.0,0.2,score_point,0.06808510638297872,0.5975,0.065,0.935,0.9099756690997567,705,400,False
model,0.13,0.6,2.5,0.2,score_point,0.06808510638297872,0.65225,0.0275,0.9725,0.929510155316607,705,400,False
model,0.17,0.6,2.0,0.2,score_point,0.06808510638297872,0.6525,0.0375,0.9625,0.9243697478991597,705,400,False
model,0.14,0.6,2.5,0.2,score_point,0.06808510638297872,0.6569999999999999,0.03,0.97,0.9282296650717704,705,400,False
model,0.18,0.6,2.0,0.2,score_point,0.06808510638297872,0.6629999999999998,0.045,0.955,0.9204819277108434,705,400,False
model,0.03,0.7,3.0,0.2,score_point,0.06808510638297872,0.7172499999999999,0.0075,0.9925,0.9396449704142011,705,400,False
model,0.74,0.4,1.5,0.2,score_point,0.06808510638297872,0.7217500000000001,0.2925,0.7075,0.774281805745554,705,400,False
model,0.69,0.5,1.5,0.2,score_point,0.06808510638297872,0.7325,0.2325,0.7675,0.8132450331125829,705,400,False
model,0.75,0.4,1.5,0.2,score_point,0.06808510638297872,0.7355000000000002,0.305,0.695,0.7658402203856749,705,400,False
model,0.79,0.3,1.5,0.2,score_point,0.06808510638297872,0.7440000000000001,0.37,0.63,0.72,705,400,False
model,0.59,0.6,1.5,0.2,score_point,0.06808510638297872,0.7484999999999999,0.165,0.835,0.8542199488491049,705,400,False
model,0.6,0.6,1.5,0.2,score_point,0.06808510638297872,0.7575,0.175,0.825,0.8483290488431877,705,400,False
model,0.3,0.7,1.5,0.2,score_point,0.06808510638297872,0.76,0.075,0.925,0.9046454767726161,705,400,False
model,0.31,0.7,1.5,0.2,score_point,0.06808510638297872,0.7619999999999999,0.0775,0.9225,0.9033047735618115,705,400,False
model,0.32,0.7,1.5,0.2,score_point,0.06808510638297872,0.7619999999999999,0.0775,0.9225,0.9033047735618115,705,400,False
model,0.61,0.6,1.5,0.2,score_point,0.06808510638297872,0.7619999999999999,0.18,0.82,0.8453608247422681,705,400,False
model,0.33,0.7,1.5,0.2,score_point,0.06808510638297872,0.7639999999999999,0.08,0.92,0.9019607843137256,705,400,False
model,0.34,0.7,1.5,0.2,score_point,0.06808510638297872,0.7639999999999999,0.08,0.92,0.9019607843137256,705,400,False
model,0.35,0.7,1.5,0.2,score_point,0.06808510638297872,0.77,0.0875,0.9125,0.8979089790897908,705,400,False
model,0.36,0.7,1.5,0.2,score_point,0.06808510638297872,0.77,0.0875,0.9125,0.8979089790897908,705,400,False
model,0.37,0.7,1.5,0.2,score_point,0.06808510638297872,0.7719999999999999,0.09,0.91,0.896551724137931,705,400,False
model,0.38,0.7,1.5,0.2,score_point,0.06808510638297872,0.7719999999999999,0.09,0.91,0.896551724137931,705,400,False
model,0.39,0.7,1.5,0.2,score_point,0.06808510638297872,0.7759999999999999,0.095,0.905,0.8938271604938272,705,400,False
model,0.4,0.7,1.5,0.2,score_point,0.06808510638297872,0.7759999999999999,0.095,0.905,0.8938271604938272,705,400,False
model,0.41,0.7,1.5,0.2,score_point,0.06808510638297872,0.7759999999999999,0.095,0.905,0.8938271604938272,705,400,False
model,0.42,0.7,1.5,0.2,score_point,0.06808510638297872,0.7759999999999999,0.095,0.905,0.8938271604938272,705,400,False
model,0.43,0.7,1.5,0.2,score_point,0.06808510638297872,0.7799999999999998,0.1,0.9,0.8910891089108911,705,400,False
model,0.44,0.7,1.5,0.2,score_point,0.06808510638297872,0.7799999999999998,0.1,0.9,0.8910891089108911,705,400,False
model,0.02,0.8,2.5,0.2,score_point,0.06808510638297872,0.8085,0.005,0.995,0.9408983451536643,705,400,False
model,0.01,0.8,3.0,0.2,score_point,0.06808510638297872,0.8109999999999999,0.005,0.995,0.9408983451536643,705,400,False
model,0.01,0.8,3.5,0.2,score_point,0.06808510638297872,0.8134999999999999,0.005,0.995,0.9408983451536643,705,400,False
model,0.2,0.8,1.5,0.2,score_point,0.06808510638297872,0.8332499999999999,0.0475,0.9525,0.9191797346200241,705,400,False
model,0.21,0.8,1.5,0.2,score_point,0.06808510638297872,0.8332499999999999,0.0475,0.9525,0.9191797346200241,705,400,False
model,0.22,0.8,1.5,0.2,score_point,0.06808510638297872,0.83675,0.0525,0.9475,0.9165659008464327,705,400,False
model,0.23,0.8,1.5,0.2,score_point,0.06808510638297872,0.8384999999999999,0.055,0.945,0.9152542372881356,705,400,False
model,0.24,0.8,1.5,0.2,score_point,0.06808510638297872,0.84025,0.0575,0.9425,0.913939393939394,705,400,False
model,0.25,0.8,1.5,0.2,score_point,0.06808510638297872,0.84025,0.0575,0.9425,0.913939393939394,705,400,False
model,0.86,0.2,1.5,0.2,score_point,0.06808510638297872,0.9442499999999998,0.5725,0.4275,0.5525040387722132,705,400,False
model,0.87,0.2,1.5,0.2,score_point,0.06808510638297872,0.99625,0.6125,0.3875,0.5140961857379768,705,400,False
model,0.16,1.0,1.5,0.2,score_point,0.06808510638297872,1.01875,0.0375,0.9625,0.9243697478991597,705,400,False
model,0.17,1.0,1.5,0.2,score_point,0.06808510638297872,1.01875,0.0375,0.9625,0.9243697478991597,705,400,False
model,0.18,1.0,1.5,0.2,score_point,0.06808510638297872,1.0225,0.045,0.955,0.9204819277108434,705,400,False
model,0.38,0.2,3.0,0.2,score_point,0.06950354609929078,0.452,0.09,0.91,0.8954489544895449,705,400,True
model,0.39,0.2,3.0,0.2,score_point,0.06950354609929078,0.46599999999999997,0.095,0.905,0.8927250308261406,705,400,False
model,0.48,0.2,2.5,0.2,score_point,0.06950354609929078,0.47025000000000006,0.1175,0.8825,0.8802992518703242,705,400,False
model,0.49,0.2,2.5,0.2,score_point,0.06950354609929078,0.48175000000000007,0.1225,0.8775,0.8775,705,400,False
model,0.36,0.2,3.5,0.2,score_point,0.06950354609929078,0.48875,0.0875,0.9125,0.8968058968058968,705,400,False
model,0.29,0.3,3.0,0.2,score_point,0.06950354609929078,0.489,0.07,0.93,0.9062119366626066,705,400,False
model,0.36,0.3,2.5,0.2,score_point,0.06950354609929078,0.49249999999999994,0.0875,0.9125,0.8968058968058968,705,400,False
model,0.27,0.3,3.5,0.2,score_point,0.06950354609929078,0.49999999999999994,0.0625,0.9375,0.9101941747572815,705,400,False
model,0.28,0.3,3.5,0.2,score_point,0.06950354609929078,0.5079999999999999,0.065,0.935,0.9088699878493317,705,400,False
model,0.5,0.3,2.0,0.2,score_point,0.06950354609929078,0.5125,0.125,0.875,0.8760951188986232,705,400,False
model,0.61,0.2,2.0,0.2,score_point,0.06950354609929078,0.524,0.18,0.82,0.8442728442728442,705,400,False
model,0.24,0.4,3.0,0.2,score_point,0.06950354609929078,0.5495,0.0575,0.9425,0.9128329297820823,705,400,False
model,0.4,0.4,2.0,0.2,score_point,0.06950354609929078,0.552,0.095,0.905,0.8927250308261406,705,400,False
model,0.17,0.5,2.5,0.2,score_point,0.06950354609929078,0.575,0.0375,0.9625,0.9232613908872902,705,400,False
model,0.24,0.5,2.0,0.2,score_point,0.06950354609929078,0.58625,0.0575,0.9425,0.9128329297820823,705,400,False
model,0.25,0.5,2.0,0.2,score_point,0.06950354609929078,0.58625,0.0575,0.9425,0.9128329297820823,705,400,False
model,0.15,0.5,3.0,0.2,score_point,0.06950354609929078,0.5875,0.035,0.965,0.9245508982035927,705,400,False
model,0.18,0.5,2.5,0.2,score_point,0.06950354609929078,0.59,0.045,0.955,0.9193742478941035,705,400,False
model,0.11,0.6,2.5,0.2,score_point,0.06950354609929078,0.6427499999999998,0.0225,0.9775,0.930952380952381,705,400,False
model,0.12,0.6,2.5,0.2,score_point,0.06950354609929078,0.6427499999999998,0.0225,0.9775,0.930952380952381,705,400,False
model,0.07,0.6,3.5,0.2,score_point,0.06950354609929078,0.6507499999999999,0.0175,0.9825,0.9334916864608077,705,400,False
model,0.72,0.4,1.5,0.2,score_point,0.06950354609929078,0.6915,0.265,0.735,0.7913862718707941,705,400,False
model,0.76,0.3,1.5,0.2,score_point,0.06950354609929078,0.696,0.33,0.67,0.7475592747559274,705,400,False
model,0.64,0.5,1.5,0.2,score_point,0.06950354609929078,0.6975,0.1975,0.8025,0.8337662337662337,705,400,False
model,0.73,0.4,1.5,0.2,score_point,0.06950354609929078,0.6997500000000001,0.2725,0.7275,0.7864864864864864,705,400,False
model,0.65,0.5,1.5,0.2,score_point,0.06950354609929078,0.7075,0.2075,0.7925,0.8276762402088772,705,400,False
model,0.77,0.3,1.5,0.2,score_point,0.06950354609929078,0.708,0.34,0.66,0.7405329593267882,705,400,False
model,0.51,0.6,1.5,0.2,score_point,0.06950354609929078,0.71475,0.1275,0.8725,0.8746867167919801,705,400,False
model,0.52,0.6,1.5,0.2,score_point,0.06950354609929078,0.71475,0.1275,0.8725,0.8746867167919801,705,400,False
model,0.66,0.5,1.5,0.2,score_point,0.06950354609929078,0.715,0.215,0.785,0.8230668414154653,705,400,False
model,0.53,0.6,1.5,0.2,score_point,0.06950354609929078,0.7192499999999998,0.1325,0.8675,0.8718592964824121,705,400,False
model,0.67,0.5,1.5,0.2,score_point,0.06950354609929078,0.7225,0.2225,0.7775,0.818421052631579,705,400,False
model,0.07,0.7,2.0,0.2,score_point,0.06950354609929078,0.72275,0.0175,0.9825,0.9334916864608077,705,400,False
model,0.54,0.6,1.5,0.2,score_point,0.06950354609929078,0.7237499999999997,0.1375,0.8625,0.8690176322418136,705,400,False
model,0.55,0.6,1.5,0.2,score_point,0.06950354609929078,0.7237499999999997,0.1375,0.8625,0.8690176322418136,705,400,False
model,0.68,0.5,1.5,0.2,score_point,0.06950354609929078,0.725,0.225,0.775,0.8168642951251647,705,400,False
model,0.56,0.6,1.5,0.2,score_point,0.06950354609929078,0.726,0.14,0.86,0.8675914249684741,705,400,False
model,0.78,0.3,1.5,0.2,score_point,0.06950354609929078,0.726,0.355,0.645,0.72984441301273,705,400,False
model,0.57,0.6,1.5,0.2,score_point,0.06950354609929078,0.7327499999999998,0.1475,0.8525,0.8632911392405064,705,400,False
model,0.58,0.6,1.5,0.2,score_point,0.06950354609929078,0.7394999999999999,0.155,0.845,0.8589580686149936,705,400,False
model,0.26,0.7,1.5,0.2,score_point,0.06950354609929078,0.748,0.06,0.94,0.9115151515151516,705,400,False
model,0.27,0.7,1.5,0.2,score_point,0.06950354609929078,0.75,0.0625,0.9375,0.9101941747572815,705,400,False
model,0.28,0.7,1.5,0.2,score_point,0.06950354609929078,0.7519999999999999,0.065,0.935,0.9088699878493317,705,400,False
model,0.29,0.7,1.5,0.2,score_point,0.06950354609929078,0.7559999999999999,0.07,0.93,0.9062119366626066,705,400,False
model,0.03,0.8,2.0,0.2,score_point,0.06950354609929078,0.809,0.0075,0.9925,0.9385342789598108,705,400,False
model,0.19,0.8,1.5,0.2,score_point,0.06950354609929078,0.8332499999999999,0.0475,0.9525,0.9180722891566265,705,400,False
model,0.84,0.2,1.5,0.2,score_point,0.06950354609929078,0.85,0.5,0.5,0.6163328197226502,705,400,False
model,0.85,0.2,1.5,0.2,score_point,0.06950354609929078,0.9019999999999999,0.54,0.46,0.5813586097946288,705,400,False
model,0.02,0.9,2.0,0.2,score_point,0.06950354609929078,0.9055000000000001,0.005,0.995,0.9397874852420307,705,400,False
model,0.16,0.9,1.5,0.2,score_point,0.06950354609929078,0.9225000000000003,0.0375,0.9625,0.9232613908872902,705,400,False
model,0.17,0.9,1.5,0.2,score_point,0.06950354609929078,0.9225000000000003,0.0375,0.9625,0.9232613908872902,705,400,False
model,0.18,0.9,1.5,0.2,score_point,0.06950354609929078,0.9270000000000002,0.045,0.955,0.9193742478941035,705,400,False
model,0.15,1.0,1.5,0.2,score_point,0.06950354609929078,1.0175,0.035,0.965,0.9245508982035927,705,400,False
model,0.45,0.2,2.5,0.2,score_point,0.07092198581560284,0.44725000000000004,0.1075,0.8925,0.8847583643122676,705,400,True
model,0.37,0.2,3.0,0.2,score_point,0.07092198581560284,0.452,0.09,0.91,0.8943488943488944,705,400,False
model,0.46,0.2,2.5,0.2,score_point,0.07092198581560284,0.45875000000000005,0.1125,0.8875,0.8819875776397514,705,400,False
model,0.47,0.2,2.5,0.2,score_point,0.07092198581560284,0.4645,0.115,0.885,0.880597014925373,705,400,False
model,0.26,0.3,3.5,0.2,score_point,0.07092198581560284,0.49199999999999994,0.06,0.94,0.910411622276029,705,400,False
model,0.35,0.3,2.5,0.2,score_point,0.07092198581560284,0.49249999999999994,0.0875,0.9125,0.8957055214723926,705,400,False
model,0.59,0.2,2.0,0.2,score_point,0.07092198581560284,0.49700000000000005,0.165,0.835,0.8520408163265306,705,400,False
model,0.48,0.3,2.0,0.2,score_point,0.07092198581560284,0.4997499999999999,0.1175,0.8825,0.8792029887920298,705,400,False
model,0.49,0.3,2.0,0.2,score_point,0.07092198581560284,0.5082499999999999,0.1225,0.8775,0.8764044943820225,705,400,False
model,0.6,0.2,2.0,0.2,score_point,0.07092198581560284,0.5150000000000001,0.175,0.825,0.8461538461538461,705,400,False
model,0.27,0.4,2.5,0.2,score_point,0.07092198581560284,0.53125,0.0625,0.9375,0.9090909090909091,705,400,False
model,0.28,0.4,2.5,0.2,score_point,0.07092198581560284,0.5365000000000001,0.065,0.935,0.9077669902912621,705,400,False
model,0.37,0.4,2.0,0.2,score_point,0.07092198581560284,0.544,0.09,0.91,0.8943488943488944,705,400,False
model,0.38,0.4,2.0,0.2,score_point,0.07092198581560284,0.544,0.09,0.91,0.8943488943488944,705,400,False
model,0.39,0.4,2.0,0.2,score_point,0.07092198581560284,0.552,0.095,0.905,0.8916256157635468,705,400,False
model,0.23,0.4,3.5,0.2,score_point,0.07092198581560284,0.5705000000000001,0.055,0.945,0.9130434782608695,705,400,False
model,0.13,0.5,3.5,0.2,score_point,0.07092198581560284,0.5825,0.0275,0.9725,0.9272943980929678,705,400,False
model,0.14,0.5,3.5,0.2,score_point,0.07092198581560284,0.59,0.03,0.97,0.9260143198090691,705,400,False
model,0.1,0.6,2.5,0.2,score_point,0.07092198581560284,0.6427499999999998,0.0225,0.9775,0.929845422116528,705,400,False
model,0.16,0.6,2.0,0.2,score_point,0.07092198581560284,0.6525,0.0375,0.9625,0.9221556886227545,705,400,False
model,0.63,0.5,1.5,0.2,score_point,0.07092198581560284,0.6825,0.1825,0.8175,0.8416988416988417,705,400,False
model,0.8,0.2,1.5,0.2,score_point,0.07092198581560284,0.72,0.4,0.6,0.6956521739130435,705,400,False
model,0.2,0.7,1.5,0.2,score_point,0.07092198581560284,0.7380000000000001,0.0475,0.9525,0.9169675090252708,705,400,False
model,0.21,0.7,1.5,0.2,score_point,0.07092198581560284,0.7380000000000001,0.0475,0.9525,0.9169675090252708,705,400,False
model,0.22,0.7,1.5,0.2,score_point,0.07092198581560284,0.742,0.0525,0.9475,0.9143546441495778,705,400,False
model,0.23,0.7,1.5,0.2,score_point,0.07092198581560284,0.7440000000000001,0.055,0.945,0.9130434782608695,705,400,False
model,0.24,0.7,1.5,0.2,score_point,0.07092198581560284,0.746,0.0575,0.9425,0.9117291414752116,705,400,False
model,0.25,0.7,1.5,0.2,score_point,0.07092198581560284,0.746,0.0575,0.9425,0.9117291414752116,705,400,False
model,0.81,0.2,1.5,0.2,score_point,0.07092198581560284,0.74925,0.4225,0.5775,0.6784140969162996,705,400,False
model,0.82,0.2,1.5,0.2,score_point,0.07092198581560284,0.78175,0.4475,0.5525,0.6587183308494783,705,400,False
model,0.83,0.2,1.5,0.2,score_point,0.07092198581560284,0.8175,0.475,0.525,0.6363636363636364,705,400,False
model,0.15,0.9,1.5,0.2,score_point,0.07092198581560284,0.9210000000000003,0.035,0.965,0.923444976076555,705,400,False
model,0.03,1.0,1.5,0.2,score_point,0.07092198581560284,1.00375,0.0075,0.9925,0.9374262101534829,705,400,False
model,0.04,1.0,1.5,0.2,score_point,0.07092198581560284,1.005,0.01,0.99,0.9361702127659574,705,400,False
model,0.05,1.0,1.5,0.2,score_point,0.07092198581560284,1.00625,0.0125,0.9875,0.9349112426035503,705,400,False
model,0.06,1.0,1.5,0.2,score_point,0.07092198581560284,1.0075,0.015,0.985,0.933649289099526,705,400,False
model,0.07,1.0,1.5,0.2,score_point,0.07092198581560284,1.00875,0.0175,0.9825,0.9323843416370107,705,400,False
model,0.08,1.0,1.5,0.2,score_point,0.07092198581560284,1.00875,0.0175,0.9825,0.9323843416370107,705,400,False
model,0.09,1.0,1.5,0.2,score_point,0.07092198581560284,1.01,0.02,0.98,0.9311163895486936,705,400,False
model,0.1,1.0,1.5,0.2,score_point,0.07092198581560284,1.01125,0.0225,0.9775,0.929845422116528,705,400,False
model,0.11,1.0,1.5,0.2,score_point,0.07092198581560284,1.01125,0.0225,0.9775,0.929845422116528,705,400,False
model,0.12,1.0,1.5,0.2,score_point,0.07092198581560284,1.01125,0.0225,0.9775,0.929845422116528,705,400,False
model,0.13,1.0,1.5,0.2,score_point,0.07092198581560284,1.01375,0.0275,0.9725,0.9272943980929678,705,400,False
model,0.14,1.0,1.5,0.2,score_point,0.07092198581560284,1.015,0.03,0.97,0.9260143198090691,705,400,False
model,0.33,0.3,2.5,0.2,score_point,0.07234042553191489,0.4759999999999999,0.08,0.92,0.8986568986568987,705,400,False
model,0.34,0.3,2.5,0.2,score_point,0.07234042553191489,0.4759999999999999,0.08,0.92,0.8986568986568987,705,400,False
model,0.58,0.2,2.0,0.2,score_point,0.07234042553191489,0.47900000000000004,0.155,0.845,0.8567807351077312,705,400,False
model,0.45,0.3,2.0,0.2,score_point,0.07234042553191489,0.4827499999999999,0.1075,0.8925,0.8836633663366336,705,400,False
model,0.25,0.3,3.5,0.2,score_point,0.07234042553191489,0.48399999999999993,0.0575,0.9425,0.9106280193236714,705,400,False
model,0.35,0.2,3.5,0.2,score_point,0.07234042553191489,0.48875,0.0875,0.9125,0.8946078431372548,705,400,False
model,0.46,0.3,2.0,0.2,score_point,0.07234042553191489,0.4912499999999999,0.1125,0.8875,0.8808933002481389,705,400,False
model,0.47,0.3,2.0,0.2,score_point,0.07234042553191489,0.4955,0.115,0.885,0.8795031055900622,705,400,False
model,0.26,0.4,2.5,0.2,score_point,0.07234042553191489,0.5260000000000001,0.06,0.94,0.9093107617896009,705,400,False
model,0.11,0.5,3.5,0.2,score_point,0.07234042553191489,0.5675,0.0225,0.9775,0.9287410926365796,705,400,False
model,0.12,0.5,3.5,0.2,score_point,0.07234042553191489,0.5675,0.0225,0.9775,0.9287410926365796,705,400,False
model,0.16,0.5,2.5,0.2,score_point,0.07234042553191489,0.575,0.0375,0.9625,0.9210526315789475,705,400,False
model,0.23,0.5,2.0,0.2,score_point,0.07234042553191489,0.5825,0.055,0.945,0.9119420989143546,705,400,False
model,0.08,0.6,2.5,0.2,score_point,0.07234042553191489,0.6332499999999999,0.0175,0.9825,0.9312796208530806,705,400,False
model,0.09,0.6,2.5,0.2,score_point,0.07234042553191489,0.6379999999999998,0.02,0.98,0.9300118623962039,705,400,False
model,0.07,0.6,3.0,0.2,score_point,0.07234042553191489,0.6419999999999999,0.0175,0.9825,0.9312796208530806,705,400,False
model,0.74,0.3,1.5,0.2,score_point,0.07234042553191489,0.6509999999999999,0.2925,0.7075,0.771117166212534,705,400,False
model,0.75,0.3,1.5,0.2,score_point,0.07234042553191489,0.6659999999999999,0.305,0.695,0.7626886145404662,705,400,False
model,0.62,0.5,1.5,0.2,score_point,0.07234042553191489,0.6825,0.1825,0.8175,0.840616966580977,705,400,False
model,0.5,0.6,1.5,0.2,score_point,0.07234042553191489,0.7124999999999999,0.125,0.875,0.8739076154806491,705,400,False
model,0.06,0.7,2.0,0.2,score_point,0.07234042553191489,0.7194999999999999,0.015,0.985,0.9325443786982248,705,400,False
model,0.19,0.7,1.5,0.2,score_point,0.07234042553191489,0.7380000000000001,0.0475,0.9525,0.9158653846153847,705,400,False
model,0.16,0.8,1.5,0.2,score_point,0.07234042553191489,0.82625,0.0375,0.9625,0.9210526315789475,705,400,False
model,0.17,0.8,1.5,0.2,score_point,0.07234042553191489,0.82625,0.0375,0.9625,0.9210526315789475,705,400,False
model,0.18,0.8,1.5,0.2,score_point,0.07234042553191489,0.8315,0.045,0.955,0.9171668667466988,705,400,False
model,0.41,0.2,2.5,0.2,score_point,0.07375886524822695,0.41850000000000004,0.095,0.905,0.8894348894348894,705,400,False
model,0.42,0.2,2.5,0.2,score_point,0.07375886524822695,0.41850000000000004,0.095,0.905,0.8894348894348894,705,400,True
model,0.43,0.2,2.5,0.2,score_point,0.07375886524822695,0.43,0.1,0.9,0.8866995073891626,705,400,False
model,0.44,0.2,2.5,0.2,score_point,0.07375886524822695,0.43,0.1,0.9,0.8866995073891626,705,400,False
model,0.36,0.2,3.0,0.2,score_point,0.07375886524822695,0.445,0.0875,0.9125,0.8935128518971848,705,400,False
model,0.55,0.2,2.0,0.2,score_point,0.07375886524822695,0.44750000000000006,0.1375,0.8625,0.8657465495608532,705,400,False
model,0.56,0.2,2.0,0.2,score_point,0.07375886524822695,0.452,0.14,0.86,0.864321608040201,705,400,False
model,0.33,0.2,3.5,0.2,score_point,0.07375886524822695,0.46399999999999997,0.08,0.92,0.8975609756097561,705,400,False
model,0.34,0.2,3.5,0.2,score_point,0.07375886524822695,0.46399999999999997,0.08,0.92,0.8975609756097561,705,400,False
model,0.57,0.2,2.0,0.2,score_point,0.07375886524822695,0.4655,0.1475,0.8525,0.8600252206809585,705,400,False
model,0.27,0.3,3.0,0.2,score_point,0.07375886524822695,0.46874999999999994,0.0625,0.9375,0.9068923821039904,705,400,False
model,0.28,0.3,3.0,0.2,score_point,0.07375886524822695,0.4754999999999999,0.065,0.935,0.9055690072639225,705,400,False
model,0.24,0.3,3.5,0.2,score_point,0.07375886524822695,0.48399999999999993,0.0575,0.9425,0.9095295536791315,705,400,False
model,0.25,0.4,2.5,0.2,score_point,0.07375886524822695,0.52075,0.0575,0.9425,0.9095295536791315,705,400,False
model,0.36,0.4,2.0,0.2,score_point,0.07375886524822695,0.5400000000000001,0.0875,0.9125,0.8935128518971848,705,400,False
model,0.2,0.4,3.5,0.2,score_point,0.07375886524822695,0.5472500000000001,0.0475,0.9525,0.9147659063625451,705,400,False
model,0.21,0.4,3.5,0.2,score_point,0.07375886524822695,0.5472500000000001,0.0475,0.9525,0.9147659063625451,705,400,False
model,0.22,0.4,3.5,0.2,score_point,0.07375886524822695,0.5627500000000001,0.0525,0.9475,0.9121540312876053,705,400,False
model,0.1,0.5,3.5,0.2,score_point,0.07375886524822695,0.5675,0.0225,0.9775,0.9276393831553974,705,400,False
model,0.13,0.5,3.0,0.2,score_point,0.07375886524822695,0.56875,0.0275,0.9725,0.9250891795481571,705,400,False
model,0.14,0.5,3.0,0.2,score_point,0.07375886524822695,0.575,0.03,0.97,0.9238095238095237,705,400,False
model,0.72,0.3,1.5,0.2,score_point,0.07375886524822695,0.618,0.265,0.735,0.7882037533512065,705,400,False
model,0.73,0.3,1.5,0.2,score_point,0.07375886524822695,0.627,0.2725,0.7275,0.7833109017496636,705,400,False
model,0.15,0.6,2.0,0.2,score_point,0.07375886524822695,0.6489999999999999,0.035,0.965,0.9212410501193317,705,400,False
model,0.59,0.5,1.5,0.2,score_point,0.07375886524822695,0.665,0.165,0.835,0.8498727735368956,705,400,False
model,0.6,0.5,1.5,0.2,score_point,0.07375886524822695,0.675,0.175,0.825,0.8439897698209717,705,400,False
model,0.7,0.4,1.5,0.2,score_point,0.07375886524822695,0.675,0.25,0.75,0.7978723404255319,705,400,False
model,0.61,0.5,1.5,0.2,score_point,0.07375886524822695,0.68,0.18,0.82,0.8410256410256411,705,400,False
model,0.79,0.2,1.5,0.2,score_point,0.07375886524822695,0.6809999999999999,0.37,0.63,0.715909090909091,705,400,False
model,0.71,0.4,1.5,0.2,score_point,0.07375886524822695,0.6832500000000001,0.2575,0.7425,0.7930574098798399,705,400,False
model,0.45,0.6,1.5,0.2,score_point,0.07375886524822695,0.6967499999999999,0.1075,0.8925,0.8825710754017305,705,400,False
model,0.46,0.6,1.5,0.2,score_point,0.07375886524822695,0.70125,0.1125,0.8875,0.8798017348203222,705,400,False
model,0.47,0.6,1.5,0.2,score_point,0.07375886524822695,0.7034999999999999,0.115,0.885,0.8784119106699751,705,400,False
model,0.48,0.6,1.5,0.2,score_point,0.07375886524822695,0.7057499999999999,0.1175,0.8825,0.8770186335403727,705,400,False
model,0.49,0.6,1.5,0.2,score_point,0.07375886524822695,0.7102499999999999,0.1225,0.8775,0.8742216687422166,705,400,False
model,0.03,0.7,2.5,0.2,score_point,0.07375886524822695,0.7134999999999999,0.0075,0.9925,0.9352179034157833,705,400,False
model,0.02,0.7,3.5,0.2,score_point,0.07375886524822695,0.7140000000000001,0.005,0.995,0.9364705882352942,705,400,False
model,0.01,0.8,2.5,0.2,score_point,0.07375886524822695,0.8085,0.005,0.995,0.9364705882352942,705,400,False
model,0.15,0.8,1.5,0.2,score_point,0.07375886524822695,0.8244999999999999,0.035,0.965,0.9212410501193317,705,400,False
model,0.02,1.0,1.5,0.2,score_point,0.07375886524822695,1.0025,0.005,0.995,0.9364705882352942,705,400,False
model,0.4,0.2,2.5,0.2,score_point,0.075177304964539,0.41850000000000004,0.095,0.905,0.8883435582822086,705,400,False
model,0.52,0.2,2.0,0.2,score_point,0.075177304964539,0.42950000000000005,0.1275,0.8725,0.8703241895261846,705,400,False
model,0.53,0.2,2.0,0.2,score_point,0.075177304964539,0.4385000000000001,0.1325,0.8675,0.8675,705,400,False
model,0.54,0.2,2.0,0.2,score_point,0.075177304964539,0.44750000000000006,0.1375,0.8625,0.8646616541353385,705,400,False
model,0.41,0.3,2.0,0.2,score_point,0.075177304964539,0.4614999999999999,0.095,0.905,0.8883435582822086,705,400,False
model,0.42,0.3,2.0,0.2,score_point,0.075177304964539,0.4614999999999999,0.095,0.905,0.8883435582822086,705,400,False
model,0.26,0.3,3.0,0.2,score_point,0.075177304964539,0.46199999999999997,0.06,0.94,0.9071170084439082,705,400,False
model,0.3,0.3,2.5,0.2,score_point,0.075177304964539,0.4649999999999999,0.075,0.925,0.8991494532199272,705,400,False
model,0.43,0.3,2.0,0.2,score_point,0.075177304964539,0.4699999999999999,0.1,0.9,0.8856088560885608,705,400,False
model,0.44,0.3,2.0,0.2,score_point,0.075177304964539,0.4699999999999999,0.1,0.9,0.8856088560885608,705,400,False
model,0.31,0.3,2.5,0.2,score_point,0.075177304964539,0.4705,0.0775,0.9225,0.8978102189781021,705,400,False
model,0.32,0.3,2.5,0.2,score_point,0.075177304964539,0.4705,0.0775,0.9225,0.8978102189781021,705,400,False
model,0.24,0.4,2.5,0.2,score_point,0.075177304964539,0.52075,0.0575,0.9425,0.908433734939759,705,400,False
model,0.35,0.4,2.0,0.2,score_point,0.075177304964539,0.5400000000000001,0.0875,0.9125,0.8924205378973104,705,400,False
model,0.23,0.4,3.0,0.2,score_point,0.075177304964539,0.543,0.055,0.945,0.9097472924187725,705,400,False
model,0.19,0.4,3.5,0.2,score_point,0.075177304964539,0.5472500000000001,0.0475,0.9525,0.9136690647482015,705,400,False
model,0.11,0.5,3.0,0.2,score_point,0.075177304964539,0.55625,0.0225,0.9775,0.9265402843601895,705,400,False
model,0.12,0.5,3.0,0.2,score_point,0.075177304964539,0.55625,0.0225,0.9775,0.9265402843601895,705,400,False
model,0.09,0.5,3.5,0.2,score_point,0.075177304964539,0.56,0.02,0.98,0.9278106508875739,705,400,False
model,0.15,0.5,2.5,0.2,score_point,0.075177304964539,0.57,0.035,0.965,0.9201430274135876,705,400,False
model,0.2,0.5,2.0,0.2,score_point,0.075177304964539,0.57125,0.0475,0.9525,0.9136690647482015,705,400,False
model,0.21,0.5,2.0,0.2,score_point,0.075177304964539,0.57125,0.0475,0.9525,0.9136690647482015,705,400,False
model,0.22,0.5,2.0,0.2,score_point,0.075177304964539,0.57875,0.0525,0.9475,0.9110576923076923,705,400,False
model,0.51,0.5,1.5,0.2,score_point,0.075177304964539,0.6275,0.1275,0.8725,0.8703241895261846,705,400,False
model,0.52,0.5,1.5,0.2,score_point,0.075177304964539,0.6275,0.1275,0.8725,0.8703241895261846,705,400,False
model,0.76,0.2,1.5,0.2,score_point,0.075177304964539,0.629,0.33,0.67,0.7434119278779473,705,400,False
model,0.53,0.5,1.5,0.2,score_point,0.075177304964539,0.6325,0.1325,0.8675,0.8675,705,400,False
model,0.54,0.5,1.5,0.2,score_point,0.075177304964539,0.6375,0.1375,0.8625,0.8646616541353385,705,400,False
model,0.55,0.5,1.5,0.2,score_point,0.075177304964539,0.6375,0.1375,0.8625,0.8646616541353385,705,400,False
model,0.56,0.5,1.5,0.2,score_point,0.075177304964539,0.64,0.14,0.86,0.8632371392722711,705,400,False
model,0.77,0.2,1.5,0.2,score_point,0.075177304964539,0.642,0.34,0.66,0.7364016736401674,705,400,False
model,0.57,0.5,1.5,0.2,score_point,0.075177304964539,0.6475,0.1475,0.8525,0.8589420654911839,705,400,False
model,0.58,0.5,1.5,0.2,score_point,0.075177304964539,0.655,0.155,0.845,0.854614412136536,705,400,False
model,0.69,0.4,1.5,0.2,score_point,0.075177304964539,0.6557500000000002,0.2325,0.7675,0.8078947368421052,705,400,False
model,0.78,0.2,1.5,0.2,score_point,0.075177304964539,0.6615000000000001,0.355,0.645,0.7257383966244725,705,400,False
model,0.05,0.7,2.0,0.2,score_point,0.075177304964539,0.71625,0.0125,0.9875,0.9316037735849058,705,400,False
model,0.17,0.7,1.5,0.2,score_point,0.075177304964539,0.73,0.0375,0.9625,0.9188544152744631,705,400,False
model,0.18,0.7,1.5,0.2,score_point,0.075177304964539,0.736,0.045,0.955,0.9149700598802396,705,400,False
model,0.01,0.9,2.0,0.2,score_point,0.075177304964539,0.9055000000000001,0.005,0.995,0.9353701527614571,705,400,False
model,0.13,0.9,1.5,0.2,score_point,0.075177304964539,0.9165000000000002,0.0275,0.9725,0.9239904988123515,705,400,False
model,0.14,0.9,1.5,0.2,score_point,0.075177304964539,0.9180000000000003,0.03,0.97,0.9227110582639715,705,400,False
model,0.38,0.2,2.5,0.2,score_point,0.07659574468085106,0.40700000000000003,0.09,0.91,0.8899755501222494,705,400,True
model,0.39,0.2,2.5,0.2,score_point,0.07659574468085106,0.41850000000000004,0.095,0.905,0.8872549019607844,705,400,False
model,0.51,0.2,2.0,0.2,score_point,0.07659574468085106,0.42950000000000005,0.1275,0.8725,0.8692403486924035,705,400,False
model,0.35,0.2,3.0,0.2,score_point,0.07659574468085106,0.445,0.0875,0.9125,0.8913308913308914,705,400,False
model,0.3,0.2,3.5,0.2,score_point,0.07659574468085106,0.4475,0.075,0.925,0.8980582524271845,705,400,False
model,0.29,0.3,2.5,0.2,score_point,0.07659574468085106,0.4539999999999999,0.07,0.93,0.9007263922518159,705,400,False
model,0.25,0.3,3.0,0.2,score_point,0.07659574468085106,0.45524999999999993,0.0575,0.9425,0.9073405535499399,705,400,False
model,0.31,0.2,3.5,0.2,score_point,0.07659574468085106,0.45575000000000004,0.0775,0.9225,0.896719319562576,705,400,False
model,0.32,0.2,3.5,0.2,score_point,0.07659574468085106,0.45575000000000004,0.0775,0.9225,0.896719319562576,705,400,False
model,0.4,0.3,2.0,0.2,score_point,0.07659574468085106,0.4614999999999999,0.095,0.905,0.8872549019607844,705,400,False
model,0.33,0.4,2.0,0.2,score_point,0.07659574468085106,0.5280000000000001,0.08,0.92,0.8953771289537714,705,400,False
model,0.34,0.4,2.0,0.2,score_point,0.07659574468085106,0.5280000000000001,0.08,0.92,0.8953771289537714,705,400,False
model,0.08,0.5,3.5,0.2,score_point,0.07659574468085106,0.5525,0.0175,0.9825,0.9279811097992916,705,400,False
model,0.1,0.5,3.0,0.2,score_point,0.07659574468085106,0.55625,0.0225,0.9775,0.9254437869822485,705,400,False
model,0.19,0.5,2.0,0.2,score_point,0.07659574468085106,0.57125,0.0475,0.9525,0.9125748502994012,705,400,False
model,0.64,0.4,1.5,0.2,score_point,0.07659574468085106,0.6172500000000001,0.1975,0.8025,0.8283870967741935,705,400,False
model,0.65,0.4,1.5,0.2,score_point,0.07659574468085106,0.6282500000000002,0.2075,0.7925,0.8223086900129702,705,400,False
model,0.66,0.4,1.5,0.2,score_point,0.07659574468085106,0.6365000000000001,0.215,0.785,0.8177083333333334,705,400,False
model,0.06,0.6,3.5,0.2,score_point,0.07659574468085106,0.6434999999999998,0.015,0.985,0.9292452830188679,705,400,False
model,0.67,0.4,1.5,0.2,score_point,0.07659574468085106,0.64475,0.2225,0.7775,0.8130718954248366,705,400,False
model,0.68,0.4,1.5,0.2,score_point,0.07659574468085106,0.6475000000000002,0.225,0.775,0.8115183246073299,705,400,False
model,0.37,0.6,1.5,0.2,score_point,0.07659574468085106,0.6809999999999999,0.09,0.91,0.8899755501222494,705,400,False
model,0.38,0.6,1.5,0.2,score_point,0.07659574468085106,0.6809999999999999,0.09,0.91,0.8899755501222494,705,400,False
model,0.39,0.6,1.5,0.2,score_point,0.07659574468085106,0.6854999999999998,0.095,0.905,0.8872549019607844,705,400,False
model,0.4,0.6,1.5,0.2,score_point,0.07659574468085106,0.6854999999999998,0.095,0.905,0.8872549019607844,705,400,False
model,0.41,0.6,1.5,0.2,score_point,0.07659574468085106,0.6854999999999998,0.095,0.905,0.8872549019607844,705,400,False
model,0.42,0.6,1.5,0.2,score_point,0.07659574468085106,0.6854999999999998,0.095,0.905,0.8872549019607844,705,400,False
model,0.43,0.6,1.5,0.2,score_point,0.07659574468085106,0.69,0.1,0.9,0.8845208845208845,705,400,False
model,0.44,0.6,1.5,0.2,score_point,0.07659574468085106,0.69,0.1,0.9,0.8845208845208845,705,400,False
model,0.02,0.7,3.0,0.2,score_point,0.07659574468085106,0.7115,0.005,0.995,0.9342723004694836,705,400,False
model,0.04,0.7,2.0,0.2,score_point,0.07659574468085106,0.7130000000000001,0.01,0.99,0.9317647058823528,705,400,False
model,0.16,0.7,1.5,0.2,score_point,0.07659574468085106,0.73,0.0375,0.9625,0.9177592371871275,705,400,False
model,0.02,0.8,2.0,0.2,score_point,0.07659574468085106,0.8059999999999999,0.005,0.995,0.9342723004694836,705,400,False
model,0.08,0.9,1.5,0.2,score_point,0.07659574468085106,0.9105000000000001,0.0175,0.9825,0.9279811097992916,705,400,False
model,0.09,0.9,1.5,0.2,score_point,0.07659574468085106,0.9120000000000001,0.02,0.98,0.9267139479905439,705,400,False
model,0.1,0.9,1.5,0.2,score_point,0.07659574468085106,0.9135000000000002,0.0225,0.9775,0.9254437869822485,705,400,False
model,0.11,0.9,1.5,0.2,score_point,0.07659574468085106,0.9135000000000002,0.0225,0.9775,0.9254437869822485,705,400,False
model,0.12,0.9,1.5,0.2,score_point,0.07659574468085106,0.9135000000000002,0.0225,0.9775,0.9254437869822485,705,400,False
model,0.37,0.2,2.5,0.2,score_point,0.07801418439716312,0.40700000000000003,0.09,0.91,0.8888888888888891,705,400,False
model,0.33,0.2,3.0,0.2,score_point,0.07801418439716312,0.42400000000000004,0.08,0.92,0.8942891859052249,705,400,False
model,0.34,0.2,3.0,0.2,score_point,0.07801418439716312,0.42400000000000004,0.08,0.92,0.8942891859052249,705,400,False
model,0.29,0.2,3.5,0.2,score_point,0.07801418439716312,0.431,0.07,0.93,0.8996372430471584,705,400,False
model,0.37,0.3,2.0,0.2,score_point,0.07801418439716312,0.4529999999999999,0.09,0.91,0.8888888888888891,705,400,False
model,0.38,0.3,2.0,0.2,score_point,0.07801418439716312,0.4529999999999999,0.09,0.91,0.8888888888888891,705,400,False
model,0.24,0.3,3.0,0.2,score_point,0.07801418439716312,0.45524999999999993,0.0575,0.9425,0.90625,705,400,False
model,0.39,0.3,2.0,0.2,score_point,0.07801418439716312,0.4614999999999999,0.095,0.905,0.8861689106487147,705,400,False
model,0.3,0.4,2.0,0.2,score_point,0.07801418439716312,0.52,0.075,0.925,0.896969696969697,705,400,False
model,0.2,0.4,3.0,0.2,score_point,0.07801418439716312,0.5235000000000001,0.0475,0.9525,0.9114832535885168,705,400,False
model,0.21,0.4,3.0,0.2,score_point,0.07801418439716312,0.5235000000000001,0.0475,0.9525,0.9114832535885168,705,400,False
model,0.31,0.4,2.0,0.2,score_point,0.07801418439716312,0.524,0.0775,0.9225,0.8956310679611649,705,400,False
model,0.32,0.4,2.0,0.2,score_point,0.07801418439716312,0.524,0.0775,0.9225,0.8956310679611649,705,400,False
model,0.22,0.4,3.0,0.2,score_point,0.07801418439716312,0.5365000000000001,0.0525,0.9475,0.9088729016786571,705,400,False
model,0.09,0.5,3.0,0.2,score_point,0.07801418439716312,0.55,0.02,0.98,0.9256198347107438,705,400,False
model,0.74,0.2,1.5,0.2,score_point,0.07801418439716312,0.58025,0.2925,0.7075,0.7669376693766938,705,400,False
model,0.75,0.2,1.5,0.2,score_point,0.07801418439716312,0.5965,0.305,0.695,0.7585266030013642,705,400,False
model,0.7,0.3,1.5,0.2,score_point,0.07801418439716312,0.6,0.25,0.75,0.794701986754967,705,400,False
model,0.63,0.4,1.5,0.2,score_point,0.07801418439716312,0.6007500000000001,0.1825,0.8175,0.8363171355498722,705,400,False
model,0.71,0.3,1.5,0.2,score_point,0.07801418439716312,0.6089999999999999,0.2575,0.7425,0.7898936170212766,705,400,False
model,0.5,0.5,1.5,0.2,score_point,0.07801418439716312,0.625,0.125,0.875,0.8695652173913043,705,400,False
model,0.07,0.6,2.5,0.2,score_point,0.07801418439716312,0.6332499999999999,0.0175,0.9825,0.9268867924528302,705,400,False
model,0.13,0.6,2.0,0.2,score_point,0.07801418439716312,0.6384999999999998,0.0275,0.9725,0.9218009478672985,705,400,False
model,0.14,0.6,2.0,0.2,score_point,0.07801418439716312,0.6419999999999999,0.03,0.97,0.9205219454329773,705,400,False
model,0.3,0.6,1.5,0.2,score_point,0.07801418439716312,0.6674999999999999,0.075,0.925,0.896969696969697,705,400,False
model,0.31,0.6,1.5,0.2,score_point,0.07801418439716312,0.66975,0.0775,0.9225,0.8956310679611649,705,400,False
model,0.32,0.6,1.5,0.2,score_point,0.07801418439716312,0.66975,0.0775,0.9225,0.8956310679611649,705,400,False
model,0.33,0.6,1.5,0.2,score_point,0.07801418439716312,0.6719999999999999,0.08,0.92,0.8942891859052249,705,400,False
model,0.34,0.6,1.5,0.2,score_point,0.07801418439716312,0.6719999999999999,0.08,0.92,0.8942891859052249,705,400,False
model,0.35,0.6,1.5,0.2,score_point,0.07801418439716312,0.6787499999999999,0.0875,0.9125,0.8902439024390244,705,400,False
model,0.36,0.6,1.5,0.2,score_point,0.07801418439716312,0.6787499999999999,0.0875,0.9125,0.8902439024390244,705,400,False
model,0.15,0.7,1.5,0.2,score_point,0.07801418439716312,0.7280000000000001,0.035,0.965,0.9179548156956004,705,400,False
model,0.13,0.8,1.5,0.2,score_point,0.07801418439716312,0.8192499999999999,0.0275,0.9725,0.9218009478672985,705,400,False
model,0.14,0.8,1.5,0.2,score_point,0.07801418439716312,0.821,0.03,0.97,0.9205219454329773,705,400,False
model,0.03,0.9,1.5,0.2,score_point,0.07801418439716312,0.9045000000000002,0.0075,0.9925,0.931924882629108,705,400,False
model,0.04,0.9,1.5,0.2,score_point,0.07801418439716312,0.9060000000000002,0.01,0.99,0.9306698002350176,705,400,False
model,0.05,0.9,1.5,0.2,score_point,0.07801418439716312,0.9075000000000002,0.0125,0.9875,0.9294117647058824,705,400,False
model,0.06,0.9,1.5,0.2,score_point,0.07801418439716312,0.9090000000000003,0.015,0.985,0.928150765606596,705,400,False
model,0.07,0.9,1.5,0.2,score_point,0.07801418439716312,0.9105000000000001,0.0175,0.9825,0.9268867924528302,705,400,False
model,0.01,1.0,1.5,0.2,score_point,0.07801418439716312,1.0025,0.005,0.995,0.933177022274326,705,400,False
model,0.5,0.2,2.0,0.2,score_point,0.07943262411347518,0.42500000000000004,0.125,0.875,0.8684863523573201,705,400,False
model,0.27,0.3,2.5,0.2,score_point,0.07943262411347518,0.43749999999999994,0.0625,0.9375,0.9025270758122743,705,400,False
model,0.28,0.3,2.5,0.2,score_point,0.07943262411347518,0.4429999999999999,0.065,0.935,0.9012048192771084,705,400,False
model,0.23,0.3,3.5,0.2,score_point,0.07943262411347518,0.4759999999999999,0.055,0.945,0.9064748201438848,705,400,False
model,0.29,0.4,2.0,0.2,score_point,0.07943262411347518,0.512,0.07,0.93,0.8985507246376813,705,400,False
model,0.17,0.4,3.5,0.2,score_point,0.07943262411347518,0.5162500000000001,0.0375,0.9625,0.915576694411415,705,400,False
model,0.19,0.4,3.0,0.2,score_point,0.07943262411347518,0.5235000000000001,0.0475,0.9525,0.910394265232975,705,400,False
model,0.18,0.4,3.5,0.2,score_point,0.07943262411347518,0.5395,0.045,0.955,0.9116945107398569,705,400,False
model,0.08,0.5,3.0,0.2,score_point,0.07943262411347518,0.54375,0.0175,0.9825,0.9257950530035336,705,400,False
model,0.13,0.5,2.5,0.2,score_point,0.07943262411347518,0.555,0.0275,0.9725,0.9207100591715975,705,400,False
model,0.17,0.5,2.0,0.2,score_point,0.07943262411347518,0.55625,0.0375,0.9625,0.915576694411415,705,400,False
model,0.14,0.5,2.5,0.2,score_point,0.07943262411347518,0.56,0.03,0.97,0.919431279620853,705,400,False
model,0.18,0.5,2.0,0.2,score_point,0.07943262411347518,0.5675,0.045,0.955,0.9116945107398569,705,400,False
model,0.69,0.3,1.5,0.2,score_point,0.07943262411347518,0.579,0.2325,0.7675,0.8047182175622544,705,400,False
model,0.62,0.4,1.5,0.2,score_point,0.07943262411347518,0.6007500000000001,0.1825,0.8175,0.8352490421455938,705,400,False
model,0.45,0.5,1.5,0.2,score_point,0.07943262411347518,0.6075,0.1075,0.8925,0.8782287822878229,705,400,False
model,0.46,0.5,1.5,0.2,score_point,0.07943262411347518,0.6125,0.1125,0.8875,0.8754623921085081,705,400,False
model,0.47,0.5,1.5,0.2,score_point,0.07943262411347518,0.615,0.115,0.885,0.874074074074074,705,400,False
model,0.48,0.5,1.5,0.2,score_point,0.07943262411347518,0.6175,0.1175,0.8825,0.872682323856613,705,400,False
model,0.49,0.5,1.5,0.2,score_point,0.07943262411347518,0.6225,0.1225,0.8775,0.8698884758364311,705,400,False
model,0.11,0.6,2.0,0.2,score_point,0.07943262411347518,0.6314999999999998,0.0225,0.9775,0.923258559622196,705,400,False
model,0.12,0.6,2.0,0.2,score_point,0.07943262411347518,0.6314999999999998,0.0225,0.9775,0.923258559622196,705,400,False
model,0.06,0.6,3.0,0.2,score_point,0.07943262411347518,0.6359999999999998,0.015,0.985,0.9270588235294117,705,400,False
model,0.26,0.6,1.5,0.2,score_point,0.07943262411347518,0.6539999999999998,0.06,0.94,0.9038461538461539,705,400,False
model,0.27,0.6,1.5,0.2,score_point,0.07943262411347518,0.6562499999999999,0.0625,0.9375,0.9025270758122743,705,400,False
model,0.28,0.6,1.5,0.2,score_point,0.07943262411347518,0.6585,0.065,0.935,0.9012048192771084,705,400,False
model,0.29,0.6,1.5,0.2,score_point,0.07943262411347518,0.6629999999999998,0.07,0.93,0.8985507246376813,705,400,False
model,0.08,0.8,1.5,0.2,score_point,0.07943262411347518,0.8122499999999999,0.0175,0.9825,0.9257950530035336,705,400,False
model,0.09,0.8,1.5,0.2,score_point,0.07943262411347518,0.8140000000000001,0.02,0.98,0.9245283018867924,705,400,False
model,0.1,0.8,1.5,0.2,score_point,0.07943262411347518,0.81575,0.0225,0.9775,0.923258559622196,705,400,False
model,0.11,0.8,1.5,0.2,score_point,0.07943262411347518,0.81575,0.0225,0.9775,0.923258559622196,705,400,False
model,0.12,0.8,1.5,0.2,score_point,0.07943262411347518,0.81575,0.0225,0.9775,0.923258559622196,705,400,False
model,0.36,0.2,2.5,0.2,score_point,0.08085106382978724,0.40125,0.0875,0.9125,0.8880778588807785,705,400,True
model,0.3,0.2,3.0,0.2,score_point,0.08085106382978724,0.41,0.075,0.925,0.8948004836759372,705,400,False
model,0.48,0.2,2.0,0.2,score_point,0.08085106382978724,0.41150000000000003,0.1175,0.8825,0.8716049382716049,705,400,False
model,0.31,0.2,3.0,0.2,score_point,0.08085106382978724,0.41700000000000004,0.0775,0.9225,0.8934624697336562,705,400,False
model,0.32,0.2,3.0,0.2,score_point,0.08085106382978724,0.41700000000000004,0.0775,0.9225,0.8934624697336562,705,400,False
model,0.49,0.2,2.0,0.2,score_point,0.08085106382978724,0.42050000000000004,0.1225,0.8775,0.8688118811881188,705,400,False
model,0.26,0.3,2.5,0.2,score_point,0.08085106382978724,0.43199999999999994,0.06,0.94,0.9027611044417766,705,400,False
model,0.36,0.3,2.0,0.2,score_point,0.08085106382978724,0.4487499999999999,0.0875,0.9125,0.8880778588807785,705,400,False
model,0.23,0.4,2.5,0.2,score_point,0.08085106382978724,0.5155000000000001,0.055,0.945,0.9053892215568862,705,400,False
model,0.11,0.5,2.5,0.2,score_point,0.08085106382978724,0.545,0.0225,0.9775,0.9221698113207547,705,400,False
model,0.12,0.5,2.5,0.2,score_point,0.08085106382978724,0.545,0.0225,0.9775,0.9221698113207547,705,400,False
model,0.65,0.3,1.5,0.2,score_point,0.08085106382978724,0.5489999999999999,0.2075,0.7925,0.8191214470284237,705,400,False
model,0.66,0.3,1.5,0.2,score_point,0.08085106382978724,0.5579999999999999,0.215,0.785,0.814526588845655,705,400,False
model,0.67,0.3,1.5,0.2,score_point,0.08085106382978724,0.5669999999999998,0.2225,0.7775,0.8098958333333334,705,400,False
model,0.68,0.3,1.5,0.2,score_point,0.08085106382978724,0.57,0.225,0.775,0.8083441981747066,705,400,False
model,0.59,0.4,1.5,0.2,score_point,0.08085106382978724,0.5815000000000001,0.165,0.835,0.8445006321112516,705,400,False
model,0.6,0.4,1.5,0.2,score_point,0.08085106382978724,0.5925000000000001,0.175,0.825,0.8386277001270648,705,400,False
model,0.61,0.4,1.5,0.2,score_point,0.08085106382978724,0.5980000000000001,0.18,0.82,0.8356687898089172,705,400,False
model,0.1,0.6,2.0,0.2,score_point,0.08085106382978724,0.6314999999999998,0.0225,0.9775,0.9221698113207547,705,400,False
model,0.05,0.6,3.5,0.2,score_point,0.08085106382978724,0.6362499999999999,0.0125,0.9875,0.9272300469483569,705,400,False
model,0.24,0.6,1.5,0.2,score_point,0.08085106382978724,0.6517499999999998,0.0575,0.9425,0.9040767386091126,705,400,False
model,0.25,0.6,1.5,0.2,score_point,0.08085106382978724,0.6517499999999998,0.0575,0.9425,0.9040767386091126,705,400,False
model,0.06,0.8,1.5,0.2,score_point,0.08085106382978724,0.8105000000000001,0.015,0.985,0.9259694477085783,705,400,False
model,0.07,0.8,1.5,0.2,score_point,0.08085106382978724,0.8122499999999999,0.0175,0.9825,0.924705882352941,705,400,False
model,0.45,0.2,2.0,0.2,score_point,0.08226950354609928,0.3935,0.1075,0.8925,0.8760736196319018,705,400,True
model,0.29,0.2,3.0,0.2,score_point,0.08226950354609928,0.3960000000000001,0.07,0.93,0.8963855421686747,705,400,False
model,0.46,0.2,2.0,0.2,score_point,0.08226950354609928,0.4025000000000001,0.1125,0.8875,0.8733087330873308,705,400,False
model,0.47,0.2,2.0,0.2,score_point,0.08226950354609928,0.40700000000000003,0.115,0.885,0.8719211822660098,705,400,False
model,0.25,0.3,2.5,0.2,score_point,0.08226950354609928,0.42649999999999993,0.0575,0.9425,0.902994011976048,705,400,False
model,0.35,0.3,2.0,0.2,score_point,0.08226950354609928,0.4487499999999999,0.0875,0.9125,0.8869987849331712,705,400,False
model,0.2,0.3,3.5,0.2,score_point,0.08226950354609928,0.4519999999999999,0.0475,0.9525,0.9082240762812872,705,400,False
model,0.21,0.3,3.5,0.2,score_point,0.08226950354609928,0.4519999999999999,0.0475,0.9525,0.9082240762812872,705,400,False
model,0.22,0.3,3.5,0.2,score_point,0.08226950354609928,0.46799999999999997,0.0525,0.9475,0.9056152927120669,705,400,False
model,0.26,0.4,2.0,0.2,score_point,0.08226950354609928,0.4960000000000001,0.06,0.94,0.9016786570743405,705,400,False
model,0.17,0.4,3.0,0.2,score_point,0.08226950354609928,0.49750000000000005,0.0375,0.9625,0.9134045077105575,705,400,False
model,0.27,0.4,2.0,0.2,score_point,0.08226950354609928,0.5,0.0625,0.9375,0.9003601440576231,705,400,False
model,0.28,0.4,2.0,0.2,score_point,0.08226950354609928,0.504,0.065,0.935,0.8990384615384616,705,400,False
model,0.16,0.4,3.5,0.2,score_point,0.08226950354609928,0.5162500000000001,0.0375,0.9625,0.9134045077105575,705,400,False
model,0.18,0.4,3.0,0.2,score_point,0.08226950354609928,0.517,0.045,0.955,0.9095238095238095,705,400,False
model,0.64,0.3,1.5,0.2,score_point,0.08226950354609928,0.5369999999999999,0.1975,0.8025,0.8241335044929395,705,400,False
model,0.72,0.2,1.5,0.2,score_point,0.08226950354609928,0.5445,0.265,0.735,0.7819148936170213,705,400,False
model,0.1,0.5,2.5,0.2,score_point,0.08226950354609928,0.545,0.0225,0.9775,0.9210836277974087,705,400,False
model,0.07,0.5,3.5,0.2,score_point,0.08226950354609928,0.5525,0.0175,0.9825,0.9236192714453583,705,400,False
model,0.73,0.2,1.5,0.2,score_point,0.08226950354609928,0.55425,0.2725,0.7275,0.7770360480640855,705,400,False
model,0.16,0.5,2.0,0.2,score_point,0.08226950354609928,0.55625,0.0375,0.9625,0.9134045077105575,705,400,False
model,0.58,0.4,1.5,0.2,score_point,0.08226950354609928,0.5705000000000001,0.155,0.845,0.8492462311557788,705,400,False
model,0.37,0.5,1.5,0.2,score_point,0.08226950354609928,0.59,0.09,0.91,0.8856447688564477,705,400,False
model,0.38,0.5,1.5,0.2,score_point,0.08226950354609928,0.59,0.09,0.91,0.8856447688564477,705,400,False
model,0.39,0.5,1.5,0.2,score_point,0.08226950354609928,0.595,0.095,0.905,0.8829268292682927,705,400,False
model,0.4,0.5,1.5,0.2,score_point,0.08226950354609928,0.595,0.095,0.905,0.8829268292682927,705,400,False
model,0.41,0.5,1.5,0.2,score_point,0.08226950354609928,0.595,0.095,0.905,0.8829268292682927,705,400,False
model,0.42,0.5,1.5,0.2,score_point,0.08226950354609928,0.595,0.095,0.905,0.8829268292682927,705,400,False
model,0.43,0.5,1.5,0.2,score_point,0.08226950354609928,0.6,0.1,0.9,0.880195599022005,705,400,False
model,0.44,0.5,1.5,0.2,score_point,0.08226950354609928,0.6,0.1,0.9,0.880195599022005,705,400,False
model,0.08,0.6,2.0,0.2,score_point,0.08226950354609928,0.6244999999999998,0.0175,0.9825,0.9236192714453583,705,400,False
model,0.09,0.6,2.0,0.2,score_point,0.08226950354609928,0.6279999999999998,0.02,0.98,0.9223529411764706,705,400,False
model,0.23,0.6,1.5,0.2,score_point,0.08226950354609928,0.6494999999999999,0.055,0.945,0.9043062200956938,705,400,False
model,0.02,0.7,2.5,0.2,score_point,0.08226950354609928,0.7090000000000001,0.005,0.995,0.9299065420560748,705,400,False
model,0.13,0.7,1.5,0.2,score_point,0.08226950354609928,0.722,0.0275,0.9725,0.9185360094451005,705,400,False
model,0.14,0.7,1.5,0.2,score_point,0.08226950354609928,0.7240000000000001,0.03,0.97,0.9172576832151299,705,400,False
model,0.01,0.8,2.0,0.2,score_point,0.08226950354609928,0.8059999999999999,0.005,0.995,0.9299065420560748,705,400,False
model,0.04,0.8,1.5,0.2,score_point,0.08226950354609928,0.8069999999999999,0.01,0.99,0.9274004683840751,705,400,False
model,0.05,0.8,1.5,0.2,score_point,0.08226950354609928,0.80875,0.0125,0.9875,0.9261430246189918,705,400,False
model,0.02,0.9,1.5,0.2,score_point,0.08226950354609928,0.9030000000000001,0.005,0.995,0.9299065420560748,705,400,False
model,0.35,0.2,2.5,0.2,score_point,0.08368794326241134,0.40125,0.0875,0.9125,0.8859223300970873,705,400,False
model,0.24,0.3,2.5,0.2,score_point,0.08368794326241134,0.42649999999999993,0.0575,0.9425,0.9019138755980861,705,400,False
model,0.33,0.3,2.0,0.2,score_point,0.08368794326241134,0.43599999999999994,0.08,0.92,0.8899637243047159,705,400,False
model,0.34,0.3,2.0,0.2,score_point,0.08368794326241134,0.43599999999999994,0.08,0.92,0.8899637243047159,705,400,False
model,0.23,0.3,3.0,0.2,score_point,0.08368794326241134,0.44849999999999995,0.055,0.945,0.9032258064516129,705,400,False
model,0.19,0.3,3.5,0.2,score_point,0.08368794326241134,0.4519999999999999,0.0475,0.9525,0.9071428571428573,705,400,False
model,0.25,0.4,2.0,0.2,score_point,0.08368794326241134,0.49200000000000005,0.0575,0.9425,0.9019138755980861,705,400,False
model,0.2,0.4,2.5,0.2,score_point,0.08368794326241134,0.4997500000000001,0.0475,0.9525,0.9071428571428573,705,400,False
model,0.21,0.4,2.5,0.2,score_point,0.08368794326241134,0.4997500000000001,0.0475,0.9525,0.9071428571428573,705,400,False
model,0.22,0.4,2.5,0.2,score_point,0.08368794326241134,0.5102500000000001,0.0525,0.9475,0.9045346062052505,705,400,False
model,0.63,0.3,1.5,0.2,score_point,0.08368794326241134,0.5189999999999999,0.1825,0.8175,0.8320610687022901,705,400,False
model,0.09,0.5,2.5,0.2,score_point,0.08368794326241134,0.54,0.02,0.98,0.9212690951821386,705,400,False
model,0.55,0.4,1.5,0.2,score_point,0.08368794326241134,0.5512500000000001,0.1375,0.8625,0.8582089552238806,705,400,False
model,0.56,0.4,1.5,0.2,score_point,0.08368794326241134,0.5540000000000002,0.14,0.86,0.8567870485678705,705,400,False
model,0.57,0.4,1.5,0.2,score_point,0.08368794326241134,0.5622500000000001,0.1475,0.8525,0.8525,705,400,False
model,0.04,0.6,3.5,0.2,score_point,0.08368794326241134,0.6289999999999999,0.01,0.99,0.9263157894736842,705,400,False
model,0.05,0.6,3.0,0.2,score_point,0.08368794326241134,0.6299999999999999,0.0125,0.9875,0.9250585480093677,705,400,False
model,0.2,0.6,1.5,0.2,score_point,0.08368794326241134,0.6427499999999999,0.0475,0.9525,0.9071428571428573,705,400,False
model,0.21,0.6,1.5,0.2,score_point,0.08368794326241134,0.6427499999999999,0.0475,0.9525,0.9071428571428573,705,400,False
model,0.22,0.6,1.5,0.2,score_point,0.08368794326241134,0.64725,0.0525,0.9475,0.9045346062052505,705,400,False
model,0.03,0.7,2.0,0.2,score_point,0.08368794326241134,0.70975,0.0075,0.9925,0.927570093457944,705,400,False
model,0.11,0.7,1.5,0.2,score_point,0.08368794326241134,0.718,0.0225,0.9775,0.9200000000000002,705,400,False
model,0.12,0.7,1.5,0.2,score_point,0.08368794326241134,0.718,0.0225,0.9775,0.9200000000000002,705,400,False
model,0.03,0.8,1.5,0.2,score_point,0.08368794326241134,0.80525,0.0075,0.9925,0.927570093457944,705,400,False
model,0.41,0.2,2.0,0.2,score_point,0.0851063829787234,0.371,0.095,0.905,0.8807785888077859,705,400,False
model,0.42,0.2,2.0,0.2,score_point,0.0851063829787234,0.371,0.095,0.905,0.8807785888077859,705,400,True
model,0.43,0.2,2.0,0.2,score_point,0.0851063829787234,0.38,0.1,0.9,0.8780487804878048,705,400,False
model,0.44,0.2,2.0,0.2,score_point,0.0851063829787234,0.38,0.1,0.9,0.8780487804878048,705,400,False
model,0.33,0.2,2.5,0.2,score_point,0.0851063829787234,0.38400000000000006,0.08,0.92,0.888888888888889,705,400,False
model,0.34,0.2,2.5,0.2,score_point,0.0851063829787234,0.38400000000000006,0.08,0.92,0.888888888888889,705,400,False
model,0.27,0.2,3.5,0.2,score_point,0.0851063829787234,0.40625,0.0625,0.9375,0.8982035928143712,705,400,False
model,0.28,0.2,3.5,0.2,score_point,0.0851063829787234,0.41450000000000004,0.065,0.935,0.8968824940047962,705,400,False
model,0.24,0.4,2.0,0.2,score_point,0.0851063829787234,0.49200000000000005,0.0575,0.9425,0.900836320191159,705,400,False
model,0.16,0.4,3.0,0.2,score_point,0.0851063829787234,0.49750000000000005,0.0375,0.9625,0.911242603550296,705,400,False
model,0.19,0.4,2.5,0.2,score_point,0.0851063829787234,0.4997500000000001,0.0475,0.9525,0.906064209274673,705,400,False
model,0.15,0.4,3.5,0.2,score_point,0.0851063829787234,0.5085000000000001,0.035,0.965,0.912529550827423,705,400,False
model,0.62,0.3,1.5,0.2,score_point,0.0851063829787234,0.5189999999999999,0.1825,0.8175,0.8310038119440913,705,400,False
model,0.08,0.5,2.5,0.2,score_point,0.0851063829787234,0.535,0.0175,0.9825,0.921453692848769,705,400,False
model,0.51,0.4,1.5,0.2,score_point,0.0851063829787234,0.54025,0.1275,0.8725,0.8627935723114958,705,400,False
model,0.52,0.4,1.5,0.2,score_point,0.0851063829787234,0.54025,0.1275,0.8725,0.8627935723114958,705,400,False
model,0.07,0.5,3.0,0.2,score_point,0.0851063829787234,0.54375,0.0175,0.9825,0.921453692848769,705,400,False
model,0.53,0.4,1.5,0.2,score_point,0.0851063829787234,0.5457500000000001,0.1325,0.8675,0.8599752168525403,705,400,False
model,0.54,0.4,1.5,0.2,score_point,0.0851063829787234,0.5512500000000001,0.1375,0.8625,0.8571428571428572,705,400,False
model,0.15,0.5,2.0,0.2,score_point,0.0851063829787234,0.5525,0.035,0.965,0.912529550827423,705,400,False
model,0.3,0.5,1.5,0.2,score_point,0.0851063829787234,0.575,0.075,0.925,0.891566265060241,705,400,False
model,0.31,0.5,1.5,0.2,score_point,0.0851063829787234,0.5775,0.0775,0.9225,0.8902291917973462,705,400,False
model,0.32,0.5,1.5,0.2,score_point,0.0851063829787234,0.5775,0.0775,0.9225,0.8902291917973462,705,400,False
model,0.33,0.5,1.5,0.2,score_point,0.0851063829787234,0.58,0.08,0.92,0.888888888888889,705,400,False
model,0.34,0.5,1.5,0.2,score_point,0.0851063829787234,0.58,0.08,0.92,0.888888888888889,705,400,False
model,0.35,0.5,1.5,0.2,score_point,0.0851063829787234,0.5875,0.0875,0.9125,0.8848484848484848,705,400,False
model,0.36,0.5,1.5,0.2,score_point,0.0851063829787234,0.5875,0.0875,0.9125,0.8848484848484848,705,400,False
model,0.06,0.6,2.5,0.2,score_point,0.0851063829787234,0.6284999999999998,0.015,0.985,0.9227166276346604,705,400,False
model,0.19,0.6,1.5,0.2,score_point,0.0851063829787234,0.6427499999999999,0.0475,0.9525,0.906064209274673,705,400,False
model,0.08,0.7,1.5,0.2,score_point,0.0851063829787234,0.7140000000000001,0.0175,0.9825,0.921453692848769,705,400,False
model,0.09,0.7,1.5,0.2,score_point,0.0851063829787234,0.716,0.02,0.98,0.9201877934272301,705,400,False
model,0.1,0.7,1.5,0.2,score_point,0.0851063829787234,0.718,0.0225,0.9775,0.9189189189189189,705,400,False
model,0.4,0.2,2.0,0.2,score_point,0.08652482269503546,0.371,0.095,0.905,0.879708383961118,705,400,False
model,0.26,0.2,3.5,0.2,score_point,0.08652482269503546,0.39799999999999996,0.06,0.94,0.898446833930705,705,400,False
model,0.3,0.3,2.0,0.2,score_point,0.08652482269503546,0.4274999999999999,0.075,0.925,0.8904933814681107,705,400,False
model,0.2,0.3,3.0,0.2,score_point,0.08652482269503546,0.4282499999999999,0.0475,0.9525,0.9049881235154394,705,400,False
model,0.21,0.3,3.0,0.2,score_point,0.08652482269503546,0.4282499999999999,0.0475,0.9525,0.9049881235154394,705,400,False
model,0.31,0.3,2.0,0.2,score_point,0.08652482269503546,0.4317499999999999,0.0775,0.9225,0.8891566265060241,705,400,False
model,0.32,0.3,2.0,0.2,score_point,0.08652482269503546,0.4317499999999999,0.0775,0.9225,0.8891566265060241,705,400,False
model,0.22,0.3,3.0,0.2,score_point,0.08652482269503546,0.44175,0.0525,0.9475,0.9023809523809523,705,400,False
model,0.59,0.3,1.5,0.2,score_point,0.08652482269503546,0.498,0.165,0.835,0.840251572327044,705,400,False
model,0.6,0.3,1.5,0.2,score_point,0.08652482269503546,0.5099999999999999,0.175,0.825,0.8343868520859672,705,400,False
model,0.61,0.3,1.5,0.2,score_point,0.08652482269503546,0.5159999999999999,0.18,0.82,0.8314321926489227,705,400,False
model,0.7,0.2,1.5,0.2,score_point,0.08652482269503546,0.525,0.25,0.75,0.788436268068331,705,400,False
model,0.71,0.2,1.5,0.2,score_point,0.08652482269503546,0.5347500000000001,0.2575,0.7425,0.7836411609498682,705,400,False
model,0.29,0.5,1.5,0.2,score_point,0.08652482269503546,0.57,0.07,0.93,0.8931572629051622,705,400,False
model,0.04,0.6,3.0,0.2,score_point,0.08652482269503546,0.6239999999999999,0.01,0.99,0.9241540256709452,705,400,False
model,0.01,0.7,3.0,0.2,score_point,0.08652482269503546,0.7115,0.005,0.995,0.9266589057043074,705,400,False
model,0.01,0.7,3.5,0.2,score_point,0.08652482269503546,0.7140000000000001,0.005,0.995,0.9266589057043074,705,400,False
model,0.38,0.2,2.0,0.2,score_point,0.08794326241134752,0.36200000000000004,0.09,0.91,0.8813559322033899,705,400,True
model,0.39,0.2,2.0,0.2,score_point,0.08794326241134752,0.371,0.095,0.905,0.8786407766990291,705,400,False
model,0.3,0.2,2.5,0.2,score_point,0.08794326241134752,0.3725,0.075,0.925,0.889423076923077,705,400,False
model,0.31,0.2,2.5,0.2,score_point,0.08794326241134752,0.37825000000000003,0.0775,0.9225,0.8880866425992779,705,400,False
model,0.32,0.2,2.5,0.2,score_point,0.08794326241134752,0.37825000000000003,0.0775,0.9225,0.8880866425992779,705,400,False
model,0.29,0.3,2.0,0.2,score_point,0.08794326241134752,0.41899999999999993,0.07,0.93,0.8920863309352518,705,400,False
model,0.17,0.3,3.5,0.2,score_point,0.08794326241134752,0.41999999999999993,0.0375,0.9625,0.9090909090909091,705,400,False
model,0.19,0.3,3.0,0.2,score_point,0.08794326241134752,0.4282499999999999,0.0475,0.9525,0.903914590747331,705,400,False
model,0.18,0.3,3.5,0.2,score_point,0.08794326241134752,0.4439999999999999,0.045,0.955,0.9052132701421801,705,400,False
model,0.17,0.4,2.5,0.2,score_point,0.08794326241134752,0.47875,0.0375,0.9625,0.9090909090909091,705,400,False
model,0.58,0.3,1.5,0.2,score_point,0.08794326241134752,0.48599999999999993,0.155,0.845,0.845,705,400,False
model,0.15,0.4,3.0,0.2,score_point,0.08794326241134752,0.4910000000000001,0.035,0.965,0.9103773584905661,705,400,False
model,0.18,0.4,2.5,0.2,score_point,0.08794326241134752,0.49450000000000005,0.045,0.955,0.9052132701421801,705,400,False
model,0.69,0.2,1.5,0.2,score_point,0.08794326241134752,0.5022500000000001,0.2325,0.7675,0.7984395318595578,705,400,False
model,0.5,0.4,1.5,0.2,score_point,0.08794326241134752,0.5375000000000001,0.125,0.875,0.8620689655172414,705,400,False
model,0.26,0.5,1.5,0.2,score_point,0.08794326241134752,0.56,0.06,0.94,0.8973747016706444,705,400,False
model,0.27,0.5,1.5,0.2,score_point,0.08794326241134752,0.5625,0.0625,0.9375,0.8960573476702508,705,400,False
model,0.28,0.5,1.5,0.2,score_point,0.08794326241134752,0.565,0.065,0.935,0.8947368421052632,705,400,False
model,0.07,0.6,2.0,0.2,score_point,0.08794326241134752,0.6244999999999998,0.0175,0.9825,0.9192982456140353,705,400,False
model,0.17,0.6,1.5,0.2,score_point,0.08794326241134752,0.6337499999999999,0.0375,0.9625,0.9090909090909091,705,400,False
model,0.18,0.6,1.5,0.2,score_point,0.08794326241134752,0.6404999999999998,0.045,0.955,0.9052132701421801,705,400,False
model,0.07,0.7,1.5,0.2,score_point,0.08794326241134752,0.7140000000000001,0.0175,0.9825,0.9192982456140353,705,400,False
model,0.01,0.9,1.5,0.2,score_point,0.08794326241134752,0.9030000000000001,0.005,0.995,0.9255813953488372,705,400,False
model,0.29,0.2,2.5,0.2,score_point,0.08936170212765958,0.3610000000000001,0.07,0.93,0.8910179640718564,705,400,True
model,0.37,0.2,2.0,0.2,score_point,0.08936170212765958,0.36200000000000004,0.09,0.91,0.8802902055622732,705,400,False
model,0.27,0.2,3.0,0.2,score_point,0.08936170212765958,0.375,0.0625,0.9375,0.8949880668257756,705,400,False
model,0.28,0.2,3.0,0.2,score_point,0.08936170212765958,0.382,0.065,0.935,0.8936678614097968,705,400,False
model,0.25,0.2,3.5,0.2,score_point,0.08936170212765958,0.38975000000000004,0.0575,0.9425,0.8976190476190476,705,400,False
model,0.23,0.3,2.5,0.2,score_point,0.08936170212765958,0.42099999999999993,0.055,0.945,0.8989298454221165,705,400,False
model,0.55,0.3,1.5,0.2,score_point,0.08936170212765958,0.4649999999999999,0.1375,0.8625,0.853960396039604,705,400,False
model,0.56,0.3,1.5,0.2,score_point,0.08936170212765958,0.46799999999999997,0.14,0.86,0.8525402726146221,705,400,False
model,0.65,0.2,1.5,0.2,score_point,0.08936170212765958,0.4697500000000001,0.2075,0.7925,0.8128205128205128,705,400,False
model,0.57,0.3,1.5,0.2,score_point,0.08936170212765958,0.47699999999999987,0.1475,0.8525,0.8482587064676617,705,400,False
model,0.66,0.2,1.5,0.2,score_point,0.08936170212765958,0.47950000000000004,0.215,0.785,0.8082368082368083,705,400,False
model,0.67,0.2,1.5,0.2,score_point,0.08936170212765958,0.48925,0.2225,0.7775,0.8036175710594315,705,400,False
model,0.68,0.2,1.5,0.2,score_point,0.08936170212765958,0.49250000000000005,0.225,0.775,0.8020698576972833,705,400,False
model,0.14,0.4,3.5,0.2,score_point,0.08936170212765958,0.49300000000000005,0.03,0.97,0.9118683901292597,705,400,False
model,0.45,0.4,1.5,0.2,score_point,0.08936170212765958,0.51825,0.1075,0.8925,0.8707317073170732,705,400,False
model,0.46,0.4,1.5,0.2,score_point,0.08936170212765958,0.52375,0.1125,0.8875,0.8679706601466993,705,400,False
model,0.47,0.4,1.5,0.2,score_point,0.08936170212765958,0.5265000000000001,0.115,0.885,0.8665850673194615,705,400,False
model,0.48,0.4,1.5,0.2,score_point,0.08936170212765958,0.5292500000000001,0.1175,0.8825,0.8651960784313725,705,400,False
model,0.49,0.4,1.5,0.2,score_point,0.08936170212765958,0.5347500000000001,0.1225,0.8775,0.8624078624078624,705,400,False
model,0.13,0.5,2.0,0.2,score_point,0.08936170212765958,0.54125,0.0275,0.9725,0.9131455399061034,705,400,False
model,0.14,0.5,2.0,0.2,score_point,0.08936170212765958,0.545,0.03,0.97,0.9118683901292597,705,400,False
model,0.24,0.5,1.5,0.2,score_point,0.08936170212765958,0.5575,0.0575,0.9425,0.8976190476190476,705,400,False
model,0.25,0.5,1.5,0.2,score_point,0.08936170212765958,0.5575,0.0575,0.9425,0.8976190476190476,705,400,False
model,0.05,0.6,2.5,0.2,score_point,0.08936170212765958,0.6237499999999998,0.0125,0.9875,0.9207459207459209,705,400,False
model,0.02,0.8,1.5,0.2,score_point,0.08936170212765958,0.8035,0.005,0.995,0.924506387921022,705,400,False
model,0.26,0.2,3.0,0.2,score_point,0.09078014184397164,0.368,0.06,0.94,0.8952380952380952,705,400,False
model,0.24,0.2,3.5,0.2,score_point,0.09078014184397164,0.38975000000000004,0.0575,0.9425,0.896551724137931,705,400,False
model,0.17,0.3,3.0,0.2,score_point,0.09078014184397164,0.40124999999999994,0.0375,0.9625,0.9069493521790342,705,400,False
model,0.26,0.3,2.0,0.2,score_point,0.09078014184397164,0.40199999999999997,0.06,0.94,0.8952380952380952,705,400,False
model,0.27,0.3,2.0,0.2,score_point,0.09078014184397164,0.40624999999999994,0.0625,0.9375,0.8939213349225268,705,400,False
model,0.28,0.3,2.0,0.2,score_point,0.09078014184397164,0.4104999999999999,0.065,0.935,0.8926014319809069,705,400,False
model,0.16,0.3,3.5,0.2,score_point,0.09078014184397164,0.41999999999999993,0.0375,0.9625,0.9069493521790342,705,400,False
model,0.18,0.3,3.0,0.2,score_point,0.09078014184397164,0.42149999999999993,0.045,0.955,0.9030732860520094,705,400,False
model,0.51,0.3,1.5,0.2,score_point,0.09078014184397164,0.45299999999999996,0.1275,0.8725,0.8585485854858549,705,400,False
model,0.52,0.3,1.5,0.2,score_point,0.09078014184397164,0.45299999999999996,0.1275,0.8725,0.8585485854858549,705,400,False
model,0.64,0.2,1.5,0.2,score_point,0.09078014184397164,0.4567500000000001,0.1975,0.8025,0.8178343949044586,705,400,False
model,0.53,0.3,1.5,0.2,score_point,0.09078014184397164,0.4589999999999999,0.1325,0.8675,0.8557336621454994,705,400,False
model,0.54,0.3,1.5,0.2,score_point,0.09078014184397164,0.4649999999999999,0.1375,0.8625,0.8529048207663782,705,400,False
model,0.16,0.4,2.5,0.2,score_point,0.09078014184397164,0.47875,0.0375,0.9625,0.9069493521790342,705,400,False
model,0.13,0.4,3.5,0.2,score_point,0.09078014184397164,0.48525000000000007,0.0275,0.9725,0.9120750293083236,705,400,False
model,0.23,0.4,2.0,0.2,score_point,0.09078014184397164,0.48800000000000004,0.055,0.945,0.8978622327790974,705,400,False
model,0.11,0.5,2.0,0.2,score_point,0.09078014184397164,0.53375,0.0225,0.9775,0.9146198830409356,705,400,False
model,0.12,0.5,2.0,0.2,score_point,0.09078014184397164,0.53375,0.0225,0.9775,0.9146198830409356,705,400,False
model,0.07,0.5,2.5,0.2,score_point,0.09078014184397164,0.535,0.0175,0.9825,0.9171528588098016,705,400,False
model,0.16,0.6,1.5,0.2,score_point,0.09078014184397164,0.6337499999999999,0.0375,0.9625,0.9069493521790342,705,400,False
model,0.02,0.7,2.0,0.2,score_point,0.09078014184397164,0.7065,0.005,0.995,0.923433874709977,705,400,False
model,0.06,0.7,1.5,0.2,score_point,0.09078014184397164,0.7119999999999999,0.015,0.985,0.9184149184149185,705,400,False
model,0.36,0.2,2.0,0.2,score_point,0.09219858156028368,0.3575000000000001,0.0875,0.9125,0.8795180722891567,705,400,True
model,0.25,0.3,2.0,0.2,score_point,0.09219858156028368,0.39774999999999994,0.0575,0.9425,0.8954869358669834,705,400,False
model,0.2,0.3,2.5,0.2,score_point,0.09219858156028368,0.40449999999999986,0.0475,0.9525,0.900709219858156,705,400,False
model,0.21,0.3,2.5,0.2,score_point,0.09219858156028368,0.40449999999999986,0.0475,0.9525,0.900709219858156,705,400,False
model,0.22,0.3,2.5,0.2,score_point,0.09219858156028368,0.4155,0.0525,0.9475,0.8981042654028436,705,400,False
model,0.63,0.2,1.5,0.2,score_point,0.09219858156028368,0.4372500000000001,0.1825,0.8175,0.8257575757575758,705,400,False
model,0.14,0.4,3.0,0.2,score_point,0.09219858156028368,0.47800000000000004,0.03,0.97,0.9097303634232122,705,400,False
model,0.41,0.4,1.5,0.2,score_point,0.09219858156028368,0.5045000000000001,0.095,0.905,0.875453446191052,705,400,False
model,0.42,0.4,1.5,0.2,score_point,0.09219858156028368,0.5045000000000001,0.095,0.905,0.875453446191052,705,400,False
model,0.43,0.4,1.5,0.2,score_point,0.09219858156028368,0.5100000000000001,0.1,0.9,0.8727272727272727,705,400,False
model,0.44,0.4,1.5,0.2,score_point,0.09219858156028368,0.5100000000000001,0.1,0.9,0.8727272727272727,705,400,False
model,0.1,0.5,2.0,0.2,score_point,0.09219858156028368,0.53375,0.0225,0.9775,0.9135514018691588,705,400,False
model,0.06,0.5,3.5,0.2,score_point,0.09219858156028368,0.545,0.015,0.985,0.9173457508731082,705,400,False
model,0.23,0.5,1.5,0.2,score_point,0.09219858156028368,0.555,0.055,0.945,0.896797153024911,705,400,False
model,0.04,0.6,2.5,0.2,score_point,0.09219858156028368,0.6189999999999999,0.01,0.99,0.9198606271777002,705,400,False
model,0.01,0.7,2.5,0.2,score_point,0.09219858156028368,0.7090000000000001,0.005,0.995,0.922363847045191,705,400,False
model,0.25,0.2,3.0,0.2,score_point,0.09361702127659574,0.361,0.0575,0.9425,0.8944246737841045,705,400,False
model,0.24,0.3,2.0,0.2,score_point,0.09361702127659574,0.39774999999999994,0.0575,0.9425,0.8944246737841045,705,400,False
model,0.16,0.3,3.0,0.2,score_point,0.09361702127659574,0.40124999999999994,0.0375,0.9625,0.9048178613396005,705,400,False
model,0.19,0.3,2.5,0.2,score_point,0.09361702127659574,0.40449999999999986,0.0475,0.9525,0.8996458087367177,705,400,False
model,0.62,0.2,1.5,0.2,score_point,0.09361702127659574,0.4372500000000001,0.1825,0.8175,0.8247162673392181,705,400,False
model,0.5,0.3,1.5,0.2,score_point,0.09361702127659574,0.44999999999999984,0.125,0.875,0.857843137254902,705,400,False
model,0.11,0.4,3.5,0.2,score_point,0.09361702127659574,0.46975,0.0225,0.9775,0.912485414235706,705,400,False
model,0.12,0.4,3.5,0.2,score_point,0.09361702127659574,0.46975,0.0225,0.9775,0.912485414235706,705,400,False
model,0.13,0.4,3.0,0.2,score_point,0.09361702127659574,0.47150000000000003,0.0275,0.9725,0.9099415204678362,705,400,False
model,0.15,0.4,2.5,0.2,score_point,0.09361702127659574,0.4735000000000001,0.035,0.965,0.9061032863849765,705,400,False
model,0.2,0.4,2.0,0.2,score_point,0.09361702127659574,0.4760000000000001,0.0475,0.9525,0.8996458087367177,705,400,False
model,0.21,0.4,2.0,0.2,score_point,0.09361702127659574,0.4760000000000001,0.0475,0.9525,0.8996458087367177,705,400,False
model,0.22,0.4,2.0,0.2,score_point,0.09361702127659574,0.48400000000000004,0.0525,0.9475,0.8970414201183432,705,400,False
model,0.4,0.4,1.5,0.2,score_point,0.09361702127659574,0.5045000000000001,0.095,0.905,0.8743961352657006,705,400,False
model,0.09,0.5,2.0,0.2,score_point,0.09361702127659574,0.53,0.02,0.98,0.9137529137529138,705,400,False
model,0.15,0.6,1.5,0.2,score_point,0.09361702127659574,0.6315,0.035,0.965,0.9061032863849765,705,400,False
model,0.05,0.7,1.5,0.2,score_point,0.09361702127659574,0.71,0.0125,0.9875,0.9175377468060395,705,400,False
model,0.27,0.2,2.5,0.2,score_point,0.0950354609929078,0.34375,0.0625,0.9375,0.8907363420427552,705,400,True
model,0.28,0.2,2.5,0.2,score_point,0.0950354609929078,0.34950000000000003,0.065,0.935,0.8894173602853745,705,400,False
model,0.35,0.2,2.0,0.2,score_point,0.0950354609929078,0.3575000000000001,0.0875,0.9125,0.8774038461538461,705,400,False
model,0.24,0.2,3.0,0.2,score_point,0.0950354609929078,0.361,0.0575,0.9425,0.8933649289099526,705,400,False
model,0.15,0.3,3.5,0.2,score_point,0.0950354609929078,0.412,0.035,0.965,0.9050410316529894,705,400,False
model,0.59,0.2,1.5,0.2,score_point,0.0950354609929078,0.41450000000000004,0.165,0.835,0.8339575530586767,705,400,False
model,0.6,0.2,1.5,0.2,score_point,0.0950354609929078,0.42750000000000016,0.175,0.825,0.8281053952321205,705,400,False
model,0.61,0.2,1.5,0.2,score_point,0.0950354609929078,0.43400000000000005,0.18,0.82,0.8251572327044026,705,400,False
model,0.48,0.3,1.5,0.2,score_point,0.0950354609929078,0.44099999999999995,0.1175,0.8825,0.8609756097560974,705,400,False
model,0.49,0.3,1.5,0.2,score_point,0.0950354609929078,0.4469999999999999,0.1225,0.8775,0.8581907090464548,705,400,False
model,0.19,0.4,2.0,0.2,score_point,0.0950354609929078,0.4760000000000001,0.0475,0.9525,0.8985849056603774,705,400,False
model,0.37,0.4,1.5,0.2,score_point,0.0950354609929078,0.49900000000000005,0.09,0.91,0.8760529482551144,705,400,False
model,0.38,0.4,1.5,0.2,score_point,0.0950354609929078,0.49900000000000005,0.09,0.91,0.8760529482551144,705,400,False
model,0.39,0.4,1.5,0.2,score_point,0.0950354609929078,0.5045000000000001,0.095,0.905,0.8733413751507841,705,400,False
model,0.08,0.5,2.0,0.2,score_point,0.0950354609929078,0.52625,0.0175,0.9825,0.913953488372093,705,400,False
model,0.06,0.5,3.0,0.2,score_point,0.0950354609929078,0.5375,0.015,0.985,0.9152148664343787,705,400,False
model,0.2,0.5,1.5,0.2,score_point,0.0950354609929078,0.5475,0.0475,0.9525,0.8985849056603774,705,400,False
model,0.21,0.5,1.5,0.2,score_point,0.0950354609929078,0.5475,0.0475,0.9525,0.8985849056603774,705,400,False
model,0.22,0.5,1.5,0.2,score_point,0.0950354609929078,0.5525,0.0525,0.9475,0.8959810874704492,705,400,False
model,0.06,0.6,2.0,0.2,score_point,0.0950354609929078,0.6209999999999998,0.015,0.985,0.9152148664343787,705,400,False
model,0.03,0.6,3.5,0.2,score_point,0.0950354609929078,0.6217499999999998,0.0075,0.9925,0.9189814814814814,705,400,False
model,0.04,0.7,1.5,0.2,score_point,0.0950354609929078,0.7080000000000001,0.01,0.99,0.917728852838934,705,400,False
model,0.01,0.8,1.5,0.2,score_point,0.0950354609929078,0.8035,0.005,0.995,0.9202312138728324,705,400,False
model,0.26,0.2,2.5,0.2,score_point,0.09645390070921986,0.338,0.06,0.94,0.8909952606635071,705,400,True
model,0.33,0.2,2.0,0.2,score_point,0.09645390070921986,0.3440000000000001,0.08,0.92,0.8803827751196172,705,400,False
model,0.34,0.2,2.0,0.2,score_point,0.09645390070921986,0.3440000000000001,0.08,0.92,0.8803827751196172,705,400,False
model,0.23,0.2,3.5,0.2,score_point,0.09645390070921986,0.38150000000000006,0.055,0.945,0.8936170212765957,705,400,False
model,0.17,0.3,2.5,0.2,score_point,0.09645390070921986,0.38249999999999995,0.0375,0.9625,0.902696365767878,705,400,False
model,0.18,0.3,2.5,0.2,score_point,0.09645390070921986,0.3989999999999999,0.045,0.955,0.8988235294117647,705,400,False
model,0.58,0.2,1.5,0.2,score_point,0.09645390070921986,0.4015000000000001,0.155,0.845,0.8387096774193549,705,400,False
model,0.45,0.3,1.5,0.2,score_point,0.09645390070921986,0.42899999999999994,0.1075,0.8925,0.8654545454545454,705,400,False
model,0.46,0.3,1.5,0.2,score_point,0.09645390070921986,0.43499999999999994,0.1125,0.8875,0.8626974483596598,705,400,False
model,0.47,0.3,1.5,0.2,score_point,0.09645390070921986,0.43799999999999994,0.115,0.885,0.8613138686131386,705,400,False
model,0.11,0.4,3.0,0.2,score_point,0.09645390070921986,0.4585,0.0225,0.9775,0.910360884749709,705,400,False
model,0.12,0.4,3.0,0.2,score_point,0.09645390070921986,0.4585,0.0225,0.9775,0.910360884749709,705,400,False
model,0.1,0.4,3.5,0.2,score_point,0.09645390070921986,0.46975,0.0225,0.9775,0.910360884749709,705,400,False
model,0.05,0.5,3.5,0.2,score_point,0.09645390070921986,0.5375,0.0125,0.9875,0.9154113557358055,705,400,False
model,0.19,0.5,1.5,0.2,score_point,0.09645390070921986,0.5475,0.0475,0.9525,0.8975265017667845,705,400,False
model,0.45,0.8,1.0,0.2,score_point,0.09645390070921986,0.8215,0.1075,0.8925,0.8654545454545454,705,400,False
model,0.46,0.8,1.0,0.2,score_point,0.09645390070921986,0.8225,0.1125,0.8875,0.8626974483596598,705,400,False
model,0.47,0.8,1.0,0.2,score_point,0.09645390070921986,0.8230000000000001,0.115,0.885,0.8613138686131386,705,400,False
model,0.48,0.8,1.0,0.2,score_point,0.09645390070921986,0.8235000000000002,0.1175,0.8825,0.8599269183922047,705,400,False
model,0.49,0.8,1.0,0.2,score_point,0.09645390070921986,0.8245000000000001,0.1225,0.8775,0.8571428571428571,705,400,False
model,0.5,0.8,1.0,0.2,score_point,0.09645390070921986,0.825,0.125,0.875,0.8557457212713937,705,400,False
model,0.51,0.8,1.0,0.2,score_point,0.09645390070921986,0.8255000000000001,0.1275,0.8725,0.854345165238678,705,400,False
model,0.52,0.8,1.0,0.2,score_point,0.09645390070921986,0.8255000000000001,0.1275,0.8725,0.854345165238678,705,400,False
model,0.53,0.8,1.0,0.2,score_point,0.09645390070921986,0.8265,0.1325,0.8675,0.8515337423312884,705,400,False
model,0.54,0.8,1.0,0.2,score_point,0.09645390070921986,0.8275,0.1375,0.8625,0.8487084870848709,705,400,False
model,0.55,0.8,1.0,0.2,score_point,0.09645390070921986,0.8275,0.1375,0.8625,0.8487084870848709,705,400,False
model,0.56,0.8,1.0,0.2,score_point,0.09645390070921986,0.8280000000000001,0.14,0.86,0.8472906403940887,705,400,False
model,0.57,0.8,1.0,0.2,score_point,0.09645390070921986,0.8295000000000001,0.1475,0.8525,0.8430160692212608,705,400,False
model,0.58,0.8,1.0,0.2,score_point,0.09645390070921986,0.8310000000000001,0.155,0.845,0.8387096774193549,705,400,False
model,0.59,0.8,1.0,0.2,score_point,0.09645390070921986,0.8330000000000001,0.165,0.835,0.8329177057356607,705,400,False
model,0.6,0.8,1.0,0.2,score_point,0.09645390070921986,0.835,0.175,0.825,0.8270676691729322,705,400,False
model,0.61,0.8,1.0,0.2,score_point,0.09645390070921986,0.8360000000000001,0.18,0.82,0.8241206030150754,705,400,False
model,0.62,0.8,1.0,0.2,score_point,0.09645390070921986,0.8365,0.1825,0.8175,0.8226415094339623,705,400,False
model,0.63,0.8,1.0,0.2,score_point,0.09645390070921986,0.8365,0.1825,0.8175,0.8226415094339623,705,400,False
model,0.64,0.8,1.0,0.2,score_point,0.09645390070921986,0.8395000000000001,0.1975,0.8025,0.8136882129277566,705,400,False
model,0.65,0.8,1.0,0.2,score_point,0.09645390070921986,0.8415,0.2075,0.7925,0.8076433121019109,705,400,False
model,0.66,0.8,1.0,0.2,score_point,0.09645390070921986,0.8430000000000001,0.215,0.785,0.80306905370844,705,400,False
model,0.67,0.8,1.0,0.2,score_point,0.09645390070921986,0.8445,0.2225,0.7775,0.7984595635430038,705,400,False
model,0.68,0.8,1.0,0.2,score_point,0.09645390070921986,0.845,0.225,0.775,0.7969151670951157,705,400,False
model,0.69,0.8,1.0,0.2,score_point,0.09645390070921986,0.8465,0.2325,0.7675,0.7922580645161289,705,400,False
model,0.7,0.8,1.0,0.2,score_point,0.09645390070921986,0.8500000000000001,0.25,0.75,0.7812500000000001,705,400,False
model,0.71,0.8,1.0,0.2,score_point,0.09645390070921986,0.8515,0.2575,0.7425,0.7764705882352941,705,400,False
model,0.72,0.8,1.0,0.2,score_point,0.09645390070921986,0.8530000000000001,0.265,0.735,0.7716535433070866,705,400,False
model,0.73,0.8,1.0,0.2,score_point,0.09645390070921986,0.8545000000000001,0.2725,0.7275,0.7667984189723321,705,400,False
model,0.74,0.8,1.0,0.2,score_point,0.09645390070921986,0.8585,0.2925,0.7075,0.7536617842876164,705,400,False
model,0.75,0.8,1.0,0.2,score_point,0.09645390070921986,0.8610000000000001,0.305,0.695,0.745308310991957,705,400,False
model,0.76,0.8,1.0,0.2,score_point,0.09645390070921986,0.8660000000000002,0.33,0.67,0.7282608695652173,705,400,False
model,0.77,0.8,1.0,0.2,score_point,0.09645390070921986,0.8680000000000001,0.34,0.66,0.7213114754098361,705,400,False
model,0.78,0.8,1.0,0.2,score_point,0.09645390070921986,0.8710000000000002,0.355,0.645,0.7107438016528925,705,400,False
model,0.79,0.8,1.0,0.2,score_point,0.09645390070921986,0.8740000000000001,0.37,0.63,0.7,705,400,False
model,0.8,0.8,1.0,0.2,score_point,0.09645390070921986,0.8800000000000003,0.4,0.6,0.6779661016949153,705,400,False
model,0.81,0.8,1.0,0.2,score_point,0.09645390070921986,0.8845000000000002,0.4225,0.5775,0.6609442060085837,705,400,False
model,0.82,0.8,1.0,0.2,score_point,0.09645390070921986,0.8895000000000002,0.4475,0.5525,0.6415094339622641,705,400,False
model,0.83,0.8,1.0,0.2,score_point,0.09645390070921986,0.8950000000000001,0.475,0.525,0.6194690265486725,705,400,False
model,0.92,0.5,1.0,0.2,score_point,0.09645390070921986,0.89625,0.7925,0.2075,0.30127041742286753,705,400,False
model,0.84,0.8,1.0,0.2,score_point,0.09645390070921986,0.9,0.5,0.5,0.5988023952095809,705,400,False
model,0.26,0.9,1.0,0.2,score_point,0.09645390070921986,0.9060000000000002,0.06,0.94,0.8909952606635071,705,400,False
model,0.27,0.9,1.0,0.2,score_point,0.09645390070921986,0.9062500000000003,0.0625,0.9375,0.889679715302491,705,400,False
model,0.28,0.9,1.0,0.2,score_point,0.09645390070921986,0.9065000000000002,0.065,0.935,0.8883610451306413,705,400,False
model,0.29,0.9,1.0,0.2,score_point,0.09645390070921986,0.9070000000000001,0.07,0.93,0.8857142857142858,705,400,False
model,0.3,0.9,1.0,0.2,score_point,0.09645390070921986,0.9075000000000003,0.075,0.925,0.883054892601432,705,400,False
model,0.31,0.9,1.0,0.2,score_point,0.09645390070921986,0.9077500000000002,0.0775,0.9225,0.8817204301075269,705,400,False
model,0.32,0.9,1.0,0.2,score_point,0.09645390070921986,0.9077500000000002,0.0775,0.9225,0.8817204301075269,705,400,False
model,0.33,0.9,1.0,0.2,score_point,0.09645390070921986,0.9080000000000001,0.08,0.92,0.8803827751196172,705,400,False
model,0.34,0.9,1.0,0.2,score_point,0.09645390070921986,0.9080000000000001,0.08,0.92,0.8803827751196172,705,400,False
model,0.85,0.8,1.0,0.2,score_point,0.09645390070921986,0.9080000000000001,0.54,0.46,0.5644171779141104,705,400,False
model,0.35,0.9,1.0,0.2,score_point,0.09645390070921986,0.9087500000000002,0.0875,0.9125,0.8763505402160864,705,400,False
model,0.36,0.9,1.0,0.2,score_point,0.09645390070921986,0.9087500000000002,0.0875,0.9125,0.8763505402160864,705,400,False
model,0.37,0.9,1.0,0.2,score_point,0.09645390070921986,0.9090000000000003,0.09,0.91,0.8749999999999999,705,400,False
model,0.38,0.9,1.0,0.2,score_point,0.09645390070921986,0.9090000000000003,0.09,0.91,0.8749999999999999,705,400,False
model,0.39,0.9,1.0,0.2,score_point,0.09645390070921986,0.9095000000000002,0.095,0.905,0.8722891566265061,705,400,False
model,0.4,0.9,1.0,0.2,score_point,0.09645390070921986,0.9095000000000002,0.095,0.905,0.8722891566265061,705,400,False
model,0.41,0.9,1.0,0.2,score_point,0.09645390070921986,0.9095000000000002,0.095,0.905,0.8722891566265061,705,400,False
model,0.42,0.9,1.0,0.2,score_point,0.09645390070921986,0.9095000000000002,0.095,0.905,0.8722891566265061,705,400,False
model,0.43,0.9,1.0,0.2,score_point,0.09645390070921986,0.9100000000000003,0.1,0.9,0.8695652173913043,705,400,False
model,0.44,0.9,1.0,0.2,score_point,0.09645390070921986,0.9100000000000003,0.1,0.9,0.8695652173913043,705,400,False
model,0.45,0.9,1.0,0.2,score_point,0.09645390070921986,0.9107500000000002,0.1075,0.8925,0.8654545454545454,705,400,False
model,0.46,0.9,1.0,0.2,score_point,0.09645390070921986,0.9112500000000003,0.1125,0.8875,0.8626974483596598,705,400,False
model,0.47,0.9,1.0,0.2,score_point,0.09645390070921986,0.9115000000000003,0.115,0.885,0.8613138686131386,705,400,False
model,0.48,0.9,1.0,0.2,score_point,0.09645390070921986,0.9117500000000003,0.1175,0.8825,0.8599269183922047,705,400,False
model,0.49,0.9,1.0,0.2,score_point,0.09645390070921986,0.9122500000000002,0.1225,0.8775,0.8571428571428571,705,400,False
model,0.93,0.5,1.0,0.2,score_point,0.09645390070921986,0.9125,0.825,0.175,0.26022304832713755,705,400,False
model,0.5,0.9,1.0,0.2,score_point,0.09645390070921986,0.9125000000000003,0.125,0.875,0.8557457212713937,705,400,False
model,0.51,0.9,1.0,0.2,score_point,0.09645390070921986,0.9127500000000002,0.1275,0.8725,0.854345165238678,705,400,False
model,0.52,0.9,1.0,0.2,score_point,0.09645390070921986,0.9127500000000002,0.1275,0.8725,0.854345165238678,705,400,False
model,0.53,0.9,1.0,0.2,score_point,0.09645390070921986,0.9132500000000001,0.1325,0.8675,0.8515337423312884,705,400,False
model,0.54,0.9,1.0,0.2,score_point,0.09645390070921986,0.9137500000000003,0.1375,0.8625,0.8487084870848709,705,400,False
model,0.55,0.9,1.0,0.2,score_point,0.09645390070921986,0.9137500000000003,0.1375,0.8625,0.8487084870848709,705,400,False
model,0.56,0.9,1.0,0.2,score_point,0.09645390070921986,0.914,0.14,0.86,0.8472906403940887,705,400,False
model,0.86,0.8,1.0,0.2,score_point,0.09645390070921986,0.9145000000000002,0.5725,0.4275,0.5352112676056338,705,400,False
model,0.57,0.9,1.0,0.2,score_point,0.09645390070921986,0.9147500000000002,0.1475,0.8525,0.8430160692212608,705,400,False
model,0.58,0.9,1.0,0.2,score_point,0.09645390070921986,0.9155000000000001,0.155,0.845,0.8387096774193549,705,400,False
model,0.59,0.9,1.0,0.2,score_point,0.09645390070921986,0.9165000000000001,0.165,0.835,0.8329177057356607,705,400,False
model,0.92,0.6,1.0,0.2,score_point,0.09645390070921986,0.9169999999999999,0.7925,0.2075,0.30127041742286753,705,400,False
model,0.6,0.9,1.0,0.2,score_point,0.09645390070921986,0.9175000000000001,0.175,0.825,0.8270676691729322,705,400,False
model,0.61,0.9,1.0,0.2,score_point,0.09645390070921986,0.9180000000000001,0.18,0.82,0.8241206030150754,705,400,False
model,0.62,0.9,1.0,0.2,score_point,0.09645390070921986,0.9182500000000001,0.1825,0.8175,0.8226415094339623,705,400,False
model,0.63,0.9,1.0,0.2,score_point,0.09645390070921986,0.9182500000000001,0.1825,0.8175,0.8226415094339623,705,400,False
model,0.64,0.9,1.0,0.2,score_point,0.09645390070921986,0.9197500000000002,0.1975,0.8025,0.8136882129277566,705,400,False
model,0.65,0.9,1.0,0.2,score_point,0.09645390070921986,0.9207500000000002,0.2075,0.7925,0.8076433121019109,705,400,False
model,0.66,0.9,1.0,0.2,score_point,0.09645390070921986,0.9215000000000001,0.215,0.785,0.80306905370844,705,400,False
model,0.67,0.9,1.0,0.2,score_point,0.09645390070921986,0.9222500000000002,0.2225,0.7775,0.7984595635430038,705,400,False
model,0.87,0.8,1.0,0.2,score_point,0.09645390070921986,0.9225,0.6125,0.3875,0.49759229534510435,705,400,False
model,0.68,0.9,1.0,0.2,score_point,0.09645390070921986,0.9225000000000001,0.225,0.775,0.7969151670951157,705,400,False
model,0.69,0.9,1.0,0.2,score_point,0.09645390070921986,0.9232500000000001,0.2325,0.7675,0.7922580645161289,705,400,False
model,0.7,0.9,1.0,0.2,score_point,0.09645390070921986,0.9250000000000002,0.25,0.75,0.7812500000000001,705,400,False
model,0.71,0.9,1.0,0.2,score_point,0.09645390070921986,0.9257500000000002,0.2575,0.7425,0.7764705882352941,705,400,False
model,0.72,0.9,1.0,0.2,score_point,0.09645390070921986,0.9265000000000001,0.265,0.735,0.7716535433070866,705,400,False
model,0.73,0.9,1.0,0.2,score_point,0.09645390070921986,0.9272500000000001,0.2725,0.7275,0.7667984189723321,705,400,False
model,0.74,0.9,1.0,0.2,score_point,0.09645390070921986,0.9292500000000001,0.2925,0.7075,0.7536617842876164,705,400,False
model,0.93,0.6,1.0,0.2,score_point,0.09645390070921986,0.93,0.825,0.175,0.26022304832713755,705,400,False
model,0.75,0.9,1.0,0.2,score_point,0.09645390070921986,0.9305000000000001,0.305,0.695,0.745308310991957,705,400,False
model,0.88,0.8,1.0,0.2,score_point,0.09645390070921986,0.9315000000000001,0.6575,0.3425,0.45289256198347116,705,400,False
model,0.76,0.9,1.0,0.2,score_point,0.09645390070921986,0.9330000000000002,0.33,0.67,0.7282608695652173,705,400,False
model,0.77,0.9,1.0,0.2,score_point,0.09645390070921986,0.934,0.34,0.66,0.7213114754098361,705,400,False
model,0.78,0.9,1.0,0.2,score_point,0.09645390070921986,0.9355000000000001,0.355,0.645,0.7107438016528925,705,400,False
model,0.79,0.9,1.0,0.2,score_point,0.09645390070921986,0.9370000000000002,0.37,0.63,0.7,705,400,False
model,0.94,0.5,1.0,0.2,score_point,0.09645390070921986,0.9375,0.875,0.125,0.19305019305019305,705,400,False
model,0.92,0.7,1.0,0.2,score_point,0.09645390070921986,0.9377500000000001,0.7925,0.2075,0.30127041742286753,705,400,False
model,0.89,0.8,1.0,0.2,score_point,0.09645390070921986,0.9385000000000001,0.6925,0.3075,0.41624365482233505,705,400,False
model,0.8,0.9,1.0,0.2,score_point,0.09645390070921986,0.94,0.4,0.6,0.6779661016949153,705,400,False
model,0.81,0.9,1.0,0.2,score_point,0.09645390070921986,0.9422499999999999,0.4225,0.5775,0.6609442060085837,705,400,False
model,0.9,0.8,1.0,0.2,score_point,0.09645390070921986,0.9445,0.7225,0.2775,0.38341968911917096,705,400,False
model,0.82,0.9,1.0,0.2,score_point,0.09645390070921986,0.9447500000000002,0.4475,0.5525,0.6415094339622641,705,400,False
model,0.93,0.7,1.0,0.2,score_point,0.09645390070921986,0.9475,0.825,0.175,0.26022304832713755,705,400,False
model,0.83,0.9,1.0,0.2,score_point,0.09645390070921986,0.9475000000000001,0.475,0.525,0.6194690265486725,705,400,False
model,0.94,0.6,1.0,0.2,score_point,0.09645390070921986,0.95,0.875,0.125,0.19305019305019305,705,400,False
model,0.84,0.9,1.0,0.2,score_point,0.09645390070921986,0.9500000000000002,0.5,0.5,0.5988023952095809,705,400,False
model,0.95,0.2,1.0,0.2,score_point,0.09645390070921986,0.9519999999999998,0.94,0.06,0.09756097560975609,705,400,False
model,0.91,0.8,1.0,0.2,score_point,0.09645390070921986,0.9520000000000001,0.76,0.24,0.3404255319148936,705,400,False
model,0.85,0.9,1.0,0.2,score_point,0.09645390070921986,0.9540000000000001,0.54,0.46,0.5644171779141104,705,400,False
model,0.86,0.9,1.0,0.2,score_point,0.09645390070921986,0.95725,0.5725,0.4275,0.5352112676056338,705,400,False
model,0.95,0.3,1.0,0.2,score_point,0.09645390070921986,0.9580000000000001,0.94,0.06,0.09756097560975609,705,400,False
model,0.92,0.8,1.0,0.2,score_point,0.09645390070921986,0.9584999999999999,0.7925,0.2075,0.30127041742286753,705,400,False
model,0.87,0.9,1.0,0.2,score_point,0.09645390070921986,0.96125,0.6125,0.3875,0.49759229534510435,705,400,False
model,0.94,0.7,1.0,0.2,score_point,0.09645390070921986,0.9625,0.875,0.125,0.19305019305019305,705,400,False
model,0.95,0.4,1.0,0.2,score_point,0.09645390070921986,0.9640000000000001,0.94,0.06,0.09756097560975609,705,400,False
model,0.93,0.8,1.0,0.2,score_point,0.09645390070921986,0.965,0.825,0.175,0.26022304832713755,705,400,False
model,0.88,0.9,1.0,0.2,score_point,0.09645390070921986,0.9657500000000002,0.6575,0.3425,0.45289256198347116,705,400,False
model,0.89,0.9,1.0,0.2,score_point,0.09645390070921986,0.96925,0.6925,0.3075,0.41624365482233505,705,400,False
model,0.95,0.5,1.0,0.2,score_point,0.09645390070921986,0.97,0.94,0.06,0.09756097560975609,705,400,False
model,0.9,0.9,1.0,0.2,score_point,0.09645390070921986,0.9722500000000003,0.7225,0.2775,0.38341968911917096,705,400,False
model,0.96,0.2,1.0,0.2,score_point,0.09645390070921986,0.9740000000000001,0.9675,0.0325,0.05405405405405406,705,400,False
model,0.94,0.8,1.0,0.2,score_point,0.09645390070921986,0.975,0.875,0.125,0.19305019305019305,705,400,False
model,0.95,0.6,1.0,0.2,score_point,0.09645390070921986,0.976,0.94,0.06,0.09756097560975609,705,400,False
model,0.91,0.9,1.0,0.2,score_point,0.09645390070921986,0.9760000000000001,0.76,0.24,0.3404255319148936,705,400,False
model,0.96,0.3,1.0,0.2,score_point,0.09645390070921986,0.97725,0.9675,0.0325,0.05405405405405406,705,400,False
model,0.92,0.9,1.0,0.2,score_point,0.09645390070921986,0.9792500000000001,0.7925,0.2075,0.30127041742286753,705,400,False
model,0.96,0.4,1.0,0.2,score_point,0.09645390070921986,0.9804999999999999,0.9675,0.0325,0.05405405405405406,705,400,False
model,0.95,0.7,1.0,0.2,score_point,0.09645390070921986,0.9819999999999999,0.94,0.06,0.09756097560975609,705,400,False
model,0.93,0.9,1.0,0.2,score_point,0.09645390070921986,0.9825,0.825,0.175,0.26022304832713755,705,400,False
model,0.96,0.5,1.0,0.2,score_point,0.09645390070921986,0.98375,0.9675,0.0325,0.05405405405405406,705,400,False
model,0.97,0.2,1.0,0.2,score_point,0.09645390070921986,0.9840000000000001,0.98,0.02,0.033613445378151266,705,400,False
model,0.97,0.3,1.0,0.2,score_point,0.09645390070921986,0.986,0.98,0.02,0.033613445378151266,705,400,False
model,0.96,0.6,1.0,0.2,score_point,0.09645390070921986,0.987,0.9675,0.0325,0.05405405405405406,705,400,False
model,0.94,0.9,1.0,0.2,score_point,0.09645390070921986,0.9875,0.875,0.125,0.19305019305019305,705,400,False
model,0.97,0.4,1.0,0.2,score_point,0.09645390070921986,0.988,0.98,0.02,0.033613445378151266,705,400,False
model,0.95,0.8,1.0,0.2,score_point,0.09645390070921986,0.9880000000000001,0.94,0.06,0.09756097560975609,705,400,False
model,0.97,0.5,1.0,0.2,score_point,0.09645390070921986,0.99,0.98,0.02,0.033613445378151266,705,400,False
model,0.96,0.7,1.0,0.2,score_point,0.09645390070921986,0.9902500000000001,0.9675,0.0325,0.05405405405405406,705,400,False
model,0.97,0.6,1.0,0.2,score_point,0.09645390070921986,0.992,0.98,0.02,0.033613445378151266,705,400,False
model,0.96,0.8,1.0,0.2,score_point,0.09645390070921986,0.9934999999999999,0.9675,0.0325,0.05405405405405406,705,400,False
model,0.95,0.9,1.0,0.2,score_point,0.09645390070921986,0.9940000000000001,0.94,0.06,0.09756097560975609,705,400,False
model,0.97,0.7,1.0,0.2,score_point,0.09645390070921986,0.9940000000000001,0.98,0.02,0.033613445378151266,705,400,False
model,0.97,0.8,1.0,0.2,score_point,0.09645390070921986,0.996,0.98,0.02,0.033613445378151266,705,400,False
model,0.96,0.9,1.0,0.2,score_point,0.09645390070921986,0.99675,0.9675,0.0325,0.05405405405405406,705,400,False
model,0.97,0.9,1.0,0.2,score_point,0.09645390070921986,0.998,0.98,0.02,0.033613445378151266,705,400,False
model,0.98,0.2,1.0,0.2,score_point,0.09645390070921986,0.998,0.9975,0.0025,0.0042643923240938165,705,400,False
model,0.98,0.3,1.0,0.2,score_point,0.09645390070921986,0.9982500000000001,0.9975,0.0025,0.0042643923240938165,705,400,False
model,0.98,0.4,1.0,0.2,score_point,0.09645390070921986,0.9984999999999999,0.9975,0.0025,0.0042643923240938165,705,400,False
model,0.98,0.5,1.0,0.2,score_point,0.09645390070921986,0.99875,0.9975,0.0025,0.0042643923240938165,705,400,False
model,0.98,0.6,1.0,0.2,score_point,0.09645390070921986,0.9990000000000001,0.9975,0.0025,0.0042643923240938165,705,400,False
model,0.98,0.7,1.0,0.2,score_point,0.09645390070921986,0.99925,0.9975,0.0025,0.0042643923240938165,705,400,False
model,0.98,0.8,1.0,0.2,score_point,0.09645390070921986,0.9995,0.9975,0.0025,0.0042643923240938165,705,400,False
model,0.98,0.9,1.0,0.2,score_point,0.09645390070921986,0.9997499999999999,0.9975,0.0025,0.0042643923240938165,705,400,False
model,0.0,1.0,1.0,0.2,score_point,0.09645390070921986,1.0,0.0,1.0,0.9216589861751151,705,400,False
model,0.0,1.0,1.5,0.2,score_point,0.09645390070921986,1.0,0.0,1.0,0.9216589861751151,705,400,False
model,0.0,1.0,2.0,0.2,score_point,0.09645390070921986,1.0,0.0,1.0,0.9216589861751151,705,400,False
model,0.0,1.0,2.5,0.2,score_point,0.09645390070921986,1.0,0.0,1.0,0.9216589861751151,705,400,False
model,0.0,1.0,3.0,0.2,score_point,0.09645390070921986,1.0,0.0,1.0,0.9216589861751151,705,400,False
model,0.0,1.0,3.5,0.2,score_point,0.09645390070921986,1.0,0.0,1.0,0.9216589861751151,705,400,False
model,0.01,1.0,1.0,0.2,score_point,0.09645390070921986,1.0,0.005,0.995,0.9191685912240185,705,400,False
model,0.02,1.0,1.0,0.2,score_point,0.09645390070921986,1.0,0.005,0.995,0.9191685912240185,705,400,False
model,0.03,1.0,1.0,0.2,score_point,0.09645390070921986,1.0,0.0075,0.9925,0.9179190751445088,705,400,False
model,0.04,1.0,1.0,0.2,score_point,0.09645390070921986,1.0,0.01,0.99,0.9166666666666666,705,400,False
model,0.05,1.0,1.0,0.2,score_point,0.09645390070921986,1.0,0.0125,0.9875,0.9154113557358055,705,400,False
model,0.06,1.0,1.0,0.2,score_point,0.09645390070921986,1.0,0.015,0.985,0.91415313225058,705,400,False
model,0.07,1.0,1.0,0.2,score_point,0.09645390070921986,1.0,0.0175,0.9825,0.9128919860627178,705,400,False
model,0.08,1.0,1.0,0.2,score_point,0.09645390070921986,1.0,0.0175,0.9825,0.9128919860627178,705,400,False
model,0.09,1.0,1.0,0.2,score_point,0.09645390070921986,1.0,0.02,0.98,0.9116279069767441,705,400,False
model,0.1,1.0,1.0,0.2,score_point,0.09645390070921986,1.0,0.0225,0.9775,0.910360884749709,705,400,False
model,0.11,1.0,1.0,0.2,score_point,0.09645390070921986,1.0,0.0225,0.9775,0.910360884749709,705,400,False
model,0.12,1.0,1.0,0.2,score_point,0.09645390070921986,1.0,0.0225,0.9775,0.910360884749709,705,400,False
model,0.13,1.0,1.0,0.2,score_point,0.09645390070921986,1.0,0.0275,0.9725,0.9078179696616102,705,400,False
model,0.14,1.0,1.0,0.2,score_point,0.09645390070921986,1.0,0.03,0.97,0.9065420560747663,705,400,False
model,0.15,1.0,1.0,0.2,score_point,0.09645390070921986,1.0,0.035,0.965,0.9039812646370022,705,400,False
model,0.16,1.0,1.0,0.2,score_point,0.09645390070921986,1.0,0.0375,0.9625,0.902696365767878,705,400,False
model,0.17,1.0,1.0,0.2,score_point,0.09645390070921986,1.0,0.0375,0.9625,0.902696365767878,705,400,False
model,0.18,1.0,1.0,0.2,score_point,0.09645390070921986,1.0,0.045,0.955,0.8988235294117647,705,400,False
model,0.19,1.0,1.0,0.2,score_point,0.09645390070921986,1.0,0.0475,0.9525,0.8975265017667845,705,400,False
model,0.2,1.0,1.0,0.2,score_point,0.09645390070921986,1.0,0.0475,0.9525,0.8975265017667845,705,400,False
model,0.21,1.0,1.0,0.2,score_point,0.09645390070921986,1.0,0.0475,0.9525,0.8975265017667845,705,400,False
model,0.22,1.0,1.0,0.2,score_point,0.09645390070921986,1.0,0.0525,0.9475,0.8949232585596222,705,400,False
model,0.23,1.0,1.0,0.2,score_point,0.09645390070921986,1.0,0.055,0.945,0.8936170212765957,705,400,False
model,0.24,1.0,1.0,0.2,score_point,0.09645390070921986,1.0,0.0575,0.9425,0.8923076923076924,705,400,False
model,0.25,1.0,1.0,0.2,score_point,0.09645390070921986,1.0,0.0575,0.9425,0.8923076923076924,705,400,False
model,0.26,1.0,1.0,0.2,score_point,0.09645390070921986,1.0,0.06,0.94,0.8909952606635071,705,400,False
model,0.27,1.0,1.0,0.2,score_point,0.09645390070921986,1.0,0.0625,0.9375,0.889679715302491,705,400,False
model,0.28,1.0,1.0,0.2,score_point,0.09645390070921986,1.0,0.065,0.935,0.8883610451306413,705,400,False
model,0.29,1.0,1.0,0.2,score_point,0.09645390070921986,1.0,0.07,0.93,0.8857142857142858,705,400,False
model,0.3,1.0,1.0,0.2,score_point,0.09645390070921986,1.0,0.075,0.925,0.883054892601432,705,400,False
model,0.31,1.0,1.0,0.2,score_point,0.09645390070921986,1.0,0.0775,0.9225,0.8817204301075269,705,400,False
model,0.32,1.0,1.0,0.2,score_point,0.09645390070921986,1.0,0.0775,0.9225,0.8817204301075269,705,400,False
model,0.33,1.0,1.0,0.2,score_point,0.09645390070921986,1.0,0.08,0.92,0.8803827751196172,705,400,False
model,0.34,1.0,1.0,0.2,score_point,0.09645390070921986,1.0,0.08,0.92,0.8803827751196172,705,400,False
model,0.35,1.0,1.0,0.2,score_point,0.09645390070921986,1.0,0.0875,0.9125,0.8763505402160864,705,400,False
model,0.36,1.0,1.0,0.2,score_point,0.09645390070921986,1.0,0.0875,0.9125,0.8763505402160864,705,400,False
model,0.37,1.0,1.0,0.2,score_point,0.09645390070921986,1.0,0.09,0.91,0.8749999999999999,705,400,False
model,0.38,1.0,1.0,0.2,score_point,0.09645390070921986,1.0,0.09,0.91,0.8749999999999999,705,400,False
model,0.39,1.0,1.0,0.2,score_point,0.09645390070921986,1.0,0.095,0.905,0.8722891566265061,705,400,False
model,0.4,1.0,1.0,0.2,score_point,0.09645390070921986,1.0,0.095,0.905,0.8722891566265061,705,400,False
model,0.41,1.0,1.0,0.2,score_point,0.09645390070921986,1.0,0.095,0.905,0.8722891566265061,705,400,False
model,0.42,1.0,1.0,0.2,score_point,0.09645390070921986,1.0,0.095,0.905,0.8722891566265061,705,400,False
model,0.43,1.0,1.0,0.2,score_point,0.09645390070921986,1.0,0.1,0.9,0.8695652173913043,705,400,False
model,0.44,1.0,1.0,0.2,score_point,0.09645390070921986,1.0,0.1,0.9,0.8695652173913043,705,400,False
model,0.45,1.0,1.0,0.2,score_point,0.09645390070921986,1.0,0.1075,0.8925,0.8654545454545454,705,400,False
model,0.46,1.0,1.0,0.2,score_point,0.09645390070921986,1.0,0.1125,0.8875,0.8626974483596598,705,400,False
model,0.47,1.0,1.0,0.2,score_point,0.09645390070921986,1.0,0.115,0.885,0.8613138686131386,705,400,False
model,0.48,1.0,1.0,0.2,score_point,0.09645390070921986,1.0,0.1175,0.8825,0.8599269183922047,705,400,False
model,0.49,1.0,1.0,0.2,score_point,0.09645390070921986,1.0,0.1225,0.8775,0.8571428571428571,705,400,False
model,0.5,1.0,1.0,0.2,score_point,0.09645390070921986,1.0,0.125,0.875,0.8557457212713937,705,400,False
model,0.51,1.0,1.0,0.2,score_point,0.09645390070921986,1.0,0.1275,0.8725,0.854345165238678,705,400,False
model,0.52,1.0,1.0,0.2,score_point,0.09645390070921986,1.0,0.1275,0.8725,0.854345165238678,705,400,False
model,0.53,1.0,1.0,0.2,score_point,0.09645390070921986,1.0,0.1325,0.8675,0.8515337423312884,705,400,False
model,0.54,1.0,1.0,0.2,score_point,0.09645390070921986,1.0,0.1375,0.8625,0.8487084870848709,705,400,False
model,0.55,1.0,1.0,0.2,score_point,0.09645390070921986,1.0,0.1375,0.8625,0.8487084870848709,705,400,False
model,0.56,1.0,1.0,0.2,score_point,0.09645390070921986,1.0,0.14,0.86,0.8472906403940887,705,400,False
model,0.57,1.0,1.0,0.2,score_point,0.09645390070921986,1.0,0.1475,0.8525,0.8430160692212608,705,400,False
model,0.58,1.0,1.0,0.2,score_point,0.09645390070921986,1.0,0.155,0.845,0.8387096774193549,705,400,False
model,0.59,1.0,1.0,0.2,score_point,0.09645390070921986,1.0,0.165,0.835,0.8329177057356607,705,400,False
model,0.6,1.0,1.0,0.2,score_point,0.09645390070921986,1.0,0.175,0.825,0.8270676691729322,705,400,False
model,0.61,1.0,1.0,0.2,score_point,0.09645390070921986,1.0,0.18,0.82,0.8241206030150754,705,400,False
model,0.62,1.0,1.0,0.2,score_point,0.09645390070921986,1.0,0.1825,0.8175,0.8226415094339623,705,400,False
model,0.63,1.0,1.0,0.2,score_point,0.09645390070921986,1.0,0.1825,0.8175,0.8226415094339623,705,400,False
model,0.64,1.0,1.0,0.2,score_point,0.09645390070921986,1.0,0.1975,0.8025,0.8136882129277566,705,400,False
model,0.65,1.0,1.0,0.2,score_point,0.09645390070921986,1.0,0.2075,0.7925,0.8076433121019109,705,400,False
model,0.66,1.0,1.0,0.2,score_point,0.09645390070921986,1.0,0.215,0.785,0.80306905370844,705,400,False
model,0.67,1.0,1.0,0.2,score_point,0.09645390070921986,1.0,0.2225,0.7775,0.7984595635430038,705,400,False
model,0.68,1.0,1.0,0.2,score_point,0.09645390070921986,1.0,0.225,0.775,0.7969151670951157,705,400,False
model,0.69,1.0,1.0,0.2,score_point,0.09645390070921986,1.0,0.2325,0.7675,0.7922580645161289,705,400,False
model,0.7,1.0,1.0,0.2,score_point,0.09645390070921986,1.0,0.25,0.75,0.7812500000000001,705,400,False
model,0.71,1.0,1.0,0.2,score_point,0.09645390070921986,1.0,0.2575,0.7425,0.7764705882352941,705,400,False
model,0.72,1.0,1.0,0.2,score_point,0.09645390070921986,1.0,0.265,0.735,0.7716535433070866,705,400,False
model,0.73,1.0,1.0,0.2,score_point,0.09645390070921986,1.0,0.2725,0.7275,0.7667984189723321,705,400,False
model,0.74,1.0,1.0,0.2,score_point,0.09645390070921986,1.0,0.2925,0.7075,0.7536617842876164,705,400,False
model,0.75,1.0,1.0,0.2,score_point,0.09645390070921986,1.0,0.305,0.695,0.745308310991957,705,400,False
model,0.76,1.0,1.0,0.2,score_point,0.09645390070921986,1.0,0.33,0.67,0.7282608695652173,705,400,False
model,0.77,1.0,1.0,0.2,score_point,0.09645390070921986,1.0,0.34,0.66,0.7213114754098361,705,400,False
model,0.78,1.0,1.0,0.2,score_point,0.09645390070921986,1.0,0.355,0.645,0.7107438016528925,705,400,False
model,0.79,1.0,1.0,0.2,score_point,0.09645390070921986,1.0,0.37,0.63,0.7,705,400,False
model,0.8,1.0,1.0,0.2,score_point,0.09645390070921986,1.0,0.4,0.6,0.6779661016949153,705,400,False
model,0.81,1.0,1.0,0.2,score_point,0.09645390070921986,1.0,0.4225,0.5775,0.6609442060085837,705,400,False
model,0.82,1.0,1.0,0.2,score_point,0.09645390070921986,1.0,0.4475,0.5525,0.6415094339622641,705,400,False
model,0.83,1.0,1.0,0.2,score_point,0.09645390070921986,1.0,0.475,0.525,0.6194690265486725,705,400,False
model,0.84,1.0,1.0,0.2,score_point,0.09645390070921986,1.0,0.5,0.5,0.5988023952095809,705,400,False
model,0.85,1.0,1.0,0.2,score_point,0.09645390070921986,1.0,0.54,0.46,0.5644171779141104,705,400,False
model,0.86,1.0,1.0,0.2,score_point,0.09645390070921986,1.0,0.5725,0.4275,0.5352112676056338,705,400,False
model,0.87,1.0,1.0,0.2,score_point,0.09645390070921986,1.0,0.6125,0.3875,0.49759229534510435,705,400,False
model,0.88,1.0,1.0,0.2,score_point,0.09645390070921986,1.0,0.6575,0.3425,0.45289256198347116,705,400,False
model,0.89,1.0,1.0,0.2,score_point,0.09645390070921986,1.0,0.6925,0.3075,0.41624365482233505,705,400,False
model,0.9,1.0,1.0,0.2,score_point,0.09645390070921986,1.0,0.7225,0.2775,0.38341968911917096,705,400,False
model,0.91,1.0,1.0,0.2,score_point,0.09645390070921986,1.0,0.76,0.24,0.3404255319148936,705,400,False
model,0.92,1.0,1.0,0.2,score_point,0.09645390070921986,1.0,0.7925,0.2075,0.30127041742286753,705,400,False
model,0.93,1.0,1.0,0.2,score_point,0.09645390070921986,1.0,0.825,0.175,0.26022304832713755,705,400,False
model,0.94,1.0,1.0,0.2,score_point,0.09645390070921986,1.0,0.875,0.125,0.19305019305019305,705,400,False
model,0.95,1.0,1.0,0.2,score_point,0.09645390070921986,1.0,0.94,0.06,0.09756097560975609,705,400,False
model,0.96,1.0,1.0,0.2,score_point,0.09645390070921986,1.0,0.9675,0.0325,0.05405405405405406,705,400,False
model,0.97,1.0,1.0,0.2,score_point,0.09645390070921986,1.0,0.98,0.02,0.033613445378151266,705,400,False
model,0.98,1.0,1.0,0.2,score_point,0.09645390070921986,1.0,0.9975,0.0025,0.0042643923240938165,705,400,False
model,0.99,0.2,1.0,0.2,score_point,0.09645390070921986,1.0,1.0,0.0,0.0,705,400,False
model,1.0,0.2,1.0,0.2,score_point,0.09645390070921986,1.0,1.0,0.0,0.0,705,400,False
model,0.99,0.3,1.0,0.2,score_point,0.09645390070921986,1.0,1.0,0.0,0.0,705,400,False
model,1.0,0.3,1.0,0.2,score_point,0.09645390070921986,1.0,1.0,0.0,0.0,705,400,False
model,0.99,0.4,1.0,0.2,score_point,0.09645390070921986,1.0,1.0,0.0,0.0,705,400,False
model,1.0,0.4,1.0,0.2,score_point,0.09645390070921986,1.0,1.0,0.0,0.0,705,400,False
model,0.99,0.5,1.0,0.2,score_point,0.09645390070921986,1.0,1.0,0.0,0.0,705,400,False
model,1.0,0.5,1.0,0.2,score_point,0.09645390070921986,1.0,1.0,0.0,0.0,705,400,False
model,0.99,0.6,1.0,0.2,score_point,0.09645390070921986,1.0,1.0,0.0,0.0,705,400,False
model,1.0,0.6,1.0,0.2,score_point,0.09645390070921986,1.0,1.0,0.0,0.0,705,400,False
model,0.99,0.7,1.0,0.2,score_point,0.09645390070921986,1.0,1.0,0.0,0.0,705,400,False
model,1.0,0.7,1.0,0.2,score_point,0.09645390070921986,1.0,1.0,0.0,0.0,705,400,False
model,0.99,0.8,1.0,0.2,score_point,0.09645390070921986,1.0,1.0,0.0,0.0,705,400,False
model,1.0,0.8,1.0,0.2,score_point,0.09645390070921986,1.0,1.0,0.0,0.0,705,400,False
model,0.99,0.9,1.0,0.2,score_point,0.09645390070921986,1.0,1.0,0.0,0.0,705,400,False
model,1.0,0.9,1.0,0.2,score_point,0.09645390070921986,1.0,1.0,0.0,0.0,705,400,False
model,0.99,1.0,1.0,0.2,score_point,0.09645390070921986,1.0,1.0,0.0,0.0,705,400,False
model,1.0,1.0,1.0,0.2,score_point,0.09645390070921986,1.0,1.0,0.0,0.0,705,400,False
model,0.55,0.2,1.5,0.2,score_point,0.09787234042553192,0.3787500000000001,0.1375,0.8625,0.8476658476658478,705,400,False
model,0.56,0.2,1.5,0.2,score_point,0.09787234042553192,0.382,0.14,0.86,0.8462484624846247,705,400,False
model,0.57,0.2,1.5,0.2,score_point,0.09787234042553192,0.3917500000000001,0.1475,0.8525,0.8419753086419755,705,400,False
model,0.15,0.3,3.0,0.2,score_point,0.09787234042553192,0.39449999999999996,0.035,0.965,0.9029239766081871,705,400,False
model,0.17,0.4,2.0,0.2,score_point,0.09787234042553192,0.46,0.0375,0.9625,0.9016393442622951,705,400,False
model,0.14,0.4,2.5,0.2,score_point,0.09787234042553192,0.463,0.03,0.97,0.9054842473745625,705,400,False
model,0.18,0.4,2.0,0.2,score_point,0.09787234042553192,0.47200000000000003,0.045,0.955,0.8977673325499412,705,400,False
model,0.33,0.4,1.5,0.2,score_point,0.09787234042553192,0.48800000000000004,0.08,0.92,0.879330943847073,705,400,False
model,0.34,0.4,1.5,0.2,score_point,0.09787234042553192,0.48800000000000004,0.08,0.92,0.879330943847073,705,400,False
model,0.35,0.4,1.5,0.2,score_point,0.09787234042553192,0.4962500000000001,0.0875,0.9125,0.8752997601918465,705,400,False
model,0.36,0.4,1.5,0.2,score_point,0.09787234042553192,0.4962500000000001,0.0875,0.9125,0.8752997601918465,705,400,False
model,0.03,0.6,3.0,0.2,score_point,0.09787234042553192,0.6179999999999999,0.0075,0.9925,0.9168591224018475,705,400,False
model,0.13,0.6,1.5,0.2,score_point,0.09787234042553192,0.6247499999999999,0.0275,0.9725,0.9067599067599067,705,400,False
model,0.14,0.6,1.5,0.2,score_point,0.09787234042553192,0.6269999999999999,0.03,0.97,0.9054842473745625,705,400,False
model,0.03,0.7,1.5,0.2,score_point,0.09787234042553192,0.706,0.0075,0.9925,0.9168591224018475,705,400,False
model,0.64,0.7,1.0,0.2,score_point,0.09787234042553192,0.75925,0.1975,0.8025,0.8126582278481012,705,400,False
model,0.65,0.7,1.0,0.2,score_point,0.09787234042553192,0.76225,0.2075,0.7925,0.806615776081425,705,400,False
model,0.66,0.7,1.0,0.2,score_point,0.09787234042553192,0.7645000000000001,0.215,0.785,0.8020434227330778,705,400,False
model,0.67,0.7,1.0,0.2,score_point,0.09787234042553192,0.7667499999999999,0.2225,0.7775,0.7974358974358975,705,400,False
model,0.68,0.7,1.0,0.2,score_point,0.09787234042553192,0.7675,0.225,0.775,0.7958921694480102,705,400,False
model,0.69,0.7,1.0,0.2,score_point,0.09787234042553192,0.7697499999999999,0.2325,0.7675,0.7912371134020618,705,400,False
model,0.7,0.7,1.0,0.2,score_point,0.09787234042553192,0.7749999999999999,0.25,0.75,0.7802340702210663,705,400,False
model,0.71,0.7,1.0,0.2,score_point,0.09787234042553192,0.77725,0.2575,0.7425,0.7754569190600522,705,400,False
model,0.72,0.7,1.0,0.2,score_point,0.09787234042553192,0.7794999999999999,0.265,0.735,0.7706422018348624,705,400,False
model,0.73,0.7,1.0,0.2,score_point,0.09787234042553192,0.7817499999999998,0.2725,0.7275,0.7657894736842106,705,400,False
model,0.74,0.7,1.0,0.2,score_point,0.09787234042553192,0.78775,0.2925,0.7075,0.7526595744680852,705,400,False
model,0.75,0.7,1.0,0.2,score_point,0.09787234042553192,0.7914999999999999,0.305,0.695,0.7443105756358768,705,400,False
model,0.76,0.7,1.0,0.2,score_point,0.09787234042553192,0.799,0.33,0.67,0.7272727272727273,705,400,False
model,0.77,0.7,1.0,0.2,score_point,0.09787234042553192,0.8019999999999999,0.34,0.66,0.7203274215552523,705,400,False
model,0.78,0.7,1.0,0.2,score_point,0.09787234042553192,0.8064999999999999,0.355,0.645,0.7097661623108665,705,400,False
model,0.79,0.7,1.0,0.2,score_point,0.09787234042553192,0.8109999999999999,0.37,0.63,0.6990291262135923,705,400,False
model,0.3,0.8,1.0,0.2,score_point,0.09787234042553192,0.815,0.075,0.925,0.8820023837902266,705,400,False
model,0.31,0.8,1.0,0.2,score_point,0.09787234042553192,0.8155000000000001,0.0775,0.9225,0.8806682577565633,705,400,False
model,0.32,0.8,1.0,0.2,score_point,0.09787234042553192,0.8155000000000001,0.0775,0.9225,0.8806682577565633,705,400,False
model,0.33,0.8,1.0,0.2,score_point,0.09787234042553192,0.8160000000000001,0.08,0.92,0.879330943847073,705,400,False
model,0.34,0.8,1.0,0.2,score_point,0.09787234042553192,0.8160000000000001,0.08,0.92,0.879330943847073,705,400,False
model,0.35,0.8,1.0,0.2,score_point,0.09787234042553192,0.8175,0.0875,0.9125,0.8752997601918465,705,400,False
model,0.36,0.8,1.0,0.2,score_point,0.09787234042553192,0.8175,0.0875,0.9125,0.8752997601918465,705,400,False
model,0.37,0.8,1.0,0.2,score_point,0.09787234042553192,0.8180000000000001,0.09,0.91,0.8739495798319328,705,400,False
model,0.38,0.8,1.0,0.2,score_point,0.09787234042553192,0.8180000000000001,0.09,0.91,0.8739495798319328,705,400,False
model,0.39,0.8,1.0,0.2,score_point,0.09787234042553192,0.8190000000000001,0.095,0.905,0.8712394705174489,705,400,False
model,0.4,0.8,1.0,0.2,score_point,0.09787234042553192,0.8190000000000001,0.095,0.905,0.8712394705174489,705,400,False
model,0.41,0.8,1.0,0.2,score_point,0.09787234042553192,0.8190000000000001,0.095,0.905,0.8712394705174489,705,400,False
model,0.42,0.8,1.0,0.2,score_point,0.09787234042553192,0.8190000000000001,0.095,0.905,0.8712394705174489,705,400,False
model,0.8,0.7,1.0,0.2,score_point,0.09787234042553192,0.82,0.4,0.6,0.6770098730606487,705,400,False
model,0.43,0.8,1.0,0.2,score_point,0.09787234042553192,0.8200000000000002,0.1,0.9,0.8685162846803379,705,400,False
model,0.44,0.8,1.0,0.2,score_point,0.09787234042553192,0.8200000000000002,0.1,0.9,0.8685162846803379,705,400,False
model,0.81,0.7,1.0,0.2,score_point,0.09787234042553192,0.8267499999999999,0.4225,0.5775,0.66,705,400,False
model,0.82,0.7,1.0,0.2,score_point,0.09787234042553192,0.8342499999999998,0.4475,0.5525,0.6405797101449275,705,400,False
model,0.83,0.7,1.0,0.2,score_point,0.09787234042553192,0.8425,0.475,0.525,0.6185567010309279,705,400,False
model,0.84,0.7,1.0,0.2,score_point,0.09787234042553192,0.85,0.5,0.5,0.5979073243647235,705,400,False
model,0.92,0.3,1.0,0.2,score_point,0.09787234042553192,0.8547499999999999,0.7925,0.2075,0.3007246376811594,705,400,False
model,0.85,0.7,1.0,0.2,score_point,0.09787234042553192,0.862,0.54,0.46,0.5635528330781011,705,400,False
model,0.86,0.7,1.0,0.2,score_point,0.09787234042553192,0.8717499999999998,0.5725,0.4275,0.5343749999999999,705,400,False
model,0.92,0.4,1.0,0.2,score_point,0.09787234042553192,0.8755000000000002,0.7925,0.2075,0.3007246376811594,705,400,False
model,0.93,0.3,1.0,0.2,score_point,0.09787234042553192,0.8775,0.825,0.175,0.2597402597402597,705,400,False
model,0.91,0.5,1.0,0.2,score_point,0.09787234042553192,0.88,0.76,0.24,0.33982300884955746,705,400,False
model,0.87,0.7,1.0,0.2,score_point,0.09787234042553192,0.88375,0.6125,0.3875,0.49679487179487175,705,400,False
model,0.93,0.4,1.0,0.2,score_point,0.09787234042553192,0.895,0.825,0.175,0.2597402597402597,705,400,False
model,0.88,0.7,1.0,0.2,score_point,0.09787234042553192,0.89725,0.6575,0.3425,0.4521452145214521,705,400,False
model,0.94,0.2,1.0,0.2,score_point,0.09787234042553192,0.9,0.875,0.125,0.19267822736030826,705,400,False
model,0.15,0.9,1.0,0.2,score_point,0.09787234042553192,0.9035000000000002,0.035,0.965,0.9029239766081871,705,400,False
model,0.16,0.9,1.0,0.2,score_point,0.09787234042553192,0.9037500000000003,0.0375,0.9625,0.9016393442622951,705,400,False
model,0.17,0.9,1.0,0.2,score_point,0.09787234042553192,0.9037500000000003,0.0375,0.9625,0.9016393442622951,705,400,False
model,0.91,0.6,1.0,0.2,score_point,0.09787234042553192,0.9039999999999999,0.76,0.24,0.33982300884955746,705,400,False
model,0.18,0.9,1.0,0.2,score_point,0.09787234042553192,0.9045000000000002,0.045,0.955,0.8977673325499412,705,400,False
model,0.19,0.9,1.0,0.2,score_point,0.09787234042553192,0.9047500000000003,0.0475,0.9525,0.896470588235294,705,400,False
model,0.2,0.9,1.0,0.2,score_point,0.09787234042553192,0.9047500000000003,0.0475,0.9525,0.896470588235294,705,400,False
model,0.21,0.9,1.0,0.2,score_point,0.09787234042553192,0.9047500000000003,0.0475,0.9525,0.896470588235294,705,400,False
model,0.22,0.9,1.0,0.2,score_point,0.09787234042553192,0.9052500000000003,0.0525,0.9475,0.8938679245283019,705,400,False
model,0.23,0.9,1.0,0.2,score_point,0.09787234042553192,0.9055000000000003,0.055,0.945,0.8925619834710744,705,400,False
model,0.24,0.9,1.0,0.2,score_point,0.09787234042553192,0.9057500000000002,0.0575,0.9425,0.8912529550827423,705,400,False
model,0.25,0.9,1.0,0.2,score_point,0.09787234042553192,0.9057500000000002,0.0575,0.9425,0.8912529550827423,705,400,False
model,0.89,0.7,1.0,0.2,score_point,0.09787234042553192,0.90775,0.6925,0.3075,0.4155405405405405,705,400,False
model,0.94,0.3,1.0,0.2,score_point,0.09787234042553192,0.9125,0.875,0.125,0.19267822736030826,705,400,False
model,0.9,0.7,1.0,0.2,score_point,0.09787234042553192,0.91675,0.7225,0.2775,0.38275862068965516,705,400,False
model,0.94,0.4,1.0,0.2,score_point,0.09787234042553192,0.925,0.875,0.125,0.19267822736030826,705,400,False
model,0.91,0.7,1.0,0.2,score_point,0.09787234042553192,0.9279999999999999,0.76,0.24,0.33982300884955746,705,400,False
model,0.25,0.2,2.5,0.2,score_point,0.09929078014184398,0.33225,0.0575,0.9425,0.8902007083825265,705,400,True
model,0.3,0.2,2.0,0.2,score_point,0.09929078014184398,0.335,0.075,0.925,0.8809523809523809,705,400,False
model,0.31,0.2,2.0,0.2,score_point,0.09929078014184398,0.3395,0.0775,0.9225,0.8796185935637664,705,400,False
model,0.32,0.2,2.0,0.2,score_point,0.09929078014184398,0.3395,0.0775,0.9225,0.8796185935637664,705,400,False
model,0.52,0.2,1.5,0.2,score_point,0.09929078014184398,0.36575,0.1275,0.8725,0.8522588522588523,705,400,False
model,0.53,0.2,1.5,0.2,score_point,0.09929078014184398,0.3722500000000001,0.1325,0.8675,0.8494492044063647,705,400,False
model,0.54,0.2,1.5,0.2,score_point,0.09929078014184398,0.3787500000000001,0.1375,0.8625,0.8466257668711658,705,400,False
model,0.16,0.3,2.5,0.2,score_point,0.09929078014184398,0.38249999999999995,0.0375,0.9625,0.9005847953216374,705,400,False
model,0.23,0.3,2.0,0.2,score_point,0.09929078014184398,0.39349999999999996,0.055,0.945,0.8915094339622641,705,400,False
model,0.14,0.3,3.5,0.2,score_point,0.09929078014184398,0.39599999999999996,0.03,0.97,0.9044289044289044,705,400,False
model,0.41,0.3,1.5,0.2,score_point,0.09929078014184398,0.4139999999999999,0.095,0.905,0.8701923076923077,705,400,False
model,0.42,0.3,1.5,0.2,score_point,0.09929078014184398,0.4139999999999999,0.095,0.905,0.8701923076923077,705,400,False
model,0.43,0.3,1.5,0.2,score_point,0.09929078014184398,0.42,0.1,0.9,0.8674698795180723,705,400,False
model,0.44,0.3,1.5,0.2,score_point,0.09929078014184398,0.42,0.1,0.9,0.8674698795180723,705,400,False
model,0.13,0.4,2.5,0.2,score_point,0.09929078014184398,0.45775000000000005,0.0275,0.9725,0.9057043073341093,705,400,False
model,0.1,0.4,3.0,0.2,score_point,0.09929078014184398,0.4585,0.0225,0.9775,0.9082462253193961,705,400,False
model,0.09,0.4,3.5,0.2,score_point,0.09929078014184398,0.462,0.02,0.98,0.9095127610208816,705,400,False
model,0.3,0.4,1.5,0.2,score_point,0.09929078014184398,0.4825,0.075,0.925,0.8809523809523809,705,400,False
model,0.31,0.4,1.5,0.2,score_point,0.09929078014184398,0.48525000000000007,0.0775,0.9225,0.8796185935637664,705,400,False
model,0.32,0.4,1.5,0.2,score_point,0.09929078014184398,0.48525000000000007,0.0775,0.9225,0.8796185935637664,705,400,False
model,0.05,0.5,3.0,0.2,score_point,0.09929078014184398,0.53125,0.0125,0.9875,0.9132947976878614,705,400,False
model,0.17,0.5,1.5,0.2,score_point,0.09929078014184398,0.5375,0.0375,0.9625,0.9005847953216374,705,400,False
model,0.18,0.5,1.5,0.2,score_point,0.09929078014184398,0.545,0.045,0.955,0.8967136150234741,705,400,False
model,0.05,0.6,2.0,0.2,score_point,0.09929078014184398,0.6174999999999998,0.0125,0.9875,0.9132947976878614,705,400,False
model,0.11,0.6,1.5,0.2,score_point,0.09929078014184398,0.6202499999999999,0.0225,0.9775,0.9082462253193961,705,400,False
model,0.12,0.6,1.5,0.2,score_point,0.09929078014184398,0.6202499999999999,0.0225,0.9775,0.9082462253193961,705,400,False
model,0.64,0.6,1.0,0.2,score_point,0.09929078014184398,0.6789999999999998,0.1975,0.8025,0.8116308470290772,705,400,False
model,0.65,0.6,1.0,0.2,score_point,0.09929078014184398,0.6829999999999998,0.2075,0.7925,0.8055908513341805,705,400,False
model,0.66,0.6,1.0,0.2,score_point,0.09929078014184398,0.6859999999999999,0.215,0.785,0.8010204081632654,705,400,False
model,0.67,0.6,1.0,0.2,score_point,0.09929078014184398,0.689,0.2225,0.7775,0.796414852752881,705,400,False
model,0.68,0.6,1.0,0.2,score_point,0.09929078014184398,0.6899999999999998,0.225,0.775,0.7948717948717949,705,400,False
model,0.69,0.6,1.0,0.2,score_point,0.09929078014184398,0.6929999999999998,0.2325,0.7675,0.7902187902187902,705,400,False
model,0.7,0.6,1.0,0.2,score_point,0.09929078014184398,0.7,0.25,0.75,0.7792207792207791,705,400,False
model,0.71,0.6,1.0,0.2,score_point,0.09929078014184398,0.7029999999999998,0.2575,0.7425,0.7744458930899608,705,400,False
model,0.72,0.6,1.0,0.2,score_point,0.09929078014184398,0.706,0.265,0.735,0.7696335078534031,705,400,False
model,0.73,0.6,1.0,0.2,score_point,0.09929078014184398,0.709,0.2725,0.7275,0.7647831800262812,705,400,False
model,0.74,0.6,1.0,0.2,score_point,0.09929078014184398,0.7169999999999999,0.2925,0.7075,0.751660026560425,705,400,False
model,0.75,0.6,1.0,0.2,score_point,0.09929078014184398,0.7219999999999999,0.305,0.695,0.7433155080213903,705,400,False
model,0.76,0.6,1.0,0.2,score_point,0.09929078014184398,0.7319999999999999,0.33,0.67,0.7262872628726289,705,400,False
model,0.45,0.7,1.0,0.2,score_point,0.09929078014184398,0.73225,0.1075,0.8925,0.8633615477629989,705,400,False
model,0.46,0.7,1.0,0.2,score_point,0.09929078014184398,0.73375,0.1125,0.8875,0.8606060606060607,705,400,False
model,0.47,0.7,1.0,0.2,score_point,0.09929078014184398,0.7344999999999999,0.115,0.885,0.8592233009708737,705,400,False
model,0.48,0.7,1.0,0.2,score_point,0.09929078014184398,0.73525,0.1175,0.8825,0.8578371810449575,705,400,False
model,0.77,0.6,1.0,0.2,score_point,0.09929078014184398,0.736,0.34,0.66,0.7193460490463215,705,400,False
model,0.49,0.7,1.0,0.2,score_point,0.09929078014184398,0.73675,0.1225,0.8775,0.8550548112058466,705,400,False
model,0.5,0.7,1.0,0.2,score_point,0.09929078014184398,0.7375,0.125,0.875,0.8536585365853658,705,400,False
model,0.51,0.7,1.0,0.2,score_point,0.09929078014184398,0.7382499999999999,0.1275,0.8725,0.8522588522588523,705,400,False
model,0.52,0.7,1.0,0.2,score_point,0.09929078014184398,0.7382499999999999,0.1275,0.8725,0.8522588522588523,705,400,False
model,0.53,0.7,1.0,0.2,score_point,0.09929078014184398,0.7397499999999999,0.1325,0.8675,0.8494492044063647,705,400,False
model,0.54,0.7,1.0,0.2,score_point,0.09929078014184398,0.74125,0.1375,0.8625,0.8466257668711658,705,400,False
model,0.55,0.7,1.0,0.2,score_point,0.09929078014184398,0.74125,0.1375,0.8625,0.8466257668711658,705,400,False
model,0.78,0.6,1.0,0.2,score_point,0.09929078014184398,0.7419999999999999,0.355,0.645,0.7087912087912089,705,400,False
model,0.56,0.7,1.0,0.2,score_point,0.09929078014184398,0.742,0.14,0.86,0.8452088452088452,705,400,False
model,0.57,0.7,1.0,0.2,score_point,0.09929078014184398,0.7442500000000001,0.1475,0.8525,0.8409371146732428,705,400,False
model,0.58,0.7,1.0,0.2,score_point,0.09929078014184398,0.7465,0.155,0.845,0.8366336633663367,705,400,False
model,0.79,0.6,1.0,0.2,score_point,0.09929078014184398,0.7479999999999998,0.37,0.63,0.6980609418282548,705,400,False
model,0.59,0.7,1.0,0.2,score_point,0.09929078014184398,0.7494999999999998,0.165,0.835,0.8308457711442786,705,400,False
model,0.6,0.7,1.0,0.2,score_point,0.09929078014184398,0.7525,0.175,0.825,0.825,705,400,False
model,0.61,0.7,1.0,0.2,score_point,0.09929078014184398,0.7539999999999999,0.18,0.82,0.8220551378446116,705,400,False
model,0.62,0.7,1.0,0.2,score_point,0.09929078014184398,0.7547499999999999,0.1825,0.8175,0.8205771643663738,705,400,False
model,0.63,0.7,1.0,0.2,score_point,0.09929078014184398,0.7547499999999999,0.1825,0.8175,0.8205771643663738,705,400,False
model,0.8,0.6,1.0,0.2,score_point,0.09929078014184398,0.76,0.4,0.6,0.676056338028169,705,400,False
model,0.81,0.6,1.0,0.2,score_point,0.09929078014184398,0.7689999999999999,0.4225,0.5775,0.6590584878744651,705,400,False
model,0.82,0.6,1.0,0.2,score_point,0.09929078014184398,0.7789999999999999,0.4475,0.5525,0.6396526772793053,705,400,False
model,0.83,0.6,1.0,0.2,score_point,0.09929078014184398,0.7899999999999998,0.475,0.525,0.6176470588235295,705,400,False
model,0.84,0.6,1.0,0.2,score_point,0.09929078014184398,0.7999999999999998,0.5,0.5,0.5970149253731343,705,400,False
model,0.26,0.8,1.0,0.2,score_point,0.09929078014184398,0.812,0.06,0.94,0.8888888888888888,705,400,False
model,0.27,0.8,1.0,0.2,score_point,0.09929078014184398,0.8125,0.0625,0.9375,0.8875739644970413,705,400,False
model,0.28,0.8,1.0,0.2,score_point,0.09929078014184398,0.8130000000000002,0.065,0.935,0.886255924170616,705,400,False
model,0.29,0.8,1.0,0.2,score_point,0.09929078014184398,0.8140000000000001,0.07,0.93,0.8836104513064132,705,400,False
model,0.85,0.6,1.0,0.2,score_point,0.09929078014184398,0.816,0.54,0.46,0.562691131498471,705,400,False
model,0.86,0.6,1.0,0.2,score_point,0.09929078014184398,0.829,0.5725,0.4275,0.5335413416536662,705,400,False
model,0.91,0.3,1.0,0.2,score_point,0.09929078014184398,0.8319999999999999,0.76,0.24,0.33922261484098937,705,400,False
model,0.87,0.6,1.0,0.2,score_point,0.09929078014184398,0.845,0.6125,0.3875,0.496,705,400,False
model,0.91,0.4,1.0,0.2,score_point,0.09929078014184398,0.8560000000000001,0.76,0.24,0.33922261484098937,705,400,False
model,0.93,0.2,1.0,0.2,score_point,0.09929078014184398,0.86,0.825,0.175,0.25925925925925924,705,400,False
model,0.9,0.5,1.0,0.2,score_point,0.09929078014184398,0.86125,0.7225,0.2775,0.38209982788296043,705,400,False
model,0.88,0.6,1.0,0.2,score_point,0.09929078014184398,0.863,0.6575,0.3425,0.4514003294892916,705,400,False
model,0.89,0.6,1.0,0.2,score_point,0.09929078014184398,0.877,0.6925,0.3075,0.4148397976391231,705,400,False
model,0.9,0.6,1.0,0.2,score_point,0.09929078014184398,0.8889999999999998,0.7225,0.2775,0.38209982788296043,705,400,False
model,0.29,0.2,2.0,0.2,score_point,0.10070921985815603,0.32600000000000007,0.07,0.93,0.8825622775800712,705,400,True
model,0.24,0.2,2.5,0.2,score_point,0.10070921985815603,0.33225,0.0575,0.9425,0.8891509433962264,705,400,False
model,0.23,0.2,3.0,0.2,score_point,0.10070921985815603,0.35400000000000004,0.055,0.945,0.8904593639575971,705,400,False
model,0.51,0.2,1.5,0.2,score_point,0.10070921985815603,0.36575,0.1275,0.8725,0.8512195121951219,705,400,False
model,0.22,0.2,3.5,0.2,score_point,0.10070921985815603,0.37325,0.0525,0.9475,0.8917647058823529,705,400,False
model,0.13,0.3,3.5,0.2,score_point,0.10070921985815603,0.3879999999999999,0.0275,0.9725,0.9046511627906977,705,400,False
model,0.4,0.3,1.5,0.2,score_point,0.10070921985815603,0.4139999999999999,0.095,0.905,0.8691476590636255,705,400,False
model,0.16,0.4,2.0,0.2,score_point,0.10070921985815603,0.46,0.0375,0.9625,0.8995327102803738,705,400,False
model,0.29,0.4,1.5,0.2,score_point,0.10070921985815603,0.47700000000000004,0.07,0.93,0.8825622775800712,705,400,False
model,0.07,0.5,2.0,0.2,score_point,0.10070921985815603,0.52625,0.0175,0.9825,0.9097222222222222,705,400,False
model,0.04,0.5,3.5,0.2,score_point,0.10070921985815603,0.53,0.01,0.99,0.9134948096885813,705,400,False
model,0.06,0.5,2.5,0.2,score_point,0.10070921985815603,0.53,0.015,0.985,0.9109826589595376,705,400,False
model,0.08,0.6,1.5,0.2,score_point,0.10070921985815603,0.6157499999999999,0.0175,0.9825,0.9097222222222222,705,400,False
model,0.09,0.6,1.5,0.2,score_point,0.10070921985815603,0.6179999999999999,0.02,0.98,0.9084588644264193,705,400,False
model,0.1,0.6,1.5,0.2,score_point,0.10070921985815603,0.6202499999999999,0.0225,0.9775,0.9071925754060325,705,400,False
model,0.62,0.6,1.0,0.2,score_point,0.10070921985815603,0.6729999999999998,0.1825,0.8175,0.8195488721804511,705,400,False
model,0.63,0.6,1.0,0.2,score_point,0.10070921985815603,0.6729999999999998,0.1825,0.8175,0.8195488721804511,705,400,False
model,0.01,0.7,2.0,0.2,score_point,0.10070921985815603,0.7065,0.005,0.995,0.9159953970080552,705,400,False
model,0.3,0.7,1.0,0.2,score_point,0.10070921985815603,0.7225,0.075,0.925,0.8799048751486325,705,400,False
model,0.31,0.7,1.0,0.2,score_point,0.10070921985815603,0.7232499999999998,0.0775,0.9225,0.8785714285714284,705,400,False
model,0.32,0.7,1.0,0.2,score_point,0.10070921985815603,0.7232499999999998,0.0775,0.9225,0.8785714285714284,705,400,False
model,0.33,0.7,1.0,0.2,score_point,0.10070921985815603,0.7239999999999999,0.08,0.92,0.8772348033373064,705,400,False
model,0.34,0.7,1.0,0.2,score_point,0.10070921985815603,0.7239999999999999,0.08,0.92,0.8772348033373064,705,400,False
model,0.35,0.7,1.0,0.2,score_point,0.10070921985815603,0.72625,0.0875,0.9125,0.8732057416267942,705,400,False
model,0.36,0.7,1.0,0.2,score_point,0.10070921985815603,0.72625,0.0875,0.9125,0.8732057416267942,705,400,False
model,0.37,0.7,1.0,0.2,score_point,0.10070921985815603,0.7269999999999999,0.09,0.91,0.8718562874251498,705,400,False
model,0.38,0.7,1.0,0.2,score_point,0.10070921985815603,0.7269999999999999,0.09,0.91,0.8718562874251498,705,400,False
model,0.39,0.7,1.0,0.2,score_point,0.10070921985815603,0.7284999999999999,0.095,0.905,0.8691476590636255,705,400,False
model,0.4,0.7,1.0,0.2,score_point,0.10070921985815603,0.7284999999999999,0.095,0.905,0.8691476590636255,705,400,False
model,0.41,0.7,1.0,0.2,score_point,0.10070921985815603,0.7284999999999999,0.095,0.905,0.8691476590636255,705,400,False
model,0.42,0.7,1.0,0.2,score_point,0.10070921985815603,0.7284999999999999,0.095,0.905,0.8691476590636255,705,400,False
model,0.43,0.7,1.0,0.2,score_point,0.10070921985815603,0.73,0.1,0.9,0.8664259927797834,705,400,False
model,0.44,0.7,1.0,0.2,score_point,0.10070921985815603,0.73,0.1,0.9,0.8664259927797834,705,400,False
model,0.9,0.3,1.0,0.2,score_point,0.10070921985815603,0.8057500000000001,0.7225,0.2775,0.3814432989690722,705,400,False
model,0.15,0.8,1.0,0.2,score_point,0.10070921985815603,0.8069999999999999,0.035,0.965,0.9008168028004668,705,400,False
model,0.16,0.8,1.0,0.2,score_point,0.10070921985815603,0.8075,0.0375,0.9625,0.8995327102803738,705,400,False
model,0.17,0.8,1.0,0.2,score_point,0.10070921985815603,0.8075,0.0375,0.9625,0.8995327102803738,705,400,False
model,0.18,0.8,1.0,0.2,score_point,0.10070921985815603,0.809,0.045,0.955,0.895662368112544,705,400,False
model,0.19,0.8,1.0,0.2,score_point,0.10070921985815603,0.8094999999999999,0.0475,0.9525,0.8943661971830987,705,400,False
model,0.2,0.8,1.0,0.2,score_point,0.10070921985815603,0.8094999999999999,0.0475,0.9525,0.8943661971830987,705,400,False
model,0.21,0.8,1.0,0.2,score_point,0.10070921985815603,0.8094999999999999,0.0475,0.9525,0.8943661971830987,705,400,False
model,0.22,0.8,1.0,0.2,score_point,0.10070921985815603,0.8105,0.0525,0.9475,0.8917647058823529,705,400,False
model,0.23,0.8,1.0,0.2,score_point,0.10070921985815603,0.8109999999999999,0.055,0.945,0.8904593639575971,705,400,False
model,0.24,0.8,1.0,0.2,score_point,0.10070921985815603,0.8115000000000001,0.0575,0.9425,0.8891509433962264,705,400,False
model,0.25,0.8,1.0,0.2,score_point,0.10070921985815603,0.8115000000000001,0.0575,0.9425,0.8891509433962264,705,400,False
model,0.9,0.4,1.0,0.2,score_point,0.10070921985815603,0.8335000000000002,0.7225,0.2775,0.3814432989690722,705,400,False
model,0.92,0.2,1.0,0.2,score_point,0.10070921985815603,0.8340000000000001,0.7925,0.2075,0.2996389891696751,705,400,False
model,0.89,0.5,1.0,0.2,score_point,0.10070921985815603,0.84625,0.6925,0.3075,0.41414141414141414,705,400,False
model,0.13,0.9,1.0,0.2,score_point,0.10070921985815603,0.9027500000000002,0.0275,0.9725,0.9046511627906977,705,400,False
model,0.14,0.9,1.0,0.2,score_point,0.10070921985815603,0.9030000000000002,0.03,0.97,0.9033760186263097,705,400,False
model,0.2,0.2,3.5,0.2,score_point,0.10212765957446808,0.35674999999999996,0.0475,0.9525,0.8933177022274326,705,400,False
model,0.21,0.2,3.5,0.2,score_point,0.10212765957446808,0.35674999999999996,0.0475,0.9525,0.8933177022274326,705,400,False
model,0.2,0.3,2.0,0.2,score_point,0.10212765957446808,0.38074999999999987,0.0475,0.9525,0.8933177022274326,705,400,False
model,0.21,0.3,2.0,0.2,score_point,0.10212765957446808,0.38074999999999987,0.0475,0.9525,0.8933177022274326,705,400,False
model,0.14,0.3,3.0,0.2,score_point,0.10212765957446808,0.38099999999999995,0.03,0.97,0.9023255813953489,705,400,False
model,0.22,0.3,2.0,0.2,score_point,0.10212765957446808,0.38925,0.0525,0.9475,0.8907168037602821,705,400,False
model,0.37,0.3,1.5,0.2,score_point,0.10212765957446808,0.4079999999999999,0.09,0.91,0.8708133971291867,705,400,False
model,0.38,0.3,1.5,0.2,score_point,0.10212765957446808,0.4079999999999999,0.09,0.91,0.8708133971291867,705,400,False
model,0.39,0.3,1.5,0.2,score_point,0.10212765957446808,0.4139999999999999,0.095,0.905,0.86810551558753,705,400,False
model,0.11,0.4,2.5,0.2,score_point,0.10212765957446808,0.44725000000000004,0.0225,0.9775,0.9061413673232909,705,400,False
model,0.12,0.4,2.5,0.2,score_point,0.10212765957446808,0.44725000000000004,0.0225,0.9775,0.9061413673232909,705,400,False
model,0.09,0.4,3.0,0.2,score_point,0.10212765957446808,0.452,0.02,0.98,0.9074074074074074,705,400,False
model,0.26,0.4,1.5,0.2,score_point,0.10212765957446808,0.4660000000000001,0.06,0.94,0.8867924528301886,705,400,False
model,0.27,0.4,1.5,0.2,score_point,0.10212765957446808,0.46875,0.0625,0.9375,0.885478158205431,705,400,False
model,0.28,0.4,1.5,0.2,score_point,0.10212765957446808,0.47150000000000003,0.065,0.935,0.884160756501182,705,400,False
model,0.16,0.5,1.5,0.2,score_point,0.10212765957446808,0.5375,0.0375,0.9625,0.8984830805134189,705,400,False
model,0.04,0.6,2.0,0.2,score_point,0.10212765957446808,0.6139999999999999,0.01,0.99,0.912442396313364,705,400,False
model,0.51,0.6,1.0,0.2,score_point,0.10212765957446808,0.6509999999999999,0.1275,0.8725,0.8501827040194885,705,400,False
model,0.52,0.6,1.0,0.2,score_point,0.10212765957446808,0.6509999999999999,0.1275,0.8725,0.8501827040194885,705,400,False
model,0.53,0.6,1.0,0.2,score_point,0.10212765957446808,0.6529999999999998,0.1325,0.8675,0.8473748473748474,705,400,False
model,0.54,0.6,1.0,0.2,score_point,0.10212765957446808,0.6549999999999998,0.1375,0.8625,0.8445532435740515,705,400,False
model,0.55,0.6,1.0,0.2,score_point,0.10212765957446808,0.6549999999999998,0.1375,0.8625,0.8445532435740515,705,400,False
model,0.56,0.6,1.0,0.2,score_point,0.10212765957446808,0.6559999999999999,0.14,0.86,0.8431372549019608,705,400,False
model,0.57,0.6,1.0,0.2,score_point,0.10212765957446808,0.6589999999999998,0.1475,0.8525,0.8388683886838868,705,400,False
model,0.58,0.6,1.0,0.2,score_point,0.10212765957446808,0.6619999999999999,0.155,0.845,0.8345679012345678,705,400,False
model,0.59,0.6,1.0,0.2,score_point,0.10212765957446808,0.6659999999999999,0.165,0.835,0.8287841191066998,705,400,False
model,0.6,0.6,1.0,0.2,score_point,0.10212765957446808,0.67,0.175,0.825,0.8229426433915212,705,400,False
model,0.61,0.6,1.0,0.2,score_point,0.10212765957446808,0.6719999999999999,0.18,0.82,0.82,705,400,False
model,0.8,0.5,1.0,0.2,score_point,0.10212765957446808,0.7,0.4,0.6,0.6741573033707865,705,400,False
model,0.81,0.5,1.0,0.2,score_point,0.10212765957446808,0.71125,0.4225,0.5775,0.6571834992887625,705,400,False
model,0.26,0.7,1.0,0.2,score_point,0.10212765957446808,0.718,0.06,0.94,0.8867924528301886,705,400,False
model,0.27,0.7,1.0,0.2,score_point,0.10212765957446808,0.71875,0.0625,0.9375,0.885478158205431,705,400,False
model,0.28,0.7,1.0,0.2,score_point,0.10212765957446808,0.7194999999999999,0.065,0.935,0.884160756501182,705,400,False
model,0.29,0.7,1.0,0.2,score_point,0.10212765957446808,0.721,0.07,0.93,0.8815165876777251,705,400,False
model,0.82,0.5,1.0,0.2,score_point,0.10212765957446808,0.72375,0.4475,0.5525,0.6378066378066378,705,400,False
model,0.83,0.5,1.0,0.2,score_point,0.10212765957446808,0.7375,0.475,0.525,0.6158357771260997,705,400,False
model,0.84,0.5,1.0,0.2,score_point,0.10212765957446808,0.75,0.5,0.5,0.5952380952380952,705,400,False
model,0.85,0.5,1.0,0.2,score_point,0.10212765957446808,0.77,0.54,0.46,0.5609756097560976,705,400,False
model,0.86,0.5,1.0,0.2,score_point,0.10212765957446808,0.78625,0.5725,0.4275,0.5318818040435459,705,400,False
model,0.87,0.5,1.0,0.2,score_point,0.10212765957446808,0.80625,0.6125,0.3875,0.4944178628389155,705,400,False
model,0.91,0.2,1.0,0.2,score_point,0.10212765957446808,0.8080000000000002,0.76,0.24,0.33802816901408445,705,400,False
model,0.89,0.4,1.0,0.2,score_point,0.10212765957446808,0.8155,0.6925,0.3075,0.41344537815126053,705,400,False
model,0.88,0.5,1.0,0.2,score_point,0.10212765957446808,0.82875,0.6575,0.3425,0.44991789819376027,705,400,False
model,0.08,0.9,1.0,0.2,score_point,0.10212765957446808,0.9017500000000002,0.0175,0.9825,0.908670520231214,705,400,False
model,0.09,0.9,1.0,0.2,score_point,0.10212765957446808,0.9020000000000001,0.02,0.98,0.9074074074074074,705,400,False
model,0.1,0.9,1.0,0.2,score_point,0.10212765957446808,0.9022500000000002,0.0225,0.9775,0.9061413673232909,705,400,False
model,0.11,0.9,1.0,0.2,score_point,0.10212765957446808,0.9022500000000002,0.0225,0.9775,0.9061413673232909,705,400,False
model,0.12,0.9,1.0,0.2,score_point,0.10212765957446808,0.9022500000000002,0.0225,0.9775,0.9061413673232909,705,400,False
model,0.5,0.2,1.5,0.2,score_point,0.10354609929078014,0.36250000000000004,0.125,0.875,0.850546780072904,705,400,False
model,0.12,0.3,3.5,0.2,score_point,0.10354609929078014,0.3719999999999999,0.0225,0.9775,0.9050925925925927,705,400,False
model,0.13,0.3,3.0,0.2,score_point,0.10354609929078014,0.37424999999999997,0.0275,0.9725,0.9025522041763341,705,400,False
model,0.15,0.3,2.5,0.2,score_point,0.10354609929078014,0.37699999999999995,0.035,0.965,0.8987194412107102,705,400,False
model,0.19,0.3,2.0,0.2,score_point,0.10354609929078014,0.38074999999999987,0.0475,0.9525,0.892271662763466,705,400,False
model,0.08,0.4,3.5,0.2,score_point,0.10354609929078014,0.45425000000000004,0.0175,0.9825,0.907621247113164,705,400,False
model,0.15,0.4,2.0,0.2,score_point,0.10354609929078014,0.45600000000000007,0.035,0.965,0.8987194412107102,705,400,False
model,0.25,0.4,1.5,0.2,score_point,0.10354609929078014,0.46325000000000005,0.0575,0.9425,0.8870588235294119,705,400,False
model,0.04,0.5,3.0,0.2,score_point,0.10354609929078014,0.525,0.01,0.99,0.9113924050632911,705,400,False
model,0.03,0.6,2.5,0.2,score_point,0.10354609929078014,0.6142499999999999,0.0075,0.9925,0.9126436781609196,705,400,False
model,0.7,0.5,1.0,0.2,score_point,0.10354609929078014,0.625,0.25,0.75,0.7761966364812418,705,400,False
model,0.71,0.5,1.0,0.2,score_point,0.10354609929078014,0.62875,0.2575,0.7425,0.7714285714285715,705,400,False
model,0.72,0.5,1.0,0.2,score_point,0.10354609929078014,0.6325,0.265,0.735,0.7666232073011734,705,400,False
model,0.73,0.5,1.0,0.2,score_point,0.10354609929078014,0.63625,0.2725,0.7275,0.7617801047120419,705,400,False
model,0.74,0.5,1.0,0.2,score_point,0.10354609929078014,0.64625,0.2925,0.7075,0.7486772486772486,705,400,False
model,0.75,0.5,1.0,0.2,score_point,0.10354609929078014,0.6525,0.305,0.695,0.7403462050599201,705,400,False
model,0.76,0.5,1.0,0.2,score_point,0.10354609929078014,0.665,0.33,0.67,0.7233468286099864,705,400,False
model,0.77,0.5,1.0,0.2,score_point,0.10354609929078014,0.67,0.34,0.66,0.7164179104477612,705,400,False
model,0.78,0.5,1.0,0.2,score_point,0.10354609929078014,0.6775,0.355,0.645,0.7058823529411764,705,400,False
model,0.79,0.5,1.0,0.2,score_point,0.10354609929078014,0.685,0.37,0.63,0.6951724137931033,705,400,False
model,0.02,0.7,1.5,0.2,score_point,0.10354609929078014,0.7040000000000001,0.005,0.995,0.9138920780711827,705,400,False
model,0.17,0.7,1.0,0.2,score_point,0.10354609929078014,0.71125,0.0375,0.9625,0.8974358974358975,705,400,False
model,0.18,0.7,1.0,0.2,score_point,0.10354609929078014,0.7134999999999999,0.045,0.955,0.8935672514619882,705,400,False
model,0.19,0.7,1.0,0.2,score_point,0.10354609929078014,0.7142500000000002,0.0475,0.9525,0.892271662763466,705,400,False
model,0.2,0.7,1.0,0.2,score_point,0.10354609929078014,0.7142500000000002,0.0475,0.9525,0.892271662763466,705,400,False
model,0.21,0.7,1.0,0.2,score_point,0.10354609929078014,0.7142500000000002,0.0475,0.9525,0.892271662763466,705,400,False
model,0.22,0.7,1.0,0.2,score_point,0.10354609929078014,0.71575,0.0525,0.9475,0.8896713615023475,705,400,False
model,0.23,0.7,1.0,0.2,score_point,0.10354609929078014,0.7165,0.055,0.945,0.8883666274970622,705,400,False
model,0.24,0.7,1.0,0.2,score_point,0.10354609929078014,0.7172499999999999,0.0575,0.9425,0.8870588235294119,705,400,False
model,0.25,0.7,1.0,0.2,score_point,0.10354609929078014,0.7172499999999999,0.0575,0.9425,0.8870588235294119,705,400,False
model,0.9,0.2,1.0,0.2,score_point,0.10354609929078014,0.778,0.7225,0.2775,0.38013698630136994,705,400,False
model,0.89,0.3,1.0,0.2,score_point,0.10354609929078014,0.78475,0.6925,0.3075,0.412751677852349,705,400,False
model,0.88,0.4,1.0,0.2,score_point,0.10354609929078014,0.7945,0.6575,0.3425,0.4491803278688525,705,400,False
model,0.13,0.8,1.0,0.2,score_point,0.10354609929078014,0.8055,0.0275,0.9725,0.9025522041763341,705,400,False
model,0.14,0.8,1.0,0.2,score_point,0.10354609929078014,0.8059999999999999,0.03,0.97,0.9012775842044135,705,400,False
model,0.03,0.9,1.0,0.2,score_point,0.10354609929078014,0.9007500000000002,0.0075,0.9925,0.9126436781609196,705,400,False
model,0.04,0.9,1.0,0.2,score_point,0.10354609929078014,0.9010000000000002,0.01,0.99,0.9113924050632911,705,400,False
model,0.05,0.9,1.0,0.2,score_point,0.10354609929078014,0.9012500000000001,0.0125,0.9875,0.9101382488479264,705,400,False
model,0.06,0.9,1.0,0.2,score_point,0.10354609929078014,0.9015000000000002,0.015,0.985,0.908881199538639,705,400,False
model,0.07,0.9,1.0,0.2,score_point,0.10354609929078014,0.9017500000000002,0.0175,0.9825,0.907621247113164,705,400,False
model,0.22,0.2,3.0,0.2,score_point,0.1049645390070922,0.34700000000000003,0.0525,0.9475,0.8886283704572099,705,400,False
model,0.48,0.2,1.5,0.2,score_point,0.1049645390070922,0.35275000000000006,0.1175,0.8825,0.8536880290205561,705,400,False
model,0.19,0.2,3.5,0.2,score_point,0.1049645390070922,0.35674999999999996,0.0475,0.9525,0.8912280701754386,705,400,False
model,0.49,0.2,1.5,0.2,score_point,0.1049645390070922,0.35925000000000007,0.1225,0.8775,0.850909090909091,705,400,False
model,0.11,0.3,3.5,0.2,score_point,0.1049645390070922,0.3719999999999999,0.0225,0.9775,0.9040462427745665,705,400,False
model,0.33,0.3,1.5,0.2,score_point,0.1049645390070922,0.39599999999999996,0.08,0.92,0.8741092636579573,705,400,False
model,0.34,0.3,1.5,0.2,score_point,0.1049645390070922,0.39599999999999996,0.08,0.92,0.8741092636579573,705,400,False
model,0.35,0.3,1.5,0.2,score_point,0.1049645390070922,0.4049999999999999,0.0875,0.9125,0.870083432657926,705,400,False
model,0.36,0.3,1.5,0.2,score_point,0.1049645390070922,0.4049999999999999,0.0875,0.9125,0.870083432657926,705,400,False
model,0.1,0.4,2.5,0.2,score_point,0.1049645390070922,0.44725000000000004,0.0225,0.9775,0.9040462427745665,705,400,False
model,0.24,0.4,1.5,0.2,score_point,0.1049645390070922,0.46325000000000005,0.0575,0.9425,0.8860164512338425,705,400,False
model,0.05,0.5,2.5,0.2,score_point,0.1049645390070922,0.525,0.0125,0.9875,0.9090909090909091,705,400,False
model,0.15,0.5,1.5,0.2,score_point,0.1049645390070922,0.535,0.035,0.965,0.8976744186046511,705,400,False
model,0.64,0.5,1.0,0.2,score_point,0.1049645390070922,0.59875,0.1975,0.8025,0.8075471698113207,705,400,False
model,0.65,0.5,1.0,0.2,score_point,0.1049645390070922,0.60375,0.2075,0.7925,0.8015170670037927,705,400,False
model,0.66,0.5,1.0,0.2,score_point,0.1049645390070922,0.6075,0.215,0.785,0.7969543147208122,705,400,False
model,0.67,0.5,1.0,0.2,score_point,0.1049645390070922,0.61125,0.2225,0.7775,0.7923566878980892,705,400,False
model,0.68,0.5,1.0,0.2,score_point,0.1049645390070922,0.6125,0.225,0.775,0.7908163265306122,705,400,False
model,0.02,0.6,3.5,0.2,score_point,0.1049645390070922,0.6144999999999999,0.005,0.995,0.9128440366972478,705,400,False
model,0.69,0.5,1.0,0.2,score_point,0.1049645390070922,0.61625,0.2325,0.7675,0.7861715749039694,705,400,False
model,0.8,0.4,1.0,0.2,score_point,0.1049645390070922,0.6400000000000001,0.4,0.6,0.6722689075630253,705,400,False
model,0.5,0.6,1.0,0.2,score_point,0.1049645390070922,0.6499999999999999,0.125,0.875,0.8495145631067961,705,400,False
model,0.81,0.4,1.0,0.2,score_point,0.1049645390070922,0.6535000000000001,0.4225,0.5775,0.6553191489361702,705,400,False
model,0.82,0.4,1.0,0.2,score_point,0.1049645390070922,0.6685000000000001,0.4475,0.5525,0.6359712230215827,705,400,False
model,0.83,0.4,1.0,0.2,score_point,0.1049645390070922,0.685,0.475,0.525,0.6140350877192983,705,400,False
model,0.84,0.4,1.0,0.2,score_point,0.1049645390070922,0.7000000000000002,0.5,0.5,0.5934718100890207,705,400,False
model,0.15,0.7,1.0,0.2,score_point,0.1049645390070922,0.7105000000000001,0.035,0.965,0.8976744186046511,705,400,False
model,0.16,0.7,1.0,0.2,score_point,0.1049645390070922,0.71125,0.0375,0.9625,0.8963911525029103,705,400,False
model,0.85,0.4,1.0,0.2,score_point,0.1049645390070922,0.7240000000000001,0.54,0.46,0.5592705167173252,705,400,False
model,0.86,0.4,1.0,0.2,score_point,0.1049645390070922,0.7435,0.5725,0.4275,0.5302325581395348,705,400,False
model,0.88,0.3,1.0,0.2,score_point,0.1049645390070922,0.7602500000000001,0.6575,0.3425,0.4484451718494272,705,400,False
model,0.87,0.4,1.0,0.2,score_point,0.1049645390070922,0.7675,0.6125,0.3875,0.49284578696343395,705,400,False
model,0.08,0.8,1.0,0.2,score_point,0.1049645390070922,0.8035,0.0175,0.9825,0.9065743944636678,705,400,False
model,0.09,0.8,1.0,0.2,score_point,0.1049645390070922,0.804,0.02,0.98,0.905311778290993,705,400,False
model,0.1,0.8,1.0,0.2,score_point,0.1049645390070922,0.8045,0.0225,0.9775,0.9040462427745665,705,400,False
model,0.11,0.8,1.0,0.2,score_point,0.1049645390070922,0.8045,0.0225,0.9775,0.9040462427745665,705,400,False
model,0.12,0.8,1.0,0.2,score_point,0.1049645390070922,0.8045,0.0225,0.9775,0.9040462427745665,705,400,False
model,0.02,0.9,1.0,0.2,score_point,0.1049645390070922,0.9005000000000001,0.005,0.995,0.9128440366972478,705,400,False
model,0.26,0.2,2.0,0.2,score_point,0.10638297872340426,0.30800000000000005,0.06,0.94,0.8836662749706228,705,400,True
model,0.27,0.2,2.0,0.2,score_point,0.10638297872340426,0.3125,0.0625,0.9375,0.8823529411764706,705,400,False
model,0.28,0.2,2.0,0.2,score_point,0.10638297872340426,0.317,0.065,0.935,0.8810365135453476,705,400,False
model,0.23,0.2,2.5,0.2,score_point,0.10638297872340426,0.32650000000000007,0.055,0.945,0.8862837045720984,705,400,False
model,0.2,0.2,3.0,0.2,score_point,0.10638297872340426,0.33299999999999996,0.0475,0.9525,0.8901869158878505,705,400,False
model,0.21,0.2,3.0,0.2,score_point,0.10638297872340426,0.33299999999999996,0.0475,0.9525,0.8901869158878505,705,400,False
model,0.45,0.2,1.5,0.2,score_point,0.10638297872340426,0.33975,0.1075,0.8925,0.8581730769230768,705,400,False
model,0.46,0.2,1.5,0.2,score_point,0.10638297872340426,0.34625000000000006,0.1125,0.8875,0.8554216867469879,705,400,False
model,0.47,0.2,1.5,0.2,score_point,0.10638297872340426,0.3495000000000001,0.115,0.885,0.8540410132689988,705,400,False
model,0.12,0.3,3.0,0.2,score_point,0.10638297872340426,0.3607499999999999,0.0225,0.9775,0.9030023094688221,705,400,False
model,0.17,0.3,2.0,0.2,score_point,0.10638297872340426,0.3637499999999999,0.0375,0.9625,0.8953488372093024,705,400,False
model,0.18,0.3,2.0,0.2,score_point,0.10638297872340426,0.3764999999999999,0.045,0.955,0.8914819136522755,705,400,False
model,0.08,0.4,3.0,0.2,score_point,0.10638297872340426,0.44550000000000006,0.0175,0.9825,0.9055299539170508,705,400,False
model,0.62,0.5,1.0,0.2,score_point,0.10638297872340426,0.59125,0.1825,0.8175,0.8154613466334165,705,400,False
model,0.63,0.5,1.0,0.2,score_point,0.10638297872340426,0.59125,0.1825,0.8175,0.8154613466334165,705,400,False
model,0.07,0.6,1.5,0.2,score_point,0.10638297872340426,0.6157499999999999,0.0175,0.9825,0.9055299539170508,705,400,False
model,0.79,0.4,1.0,0.2,score_point,0.10638297872340426,0.622,0.37,0.63,0.6932599724896836,705,400,False
model,0.45,0.6,1.0,0.2,score_point,0.10638297872340426,0.6429999999999998,0.1075,0.8925,0.8581730769230768,705,400,False
model,0.46,0.6,1.0,0.2,score_point,0.10638297872340426,0.6449999999999999,0.1125,0.8875,0.8554216867469879,705,400,False
model,0.47,0.6,1.0,0.2,score_point,0.10638297872340426,0.6459999999999999,0.115,0.885,0.8540410132689988,705,400,False
model,0.48,0.6,1.0,0.2,score_point,0.10638297872340426,0.6469999999999999,0.1175,0.8825,0.852657004830918,705,400,False
model,0.49,0.6,1.0,0.2,score_point,0.10638297872340426,0.6489999999999999,0.1225,0.8775,0.8498789346246973,705,400,False
model,0.89,0.2,1.0,0.2,score_point,0.10638297872340426,0.754,0.6925,0.3075,0.41137123745819393,705,400,False
model,0.06,0.8,1.0,0.2,score_point,0.10638297872340426,0.8030000000000002,0.015,0.985,0.906789413118527,705,400,False
model,0.07,0.8,1.0,0.2,score_point,0.10638297872340426,0.8035,0.0175,0.9825,0.9055299539170508,705,400,False
model,0.01,0.9,1.0,0.2,score_point,0.10638297872340426,0.9005000000000001,0.005,0.995,0.9117983963344788,705,400,False
model,0.11,0.3,3.0,0.2,score_point,0.10780141843971631,0.3607499999999999,0.0225,0.9775,0.9019607843137255,705,400,False
model,0.14,0.3,2.5,0.2,score_point,0.10780141843971631,0.36599999999999994,0.03,0.97,0.8981481481481481,705,400,False
model,0.1,0.3,3.5,0.2,score_point,0.10780141843971631,0.3719999999999999,0.0225,0.9775,0.9019607843137255,705,400,False
model,0.3,0.3,1.5,0.2,score_point,0.10780141843971631,0.38999999999999985,0.075,0.925,0.8747044917257684,705,400,False
model,0.31,0.3,1.5,0.2,score_point,0.10780141843971631,0.39299999999999996,0.0775,0.9225,0.8733727810650889,705,400,False
model,0.32,0.3,1.5,0.2,score_point,0.10780141843971631,0.39299999999999996,0.0775,0.9225,0.8733727810650889,705,400,False
model,0.09,0.4,2.5,0.2,score_point,0.10780141843971631,0.442,0.02,0.98,0.9032258064516129,705,400,False
model,0.14,0.4,2.0,0.2,score_point,0.10780141843971631,0.44799999999999995,0.03,0.97,0.8981481481481481,705,400,False
model,0.51,0.5,1.0,0.2,score_point,0.10780141843971631,0.56375,0.1275,0.8725,0.8460606060606061,705,400,False
model,0.52,0.5,1.0,0.2,score_point,0.10780141843971631,0.56375,0.1275,0.8725,0.8460606060606061,705,400,False
model,0.53,0.5,1.0,0.2,score_point,0.10780141843971631,0.56625,0.1325,0.8675,0.8432563791008506,705,400,False
model,0.54,0.5,1.0,0.2,score_point,0.10780141843971631,0.56875,0.1375,0.8625,0.8404384896467721,705,400,False
model,0.55,0.5,1.0,0.2,score_point,0.10780141843971631,0.56875,0.1375,0.8625,0.8404384896467721,705,400,False
model,0.56,0.5,1.0,0.2,score_point,0.10780141843971631,0.57,0.14,0.86,0.8390243902439023,705,400,False
model,0.57,0.5,1.0,0.2,score_point,0.10780141843971631,0.57375,0.1475,0.8525,0.8347613219094248,705,400,False
model,0.74,0.4,1.0,0.2,score_point,0.10780141843971631,0.5755,0.2925,0.7075,0.7457180500658761,705,400,False
model,0.58,0.5,1.0,0.2,score_point,0.10780141843971631,0.5775,0.155,0.845,0.8304668304668306,705,400,False
model,0.8,0.3,1.0,0.2,score_point,0.10780141843971631,0.58,0.4,0.6,0.6703910614525139,705,400,False
model,0.59,0.5,1.0,0.2,score_point,0.10780141843971631,0.5825,0.165,0.835,0.8246913580246914,705,400,False
model,0.75,0.4,1.0,0.2,score_point,0.10780141843971631,0.5830000000000001,0.305,0.695,0.7374005305039788,705,400,False
model,0.6,0.5,1.0,0.2,score_point,0.10780141843971631,0.5875,0.175,0.825,0.8188585607940446,705,400,False
model,0.61,0.5,1.0,0.2,score_point,0.10780141843971631,0.59,0.18,0.82,0.8159203980099502,705,400,False
model,0.81,0.3,1.0,0.2,score_point,0.10780141843971631,0.59575,0.4225,0.5775,0.6534653465346535,705,400,False
model,0.76,0.4,1.0,0.2,score_point,0.10780141843971631,0.5980000000000001,0.33,0.67,0.7204301075268817,705,400,False
model,0.77,0.4,1.0,0.2,score_point,0.10780141843971631,0.6040000000000001,0.34,0.66,0.7135135135135134,705,400,False
model,0.02,0.6,3.0,0.2,score_point,0.10780141843971631,0.6119999999999999,0.005,0.995,0.9107551487414187,705,400,False
model,0.78,0.4,1.0,0.2,score_point,0.10780141843971631,0.6130000000000001,0.355,0.645,0.7029972752043597,705,400,False
model,0.82,0.3,1.0,0.2,score_point,0.10780141843971631,0.61325,0.4475,0.5525,0.6341463414634146,705,400,False
model,0.83,0.3,1.0,0.2,score_point,0.10780141843971631,0.6324999999999998,0.475,0.525,0.6122448979591837,705,400,False
model,0.84,0.3,1.0,0.2,score_point,0.10780141843971631,0.65,0.5,0.5,0.5917159763313609,705,400,False
model,0.85,0.3,1.0,0.2,score_point,0.10780141843971631,0.6779999999999999,0.54,0.46,0.5575757575757575,705,400,False
model,0.86,0.3,1.0,0.2,score_point,0.10780141843971631,0.70075,0.5725,0.4275,0.5285935085007728,705,400,False
model,0.13,0.7,1.0,0.2,score_point,0.10780141843971631,0.70825,0.0275,0.9725,0.8994219653179192,705,400,False
model,0.14,0.7,1.0,0.2,score_point,0.10780141843971631,0.7090000000000001,0.03,0.97,0.8981481481481481,705,400,False
model,0.88,0.2,1.0,0.2,score_point,0.10780141843971631,0.726,0.6575,0.3425,0.4469820554649266,705,400,False
model,0.87,0.3,1.0,0.2,score_point,0.10780141843971631,0.72875,0.6125,0.3875,0.49128367670364503,705,400,False
model,0.04,0.8,1.0,0.2,score_point,0.10780141843971631,0.8019999999999999,0.01,0.99,0.9082568807339448,705,400,False
model,0.05,0.8,1.0,0.2,score_point,0.10780141843971631,0.8025,0.0125,0.9875,0.9070034443168772,705,400,False
model,0.25,0.2,2.0,0.2,score_point,0.10921985815602837,0.3035,0.0575,0.9425,0.882903981264637,705,400,True
model,0.41,0.2,1.5,0.2,score_point,0.10921985815602837,0.32350000000000007,0.095,0.905,0.8629320619785459,705,400,False
model,0.42,0.2,1.5,0.2,score_point,0.10921985815602837,0.32350000000000007,0.095,0.905,0.8629320619785459,705,400,False
model,0.43,0.2,1.5,0.2,score_point,0.10921985815602837,0.33000000000000007,0.1,0.9,0.860215053763441,705,400,False
model,0.44,0.2,1.5,0.2,score_point,0.10921985815602837,0.33000000000000007,0.1,0.9,0.860215053763441,705,400,False
model,0.19,0.2,3.0,0.2,score_point,0.10921985815602837,0.33299999999999996,0.0475,0.9525,0.8881118881118881,705,400,False
model,0.18,0.2,3.5,0.2,score_point,0.10921985815602837,0.34850000000000003,0.045,0.955,0.889406286379511,705,400,False
model,0.13,0.3,2.5,0.2,score_point,0.10921985815602837,0.3605,0.0275,0.9725,0.8983833718244804,705,400,False
model,0.16,0.3,2.0,0.2,score_point,0.10921985815602837,0.3637499999999999,0.0375,0.9625,0.8932714617169374,705,400,False
model,0.29,0.3,1.5,0.2,score_point,0.10921985815602837,0.3839999999999999,0.07,0.93,0.8763250883392226,705,400,False
model,0.13,0.4,2.0,0.2,score_point,0.10921985815602837,0.44400000000000006,0.0275,0.9725,0.8983833718244804,705,400,False
model,0.04,0.5,2.5,0.2,score_point,0.10921985815602837,0.52,0.01,0.99,0.9072164948453609,705,400,False
model,0.13,0.5,1.5,0.2,score_point,0.10921985815602837,0.5275,0.0275,0.9725,0.8983833718244804,705,400,False
model,0.14,0.5,1.5,0.2,score_point,0.10921985815602837,0.53,0.03,0.97,0.8971098265895954,705,400,False
model,0.79,0.3,1.0,0.2,score_point,0.10921985815602837,0.5589999999999999,0.37,0.63,0.691358024691358,705,400,False
model,0.72,0.4,1.0,0.2,score_point,0.10921985815602837,0.559,0.265,0.735,0.762645914396887,705,400,False
model,0.73,0.4,1.0,0.2,score_point,0.10921985815602837,0.5635000000000001,0.2725,0.7275,0.7578125,705,400,False
model,0.37,0.6,1.0,0.2,score_point,0.10921985815602837,0.6359999999999999,0.09,0.91,0.8656361474435196,705,400,False
model,0.38,0.6,1.0,0.2,score_point,0.10921985815602837,0.6359999999999999,0.09,0.91,0.8656361474435196,705,400,False
model,0.39,0.6,1.0,0.2,score_point,0.10921985815602837,0.6379999999999999,0.095,0.905,0.8629320619785459,705,400,False
model,0.4,0.6,1.0,0.2,score_point,0.10921985815602837,0.6379999999999999,0.095,0.905,0.8629320619785459,705,400,False
model,0.41,0.6,1.0,0.2,score_point,0.10921985815602837,0.6379999999999999,0.095,0.905,0.8629320619785459,705,400,False
model,0.42,0.6,1.0,0.2,score_point,0.10921985815602837,0.6379999999999999,0.095,0.905,0.8629320619785459,705,400,False
model,0.43,0.6,1.0,0.2,score_point,0.10921985815602837,0.6399999999999999,0.1,0.9,0.860215053763441,705,400,False
model,0.44,0.6,1.0,0.2,score_point,0.10921985815602837,0.6399999999999999,0.1,0.9,0.860215053763441,705,400,False
model,0.11,0.7,1.0,0.2,score_point,0.10921985815602837,0.70675,0.0225,0.9775,0.900921658986175,705,400,False
model,0.12,0.7,1.0,0.2,score_point,0.10921985815602837,0.70675,0.0225,0.9775,0.900921658986175,705,400,False
model,0.03,0.8,1.0,0.2,score_point,0.10921985815602837,0.8015000000000001,0.0075,0.9925,0.908466819221968,705,400,False
model,0.24,0.2,2.0,0.2,score_point,0.11063829787234042,0.3035,0.0575,0.9425,0.8818713450292398,705,400,False
model,0.22,0.2,2.5,0.2,score_point,0.11063829787234042,0.32075000000000004,0.0525,0.9475,0.8844807467911319,705,400,False
model,0.4,0.2,1.5,0.2,score_point,0.11063829787234042,0.32350000000000007,0.095,0.905,0.861904761904762,705,400,False
model,0.17,0.2,3.5,0.2,score_point,0.11063829787234042,0.32375,0.0375,0.9625,0.8922363847045192,705,400,False
model,0.1,0.3,3.0,0.2,score_point,0.11063829787234042,0.3607499999999999,0.0225,0.9775,0.899884925201381,705,400,False
model,0.26,0.3,1.5,0.2,score_point,0.11063829787234042,0.3719999999999999,0.06,0.94,0.8805620608899297,705,400,False
model,0.27,0.3,1.5,0.2,score_point,0.11063829787234042,0.37499999999999994,0.0625,0.9375,0.8792497069167644,705,400,False
model,0.28,0.3,1.5,0.2,score_point,0.11063829787234042,0.37799999999999995,0.065,0.935,0.8779342723004695,705,400,False
model,0.07,0.4,3.5,0.2,score_point,0.11063829787234042,0.45425000000000004,0.0175,0.9825,0.902411021814007,705,400,False
model,0.23,0.4,1.5,0.2,score_point,0.11063829787234042,0.4605,0.055,0.945,0.883177570093458,705,400,False
model,0.06,0.5,2.0,0.2,score_point,0.11063829787234042,0.5225,0.015,0.985,0.9036697247706421,705,400,False
model,0.11,0.5,1.5,0.2,score_point,0.11063829787234042,0.5225,0.0225,0.9775,0.899884925201381,705,400,False
model,0.12,0.5,1.5,0.2,score_point,0.11063829787234042,0.5225,0.0225,0.9775,0.899884925201381,705,400,False
model,0.76,0.3,1.0,0.2,score_point,0.11063829787234042,0.5309999999999999,0.33,0.67,0.7184986595174263,705,400,False
model,0.77,0.3,1.0,0.2,score_point,0.11063829787234042,0.5379999999999999,0.34,0.66,0.711590296495957,705,400,False
model,0.78,0.3,1.0,0.2,score_point,0.11063829787234042,0.5485,0.355,0.645,0.7010869565217392,705,400,False
model,0.7,0.4,1.0,0.2,score_point,0.11063829787234042,0.55,0.25,0.75,0.7712082262210798,705,400,False
model,0.71,0.4,1.0,0.2,score_point,0.11063829787234042,0.5545,0.2575,0.7425,0.7664516129032258,705,400,False
model,0.5,0.5,1.0,0.2,score_point,0.11063829787234042,0.5625,0.125,0.875,0.8454106280193237,705,400,False
model,0.3,0.6,1.0,0.2,score_point,0.11063829787234042,0.6299999999999999,0.075,0.925,0.8726415094339623,705,400,False
model,0.31,0.6,1.0,0.2,score_point,0.11063829787234042,0.6309999999999998,0.0775,0.9225,0.8713105076741441,705,400,False
model,0.32,0.6,1.0,0.2,score_point,0.11063829787234042,0.6309999999999998,0.0775,0.9225,0.8713105076741441,705,400,False
model,0.33,0.6,1.0,0.2,score_point,0.11063829787234042,0.6319999999999998,0.08,0.92,0.8699763593380615,705,400,False
model,0.34,0.6,1.0,0.2,score_point,0.11063829787234042,0.6319999999999998,0.08,0.92,0.8699763593380615,705,400,False
model,0.35,0.6,1.0,0.2,score_point,0.11063829787234042,0.6349999999999999,0.0875,0.9125,0.8659549228944246,705,400,False
model,0.36,0.6,1.0,0.2,score_point,0.11063829787234042,0.6349999999999999,0.0875,0.9125,0.8659549228944246,705,400,False
model,0.86,0.2,1.0,0.2,score_point,0.11063829787234042,0.6579999999999999,0.5725,0.4275,0.526964560862866,705,400,False
model,0.87,0.2,1.0,0.2,score_point,0.11063829787234042,0.69,0.6125,0.3875,0.48973143759873616,705,400,False
model,0.08,0.7,1.0,0.2,score_point,0.11063829787234042,0.70525,0.0175,0.9825,0.902411021814007,705,400,False
model,0.09,0.7,1.0,0.2,score_point,0.11063829787234042,0.706,0.02,0.98,0.9011494252873564,705,400,False
model,0.1,0.7,1.0,0.2,score_point,0.11063829787234042,0.70675,0.0225,0.9775,0.899884925201381,705,400,False
model,0.2,0.2,2.5,0.2,score_point,0.11205673758865248,0.30925,0.0475,0.9525,0.8860465116279069,705,400,False
model,0.21,0.2,2.5,0.2,score_point,0.11205673758865248,0.30925,0.0475,0.9525,0.8860465116279069,705,400,False
model,0.38,0.2,1.5,0.2,score_point,0.11205673758865248,0.31700000000000006,0.09,0.91,0.8635824436536181,705,400,False
model,0.39,0.2,1.5,0.2,score_point,0.11205673758865248,0.32350000000000007,0.095,0.905,0.8608799048751486,705,400,False
model,0.18,0.2,3.0,0.2,score_point,0.11205673758865248,0.326,0.045,0.955,0.8873403019744482,705,400,False
model,0.12,0.3,2.5,0.2,score_point,0.11205673758865248,0.34949999999999987,0.0225,0.9775,0.8988505747126437,705,400,False
model,0.09,0.3,3.5,0.2,score_point,0.11205673758865248,0.36399999999999993,0.02,0.98,0.9001148105625717,705,400,False
model,0.25,0.3,1.5,0.2,score_point,0.11205673758865248,0.36899999999999994,0.0575,0.9425,0.8808411214953271,705,400,False
model,0.11,0.4,2.0,0.2,score_point,0.11205673758865248,0.436,0.0225,0.9775,0.8988505747126437,705,400,False
model,0.12,0.4,2.0,0.2,score_point,0.11205673758865248,0.436,0.0225,0.9775,0.8988505747126437,705,400,False
model,0.08,0.4,2.5,0.2,score_point,0.11205673758865248,0.43675,0.0175,0.9825,0.9013761467889909,705,400,False
model,0.74,0.3,1.0,0.2,score_point,0.11205673758865248,0.5047499999999999,0.2925,0.7075,0.7427821522309712,705,400,False
model,0.75,0.3,1.0,0.2,score_point,0.11205673758865248,0.5135,0.305,0.695,0.7344782034346103,705,400,False
model,0.64,0.4,1.0,0.2,score_point,0.11205673758865248,0.5185000000000001,0.1975,0.8025,0.8025,705,400,False
model,0.09,0.5,1.5,0.2,score_point,0.11205673758865248,0.52,0.02,0.98,0.9001148105625717,705,400,False
model,0.8,0.2,1.0,0.2,score_point,0.11205673758865248,0.52,0.4,0.6,0.6675938803894298,705,400,False
model,0.1,0.5,1.5,0.2,score_point,0.11205673758865248,0.5225,0.0225,0.9775,0.8988505747126437,705,400,False
model,0.65,0.4,1.0,0.2,score_point,0.11205673758865248,0.5245000000000001,0.2075,0.7925,0.7964824120603013,705,400,False
model,0.66,0.4,1.0,0.2,score_point,0.11205673758865248,0.529,0.215,0.785,0.7919293820933165,705,400,False
model,0.67,0.4,1.0,0.2,score_point,0.11205673758865248,0.5335000000000001,0.2225,0.7775,0.7873417721518986,705,400,False
model,0.68,0.4,1.0,0.2,score_point,0.11205673758865248,0.535,0.225,0.775,0.7858048162230671,705,400,False
model,0.81,0.2,1.0,0.2,score_point,0.11205673758865248,0.538,0.4225,0.5775,0.6507042253521126,705,400,False
model,0.69,0.4,1.0,0.2,score_point,0.11205673758865248,0.5395000000000001,0.2325,0.7675,0.7811704834605598,705,400,False
model,0.45,0.5,1.0,0.2,score_point,0.11205673758865248,0.55375,0.1075,0.8925,0.8540669856459331,705,400,False
model,0.46,0.5,1.0,0.2,score_point,0.11205673758865248,0.55625,0.1125,0.8875,0.8513189448441246,705,400,False
model,0.47,0.5,1.0,0.2,score_point,0.11205673758865248,0.5575,0.115,0.885,0.8499399759903963,705,400,False
model,0.82,0.2,1.0,0.2,score_point,0.11205673758865248,0.558,0.4475,0.5525,0.6314285714285716,705,400,False
model,0.48,0.5,1.0,0.2,score_point,0.11205673758865248,0.55875,0.1175,0.8825,0.8485576923076923,705,400,False
model,0.49,0.5,1.0,0.2,score_point,0.11205673758865248,0.56125,0.1225,0.8775,0.8457831325301205,705,400,False
model,0.83,0.2,1.0,0.2,score_point,0.11205673758865248,0.58,0.475,0.525,0.6095791001451379,705,400,False
model,0.84,0.2,1.0,0.2,score_point,0.11205673758865248,0.6000000000000001,0.5,0.5,0.589101620029455,705,400,False
model,0.26,0.6,1.0,0.2,score_point,0.11205673758865248,0.6239999999999999,0.06,0.94,0.8795321637426899,705,400,False
model,0.27,0.6,1.0,0.2,score_point,0.11205673758865248,0.6249999999999999,0.0625,0.9375,0.8782201405152225,705,400,False
model,0.28,0.6,1.0,0.2,score_point,0.11205673758865248,0.6259999999999999,0.065,0.935,0.876905041031653,705,400,False
model,0.29,0.6,1.0,0.2,score_point,0.11205673758865248,0.6279999999999998,0.07,0.93,0.8742655699177438,705,400,False
model,0.85,0.2,1.0,0.2,score_point,0.11205673758865248,0.632,0.54,0.46,0.555052790346908,705,400,False
model,0.02,0.8,1.0,0.2,score_point,0.11205673758865248,0.8009999999999999,0.005,0.995,0.9076396807297605,705,400,False
model,0.0,0.9,1.0,0.2,score_point,0.11205673758865248,0.9000000000000002,0.0,1.0,0.9101251422070534,705,400,False
model,0.0,0.9,1.5,0.2,score_point,0.11205673758865248,0.9000000000000002,0.0,1.0,0.9101251422070534,705,400,False
model,0.0,0.9,2.0,0.2,score_point,0.11205673758865248,0.9000000000000002,0.0,1.0,0.9101251422070534,705,400,False
model,0.0,0.9,2.5,0.2,score_point,0.11205673758865248,0.9000000000000002,0.0,1.0,0.9101251422070534,705,400,False
model,0.0,0.9,3.0,0.2,score_point,0.11205673758865248,0.9000000000000002,0.0,1.0,0.9101251422070534,705,400,False
model,0.0,0.9,3.5,0.2,score_point,0.11205673758865248,0.9000000000000002,0.0,1.0,0.9101251422070534,705,400,False
model,0.17,0.2,3.0,0.2,score_point,0.11347517730496454,0.30500000000000005,0.0375,0.9625,0.8901734104046244,705,400,False
model,0.37,0.2,1.5,0.2,score_point,0.11347517730496454,0.31700000000000006,0.09,0.91,0.862559241706161,705,400,False
model,0.11,0.3,2.5,0.2,score_point,0.11347517730496454,0.34949999999999987,0.0225,0.9775,0.8978185993111367,705,400,False
model,0.15,0.3,2.0,0.2,score_point,0.11347517730496454,0.35949999999999993,0.035,0.965,0.8914549653579676,705,400,False
model,0.24,0.3,1.5,0.2,score_point,0.11347517730496454,0.36899999999999994,0.0575,0.9425,0.8798133022170362,705,400,False
model,0.07,0.4,3.0,0.2,score_point,0.11347517730496454,0.44550000000000006,0.0175,0.9825,0.9003436426116839,705,400,False
model,0.2,0.4,1.5,0.2,score_point,0.11347517730496454,0.45225000000000004,0.0475,0.9525,0.8850174216027874,705,400,False
model,0.21,0.4,1.5,0.2,score_point,0.11347517730496454,0.45225000000000004,0.0475,0.9525,0.8850174216027874,705,400,False
model,0.22,0.4,1.5,0.2,score_point,0.11347517730496454,0.45775000000000005,0.0525,0.9475,0.8824214202561117,705,400,False
model,0.72,0.3,1.0,0.2,score_point,0.11347517730496454,0.4855,0.265,0.735,0.7596899224806202,705,400,False
model,0.73,0.3,1.0,0.2,score_point,0.11347517730496454,0.49074999999999996,0.2725,0.7275,0.7548638132295721,705,400,False
model,0.62,0.4,1.0,0.2,score_point,0.11347517730496454,0.5095000000000001,0.1825,0.8175,0.8104089219330856,705,400,False
model,0.63,0.4,1.0,0.2,score_point,0.11347517730496454,0.5095000000000001,0.1825,0.8175,0.8104089219330856,705,400,False
model,0.08,0.5,1.5,0.2,score_point,0.11347517730496454,0.5175,0.0175,0.9825,0.9003436426116839,705,400,False
model,0.02,0.6,2.5,0.2,score_point,0.11347517730496454,0.6094999999999999,0.005,0.995,0.9066059225512528,705,400,False
model,0.03,0.6,2.0,0.2,score_point,0.11347517730496454,0.6104999999999998,0.0075,0.9925,0.9053591790193843,705,400,False
model,0.06,0.6,1.5,0.2,score_point,0.11347517730496454,0.6134999999999998,0.015,0.985,0.9016018306636155,705,400,False
model,0.24,0.6,1.0,0.2,score_point,0.11347517730496454,0.6229999999999998,0.0575,0.9425,0.8798133022170362,705,400,False
model,0.25,0.6,1.0,0.2,score_point,0.11347517730496454,0.6229999999999998,0.0575,0.9425,0.8798133022170362,705,400,False
model,0.01,0.7,1.5,0.2,score_point,0.11347517730496454,0.7040000000000001,0.005,0.995,0.9066059225512528,705,400,False
model,0.07,0.7,1.0,0.2,score_point,0.11347517730496454,0.70525,0.0175,0.9825,0.9003436426116839,705,400,False
model,0.01,0.8,1.0,0.2,score_point,0.11347517730496454,0.8009999999999999,0.005,0.995,0.9066059225512528,705,400,False
model,0.19,0.2,2.5,0.2,score_point,0.1148936170212766,0.30925,0.0475,0.9525,0.8839907192575407,705,400,False
model,0.16,0.2,3.5,0.2,score_point,0.1148936170212766,0.32375,0.0375,0.9625,0.8891454965357968,705,400,False
model,0.09,0.3,3.0,0.2,score_point,0.1148936170212766,0.3539999999999999,0.02,0.98,0.8980526918671248,705,400,False
model,0.1,0.4,2.0,0.2,score_point,0.1148936170212766,0.436,0.0225,0.9775,0.8967889908256882,705,400,False
model,0.19,0.4,1.5,0.2,score_point,0.1148936170212766,0.45225000000000004,0.0475,0.9525,0.8839907192575407,705,400,False
model,0.7,0.3,1.0,0.2,score_point,0.1148936170212766,0.475,0.25,0.75,0.768245838668374,705,400,False
model,0.71,0.3,1.0,0.2,score_point,0.1148936170212766,0.4802499999999999,0.2575,0.7425,0.7634961439588689,705,400,False
model,0.58,0.4,1.0,0.2,score_point,0.1148936170212766,0.4930000000000001,0.155,0.845,0.8253968253968254,705,400,False
model,0.79,0.2,1.0,0.2,score_point,0.1148936170212766,0.4960000000000001,0.37,0.63,0.6875852660300136,705,400,False
model,0.59,0.4,1.0,0.2,score_point,0.1148936170212766,0.49900000000000005,0.165,0.835,0.8196319018404908,705,400,False
model,0.6,0.4,1.0,0.2,score_point,0.1148936170212766,0.5050000000000001,0.175,0.825,0.8138101109741062,705,400,False
model,0.61,0.4,1.0,0.2,score_point,0.1148936170212766,0.508,0.18,0.82,0.8108776266996292,705,400,False
model,0.05,0.5,2.0,0.2,score_point,0.1148936170212766,0.51875,0.0125,0.9875,0.9018264840182649,705,400,False
model,0.37,0.5,1.0,0.2,score_point,0.1148936170212766,0.545,0.09,0.91,0.8615384615384616,705,400,False
model,0.38,0.5,1.0,0.2,score_point,0.1148936170212766,0.545,0.09,0.91,0.8615384615384616,705,400,False
model,0.39,0.5,1.0,0.2,score_point,0.1148936170212766,0.5475,0.095,0.905,0.8588374851720048,705,400,False
model,0.4,0.5,1.0,0.2,score_point,0.1148936170212766,0.5475,0.095,0.905,0.8588374851720048,705,400,False
model,0.41,0.5,1.0,0.2,score_point,0.1148936170212766,0.5475,0.095,0.905,0.8588374851720048,705,400,False
model,0.42,0.5,1.0,0.2,score_point,0.1148936170212766,0.5475,0.095,0.905,0.8588374851720048,705,400,False
model,0.43,0.5,1.0,0.2,score_point,0.1148936170212766,0.55,0.1,0.9,0.8561236623067777,705,400,False
model,0.44,0.5,1.0,0.2,score_point,0.1148936170212766,0.55,0.1,0.9,0.8561236623067777,705,400,False
model,0.23,0.6,1.0,0.2,score_point,0.1148936170212766,0.6219999999999999,0.055,0.945,0.8800931315483119,705,400,False
model,0.23,0.2,2.0,0.2,score_point,0.11631205673758865,0.29900000000000004,0.055,0.945,0.8790697674418605,705,400,True
model,0.36,0.2,1.5,0.2,score_point,0.11631205673758865,0.3137500000000001,0.0875,0.9125,0.8618654073199528,705,400,False
model,0.1,0.3,2.5,0.2,score_point,0.11631205673758865,0.34949999999999987,0.0225,0.9775,0.8957617411225658,705,400,False
model,0.08,0.3,3.5,0.2,score_point,0.11631205673758865,0.3559999999999999,0.0175,0.9825,0.8982857142857142,705,400,False
model,0.65,0.3,1.0,0.2,score_point,0.11631205673758865,0.4452499999999999,0.2075,0.7925,0.7934918648310388,705,400,False
model,0.66,0.3,1.0,0.2,score_point,0.11631205673758865,0.45049999999999996,0.215,0.785,0.7889447236180904,705,400,False
model,0.67,0.3,1.0,0.2,score_point,0.11631205673758865,0.45574999999999993,0.2225,0.7775,0.7843631778058009,705,400,False
model,0.68,0.3,1.0,0.2,score_point,0.11631205673758865,0.4574999999999999,0.225,0.775,0.782828282828283,705,400,False
model,0.69,0.3,1.0,0.2,score_point,0.11631205673758865,0.46274999999999994,0.2325,0.7675,0.7782002534854247,705,400,False
model,0.76,0.2,1.0,0.2,score_point,0.11631205673758865,0.4640000000000001,0.33,0.67,0.7146666666666666,705,400,False
model,0.77,0.2,1.0,0.2,score_point,0.11631205673758865,0.4720000000000001,0.34,0.66,0.7077747989276139,705,400,False
model,0.55,0.4,1.0,0.2,score_point,0.11631205673758865,0.4825000000000001,0.1375,0.8625,0.8343409915356711,705,400,False
model,0.56,0.4,1.0,0.2,score_point,0.11631205673758865,0.48400000000000004,0.14,0.86,0.8329297820823245,705,400,False
model,0.78,0.2,1.0,0.2,score_point,0.11631205673758865,0.48400000000000004,0.355,0.645,0.6972972972972973,705,400,False
model,0.57,0.4,1.0,0.2,score_point,0.11631205673758865,0.4885000000000001,0.1475,0.8525,0.8286755771567438,705,400,False
model,0.03,0.5,3.5,0.2,score_point,0.11631205673758865,0.5225,0.0075,0.9925,0.9032992036405005,705,400,False
model,0.17,0.6,1.0,0.2,score_point,0.11631205673758865,0.6149999999999999,0.0375,0.9625,0.8881199538638985,705,400,False
model,0.18,0.6,1.0,0.2,score_point,0.11631205673758865,0.6179999999999999,0.045,0.955,0.8842592592592593,705,400,False
model,0.19,0.6,1.0,0.2,score_point,0.11631205673758865,0.6189999999999999,0.0475,0.9525,0.8829663962920046,705,400,False
model,0.2,0.6,1.0,0.2,score_point,0.11631205673758865,0.6189999999999999,0.0475,0.9525,0.8829663962920046,705,400,False
model,0.21,0.6,1.0,0.2,score_point,0.11631205673758865,0.6189999999999999,0.0475,0.9525,0.8829663962920046,705,400,False
model,0.22,0.6,1.0,0.2,score_point,0.11631205673758865,0.621,0.0525,0.9475,0.8803716608594658,705,400,False
model,0.06,0.7,1.0,0.2,score_point,0.11631205673758865,0.7044999999999999,0.015,0.985,0.8995433789954337,705,400,False
model,0.18,0.2,2.5,0.2,score_point,0.11773049645390071,0.30350000000000005,0.045,0.955,0.8832369942196532,705,400,False
model,0.33,0.2,1.5,0.2,score_point,0.11773049645390071,0.30400000000000005,0.08,0.92,0.864864864864865,705,400,False
model,0.34,0.2,1.5,0.2,score_point,0.11773049645390071,0.30400000000000005,0.08,0.92,0.864864864864865,705,400,False
model,0.16,0.2,3.0,0.2,score_point,0.11773049645390071,0.30500000000000005,0.0375,0.9625,0.8870967741935484,705,400,False
model,0.35,0.2,1.5,0.2,score_point,0.11773049645390071,0.3137500000000001,0.0875,0.9125,0.8608490566037736,705,400,False
model,0.14,0.3,2.0,0.2,score_point,0.11773049645390071,0.3509999999999999,0.03,0.97,0.8909299655568312,705,400,False
model,0.09,0.4,2.0,0.2,score_point,0.11773049645390071,0.43200000000000005,0.02,0.98,0.8959999999999999,705,400,False
model,0.74,0.2,1.0,0.2,score_point,0.11773049645390071,0.43400000000000005,0.2925,0.7075,0.7389033942558747,705,400,False
model,0.64,0.3,1.0,0.2,score_point,0.11773049645390071,0.43824999999999986,0.1975,0.8025,0.7985074626865672,705,400,False
model,0.17,0.4,1.5,0.2,score_point,0.11773049645390071,0.44125,0.0375,0.9625,0.8870967741935484,705,400,False
model,0.75,0.2,1.0,0.2,score_point,0.11773049645390071,0.44400000000000006,0.305,0.695,0.7306176084099867,705,400,False
model,0.18,0.4,1.5,0.2,score_point,0.11773049645390071,0.4495,0.045,0.955,0.8832369942196532,705,400,False
model,0.51,0.4,1.0,0.2,score_point,0.11773049645390071,0.47650000000000003,0.1275,0.8725,0.8389423076923078,705,400,False
model,0.52,0.4,1.0,0.2,score_point,0.11773049645390071,0.47650000000000003,0.1275,0.8725,0.8389423076923078,705,400,False
model,0.53,0.4,1.0,0.2,score_point,0.11773049645390071,0.47950000000000004,0.1325,0.8675,0.8361445783132532,705,400,False
model,0.54,0.4,1.0,0.2,score_point,0.11773049645390071,0.4825000000000001,0.1375,0.8625,0.8333333333333334,705,400,False
model,0.3,0.5,1.0,0.2,score_point,0.11773049645390071,0.5375,0.075,0.925,0.8675263774912075,705,400,False
model,0.31,0.5,1.0,0.2,score_point,0.11773049645390071,0.53875,0.0775,0.9225,0.8661971830985915,705,400,False
model,0.32,0.5,1.0,0.2,score_point,0.11773049645390071,0.53875,0.0775,0.9225,0.8661971830985915,705,400,False
model,0.33,0.5,1.0,0.2,score_point,0.11773049645390071,0.54,0.08,0.92,0.864864864864865,705,400,False
model,0.34,0.5,1.0,0.2,score_point,0.11773049645390071,0.54,0.08,0.92,0.864864864864865,705,400,False
model,0.35,0.5,1.0,0.2,score_point,0.11773049645390071,0.54375,0.0875,0.9125,0.8608490566037736,705,400,False
model,0.36,0.5,1.0,0.2,score_point,0.11773049645390071,0.54375,0.0875,0.9125,0.8608490566037736,705,400,False
model,0.05,0.6,1.5,0.2,score_point,0.11773049645390071,0.6112499999999998,0.0125,0.9875,0.8997722095671982,705,400,False
model,0.17,0.2,2.5,0.2,score_point,0.11914893617021277,0.28625000000000006,0.0375,0.9625,0.8860759493670887,705,400,True
model,0.15,0.2,3.5,0.2,score_point,0.11914893617021277,0.3155,0.035,0.965,0.8873563218390805,705,400,False
model,0.13,0.3,2.0,0.2,score_point,0.11914893617021277,0.34674999999999995,0.0275,0.9725,0.8911798396334479,705,400,False
model,0.08,0.3,3.0,0.2,score_point,0.11914893617021277,0.34724999999999995,0.0175,0.9825,0.8962371721778792,705,400,False
model,0.23,0.3,1.5,0.2,score_point,0.11914893617021277,0.36599999999999994,0.055,0.945,0.877030162412993,705,400,False
model,0.62,0.3,1.0,0.2,score_point,0.11914893617021277,0.4277499999999999,0.1825,0.8175,0.8064118372379778,705,400,False
model,0.63,0.3,1.0,0.2,score_point,0.11914893617021277,0.4277499999999999,0.1825,0.8175,0.8064118372379778,705,400,False
model,0.07,0.4,2.5,0.2,score_point,0.11914893617021277,0.43675,0.0175,0.9825,0.8962371721778792,705,400,False
model,0.04,0.5,2.0,0.2,score_point,0.11914893617021277,0.515,0.01,0.99,0.9,705,400,False
model,0.07,0.5,1.5,0.2,score_point,0.11914893617021277,0.5175,0.0175,0.9825,0.8962371721778792,705,400,False
model,0.03,0.5,3.0,0.2,score_point,0.11914893617021277,0.51875,0.0075,0.9925,0.9012485811577753,705,400,False
model,0.29,0.5,1.0,0.2,score_point,0.11914893617021277,0.535,0.07,0.93,0.869158878504673,705,400,False
model,0.16,0.6,1.0,0.2,score_point,0.11914893617021277,0.6149999999999999,0.0375,0.9625,0.8860759493670887,705,400,False
model,0.05,0.7,1.0,0.2,score_point,0.11914893617021277,0.70375,0.0125,0.9875,0.8987485779294654,705,400,False
model,0.22,0.2,2.0,0.2,score_point,0.12056737588652482,0.29450000000000004,0.0525,0.9475,0.8773148148148149,705,400,False
model,0.3,0.2,1.5,0.2,score_point,0.12056737588652482,0.2975000000000001,0.075,0.925,0.8654970760233918,705,400,False
model,0.31,0.2,1.5,0.2,score_point,0.12056737588652482,0.3007500000000001,0.0775,0.9225,0.8641686182669789,705,400,False
model,0.32,0.2,1.5,0.2,score_point,0.12056737588652482,0.3007500000000001,0.0775,0.9225,0.8641686182669789,705,400,False
model,0.09,0.3,2.5,0.2,score_point,0.12056737588652482,0.3439999999999999,0.02,0.98,0.8939566704675027,705,400,False
model,0.58,0.3,1.0,0.2,score_point,0.12056737588652482,0.4084999999999999,0.155,0.845,0.8213851761846902,705,400,False
model,0.59,0.3,1.0,0.2,score_point,0.12056737588652482,0.4155,0.165,0.835,0.8156288156288157,705,400,False
model,0.6,0.3,1.0,0.2,score_point,0.12056737588652482,0.42249999999999993,0.175,0.825,0.8098159509202455,705,400,False
model,0.61,0.3,1.0,0.2,score_point,0.12056737588652482,0.42599999999999993,0.18,0.82,0.8068880688806888,705,400,False
model,0.16,0.4,1.5,0.2,score_point,0.12056737588652482,0.44125,0.0375,0.9625,0.8850574712643678,705,400,False
model,0.06,0.4,3.5,0.2,score_point,0.12056737588652482,0.44650000000000006,0.015,0.985,0.8964732650739476,705,400,False
model,0.5,0.4,1.0,0.2,score_point,0.12056737588652482,0.4750000000000001,0.125,0.875,0.8383233532934132,705,400,False
model,0.26,0.5,1.0,0.2,score_point,0.12056737588652482,0.53,0.06,0.94,0.8734030197444831,705,400,False
model,0.27,0.5,1.0,0.2,score_point,0.12056737588652482,0.53125,0.0625,0.9375,0.872093023255814,705,400,False
model,0.28,0.5,1.0,0.2,score_point,0.12056737588652482,0.5325,0.065,0.935,0.8707799767171129,705,400,False
model,0.04,0.6,1.5,0.2,score_point,0.12056737588652482,0.6089999999999999,0.01,0.99,0.898978433598184,705,400,False
model,0.15,0.6,1.0,0.2,score_point,0.12056737588652482,0.6139999999999999,0.035,0.965,0.886337543053961,705,400,False
model,0.04,0.7,1.0,0.2,score_point,0.12056737588652482,0.7030000000000001,0.01,0.99,0.898978433598184,705,400,False
model,0.2,0.2,2.0,0.2,score_point,0.12198581560283688,0.28550000000000003,0.0475,0.9525,0.8788927335640139,705,400,False
model,0.21,0.2,2.0,0.2,score_point,0.12198581560283688,0.28550000000000003,0.0475,0.9525,0.8788927335640139,705,400,True
model,0.29,0.2,1.5,0.2,score_point,0.12198581560283688,0.29100000000000004,0.07,0.93,0.8671328671328672,705,400,False
model,0.15,0.2,3.0,0.2,score_point,0.12198581560283688,0.29800000000000004,0.035,0.965,0.8853211009174311,705,400,False
model,0.12,0.3,2.0,0.2,score_point,0.12198581560283688,0.3382499999999999,0.0225,0.9775,0.8916761687571265,705,400,False
model,0.2,0.3,1.5,0.2,score_point,0.12198581560283688,0.357,0.0475,0.9525,0.8788927335640139,705,400,False
model,0.21,0.3,1.5,0.2,score_point,0.12198581560283688,0.357,0.0475,0.9525,0.8788927335640139,705,400,False
model,0.22,0.3,1.5,0.2,score_point,0.12198581560283688,0.363,0.0525,0.9475,0.876300578034682,705,400,False
model,0.55,0.3,1.0,0.2,score_point,0.12198581560283688,0.3962499999999999,0.1375,0.8625,0.8303249097472926,705,400,False
model,0.56,0.3,1.0,0.2,score_point,0.12198581560283688,0.39799999999999996,0.14,0.86,0.8289156626506025,705,400,False
model,0.57,0.3,1.0,0.2,score_point,0.12198581560283688,0.4032499999999999,0.1475,0.8525,0.8246674727932286,705,400,False
model,0.72,0.2,1.0,0.2,score_point,0.12198581560283688,0.41200000000000003,0.265,0.735,0.7538461538461538,705,400,False
model,0.73,0.2,1.0,0.2,score_point,0.12198581560283688,0.41800000000000004,0.2725,0.7275,0.749034749034749,705,400,False
model,0.08,0.4,2.0,0.2,score_point,0.12198581560283688,0.42800000000000005,0.0175,0.9825,0.8941979522184301,705,400,False
model,0.45,0.4,1.0,0.2,score_point,0.12198581560283688,0.4645,0.1075,0.8925,0.8469750889679716,705,400,False
model,0.46,0.4,1.0,0.2,score_point,0.12198581560283688,0.4675000000000001,0.1125,0.8875,0.8442330558858501,705,400,False
model,0.47,0.4,1.0,0.2,score_point,0.12198581560283688,0.4690000000000001,0.115,0.885,0.842857142857143,705,400,False
model,0.48,0.4,1.0,0.2,score_point,0.12198581560283688,0.47050000000000014,0.1175,0.8825,0.8414779499404054,705,400,False
model,0.49,0.4,1.0,0.2,score_point,0.12198581560283688,0.4735000000000001,0.1225,0.8775,0.8387096774193548,705,400,False
model,0.24,0.5,1.0,0.2,score_point,0.12198581560283688,0.52875,0.0575,0.9425,0.8736964078794902,705,400,False
model,0.25,0.5,1.0,0.2,score_point,0.12198581560283688,0.52875,0.0575,0.9425,0.8736964078794902,705,400,False
model,0.02,0.6,2.0,0.2,score_point,0.12198581560283688,0.6069999999999999,0.005,0.995,0.9004524886877828,705,400,False
model,0.01,0.6,3.0,0.2,score_point,0.12198581560283688,0.6119999999999999,0.005,0.995,0.9004524886877828,705,400,False
model,0.01,0.6,3.5,0.2,score_point,0.12198581560283688,0.6144999999999999,0.005,0.995,0.9004524886877828,705,400,False
model,0.16,0.2,2.5,0.2,score_point,0.12340425531914893,0.28625000000000006,0.0375,0.9625,0.8830275229357798,705,400,False
model,0.14,0.2,3.5,0.2,score_point,0.12340425531914893,0.29900000000000004,0.03,0.97,0.8868571428571429,705,400,False
model,0.11,0.3,2.0,0.2,score_point,0.12340425531914893,0.3382499999999999,0.0225,0.9775,0.8906605922551253,705,400,False
model,0.07,0.3,3.5,0.2,score_point,0.12340425531914893,0.3559999999999999,0.0175,0.9825,0.8931818181818183,705,400,False
model,0.19,0.3,1.5,0.2,score_point,0.12340425531914893,0.357,0.0475,0.9525,0.8778801843317973,705,400,False
model,0.51,0.3,1.0,0.2,score_point,0.12340425531914893,0.38925,0.1275,0.8725,0.8349282296650717,705,400,False
model,0.52,0.3,1.0,0.2,score_point,0.12340425531914893,0.38925,0.1275,0.8725,0.8349282296650717,705,400,False
model,0.53,0.3,1.0,0.2,score_point,0.12340425531914893,0.39274999999999993,0.1325,0.8675,0.8321342925659473,705,400,False
model,0.54,0.3,1.0,0.2,score_point,0.12340425531914893,0.3962499999999999,0.1375,0.8625,0.8293269230769231,705,400,False
model,0.7,0.2,1.0,0.2,score_point,0.12340425531914893,0.4,0.25,0.75,0.7623888182973316,705,400,False
model,0.71,0.2,1.0,0.2,score_point,0.12340425531914893,0.4060000000000001,0.2575,0.7425,0.7576530612244898,705,400,False
model,0.15,0.4,1.5,0.2,score_point,0.12340425531914893,0.4385000000000001,0.035,0.965,0.8843069873997709,705,400,False
model,0.06,0.4,3.0,0.2,score_point,0.12340425531914893,0.43900000000000006,0.015,0.985,0.8944381384790011,705,400,False
model,0.13,0.6,1.0,0.2,score_point,0.12340425531914893,0.6109999999999999,0.0275,0.9725,0.8881278538812786,705,400,False
model,0.14,0.6,1.0,0.2,score_point,0.12340425531914893,0.6119999999999999,0.03,0.97,0.8868571428571429,705,400,False
model,0.03,0.7,1.0,0.2,score_point,0.12340425531914893,0.7022499999999999,0.0075,0.9925,0.8981900452488688,705,400,False
model,0.19,0.2,2.0,0.2,score_point,0.12482269503546099,0.28550000000000003,0.0475,0.9525,0.8768699654775605,705,400,False
model,0.08,0.3,2.5,0.2,score_point,0.12482269503546099,0.33849999999999997,0.0175,0.9825,0.8921679909194098,705,400,False
model,0.65,0.2,1.0,0.2,score_point,0.12482269503546099,0.3660000000000001,0.2075,0.7925,0.7875776397515528,705,400,False
model,0.66,0.2,1.0,0.2,score_point,0.12482269503546099,0.37200000000000005,0.215,0.785,0.7830423940149626,705,400,False
model,0.67,0.2,1.0,0.2,score_point,0.12482269503546099,0.37800000000000006,0.2225,0.7775,0.7784730913642053,705,400,False
model,0.68,0.2,1.0,0.2,score_point,0.12482269503546099,0.38000000000000006,0.225,0.775,0.7769423558897244,705,400,False
model,0.69,0.2,1.0,0.2,score_point,0.12482269503546099,0.38600000000000007,0.2325,0.7675,0.7723270440251572,705,400,False
model,0.41,0.4,1.0,0.2,score_point,0.12482269503546099,0.457,0.095,0.905,0.851764705882353,705,400,False
model,0.42,0.4,1.0,0.2,score_point,0.12482269503546099,0.457,0.095,0.905,0.851764705882353,705,400,False
model,0.43,0.4,1.0,0.2,score_point,0.12482269503546099,0.4600000000000001,0.1,0.9,0.8490566037735849,705,400,False
model,0.44,0.4,1.0,0.2,score_point,0.12482269503546099,0.4600000000000001,0.1,0.9,0.8490566037735849,705,400,False
model,0.03,0.5,2.5,0.2,score_point,0.12482269503546099,0.515,0.0075,0.9925,0.897175141242938,705,400,False
model,0.23,0.5,1.0,0.2,score_point,0.12482269503546099,0.5275,0.055,0.945,0.8729792147806004,705,400,False
model,0.11,0.6,1.0,0.2,score_point,0.12482269503546099,0.6089999999999999,0.0225,0.9775,0.8896473265073948,705,400,False
model,0.12,0.6,1.0,0.2,score_point,0.12482269503546099,0.6089999999999999,0.0225,0.9775,0.8896473265073948,705,400,False
model,0.26,0.2,1.5,0.2,score_point,0.12624113475177304,0.278,0.06,0.94,0.869364161849711,705,400,True
model,0.27,0.2,1.5,0.2,score_point,0.12624113475177304,0.28125000000000006,0.0625,0.9375,0.8680555555555556,705,400,False
model,0.14,0.2,3.0,0.2,score_point,0.12624113475177304,0.28400000000000003,0.03,0.97,0.8848346636259977,705,400,False
model,0.28,0.2,1.5,0.2,score_point,0.12624113475177304,0.28450000000000003,0.065,0.935,0.8667439165701043,705,400,False
model,0.13,0.2,3.5,0.2,score_point,0.12624113475177304,0.29075,0.0275,0.9725,0.886104783599089,705,400,False
model,0.1,0.3,2.0,0.2,score_point,0.12624113475177304,0.3382499999999999,0.0225,0.9775,0.8886363636363638,705,400,False
model,0.17,0.3,1.5,0.2,score_point,0.12624113475177304,0.345,0.0375,0.9625,0.8810068649885583,705,400,False
model,0.07,0.3,3.0,0.2,score_point,0.12624113475177304,0.34724999999999995,0.0175,0.9825,0.891156462585034,705,400,False
model,0.18,0.3,1.5,0.2,score_point,0.12624113475177304,0.3539999999999999,0.045,0.955,0.8771526980482206,705,400,False
model,0.64,0.2,1.0,0.2,score_point,0.12624113475177304,0.3580000000000001,0.1975,0.8025,0.7925925925925925,705,400,False
model,0.5,0.3,1.0,0.2,score_point,0.12624113475177304,0.38749999999999996,0.125,0.875,0.834326579261025,705,400,False
model,0.4,0.4,1.0,0.2,score_point,0.12624113475177304,0.457,0.095,0.905,0.8507638072855466,705,400,False
model,0.08,0.6,1.0,0.2,score_point,0.12624113475177304,0.6069999999999999,0.0175,0.9825,0.891156462585034,705,400,False
model,0.09,0.6,1.0,0.2,score_point,0.12624113475177304,0.6079999999999999,0.02,0.98,0.8898978433598185,705,400,False
model,0.1,0.6,1.0,0.2,score_point,0.12624113475177304,0.6089999999999999,0.0225,0.9775,0.8886363636363638,705,400,False
model,0.02,0.7,1.0,0.2,score_point,0.12624113475177304,0.7015,0.005,0.995,0.8974069898534386,705,400,False
model,0.15,0.2,2.5,0.2,score_point,0.1276595744680851,0.2805,0.035,0.965,0.8812785388127853,705,400,False
model,0.18,0.2,2.0,0.2,score_point,0.1276595744680851,0.281,0.045,0.955,0.8761467889908257,705,400,False
model,0.62,0.2,1.0,0.2,score_point,0.1276595744680851,0.3460000000000001,0.1825,0.8175,0.8004895960832314,705,400,False
model,0.63,0.2,1.0,0.2,score_point,0.1276595744680851,0.3460000000000001,0.1825,0.8175,0.8004895960832314,705,400,False
model,0.48,0.3,1.0,0.2,score_point,0.1276595744680851,0.3822499999999999,0.1175,0.8825,0.837485172004745,705,400,False
model,0.49,0.3,1.0,0.2,score_point,0.1276595744680851,0.38575,0.1225,0.8775,0.8347205707491082,705,400,False
model,0.14,0.4,1.5,0.2,score_point,0.1276595744680851,0.433,0.03,0.97,0.8838268792710706,705,400,False
model,0.05,0.4,3.5,0.2,score_point,0.1276595744680851,0.43875,0.0125,0.9875,0.8926553672316384,705,400,False
model,0.37,0.4,1.0,0.2,score_point,0.1276595744680851,0.45400000000000007,0.09,0.91,0.8524590163934426,705,400,False
model,0.38,0.4,1.0,0.2,score_point,0.1276595744680851,0.45400000000000007,0.09,0.91,0.8524590163934426,705,400,False
model,0.39,0.4,1.0,0.2,score_point,0.1276595744680851,0.457,0.095,0.905,0.8497652582159625,705,400,False
model,0.17,0.5,1.0,0.2,score_point,0.1276595744680851,0.51875,0.0375,0.9625,0.88,705,400,False
model,0.18,0.5,1.0,0.2,score_point,0.1276595744680851,0.5225,0.045,0.955,0.8761467889908257,705,400,False
model,0.19,0.5,1.0,0.2,score_point,0.1276595744680851,0.52375,0.0475,0.9525,0.8748564867967853,705,400,False
model,0.2,0.5,1.0,0.2,score_point,0.1276595744680851,0.52375,0.0475,0.9525,0.8748564867967853,705,400,False
model,0.21,0.5,1.0,0.2,score_point,0.1276595744680851,0.52375,0.0475,0.9525,0.8748564867967853,705,400,False
model,0.22,0.5,1.0,0.2,score_point,0.1276595744680851,0.52625,0.0525,0.9475,0.8722669735327964,705,400,False
model,0.03,0.6,1.5,0.2,score_point,0.1276595744680851,0.6067499999999998,0.0075,0.9925,0.895152198421646,705,400,False
model,0.01,0.6,2.5,0.2,score_point,0.1276595744680851,0.6094999999999999,0.005,0.995,0.8963963963963965,705,400,False
model,0.17,0.2,2.0,0.2,score_point,0.12907801418439716,0.2675,0.0375,0.9625,0.8789954337899544,705,400,True
model,0.25,0.2,1.5,0.2,score_point,0.12907801418439716,0.27475,0.0575,0.9425,0.868663594470046,705,400,False
model,0.13,0.2,3.0,0.2,score_point,0.12907801418439716,0.277,0.0275,0.9725,0.8840909090909091,705,400,False
model,0.58,0.2,1.0,0.2,score_point,0.12907801418439716,0.32400000000000007,0.155,0.845,0.8154402895054281,705,400,False
model,0.59,0.2,1.0,0.2,score_point,0.12907801418439716,0.332,0.165,0.835,0.8096969696969698,705,400,False
model,0.6,0.2,1.0,0.2,score_point,0.12907801418439716,0.3400000000000001,0.175,0.825,0.8038976857490864,705,400,False
model,0.61,0.2,1.0,0.2,score_point,0.12907801418439716,0.3440000000000001,0.18,0.82,0.8009768009768009,705,400,False
model,0.16,0.3,1.5,0.2,score_point,0.12907801418439716,0.345,0.0375,0.9625,0.8789954337899544,705,400,False
model,0.45,0.3,1.0,0.2,score_point,0.12907801418439716,0.3752499999999999,0.1075,0.8925,0.8419811320754716,705,400,False
model,0.46,0.3,1.0,0.2,score_point,0.12907801418439716,0.37875,0.1125,0.8875,0.8392434988179668,705,400,False
model,0.47,0.3,1.0,0.2,score_point,0.12907801418439716,0.38049999999999995,0.115,0.885,0.8378698224852071,705,400,False
model,0.07,0.4,2.0,0.2,score_point,0.12907801418439716,0.42800000000000005,0.0175,0.9825,0.8891402714932127,705,400,False
model,0.13,0.4,1.5,0.2,score_point,0.12907801418439716,0.4302500000000001,0.0275,0.9725,0.8840909090909091,705,400,False
model,0.06,0.4,2.5,0.2,score_point,0.12907801418439716,0.43150000000000005,0.015,0.985,0.8903954802259887,705,400,False
model,0.06,0.5,1.5,0.2,score_point,0.12907801418439716,0.515,0.015,0.985,0.8903954802259887,705,400,False
model,0.12,0.2,3.5,0.2,score_point,0.13049645390070921,0.27425000000000005,0.0225,0.9775,0.8856172140430351,705,400,False
model,0.24,0.2,1.5,0.2,score_point,0.13049645390070921,0.27475,0.0575,0.9425,0.8676639815880323,705,400,False
model,0.55,0.2,1.0,0.2,score_point,0.13049645390070921,0.31,0.1375,0.8625,0.8243727598566308,705,400,False
model,0.56,0.2,1.0,0.2,score_point,0.13049645390070921,0.31200000000000006,0.14,0.86,0.8229665071770336,705,400,False
model,0.57,0.2,1.0,0.2,score_point,0.13049645390070921,0.31800000000000006,0.1475,0.8525,0.8187274909963986,705,400,False
model,0.09,0.3,2.0,0.2,score_point,0.13049645390070921,0.3339999999999999,0.02,0.98,0.8868778280542986,705,400,False
model,0.05,0.4,3.0,0.2,score_point,0.13049645390070921,0.4325,0.0125,0.9875,0.8906426155580609,705,400,False
model,0.33,0.4,1.0,0.2,score_point,0.13049645390070921,0.44800000000000006,0.08,0.92,0.8558139534883721,705,400,False
model,0.34,0.4,1.0,0.2,score_point,0.13049645390070921,0.44800000000000006,0.08,0.92,0.8558139534883721,705,400,False
model,0.35,0.4,1.0,0.2,score_point,0.13049645390070921,0.4525,0.0875,0.9125,0.8518086347724622,705,400,False
model,0.36,0.4,1.0,0.2,score_point,0.13049645390070921,0.4525,0.0875,0.9125,0.8518086347724622,705,400,False
model,0.02,0.5,3.5,0.2,score_point,0.13049645390070921,0.515,0.005,0.995,0.89438202247191,705,400,False
model,0.16,0.5,1.0,0.2,score_point,0.13049645390070921,0.51875,0.0375,0.9625,0.8779931584948687,705,400,False
model,0.14,0.2,2.5,0.2,score_point,0.13191489361702127,0.269,0.03,0.97,0.8808172531214529,705,400,False
model,0.52,0.2,1.0,0.2,score_point,0.13191489361702127,0.30200000000000005,0.1275,0.8725,0.828978622327791,705,400,False
model,0.53,0.2,1.0,0.2,score_point,0.13191489361702127,0.30600000000000005,0.1325,0.8675,0.8261904761904761,705,400,False
model,0.54,0.2,1.0,0.2,score_point,0.13191489361702127,0.31,0.1375,0.8625,0.8233890214797137,705,400,False
model,0.07,0.3,2.5,0.2,score_point,0.13191489361702127,0.33849999999999997,0.0175,0.9825,0.8871331828442438,705,400,False
model,0.41,0.3,1.0,0.2,score_point,0.13191489361702127,0.36649999999999994,0.095,0.905,0.8467836257309941,705,400,False
model,0.42,0.3,1.0,0.2,score_point,0.13191489361702127,0.36649999999999994,0.095,0.905,0.8467836257309941,705,400,False
model,0.43,0.3,1.0,0.2,score_point,0.13191489361702127,0.37,0.1,0.9,0.8440797186400938,705,400,False
model,0.44,0.3,1.0,0.2,score_point,0.13191489361702127,0.37,0.1,0.9,0.8440797186400938,705,400,False
model,0.11,0.4,1.5,0.2,score_point,0.13191489361702127,0.42475,0.0225,0.9775,0.8846153846153846,705,400,False
model,0.12,0.4,1.5,0.2,score_point,0.13191489361702127,0.42475,0.0225,0.9775,0.8846153846153846,705,400,False
model,0.3,0.4,1.0,0.2,score_point,0.13191489361702127,0.445,0.075,0.925,0.8574739281575898,705,400,False
model,0.31,0.4,1.0,0.2,score_point,0.13191489361702127,0.44650000000000006,0.0775,0.9225,0.8561484918793504,705,400,False
model,0.32,0.4,1.0,0.2,score_point,0.13191489361702127,0.44650000000000006,0.0775,0.9225,0.8561484918793504,705,400,False
model,0.15,0.5,1.0,0.2,score_point,0.13191489361702127,0.5175,0.035,0.965,0.8782707622298065,705,400,False
model,0.07,0.6,1.0,0.2,score_point,0.13191489361702127,0.6069999999999999,0.0175,0.9825,0.8871331828442438,705,400,False
model,0.01,0.7,1.0,0.2,score_point,0.13191489361702127,0.7015,0.005,0.995,0.8933782267115601,705,400,False
model,0.0,0.8,1.0,0.2,score_point,0.13191489361702127,0.8,0.0,1.0,0.8958566629339305,705,400,False
model,0.0,0.8,1.5,0.2,score_point,0.13191489361702127,0.8,0.0,1.0,0.8958566629339305,705,400,False
model,0.0,0.8,2.0,0.2,score_point,0.13191489361702127,0.8,0.0,1.0,0.8958566629339305,705,400,False
model,0.0,0.8,2.5,0.2,score_point,0.13191489361702127,0.8,0.0,1.0,0.8958566629339305,705,400,False
model,0.0,0.8,3.0,0.2,score_point,0.13191489361702127,0.8,0.0,1.0,0.8958566629339305,705,400,False
model,0.0,0.8,3.5,0.2,score_point,0.13191489361702127,0.8,0.0,1.0,0.8958566629339305,705,400,False
model,0.12,0.2,3.0,0.2,score_point,0.13333333333333333,0.26300000000000007,0.0225,0.9775,0.8836158192090396,705,400,True
model,0.16,0.2,2.0,0.2,score_point,0.13333333333333333,0.2675,0.0375,0.9625,0.8759954493742889,705,400,False
model,0.11,0.2,3.5,0.2,score_point,0.13333333333333333,0.27425000000000005,0.0225,0.9775,0.8836158192090396,705,400,False
model,0.51,0.2,1.0,0.2,score_point,0.13333333333333333,0.30200000000000005,0.1275,0.8725,0.8279952550415184,705,400,False
model,0.15,0.3,1.5,0.2,score_point,0.13333333333333333,0.34199999999999997,0.035,0.965,0.8772727272727274,705,400,False
model,0.4,0.3,1.0,0.2,score_point,0.13333333333333333,0.36649999999999994,0.095,0.905,0.8457943925233644,705,400,False
model,0.29,0.4,1.0,0.2,score_point,0.13333333333333333,0.442,0.07,0.93,0.8591224018475752,705,400,False
model,0.02,0.5,3.0,0.2,score_point,0.13333333333333333,0.5125,0.005,0.995,0.8923766816143498,705,400,False
model,0.05,0.5,1.5,0.2,score_point,0.13333333333333333,0.5125,0.0125,0.9875,0.8886389201349831,705,400,False
model,0.13,0.2,2.5,0.2,score_point,0.1347517730496454,0.26325000000000004,0.0275,0.9725,0.8800904977375565,705,400,False
model,0.08,0.3,2.0,0.2,score_point,0.1347517730496454,0.32974999999999993,0.0175,0.9825,0.8851351351351352,705,400,False
model,0.06,0.3,3.5,0.2,score_point,0.1347517730496454,0.3479999999999999,0.015,0.985,0.8863892013498312,705,400,False
model,0.37,0.3,1.0,0.2,score_point,0.1347517730496454,0.363,0.09,0.91,0.8474970896391153,705,400,False
model,0.38,0.3,1.0,0.2,score_point,0.1347517730496454,0.363,0.09,0.91,0.8474970896391153,705,400,False
model,0.39,0.3,1.0,0.2,score_point,0.1347517730496454,0.36649999999999994,0.095,0.905,0.8448074679113186,705,400,False
model,0.1,0.4,1.5,0.2,score_point,0.1347517730496454,0.42475,0.0225,0.9775,0.8826185101580135,705,400,False
model,0.26,0.4,1.0,0.2,score_point,0.1347517730496454,0.436,0.06,0.94,0.8633754305396096,705,400,False
model,0.27,0.4,1.0,0.2,score_point,0.1347517730496454,0.4375,0.0625,0.9375,0.8620689655172414,705,400,False
model,0.28,0.4,1.0,0.2,score_point,0.1347517730496454,0.43900000000000006,0.065,0.935,0.8607594936708861,705,400,False
model,0.03,0.5,2.0,0.2,score_point,0.1347517730496454,0.51125,0.0075,0.9925,0.8901345291479822,705,400,False
model,0.13,0.5,1.0,0.2,score_point,0.1347517730496454,0.51375,0.0275,0.9725,0.8800904977375565,705,400,False
model,0.14,0.5,1.0,0.2,score_point,0.1347517730496454,0.515,0.03,0.97,0.8788221970554925,705,400,False
model,0.02,0.6,1.5,0.2,score_point,0.1347517730496454,0.6044999999999999,0.005,0.995,0.8913773796192609,705,400,False
model,0.11,0.2,3.0,0.2,score_point,0.13617021276595745,0.26300000000000007,0.0225,0.9775,0.8816234498308906,705,400,False
model,0.23,0.2,1.5,0.2,score_point,0.13617021276595745,0.2715,0.055,0.945,0.8649885583524026,705,400,False
model,0.1,0.2,3.5,0.2,score_point,0.13617021276595745,0.27425000000000005,0.0225,0.9775,0.8816234498308906,705,400,False
model,0.5,0.2,1.0,0.2,score_point,0.13617021276595745,0.30000000000000004,0.125,0.875,0.8274231678486997,705,400,False
model,0.09,0.4,1.5,0.2,score_point,0.13617021276595745,0.42200000000000004,0.02,0.98,0.882882882882883,705,400,False
model,0.05,0.4,2.5,0.2,score_point,0.13617021276595745,0.42625,0.0125,0.9875,0.8866442199775534,705,400,False
model,0.25,0.4,1.0,0.2,score_point,0.13617021276595745,0.43450000000000005,0.0575,0.9425,0.8636884306987399,705,400,False
model,0.11,0.5,1.0,0.2,score_point,0.13617021276595745,0.51125,0.0225,0.9775,0.8816234498308906,705,400,False
model,0.12,0.5,1.0,0.2,score_point,0.13617021276595745,0.51125,0.0225,0.9775,0.8816234498308906,705,400,False
model,0.01,0.6,2.0,0.2,score_point,0.13617021276595745,0.6069999999999999,0.005,0.995,0.8903803131991052,705,400,False
model,0.15,0.2,2.0,0.2,score_point,0.1375886524822695,0.26300000000000007,0.035,0.965,0.8742921857304643,705,400,False
model,0.48,0.2,1.0,0.2,score_point,0.1375886524822695,0.29400000000000004,0.1175,0.8825,0.8305882352941176,705,400,False
model,0.49,0.2,1.0,0.2,score_point,0.1375886524822695,0.29800000000000004,0.1225,0.8775,0.8278301886792453,705,400,False
model,0.14,0.3,1.5,0.2,score_point,0.1375886524822695,0.33599999999999997,0.03,0.97,0.8768361581920904,705,400,False
model,0.06,0.3,3.0,0.2,score_point,0.1375886524822695,0.3404999999999999,0.015,0.985,0.8843995510662177,705,400,False
model,0.33,0.3,1.0,0.2,score_point,0.1375886524822695,0.3559999999999999,0.08,0.92,0.8508670520231214,705,400,False
model,0.34,0.3,1.0,0.2,score_point,0.1375886524822695,0.3559999999999999,0.08,0.92,0.8508670520231214,705,400,False
model,0.35,0.3,1.0,0.2,score_point,0.1375886524822695,0.3612499999999999,0.0875,0.9125,0.8468677494199536,705,400,False
model,0.36,0.3,1.0,0.2,score_point,0.1375886524822695,0.3612499999999999,0.0875,0.9125,0.8468677494199536,705,400,False
model,0.24,0.4,1.0,0.2,score_point,0.1375886524822695,0.43450000000000005,0.0575,0.9425,0.8627002288329519,705,400,False
model,0.04,0.5,1.5,0.2,score_point,0.1375886524822695,0.51,0.01,0.99,0.8868980963045912,705,400,False
model,0.09,0.5,1.0,0.2,score_point,0.1375886524822695,0.51,0.02,0.98,0.8818897637795274,705,400,False
model,0.1,0.5,1.0,0.2,score_point,0.1375886524822695,0.51125,0.0225,0.9775,0.8806306306306306,705,400,False
model,0.12,0.2,2.5,0.2,score_point,0.13900709219858157,0.25175000000000003,0.0225,0.9775,0.8796400449943756,705,400,True
model,0.1,0.2,3.0,0.2,score_point,0.13900709219858157,0.26300000000000007,0.0225,0.9775,0.8796400449943756,705,400,False
model,0.45,0.2,1.0,0.2,score_point,0.13900709219858157,0.2860000000000001,0.1075,0.8925,0.8350877192982457,705,400,False
model,0.46,0.2,1.0,0.2,score_point,0.13900709219858157,0.2900000000000001,0.1125,0.8875,0.8323563892145369,705,400,False
model,0.47,0.2,1.0,0.2,score_point,0.13900709219858157,0.29200000000000004,0.115,0.885,0.8309859154929577,705,400,False
model,0.13,0.3,1.5,0.2,score_point,0.13900709219858157,0.33299999999999996,0.0275,0.9725,0.8771138669673055,705,400,False
model,0.06,0.4,2.0,0.2,score_point,0.13900709219858157,0.42400000000000004,0.015,0.985,0.883408071748879,705,400,False
model,0.04,0.4,3.5,0.2,score_point,0.13900709219858157,0.43099999999999994,0.01,0.99,0.8859060402684563,705,400,False
model,0.08,0.5,1.0,0.2,score_point,0.13900709219858157,0.50875,0.0175,0.9825,0.8821548821548821,705,400,False
model,0.02,0.5,2.5,0.2,score_point,0.13900709219858157,0.51,0.005,0.995,0.8883928571428571,705,400,False
model,0.06,0.6,1.0,0.2,score_point,0.13900709219858157,0.6059999999999998,0.015,0.985,0.883408071748879,705,400,False
model,0.09,0.2,3.5,0.2,score_point,0.14042553191489363,0.266,0.02,0.98,0.8799102132435466,705,400,False
model,0.22,0.2,1.5,0.2,score_point,0.14042553191489363,0.26825000000000004,0.0525,0.9475,0.8633257403189065,705,400,False
model,0.3,0.3,1.0,0.2,score_point,0.14042553191489363,0.3524999999999999,0.075,0.925,0.8515535097813579,705,400,False
model,0.31,0.3,1.0,0.2,score_point,0.14042553191489363,0.35424999999999995,0.0775,0.9225,0.8502304147465437,705,400,False
model,0.32,0.3,1.0,0.2,score_point,0.14042553191489363,0.35424999999999995,0.0775,0.9225,0.8502304147465437,705,400,False
model,0.08,0.4,1.5,0.2,score_point,0.14042553191489363,0.41925000000000007,0.0175,0.9825,0.8811659192825113,705,400,False
model,0.11,0.2,2.5,0.2,score_point,0.14184397163120568,0.25175000000000003,0.0225,0.9775,0.8776655443322111,705,400,False
model,0.14,0.2,2.0,0.2,score_point,0.14184397163120568,0.254,0.03,0.97,0.8738738738738738,705,400,False
model,0.2,0.2,1.5,0.2,score_point,0.14184397163120568,0.26175000000000004,0.0475,0.9525,0.8649262202043133,705,400,False
model,0.21,0.2,1.5,0.2,score_point,0.14184397163120568,0.26175000000000004,0.0475,0.9525,0.8649262202043133,705,400,False
model,0.41,0.2,1.0,0.2,score_point,0.14184397163120568,0.276,0.095,0.905,0.839907192575406,705,400,False
model,0.42,0.2,1.0,0.2,score_point,0.14184397163120568,0.276,0.095,0.905,0.839907192575406,705,400,False
model,0.43,0.2,1.0,0.2,score_point,0.14184397163120568,0.28,0.1,0.9,0.8372093023255814,705,400,False
model,0.44,0.2,1.0,0.2,score_point,0.14184397163120568,0.28,0.1,0.9,0.8372093023255814,705,400,False
model,0.12,0.3,1.5,0.2,score_point,0.14184397163120568,0.3269999999999999,0.0225,0.9775,0.8776655443322111,705,400,False
model,0.07,0.3,2.0,0.2,score_point,0.14184397163120568,0.32974999999999993,0.0175,0.9825,0.8801791713325867,705,400,False
model,0.29,0.3,1.0,0.2,score_point,0.14184397163120568,0.3489999999999999,0.07,0.93,0.8532110091743119,705,400,False
model,0.04,0.4,3.0,0.2,score_point,0.14184397163120568,0.42599999999999993,0.01,0.99,0.8839285714285715,705,400,False
model,0.09,0.2,3.0,0.2,score_point,0.14326241134751774,0.256,0.02,0.98,0.8779395296752519,705,400,False
model,0.4,0.2,1.0,0.2,score_point,0.14326241134751774,0.276,0.095,0.905,0.8389339513325608,705,400,False
model,0.11,0.3,1.5,0.2,score_point,0.14326241134751774,0.3269999999999999,0.0225,0.9775,0.8766816143497758,705,400,False
model,0.06,0.3,2.5,0.2,score_point,0.14326241134751774,0.3329999999999999,0.015,0.985,0.8804469273743016,705,400,False
model,0.26,0.3,1.0,0.2,score_point,0.14326241134751774,0.34199999999999986,0.06,0.94,0.8574686431014823,705,400,False
model,0.27,0.3,1.0,0.2,score_point,0.14326241134751774,0.34374999999999994,0.0625,0.9375,0.8561643835616439,705,400,False
model,0.28,0.3,1.0,0.2,score_point,0.14326241134751774,0.3455,0.065,0.935,0.8548571428571429,705,400,False
model,0.23,0.4,1.0,0.2,score_point,0.14326241134751774,0.43300000000000005,0.055,0.945,0.8600682593856654,705,400,False
model,0.05,0.6,1.0,0.2,score_point,0.14326241134751774,0.6049999999999999,0.0125,0.9875,0.8816964285714286,705,400,False
model,0.13,0.2,2.0,0.2,score_point,0.14468085106382977,0.24950000000000003,0.0275,0.9725,0.8731762065095399,705,400,True
model,0.1,0.2,2.5,0.2,score_point,0.14468085106382977,0.25175000000000003,0.0225,0.9775,0.8756998880179172,705,400,False
model,0.08,0.2,3.5,0.2,score_point,0.14468085106382977,0.25775000000000003,0.0175,0.9825,0.8782122905027934,705,400,False
model,0.19,0.2,1.5,0.2,score_point,0.14468085106382977,0.26175000000000004,0.0475,0.9525,0.8629671574178936,705,400,False
model,0.38,0.2,1.0,0.2,score_point,0.14468085106382977,0.272,0.09,0.91,0.8406466512702079,705,400,False
model,0.39,0.2,1.0,0.2,score_point,0.14468085106382977,0.276,0.095,0.905,0.837962962962963,705,400,False
model,0.05,0.3,3.5,0.2,score_point,0.14468085106382977,0.3399999999999999,0.0125,0.9875,0.8807134894091416,705,400,False
model,0.25,0.3,1.0,0.2,score_point,0.14468085106382977,0.34024999999999994,0.0575,0.9425,0.8577929465301479,705,400,False
model,0.07,0.5,1.0,0.2,score_point,0.14468085106382977,0.50875,0.0175,0.9825,0.8782122905027934,705,400,False
model,0.37,0.2,1.0,0.2,score_point,0.14609929078014183,0.272,0.09,0.91,0.839677047289504,705,400,False
model,0.1,0.3,1.5,0.2,score_point,0.14609929078014183,0.3269999999999999,0.0225,0.9775,0.8747203579418343,705,400,False
model,0.24,0.3,1.0,0.2,score_point,0.14609929078014183,0.34024999999999994,0.0575,0.9425,0.8568181818181818,705,400,False
model,0.05,0.4,2.0,0.2,score_point,0.14609929078014183,0.42,0.0125,0.9875,0.8797327394209354,705,400,False
model,0.17,0.4,1.0,0.2,score_point,0.14609929078014183,0.4225,0.0375,0.9625,0.867117117117117,705,400,False
model,0.18,0.4,1.0,0.2,score_point,0.14609929078014183,0.42700000000000005,0.045,0.955,0.8632768361581921,705,400,False
model,0.19,0.4,1.0,0.2,score_point,0.14609929078014183,0.4285,0.0475,0.9525,0.8619909502262444,705,400,False
model,0.2,0.4,1.0,0.2,score_point,0.14609929078014183,0.4285,0.0475,0.9525,0.8619909502262444,705,400,False
model,0.21,0.4,1.0,0.2,score_point,0.14609929078014183,0.4285,0.0475,0.9525,0.8619909502262444,705,400,False
model,0.22,0.4,1.0,0.2,score_point,0.14609929078014183,0.43150000000000005,0.0525,0.9475,0.8594104308390023,705,400,False
model,0.04,0.6,1.0,0.2,score_point,0.14609929078014183,0.6039999999999999,0.01,0.99,0.8809788654060067,705,400,False
model,0.08,0.2,3.0,0.2,score_point,0.1475177304964539,0.24900000000000003,0.0175,0.9825,0.8762541806020068,705,400,True
model,0.18,0.2,1.5,0.2,score_point,0.1475177304964539,0.2585,0.045,0.955,0.8623024830699774,705,400,False
model,0.05,0.3,3.0,0.2,score_point,0.1475177304964539,0.33374999999999994,0.0125,0.9875,0.8787541713014462,705,400,False
model,0.07,0.4,1.5,0.2,score_point,0.1475177304964539,0.41925000000000007,0.0175,0.9825,0.8762541806020068,705,400,False
model,0.04,0.4,2.5,0.2,score_point,0.1475177304964539,0.42099999999999993,0.01,0.99,0.88,705,400,False
model,0.02,0.5,2.0,0.2,score_point,0.1475177304964539,0.5075,0.005,0.995,0.8824833702882484,705,400,False
model,0.12,0.2,2.0,0.2,score_point,0.14893617021276595,0.24050000000000005,0.0225,0.9775,0.8727678571428572,705,400,True
model,0.09,0.2,2.5,0.2,score_point,0.14893617021276595,0.24600000000000002,0.02,0.98,0.8740245261984393,705,400,False
model,0.17,0.2,1.5,0.2,score_point,0.14893617021276595,0.24875000000000003,0.0375,0.9625,0.8651685393258427,705,400,False
model,0.36,0.2,1.0,0.2,score_point,0.14893617021276595,0.2700000000000001,0.0875,0.9125,0.8390804597701149,705,400,False
model,0.09,0.3,1.5,0.2,score_point,0.14893617021276595,0.3239999999999999,0.02,0.98,0.8740245261984393,705,400,False
model,0.16,0.4,1.0,0.2,score_point,0.14893617021276595,0.4225,0.0375,0.9625,0.8651685393258427,705,400,False
model,0.03,0.5,1.5,0.2,score_point,0.14893617021276595,0.5075,0.0075,0.9925,0.8802660753880267,705,400,False
model,0.01,0.6,1.5,0.2,score_point,0.14893617021276595,0.6044999999999999,0.005,0.995,0.8815060908084164,705,400,False
model,0.33,0.2,1.0,0.2,score_point,0.150354609929078,0.26400000000000007,0.08,0.92,0.8421052631578948,705,400,False
model,0.34,0.2,1.0,0.2,score_point,0.150354609929078,0.26400000000000007,0.08,0.92,0.8421052631578948,705,400,False
model,0.35,0.2,1.0,0.2,score_point,0.150354609929078,0.2700000000000001,0.0875,0.9125,0.8381171067738232,705,400,False
model,0.15,0.4,1.0,0.2,score_point,0.150354609929078,0.42100000000000004,0.035,0.965,0.8654708520179373,705,400,False
model,0.11,0.2,2.0,0.2,score_point,0.15177304964539007,0.24050000000000005,0.0225,0.9775,0.8708240534521158,705,400,False
model,0.23,0.3,1.0,0.2,score_point,0.15177304964539007,0.33849999999999997,0.055,0.945,0.8542372881355932,705,400,False
model,0.08,0.2,2.5,0.2,score_point,0.15319148936170213,0.24025000000000002,0.0175,0.9825,0.872364039955605,705,400,True
model,0.16,0.2,1.5,0.2,score_point,0.15319148936170213,0.24875000000000003,0.0375,0.9625,0.8622620380739081,705,400,False
model,0.3,0.2,1.0,0.2,score_point,0.15319148936170213,0.26,0.075,0.925,0.8428246013667426,705,400,False
model,0.31,0.2,1.0,0.2,score_point,0.15319148936170213,0.262,0.0775,0.9225,0.8415051311288484,705,400,False
model,0.32,0.2,1.0,0.2,score_point,0.15319148936170213,0.262,0.0775,0.9225,0.8415051311288484,705,400,False
model,0.08,0.3,1.5,0.2,score_point,0.15319148936170213,0.32099999999999995,0.0175,0.9825,0.872364039955605,705,400,False
model,0.06,0.3,2.0,0.2,score_point,0.15319148936170213,0.3254999999999999,0.015,0.985,0.8736141906873613,705,400,False
model,0.05,0.3,2.5,0.2,score_point,0.15319148936170213,0.3274999999999999,0.0125,0.9875,0.8748615725359912,705,400,False
model,0.14,0.4,1.0,0.2,score_point,0.15319148936170213,0.418,0.03,0.97,0.8660714285714286,705,400,False
model,0.01,0.5,3.0,0.2,score_point,0.15319148936170213,0.5125,0.005,0.995,0.8785871964679912,705,400,False
model,0.01,0.5,3.5,0.2,score_point,0.15319148936170213,0.515,0.005,0.995,0.8785871964679912,705,400,False
model,0.03,0.6,1.0,0.2,score_point,0.15319148936170213,0.6029999999999999,0.0075,0.9925,0.8773480662983426,705,400,False
model,0.1,0.2,2.0,0.2,score_point,0.15460992907801419,0.24050000000000005,0.0225,0.9775,0.8688888888888888,705,400,False
model,0.29,0.2,1.0,0.2,score_point,0.15460992907801419,0.256,0.07,0.93,0.8444948921679911,705,400,False
model,0.07,0.2,3.5,0.2,score_point,0.15460992907801419,0.25775000000000003,0.0175,0.9825,0.8713968957871396,705,400,False
model,0.17,0.3,1.0,0.2,score_point,0.15460992907801419,0.32625,0.0375,0.9625,0.861297539149888,705,400,False
model,0.18,0.3,1.0,0.2,score_point,0.15460992907801419,0.3314999999999999,0.045,0.955,0.8574635241301909,705,400,False
model,0.19,0.3,1.0,0.2,score_point,0.15460992907801419,0.33324999999999994,0.0475,0.9525,0.856179775280899,705,400,False
model,0.2,0.3,1.0,0.2,score_point,0.15460992907801419,0.33324999999999994,0.0475,0.9525,0.856179775280899,705,400,False
model,0.21,0.3,1.0,0.2,score_point,0.15460992907801419,0.33324999999999994,0.0475,0.9525,0.856179775280899,705,400,False
model,0.22,0.3,1.0,0.2,score_point,0.15460992907801419,0.33675,0.0525,0.9475,0.8536036036036037,705,400,False
model,0.13,0.4,1.0,0.2,score_point,0.15460992907801419,0.41650000000000004,0.0275,0.9725,0.8663697104677061,705,400,False
model,0.06,0.5,1.0,0.2,score_point,0.15460992907801419,0.5075,0.015,0.985,0.8726467331118494,705,400,False
model,0.15,0.2,1.5,0.2,score_point,0.1574468085106383,0.24550000000000005,0.035,0.965,0.8606465997770346,705,400,False
model,0.07,0.2,3.0,0.2,score_point,0.1574468085106383,0.24900000000000003,0.0175,0.9825,0.8694690265486725,705,400,False
model,0.16,0.3,1.0,0.2,score_point,0.1574468085106383,0.32625,0.0375,0.9625,0.8593750000000001,705,400,False
model,0.11,0.4,1.0,0.2,score_point,0.1574468085106383,0.41350000000000003,0.0225,0.9775,0.8669623059866962,705,400,False
model,0.12,0.4,1.0,0.2,score_point,0.1574468085106383,0.41350000000000003,0.0225,0.9775,0.8669623059866962,705,400,False
model,0.04,0.4,2.0,0.2,score_point,0.1574468085106383,0.4159999999999999,0.01,0.99,0.8732083792723264,705,400,False
model,0.06,0.4,1.5,0.2,score_point,0.1574468085106383,0.41650000000000004,0.015,0.985,0.8707182320441988,705,400,False
model,0.02,0.6,1.0,0.2,score_point,0.1574468085106383,0.6019999999999999,0.005,0.995,0.8756875687568758,705,400,False
model,0.09,0.2,2.0,0.2,score_point,0.15886524822695036,0.23600000000000002,0.02,0.98,0.8672566371681417,705,400,True
model,0.26,0.2,1.0,0.2,score_point,0.15886524822695036,0.24800000000000005,0.06,0.94,0.8468468468468469,705,400,False
model,0.27,0.2,1.0,0.2,score_point,0.15886524822695036,0.25,0.0625,0.9375,0.8455467869222097,705,400,False
model,0.28,0.2,1.0,0.2,score_point,0.15886524822695036,0.252,0.065,0.935,0.8442437923250564,705,400,False
model,0.03,0.4,3.5,0.2,score_point,0.15886524822695036,0.42325,0.0075,0.9925,0.8734873487348734,705,400,False
model,0.05,0.5,1.0,0.2,score_point,0.15886524822695036,0.50625,0.0125,0.9875,0.8710033076074972,705,400,False
model,0.01,0.5,2.5,0.2,score_point,0.15886524822695036,0.51,0.005,0.995,0.8747252747252747,705,400,False
model,0.07,0.3,1.5,0.2,score_point,0.16028368794326242,0.32099999999999995,0.0175,0.9825,0.8675496688741722,705,400,False
model,0.15,0.3,1.0,0.2,score_point,0.16028368794326242,0.32449999999999996,0.035,0.965,0.8587319243604005,705,400,False
model,0.1,0.4,1.0,0.2,score_point,0.16028368794326242,0.41350000000000003,0.0225,0.9775,0.8650442477876108,705,400,False
model,0.02,0.5,1.5,0.2,score_point,0.16028368794326242,0.505,0.005,0.995,0.8737650933040615,705,400,False
model,0.14,0.2,1.5,0.2,score_point,0.16170212765957448,0.23900000000000002,0.03,0.97,0.8603104212860311,705,400,False
model,0.25,0.2,1.0,0.2,score_point,0.16170212765957448,0.24600000000000002,0.0575,0.9425,0.8462401795735128,705,400,False
model,0.04,0.3,3.5,0.2,score_point,0.16170212765957448,0.33199999999999996,0.01,0.99,0.8703296703296703,705,400,False
model,0.09,0.4,1.0,0.2,score_point,0.16170212765957448,0.41200000000000003,0.02,0.98,0.8653421633554083,705,400,False
model,0.03,0.4,3.0,0.2,score_point,0.16170212765957448,0.41950000000000004,0.0075,0.9925,0.871569703622393,705,400,False
model,0.08,0.2,2.0,0.2,score_point,0.16312056737588654,0.2315,0.0175,0.9825,0.8656387665198239,705,400,True
model,0.07,0.2,2.5,0.2,score_point,0.16312056737588654,0.24025000000000002,0.0175,0.9825,0.8656387665198239,705,400,False
model,0.24,0.2,1.0,0.2,score_point,0.16312056737588654,0.24600000000000002,0.0575,0.9425,0.8452914798206278,705,400,False
model,0.14,0.3,1.0,0.2,score_point,0.16312056737588654,0.32099999999999995,0.03,0.97,0.8593576965669989,705,400,False
model,0.05,0.3,2.0,0.2,score_point,0.16312056737588654,0.3212499999999999,0.0125,0.9875,0.8681318681318682,705,400,False
model,0.04,0.5,1.0,0.2,score_point,0.16312056737588654,0.505,0.01,0.99,0.8693743139407244,705,400,False
model,0.0,0.7,1.0,0.2,score_point,0.16312056737588654,0.7,0.0,1.0,0.8743169398907104,705,400,False
model,0.0,0.7,1.5,0.2,score_point,0.16312056737588654,0.7,0.0,1.0,0.8743169398907104,705,400,False
model,0.0,0.7,2.0,0.2,score_point,0.16312056737588654,0.7,0.0,1.0,0.8743169398907104,705,400,False
model,0.0,0.7,2.5,0.2,score_point,0.16312056737588654,0.7,0.0,1.0,0.8743169398907104,705,400,False
model,0.0,0.7,3.0,0.2,score_point,0.16312056737588654,0.7,0.0,1.0,0.8743169398907104,705,400,False
model,0.0,0.7,3.5,0.2,score_point,0.16312056737588654,0.7,0.0,1.0,0.8743169398907104,705,400,False
model,0.13,0.2,1.5,0.2,score_point,0.16453900709219857,0.23575000000000002,0.0275,0.9725,0.8596685082872929,705,400,False
model,0.13,0.3,1.0,0.2,score_point,0.16453900709219857,0.3192499999999999,0.0275,0.9725,0.8596685082872929,705,400,False
model,0.04,0.3,3.0,0.2,score_point,0.16453900709219857,0.32699999999999996,0.01,0.99,0.868421052631579,705,400,False
model,0.05,0.4,1.5,0.2,score_point,0.16453900709219857,0.41375,0.0125,0.9875,0.8671789242590561,705,400,False
model,0.08,0.4,1.0,0.2,score_point,0.16595744680851063,0.4105,0.0175,0.9825,0.8637362637362638,705,400,False
model,0.06,0.2,3.5,0.2,score_point,0.1673758865248227,0.24950000000000003,0.015,0.985,0.8640350877192983,705,400,False
model,0.12,0.3,1.0,0.2,score_point,0.1673758865248227,0.3157499999999999,0.0225,0.9775,0.8602860286028603,705,400,False
model,0.03,0.4,2.5,0.2,score_point,0.1673758865248227,0.41575,0.0075,0.9925,0.8677595628415301,705,400,False
model,0.01,0.5,2.0,0.2,score_point,0.1673758865248227,0.5075,0.005,0.995,0.868995633187773,705,400,False
model,0.01,0.6,1.0,0.2,score_point,0.1673758865248227,0.6019999999999999,0.005,0.995,0.868995633187773,705,400,False
model,0.12,0.2,1.5,0.2,score_point,0.16879432624113475,0.22925,0.0225,0.9775,0.8593406593406594,705,400,True
model,0.23,0.2,1.0,0.2,score_point,0.16879432624113475,0.24400000000000002,0.055,0.945,0.842809364548495,705,400,False
model,0.11,0.3,1.0,0.2,score_point,0.16879432624113475,0.3157499999999999,0.0225,0.9775,0.8593406593406594,705,400,False
model,0.06,0.2,3.0,0.2,score_point,0.1702127659574468,0.24200000000000002,0.015,0.985,0.862144420131291,705,400,False
model,0.04,0.3,2.5,0.2,score_point,0.1702127659574468,0.32199999999999995,0.01,0.99,0.8646288209606987,705,400,False
model,0.11,0.2,1.5,0.2,score_point,0.17163120567375886,0.22925,0.0225,0.9775,0.8574561403508771,705,400,False
model,0.1,0.3,1.0,0.2,score_point,0.17163120567375886,0.3157499999999999,0.0225,0.9775,0.8574561403508771,705,400,False
model,0.06,0.3,1.5,0.2,score_point,0.17163120567375886,0.3179999999999999,0.015,0.985,0.8612021857923498,705,400,False
model,0.07,0.2,2.0,0.2,score_point,0.17304964539007092,0.2315,0.0175,0.9825,0.859016393442623,705,400,False
model,0.22,0.2,1.0,0.2,score_point,0.17304964539007092,0.24200000000000002,0.0525,0.9475,0.8412874583795782,705,400,False
model,0.07,0.4,1.0,0.2,score_point,0.17304964539007092,0.4105,0.0175,0.9825,0.859016393442623,705,400,False
model,0.1,0.2,1.5,0.2,score_point,0.17446808510638298,0.22925,0.0225,0.9775,0.8555798687089715,705,400,False
model,0.2,0.2,1.0,0.2,score_point,0.17446808510638298,0.23800000000000004,0.0475,0.9525,0.8429203539823008,705,400,False
model,0.21,0.2,1.0,0.2,score_point,0.17446808510638298,0.23800000000000004,0.0475,0.9525,0.8429203539823008,705,400,False
model,0.09,0.3,1.0,0.2,score_point,0.17446808510638298,0.3139999999999999,0.02,0.98,0.8568306010928962,705,400,False
model,0.02,0.4,3.5,0.2,score_point,0.17446808510638298,0.4155,0.005,0.995,0.8642779587404995,705,400,False
model,0.03,0.5,1.0,0.2,score_point,0.17446808510638298,0.50375,0.0075,0.9925,0.8630434782608695,705,400,False
model,0.06,0.2,2.5,0.2,score_point,0.17588652482269504,0.23450000000000004,0.015,0.985,0.8583877995642702,705,400,False
model,0.18,0.2,1.0,0.2,score_point,0.17588652482269504,0.23600000000000002,0.045,0.955,0.8432671081677704,705,400,False
model,0.19,0.2,1.0,0.2,score_point,0.17588652482269504,0.23800000000000004,0.0475,0.9525,0.8419889502762432,705,400,False
model,0.04,0.4,1.5,0.2,score_point,0.17588652482269504,0.4109999999999999,0.01,0.99,0.8608695652173913,705,400,False
model,0.09,0.2,1.5,0.2,score_point,0.1773049645390071,0.226,0.02,0.98,0.8549618320610688,705,400,True
model,0.17,0.2,1.0,0.2,score_point,0.1773049645390071,0.23,0.0375,0.9625,0.8461538461538461,705,400,False
model,0.03,0.4,2.0,0.2,score_point,0.1773049645390071,0.41200000000000003,0.0075,0.9925,0.86117136659436,705,400,False
model,0.02,0.4,3.0,0.2,score_point,0.1773049645390071,0.413,0.005,0.995,0.8624052004333694,705,400,False
model,0.05,0.2,3.5,0.2,score_point,0.17872340425531916,0.24125,0.0125,0.9875,0.8577633007600434,705,400,False
model,0.08,0.3,1.0,0.2,score_point,0.17872340425531916,0.3122499999999999,0.0175,0.9825,0.8552774755168663,705,400,False
model,0.04,0.3,2.0,0.2,score_point,0.18014184397163122,0.31699999999999995,0.01,0.99,0.8580715059588299,705,400,False
model,0.01,0.5,1.5,0.2,score_point,0.18014184397163122,0.505,0.005,0.995,0.8605405405405404,705,400,False
model,0.08,0.2,1.5,0.2,score_point,0.18156028368794327,0.22275000000000003,0.0175,0.9825,0.8534201954397393,705,400,True
model,0.16,0.2,1.0,0.2,score_point,0.18156028368794327,0.23,0.0375,0.9625,0.8433734939759037,705,400,False
model,0.05,0.2,3.0,0.2,score_point,0.18156028368794327,0.235,0.0125,0.9875,0.8559046587215602,705,400,False
model,0.05,0.3,1.5,0.2,score_point,0.18156028368794327,0.31499999999999995,0.0125,0.9875,0.8559046587215602,705,400,False
model,0.06,0.4,1.0,0.2,score_point,0.1829787234042553,0.40900000000000003,0.015,0.985,0.8537378114842904,705,400,False
model,0.02,0.4,2.5,0.2,score_point,0.1829787234042553,0.4105,0.005,0.995,0.8586839266450917,705,400,False
model,0.02,0.5,1.0,0.2,score_point,0.1829787234042553,0.5025,0.005,0.995,0.8586839266450917,705,400,False
model,0.15,0.2,1.0,0.2,score_point,0.18439716312056736,0.22800000000000004,0.035,0.965,0.8427947598253275,705,400,False
model,0.06,0.2,2.0,0.2,score_point,0.18581560283687942,0.22700000000000004,0.015,0.985,0.8518918918918919,705,400,False
model,0.07,0.3,1.0,0.2,score_point,0.18581560283687942,0.3122499999999999,0.0175,0.9825,0.8506493506493508,705,400,False
model,0.14,0.2,1.0,0.2,score_point,0.18723404255319148,0.22399999999999998,0.03,0.97,0.8434782608695651,705,400,False
model,0.05,0.2,2.5,0.2,score_point,0.18723404255319148,0.22875,0.0125,0.9875,0.8522114347357066,705,400,False
model,0.13,0.2,1.0,0.2,score_point,0.1900709219858156,0.22200000000000003,0.0275,0.9725,0.8429035752979415,705,400,True
model,0.05,0.4,1.0,0.2,score_point,0.1900709219858156,0.4075,0.0125,0.9875,0.8503767491926802,705,400,False
model,0.07,0.2,1.5,0.2,score_point,0.19148936170212766,0.22275000000000003,0.0175,0.9825,0.8469827586206897,705,400,False
model,0.02,0.4,2.0,0.2,score_point,0.19148936170212766,0.408,0.005,0.995,0.8531618435155414,705,400,False
model,0.03,0.4,1.5,0.2,score_point,0.19148936170212766,0.40825,0.0075,0.9925,0.851931330472103,705,400,False
model,0.03,0.3,3.5,0.2,score_point,0.19290780141843972,0.3239999999999999,0.0075,0.9925,0.8510182207931405,705,400,False
model,0.12,0.2,1.0,0.2,score_point,0.19432624113475178,0.218,0.0225,0.9775,0.8426724137931034,705,400,True
model,0.03,0.3,3.0,0.2,score_point,0.19574468085106383,0.3202499999999999,0.0075,0.9925,0.8491978609625669,705,400,False
model,0.11,0.2,1.0,0.2,score_point,0.1971631205673759,0.218,0.0225,0.9775,0.8408602150537634,705,400,False
model,0.05,0.2,2.0,0.2,score_point,0.1971631205673759,0.2225,0.0125,0.9875,0.8458244111349038,705,400,False
model,0.06,0.3,1.0,0.2,score_point,0.1971631205673759,0.3104999999999999,0.015,0.985,0.8445873526259379,705,400,False
model,0.04,0.2,3.5,0.2,score_point,0.19858156028368795,0.233,0.01,0.99,0.8461538461538461,705,400,False
model,0.04,0.3,1.5,0.2,score_point,0.19858156028368795,0.31199999999999994,0.01,0.99,0.8461538461538461,705,400,False
model,0.01,0.5,1.0,0.2,score_point,0.19858156028368795,0.5025,0.005,0.995,0.8486140724946696,705,400,False
model,0.1,0.2,1.0,0.2,score_point,0.2,0.218,0.0225,0.9775,0.8390557939914164,705,400,False
model,0.04,0.2,3.0,0.2,score_point,0.20141843971631207,0.228,0.01,0.99,0.8443496801705757,705,400,False
model,0.03,0.3,2.5,0.2,score_point,0.20141843971631207,0.3164999999999999,0.0075,0.9925,0.845580404685836,705,400,False
model,0.04,0.4,1.0,0.2,score_point,0.20141843971631207,0.4059999999999999,0.01,0.99,0.8443496801705757,705,400,False
model,0.09,0.2,1.0,0.2,score_point,0.2028368794326241,0.21600000000000003,0.02,0.98,0.8385026737967914,705,400,True
model,0.06,0.2,1.5,0.2,score_point,0.20425531914893616,0.21950000000000003,0.015,0.985,0.840085287846482,705,400,False
model,0.02,0.4,1.5,0.2,score_point,0.20425531914893616,0.40549999999999997,0.005,0.995,0.8450106157112526,705,400,False
model,0.08,0.2,1.0,0.2,score_point,0.20709219858156028,0.21400000000000002,0.0175,0.9825,0.8370607028753994,705,400,True
model,0.04,0.2,2.5,0.2,score_point,0.20709219858156028,0.22299999999999998,0.01,0.99,0.840764331210191,705,400,False
model,0.05,0.3,1.0,0.2,score_point,0.20709219858156028,0.3087499999999999,0.0125,0.9875,0.8395324123273115,705,400,False
model,0.01,0.4,3.0,0.2,score_point,0.2099290780141844,0.413,0.005,0.995,0.8414376321353064,705,400,False
model,0.01,0.4,3.5,0.2,score_point,0.2099290780141844,0.4155,0.005,0.995,0.8414376321353064,705,400,False
model,0.03,0.3,2.0,0.2,score_point,0.21134751773049645,0.3127499999999999,0.0075,0.9925,0.839323467230444,705,400,False
model,0.05,0.2,1.5,0.2,score_point,0.21560283687943263,0.21625,0.0125,0.9875,0.8342133051742344,705,400,False
model,0.01,0.4,2.5,0.2,score_point,0.21560283687943263,0.4105,0.005,0.995,0.8378947368421051,705,400,False
model,0.07,0.2,1.0,0.2,score_point,0.2170212765957447,0.21400000000000002,0.0175,0.9825,0.8308668076109936,705,400,False
model,0.04,0.2,2.0,0.2,score_point,0.2170212765957447,0.21799999999999997,0.01,0.99,0.8345626975763962,705,400,False
model,0.02,0.3,3.5,0.2,score_point,0.2170212765957447,0.31599999999999995,0.005,0.995,0.8370136698212407,705,400,False
model,0.03,0.4,1.0,0.2,score_point,0.2170212765957447,0.4045,0.0075,0.9925,0.8357894736842105,705,400,False
model,0.0,0.6,1.0,0.2,score_point,0.2170212765957447,0.5999999999999999,0.0,1.0,0.8394543546694648,705,400,False
model,0.0,0.6,1.5,0.2,score_point,0.2170212765957447,0.5999999999999999,0.0,1.0,0.8394543546694648,705,400,False
model,0.0,0.6,2.0,0.2,score_point,0.2170212765957447,0.5999999999999999,0.0,1.0,0.8394543546694648,705,400,False
model,0.0,0.6,2.5,0.2,score_point,0.2170212765957447,0.5999999999999999,0.0,1.0,0.8394543546694648,705,400,False
model,0.0,0.6,3.0,0.2,score_point,0.2170212765957447,0.5999999999999999,0.0,1.0,0.8394543546694648,705,400,False
model,0.0,0.6,3.5,0.2,score_point,0.2170212765957447,0.5999999999999999,0.0,1.0,0.8394543546694648,705,400,False
model,0.02,0.3,3.0,0.2,score_point,0.2198581560283688,0.31349999999999995,0.005,0.995,0.8352570828961174,705,400,False
model,0.04,0.3,1.0,0.2,score_point,0.22411347517730495,0.30699999999999994,0.01,0.99,0.830188679245283,705,400,False
model,0.01,0.4,2.0,0.2,score_point,0.22411347517730495,0.408,0.005,0.995,0.8326359832635983,705,400,False
model,0.03,0.3,1.5,0.2,score_point,0.225531914893617,0.30899999999999994,0.0075,0.9925,0.8305439330543933,705,400,False
model,0.02,0.3,2.5,0.2,score_point,0.225531914893617,0.31099999999999994,0.005,0.995,0.831765935214211,705,400,False
model,0.02,0.4,1.0,0.2,score_point,0.22695035460992907,0.40299999999999997,0.005,0.995,0.8308977035490605,705,400,False
model,0.06,0.2,1.0,0.2,score_point,0.2297872340425532,0.21200000000000002,0.015,0.985,0.8242677824267783,705,400,True
model,0.02,0.3,2.0,0.2,score_point,0.23404255319148937,0.30849999999999994,0.005,0.995,0.8265835929387332,705,400,False
model,0.04,0.2,1.5,0.2,score_point,0.23546099290780143,0.21299999999999997,0.01,0.99,0.8232848232848232,705,400,False
model,0.01,0.4,1.5,0.2,score_point,0.23687943262411348,0.40549999999999997,0.005,0.995,0.8248704663212435,705,400,False
model,0.03,0.2,3.5,0.2,score_point,0.23829787234042554,0.22475,0.0075,0.9925,0.8227979274611399,705,400,False
model,0.05,0.2,1.0,0.2,score_point,0.24113475177304963,0.21,0.0125,0.9875,0.8186528497409327,705,400,True
model,0.03,0.2,3.0,0.2,score_point,0.24113475177304963,0.221,0.0075,0.9925,0.8210961737331955,705,400,False
model,0.03,0.2,2.5,0.2,score_point,0.24680851063829787,0.21725000000000003,0.0075,0.9925,0.8177136972193614,705,400,False
model,0.02,0.3,1.5,0.2,score_point,0.24680851063829787,0.30599999999999994,0.005,0.995,0.8189300411522633,705,400,False
model,0.03,0.3,1.0,0.2,score_point,0.251063829787234,0.3052499999999999,0.0075,0.9925,0.8151950718685831,705,400,False
model,0.01,0.4,1.0,0.2,score_point,0.2553191489361702,0.40299999999999997,0.005,0.995,0.8139059304703476,705,400,False
model,0.03,0.2,2.0,0.2,score_point,0.25673758865248225,0.21350000000000002,0.0075,0.9925,0.8118609406952966,705,400,False
model,0.04,0.2,1.0,0.2,score_point,0.26099290780141843,0.20799999999999996,0.01,0.99,0.8081632653061224,705,400,True
model,0.02,0.3,1.0,0.2,score_point,0.2695035460992908,0.30349999999999994,0.005,0.995,0.805668016194332,705,400,False
model,0.03,0.2,1.5,0.2,score_point,0.27092198581560284,0.20975000000000002,0.0075,0.9925,0.8036437246963563,705,400,False
model,0.02,0.2,3.5,0.2,score_point,0.275177304964539,0.2165,0.005,0.995,0.8024193548387096,705,400,False
model,0.02,0.2,3.0,0.2,score_point,0.27801418439716313,0.214,0.005,0.995,0.800804828973843,705,400,False
model,0.02,0.2,2.5,0.2,score_point,0.28368794326241137,0.2115,0.005,0.995,0.7975951903807615,705,400,False
model,0.01,0.3,3.0,0.2,score_point,0.28368794326241137,0.31349999999999995,0.005,0.995,0.7975951903807615,705,400,False
model,0.01,0.3,3.5,0.2,score_point,0.28368794326241137,0.31599999999999995,0.005,0.995,0.7975951903807615,705,400,False
model,0.0,0.5,1.0,0.2,score_point,0.28794326241134754,0.5,0.0,1.0,0.7976071784646062,705,400,False
model,0.0,0.5,1.5,0.2,score_point,0.28794326241134754,0.5,0.0,1.0,0.7976071784646062,705,400,False
model,0.0,0.5,2.0,0.2,score_point,0.28794326241134754,0.5,0.0,1.0,0.7976071784646062,705,400,False
model,0.0,0.5,2.5,0.2,score_point,0.28794326241134754,0.5,0.0,1.0,0.7976071784646062,705,400,False
model,0.0,0.5,3.0,0.2,score_point,0.28794326241134754,0.5,0.0,1.0,0.7976071784646062,705,400,False
model,0.0,0.5,3.5,0.2,score_point,0.28794326241134754,0.5,0.0,1.0,0.7976071784646062,705,400,False
model,0.01,0.3,2.5,0.2,score_point,0.28936170212765955,0.31099999999999994,0.005,0.995,0.7944111776447106,705,400,False
model,0.02,0.2,2.0,0.2,score_point,0.29219858156028367,0.209,0.005,0.995,0.7928286852589642,705,400,False
model,0.03,0.2,1.0,0.2,score_point,0.29645390070921984,0.20600000000000002,0.0075,0.9925,0.7892644135188867,705,400,True
model,0.01,0.3,2.0,0.2,score_point,0.2978723404255319,0.30849999999999994,0.005,0.995,0.7896825396825395,705,400,False
model,0.02,0.2,1.5,0.2,score_point,0.3049645390070922,0.2065,0.005,0.995,0.7857847976307994,705,400,False
model,0.01,0.3,1.5,0.2,score_point,0.31063829787234043,0.30599999999999994,0.005,0.995,0.7826941986234022,705,400,False
model,0.02,0.2,1.0,0.2,score_point,0.3276595744680851,0.204,0.005,0.995,0.773566569484937,705,400,True
model,0.01,0.3,1.0,0.2,score_point,0.32907801418439714,0.30349999999999994,0.005,0.995,0.7728155339805824,705,400,False
model,0.01,0.2,3.0,0.2,score_point,0.3617021276595745,0.214,0.005,0.995,0.7559354226020892,705,400,False
model,0.01,0.2,3.5,0.2,score_point,0.3617021276595745,0.2165,0.005,0.995,0.7559354226020892,705,400,False
model,0.01,0.2,2.5,0.2,score_point,0.36737588652482267,0.2115,0.005,0.995,0.7530747398297067,705,400,False
model,0.01,0.2,2.0,0.2,score_point,0.375886524822695,0.209,0.005,0.995,0.7488240827845719,705,400,False
model,0.01,0.2,1.5,0.2,score_point,0.38865248226950355,0.2065,0.005,0.995,0.7425373134328358,705,400,False
model,0.0,0.4,1.0,0.2,score_point,0.4056737588652482,0.4,0.0,1.0,0.7366482504604052,705,400,False
model,0.0,0.4,1.5,0.2,score_point,0.4056737588652482,0.4,0.0,1.0,0.7366482504604052,705,400,False
model,0.0,0.4,2.0,0.2,score_point,0.4056737588652482,0.4,0.0,1.0,0.7366482504604052,705,400,False
model,0.0,0.4,2.5,0.2,score_point,0.4056737588652482,0.4,0.0,1.0,0.7366482504604052,705,400,False
model,0.0,0.4,3.0,0.2,score_point,0.4056737588652482,0.4,0.0,1.0,0.7366482504604052,705,400,False
model,0.0,0.4,3.5,0.2,score_point,0.4056737588652482,0.4,0.0,1.0,0.7366482504604052,705,400,False
model,0.01,0.2,1.0,0.2,score_point,0.40709219858156026,0.204,0.005,0.995,0.7336405529953917,705,400,False
model,0.0,0.3,1.0,0.2,score_point,0.5560283687943263,0.29999999999999993,0.0,1.0,0.6711409395973155,705,400,False
model,0.0,0.3,1.5,0.2,score_point,0.5560283687943263,0.29999999999999993,0.0,1.0,0.6711409395973155,705,400,False
model,0.0,0.3,2.0,0.2,score_point,0.5560283687943263,0.29999999999999993,0.0,1.0,0.6711409395973155,705,400,False
model,0.0,0.3,2.5,0.2,score_point,0.5560283687943263,0.29999999999999993,0.0,1.0,0.6711409395973155,705,400,False
model,0.0,0.3,3.0,0.2,score_point,0.5560283687943263,0.29999999999999993,0.0,1.0,0.6711409395973155,705,400,False
model,0.0,0.3,3.5,0.2,score_point,0.5560283687943263,0.29999999999999993,0.0,1.0,0.6711409395973155,705,400,False
model,0.0,0.2,1.0,0.2,score_point,0.7546099290780142,0.2,0.0,1.0,0.6006006006006006,705,400,True
model,0.0,0.2,1.5,0.2,score_point,0.7546099290780142,0.2,0.0,1.0,0.6006006006006006,705,400,False
model,0.0,0.2,2.0,0.2,score_point,0.7546099290780142,0.2,0.0,1.0,0.6006006006006006,705,400,False
model,0.0,0.2,2.5,0.2,score_point,0.7546099290780142,0.2,0.0,1.0,0.6006006006006006,705,400,False
model,0.0,0.2,3.0,0.2,score_point,0.7546099290780142,0.2,0.0,1.0,0.6006006006006006,705,400,False
model,0.0,0.2,3.5,0.2,score_point,0.7546099290780142,0.2,0.0,1.0,0.6006006006006006,705,400,False
vad,,3.5,3.5,,vad,0.0014184397163120568,3.5,0.0,1.0,0.9987515605493134,705,400,False
vad,,3.0,3.0,,vad,0.005673758865248227,3.0,0.0,1.0,0.9950248756218906,705,400,False
vad,,2.5,2.5,,vad,0.01276595744680851,2.5,0.0,1.0,0.9888751545117428,705,400,False
vad,,2.0,2.0,,vad,0.02553191489361702,2.0,0.0,1.0,0.9779951100244498,705,400,False
vad,,1.5,1.5,,vad,0.05390070921985816,1.5,0.0,1.0,0.954653937947494,705,400,False
vad,,1.0,1.0,,vad,0.09645390070921986,1.0,0.0,1.0,0.9216589861751151,705,400,False
vad,,0.9,0.9,,vad,0.11205673758865248,0.9,0.0,1.0,0.9101251422070534,705,400,False
vad,,0.8,0.8,,vad,0.13191489361702127,0.8,0.0,1.0,0.8958566629339305,705,400,False
vad,,0.7,0.7,,vad,0.16312056737588654,0.7,0.0,1.0,0.8743169398907104,705,400,False
vad,,0.6,0.6,,vad,0.2170212765957447,0.6,0.0,1.0,0.8394543546694648,705,400,False
vad,,0.5,0.5,,vad,0.28794326241134754,0.5,0.0,1.0,0.7976071784646062,705,400,False
vad,,0.4,0.4,,vad,0.4056737588652482,0.4,0.0,1.0,0.7366482504604052,705,400,False
vad,,0.3,0.3,,vad,0.5560283687943263,0.3,0.0,1.0,0.6711409395973155,705,400,False
vad,,0.2,0.2,,vad,0.7546099290780142,0.2,0.0,1.0,0.6006006006006006,705,400,False
