policy_type,threshold,action_delay,timeout,score_point_s,score_mode,cutoff_rate,mean_latency,timeout_rate,detect_rate,f1,n_hold_spans,n_eot_spans,is_pareto
model,0.86,0.8,3.5,0.2,score_point,0.0014184397163120568,2.34575,0.5725,0.4275,0.5979020979020979,705,400,True
model,0.86,0.9,3.5,0.2,score_point,0.0014184397163120568,2.3884999999999996,0.5725,0.4275,0.5979020979020979,705,400,False
model,0.86,1.0,3.5,0.2,score_point,0.0014184397163120568,2.43125,0.5725,0.4275,0.5979020979020979,705,400,False
model,0.87,0.8,3.5,0.2,score_point,0.0014184397163120568,2.4335000000000004,0.605,0.395,0.5652951699463328,705,400,False
model,0.87,0.9,3.5,0.2,score_point,0.0014184397163120568,2.4729999999999994,0.605,0.395,0.5652951699463328,705,400,False
model,0.87,1.0,3.5,0.2,score_point,0.0014184397163120568,2.5125,0.605,0.395,0.5652951699463328,705,400,False
model,0.88,0.8,3.5,0.2,score_point,0.0014184397163120568,2.5685000000000002,0.655,0.345,0.5120593692022263,705,400,False
model,0.88,0.9,3.5,0.2,score_point,0.0014184397163120568,2.603,0.655,0.345,0.5120593692022263,705,400,False
model,0.88,1.0,3.5,0.2,score_point,0.0014184397163120568,2.6375,0.655,0.345,0.5120593692022263,705,400,False
model,0.89,0.8,3.5,0.2,score_point,0.0014184397163120568,2.66975,0.6925,0.3075,0.46946564885496184,705,400,False
model,0.89,0.9,3.5,0.2,score_point,0.0014184397163120568,2.7004999999999995,0.6925,0.3075,0.46946564885496184,705,400,False
model,0.89,1.0,3.5,0.2,score_point,0.0014184397163120568,2.73125,0.6925,0.3075,0.46946564885496184,705,400,False
model,0.9,0.8,3.5,0.2,score_point,0.0014184397163120568,2.7575,0.725,0.275,0.43052837573385516,705,400,False
model,0.9,0.9,3.5,0.2,score_point,0.0014184397163120568,2.785,0.725,0.275,0.43052837573385516,705,400,False
model,0.9,1.0,3.5,0.2,score_point,0.0014184397163120568,2.8125,0.725,0.275,0.43052837573385516,705,400,False
model,0.91,0.8,3.5,0.2,score_point,0.0014184397163120568,2.8520000000000003,0.76,0.24,0.386317907444668,705,400,False
model,0.91,0.9,3.5,0.2,score_point,0.0014184397163120568,2.8760000000000003,0.76,0.24,0.386317907444668,705,400,False
model,0.92,0.5,3.5,0.2,score_point,0.0014184397163120568,2.8925,0.7975,0.2025,0.33609958506224064,705,400,False
model,0.91,1.0,3.5,0.2,score_point,0.0014184397163120568,2.9,0.76,0.24,0.386317907444668,705,400,False
model,0.92,0.6,3.5,0.2,score_point,0.0014184397163120568,2.9127500000000004,0.7975,0.2025,0.33609958506224064,705,400,False
model,0.92,0.7,3.5,0.2,score_point,0.0014184397163120568,2.9329999999999994,0.7975,0.2025,0.33609958506224064,705,400,False
model,0.92,0.8,3.5,0.2,score_point,0.0014184397163120568,2.9532500000000006,0.7975,0.2025,0.33609958506224064,705,400,False
model,0.92,0.9,3.5,0.2,score_point,0.0014184397163120568,2.9734999999999996,0.7975,0.2025,0.33609958506224064,705,400,False
model,0.93,0.5,3.5,0.2,score_point,0.0014184397163120568,2.9825,0.8275,0.1725,0.2936170212765958,705,400,False
model,0.92,1.0,3.5,0.2,score_point,0.0014184397163120568,2.99375,0.7975,0.2025,0.33609958506224064,705,400,False
model,0.93,0.6,3.5,0.2,score_point,0.0014184397163120568,2.99975,0.8275,0.1725,0.2936170212765958,705,400,False
model,0.93,0.7,3.5,0.2,score_point,0.0014184397163120568,3.017,0.8275,0.1725,0.2936170212765958,705,400,False
model,0.93,0.8,3.5,0.2,score_point,0.0014184397163120568,3.03425,0.8275,0.1725,0.2936170212765958,705,400,False
model,0.93,0.9,3.5,0.2,score_point,0.0014184397163120568,3.0515,0.8275,0.1725,0.2936170212765958,705,400,False
model,0.93,1.0,3.5,0.2,score_point,0.0014184397163120568,3.06875,0.8275,0.1725,0.2936170212765958,705,400,False
model,0.94,0.5,3.5,0.2,score_point,0.0014184397163120568,3.125,0.875,0.125,0.22172949002217293,705,400,False
model,0.94,0.6,3.5,0.2,score_point,0.0014184397163120568,3.1375,0.875,0.125,0.22172949002217293,705,400,False
model,0.94,0.7,3.5,0.2,score_point,0.0014184397163120568,3.15,0.875,0.125,0.22172949002217293,705,400,False
model,0.94,0.8,3.5,0.2,score_point,0.0014184397163120568,3.1625,0.875,0.125,0.22172949002217293,705,400,False
model,0.94,0.9,3.5,0.2,score_point,0.0014184397163120568,3.175,0.875,0.125,0.22172949002217293,705,400,False
model,0.94,1.0,3.5,0.2,score_point,0.0014184397163120568,3.1875,0.875,0.125,0.22172949002217293,705,400,False
model,0.95,0.2,3.5,0.2,score_point,0.0014184397163120568,3.3185000000000002,0.945,0.055,0.10401891252955084,705,400,False
model,0.95,0.3,3.5,0.2,score_point,0.0014184397163120568,3.324,0.945,0.055,0.10401891252955084,705,400,False
model,0.95,0.4,3.5,0.2,score_point,0.0014184397163120568,3.3295000000000003,0.945,0.055,0.10401891252955084,705,400,False
model,0.95,0.5,3.5,0.2,score_point,0.0014184397163120568,3.335,0.945,0.055,0.10401891252955084,705,400,False
model,0.95,0.6,3.5,0.2,score_point,0.0014184397163120568,3.3404999999999996,0.945,0.055,0.10401891252955084,705,400,False
model,0.95,0.7,3.5,0.2,score_point,0.0014184397163120568,3.346,0.945,0.055,0.10401891252955084,705,400,False
model,0.95,0.8,3.5,0.2,score_point,0.0014184397163120568,3.3514999999999997,0.945,0.055,0.10401891252955084,705,400,False
model,0.95,0.9,3.5,0.2,score_point,0.0014184397163120568,3.3570000000000007,0.945,0.055,0.10401891252955084,705,400,False
model,0.95,1.0,3.5,0.2,score_point,0.0014184397163120568,3.3625,0.945,0.055,0.10401891252955084,705,400,False
model,0.96,0.2,3.5,0.2,score_point,0.0014184397163120568,3.4010000000000002,0.97,0.03,0.058111380145278446,705,400,False
model,0.96,0.3,3.5,0.2,score_point,0.0014184397163120568,3.404,0.97,0.03,0.058111380145278446,705,400,False
model,0.96,0.4,3.5,0.2,score_point,0.0014184397163120568,3.4070000000000005,0.97,0.03,0.058111380145278446,705,400,False
model,0.96,0.5,3.5,0.2,score_point,0.0014184397163120568,3.41,0.97,0.03,0.058111380145278446,705,400,False
model,0.96,0.6,3.5,0.2,score_point,0.0014184397163120568,3.4129999999999994,0.97,0.03,0.058111380145278446,705,400,False
model,0.96,0.7,3.5,0.2,score_point,0.0014184397163120568,3.4160000000000004,0.97,0.03,0.058111380145278446,705,400,False
model,0.96,0.8,3.5,0.2,score_point,0.0014184397163120568,3.4189999999999996,0.97,0.03,0.058111380145278446,705,400,False
model,0.96,0.9,3.5,0.2,score_point,0.0014184397163120568,3.4220000000000006,0.97,0.03,0.058111380145278446,705,400,False
model,0.96,1.0,3.5,0.2,score_point,0.0014184397163120568,3.425,0.97,0.03,0.058111380145278446,705,400,False
model,0.97,0.2,3.5,0.2,score_point,0.0014184397163120568,3.4339999999999997,0.98,0.02,0.039119804400977995,705,400,False
model,0.97,0.3,3.5,0.2,score_point,0.0014184397163120568,3.4360000000000004,0.98,0.02,0.039119804400977995,705,400,False
model,0.97,0.4,3.5,0.2,score_point,0.0014184397163120568,3.438,0.98,0.02,0.039119804400977995,705,400,False
model,0.97,0.5,3.5,0.2,score_point,0.0014184397163120568,3.44,0.98,0.02,0.039119804400977995,705,400,False
model,0.97,0.6,3.5,0.2,score_point,0.0014184397163120568,3.4419999999999997,0.98,0.02,0.039119804400977995,705,400,False
model,0.97,0.7,3.5,0.2,score_point,0.0014184397163120568,3.444,0.98,0.02,0.039119804400977995,705,400,False
model,0.97,0.8,3.5,0.2,score_point,0.0014184397163120568,3.446,0.98,0.02,0.039119804400977995,705,400,False
model,0.97,0.9,3.5,0.2,score_point,0.0014184397163120568,3.448,0.98,0.02,0.039119804400977995,705,400,False
model,0.97,1.0,3.5,0.2,score_point,0.0014184397163120568,3.45,0.98,0.02,0.039119804400977995,705,400,False
model,0.98,0.2,3.5,0.2,score_point,0.0014184397163120568,3.49175,0.9975,0.0025,0.0049751243781094535,705,400,False
model,0.98,0.3,3.5,0.2,score_point,0.0014184397163120568,3.492,0.9975,0.0025,0.0049751243781094535,705,400,False
model,0.98,0.4,3.5,0.2,score_point,0.0014184397163120568,3.4922500000000003,0.9975,0.0025,0.0049751243781094535,705,400,False
model,0.98,0.5,3.5,0.2,score_point,0.0014184397163120568,3.4925,0.9975,0.0025,0.0049751243781094535,705,400,False
model,0.98,0.6,3.5,0.2,score_point,0.0014184397163120568,3.4927499999999996,0.9975,0.0025,0.0049751243781094535,705,400,False
model,0.98,0.7,3.5,0.2,score_point,0.0014184397163120568,3.4930000000000003,0.9975,0.0025,0.0049751243781094535,705,400,False
model,0.98,0.8,3.5,0.2,score_point,0.0014184397163120568,3.4932499999999997,0.9975,0.0025,0.0049751243781094535,705,400,False
model,0.98,0.9,3.5,0.2,score_point,0.0014184397163120568,3.4935,0.9975,0.0025,0.0049751243781094535,705,400,False
model,0.98,1.0,3.5,0.2,score_point,0.0014184397163120568,3.49375,0.9975,0.0025,0.0049751243781094535,705,400,False
model,0.99,0.2,3.5,0.2,score_point,0.0014184397163120568,3.5,1.0,0.0,0.0,705,400,False
model,1.0,0.2,3.5,0.2,score_point,0.0014184397163120568,3.5,1.0,0.0,0.0,705,400,False
model,0.99,0.3,3.5,0.2,score_point,0.0014184397163120568,3.5,1.0,0.0,0.0,705,400,False
model,1.0,0.3,3.5,0.2,score_point,0.0014184397163120568,3.5,1.0,0.0,0.0,705,400,False
model,0.99,0.4,3.5,0.2,score_point,0.0014184397163120568,3.5,1.0,0.0,0.0,705,400,False
model,1.0,0.4,3.5,0.2,score_point,0.0014184397163120568,3.5,1.0,0.0,0.0,705,400,False
model,0.99,0.5,3.5,0.2,score_point,0.0014184397163120568,3.5,1.0,0.0,0.0,705,400,False
model,1.0,0.5,3.5,0.2,score_point,0.0014184397163120568,3.5,1.0,0.0,0.0,705,400,False
model,0.99,0.6,3.5,0.2,score_point,0.0014184397163120568,3.5,1.0,0.0,0.0,705,400,False
model,1.0,0.6,3.5,0.2,score_point,0.0014184397163120568,3.5,1.0,0.0,0.0,705,400,False
model,0.99,0.7,3.5,0.2,score_point,0.0014184397163120568,3.5,1.0,0.0,0.0,705,400,False
model,1.0,0.7,3.5,0.2,score_point,0.0014184397163120568,3.5,1.0,0.0,0.0,705,400,False
model,0.99,0.8,3.5,0.2,score_point,0.0014184397163120568,3.5,1.0,0.0,0.0,705,400,False
model,1.0,0.8,3.5,0.2,score_point,0.0014184397163120568,3.5,1.0,0.0,0.0,705,400,False
model,0.99,0.9,3.5,0.2,score_point,0.0014184397163120568,3.5,1.0,0.0,0.0,705,400,False
model,1.0,0.9,3.5,0.2,score_point,0.0014184397163120568,3.5,1.0,0.0,0.0,705,400,False
model,0.99,1.0,3.5,0.2,score_point,0.0014184397163120568,3.5,1.0,0.0,0.0,705,400,False
model,1.0,1.0,3.5,0.2,score_point,0.0014184397163120568,3.5,1.0,0.0,0.0,705,400,False
model,0.75,0.8,3.5,0.2,score_point,0.0028368794326241137,1.6167500000000004,0.3025,0.6975,0.8193832599118942,705,400,True
model,0.76,0.8,3.5,0.2,score_point,0.0028368794326241137,1.6775,0.325,0.675,0.8035714285714285,705,400,False
model,0.75,0.9,3.5,0.2,score_point,0.0028368794326241137,1.6864999999999997,0.3025,0.6975,0.8193832599118942,705,400,False
model,0.77,0.8,3.5,0.2,score_point,0.0028368794326241137,1.7045000000000003,0.335,0.665,0.7964071856287427,705,400,False
model,0.76,0.9,3.5,0.2,score_point,0.0028368794326241137,1.7449999999999997,0.325,0.675,0.8035714285714285,705,400,False
model,0.78,0.8,3.5,0.2,score_point,0.0028368794326241137,1.7517500000000004,0.3525,0.6475,0.783661119515885,705,400,False
model,0.75,1.0,3.5,0.2,score_point,0.0028368794326241137,1.75625,0.3025,0.6975,0.8193832599118942,705,400,False
model,0.77,0.9,3.5,0.2,score_point,0.0028368794326241137,1.7709999999999997,0.335,0.665,0.7964071856287427,705,400,False
model,0.79,0.8,3.5,0.2,score_point,0.0028368794326241137,1.7720000000000005,0.36,0.64,0.7781155015197568,705,400,False
model,0.76,1.0,3.5,0.2,score_point,0.0028368794326241137,1.8125,0.325,0.675,0.8035714285714285,705,400,False
model,0.78,0.9,3.5,0.2,score_point,0.0028368794326241137,1.8164999999999998,0.3525,0.6475,0.783661119515885,705,400,False
model,0.79,0.9,3.5,0.2,score_point,0.0028368794326241137,1.8359999999999996,0.36,0.64,0.7781155015197568,705,400,False
model,0.77,1.0,3.5,0.2,score_point,0.0028368794326241137,1.8375,0.335,0.665,0.7964071856287427,705,400,False
model,0.8,0.8,3.5,0.2,score_point,0.0028368794326241137,1.8732500000000005,0.3975,0.6025,0.7496111975116642,705,400,False
model,0.78,1.0,3.5,0.2,score_point,0.0028368794326241137,1.88125,0.3525,0.6475,0.783661119515885,705,400,False
model,0.79,1.0,3.5,0.2,score_point,0.0028368794326241137,1.9,0.36,0.64,0.7781155015197568,705,400,False
model,0.8,0.9,3.5,0.2,score_point,0.0028368794326241137,1.9335,0.3975,0.6025,0.7496111975116642,705,400,False
model,0.81,0.8,3.5,0.2,score_point,0.0028368794326241137,1.9610000000000003,0.43,0.57,0.7238095238095238,705,400,False
model,0.8,1.0,3.5,0.2,score_point,0.0028368794326241137,1.99375,0.3975,0.6025,0.7496111975116642,705,400,False
model,0.81,0.9,3.5,0.2,score_point,0.0028368794326241137,2.018,0.43,0.57,0.7238095238095238,705,400,False
model,0.82,0.8,3.5,0.2,score_point,0.0028368794326241137,2.02175,0.4525,0.5475,0.7053140096618358,705,400,False
model,0.81,1.0,3.5,0.2,score_point,0.0028368794326241137,2.075,0.43,0.57,0.7238095238095238,705,400,False
model,0.82,0.9,3.5,0.2,score_point,0.0028368794326241137,2.0765,0.4525,0.5475,0.7053140096618358,705,400,False
model,0.83,0.8,3.5,0.2,score_point,0.0028368794326241137,2.0825000000000005,0.475,0.525,0.6862745098039217,705,400,False
model,0.82,1.0,3.5,0.2,score_point,0.0028368794326241137,2.13125,0.4525,0.5475,0.7053140096618358,705,400,False
model,0.83,0.9,3.5,0.2,score_point,0.0028368794326241137,2.135,0.475,0.525,0.6862745098039217,705,400,False
model,0.84,0.8,3.5,0.2,score_point,0.0028368794326241137,2.1702500000000002,0.5075,0.4925,0.657762938230384,705,400,False
model,0.83,1.0,3.5,0.2,score_point,0.0028368794326241137,2.1875,0.475,0.525,0.6862745098039217,705,400,False
model,0.84,0.9,3.5,0.2,score_point,0.0028368794326241137,2.2195,0.5075,0.4925,0.657762938230384,705,400,False
model,0.85,0.8,3.5,0.2,score_point,0.0028368794326241137,2.2647500000000003,0.5425,0.4575,0.6256410256410256,705,400,False
model,0.84,1.0,3.5,0.2,score_point,0.0028368794326241137,2.26875,0.5075,0.4925,0.657762938230384,705,400,False
model,0.86,0.7,3.5,0.2,score_point,0.0028368794326241137,2.303,0.5725,0.4275,0.5968586387434555,705,400,False
model,0.85,0.9,3.5,0.2,score_point,0.0028368794326241137,2.3104999999999993,0.5425,0.4575,0.6256410256410256,705,400,False
model,0.85,1.0,3.5,0.2,score_point,0.0028368794326241137,2.35625,0.5425,0.4575,0.6256410256410256,705,400,False
model,0.87,0.7,3.5,0.2,score_point,0.0028368794326241137,2.3939999999999997,0.605,0.395,0.5642857142857143,705,400,False
model,0.88,0.7,3.5,0.2,score_point,0.0028368794326241137,2.534,0.655,0.345,0.5111111111111111,705,400,False
model,0.89,0.7,3.5,0.2,score_point,0.0028368794326241137,2.639,0.6925,0.3075,0.4685714285714286,705,400,False
model,0.9,0.7,3.5,0.2,score_point,0.0028368794326241137,2.73,0.725,0.275,0.4296875,705,400,False
model,0.91,0.5,3.5,0.2,score_point,0.0028368794326241137,2.78,0.76,0.24,0.38554216867469876,705,400,False
model,0.91,0.6,3.5,0.2,score_point,0.0028368794326241137,2.8040000000000003,0.76,0.24,0.38554216867469876,705,400,False
model,0.91,0.7,3.5,0.2,score_point,0.0028368794326241137,2.8279999999999994,0.76,0.24,0.38554216867469876,705,400,False
model,0.92,0.3,3.5,0.2,score_point,0.0028368794326241137,2.8520000000000003,0.7975,0.2025,0.33540372670807456,705,400,False
model,0.92,0.4,3.5,0.2,score_point,0.0028368794326241137,2.8722499999999997,0.7975,0.2025,0.33540372670807456,705,400,False
model,0.93,0.3,3.5,0.2,score_point,0.0028368794326241137,2.948,0.8275,0.1725,0.29299363057324845,705,400,False
model,0.93,0.4,3.5,0.2,score_point,0.0028368794326241137,2.9652499999999997,0.8275,0.1725,0.29299363057324845,705,400,False
model,0.94,0.2,3.5,0.2,score_point,0.0028368794326241137,3.0875,0.875,0.125,0.22123893805309733,705,400,False
model,0.94,0.3,3.5,0.2,score_point,0.0028368794326241137,3.1,0.875,0.125,0.22123893805309733,705,400,False
model,0.94,0.4,3.5,0.2,score_point,0.0028368794326241137,3.1125,0.875,0.125,0.22123893805309733,705,400,False
model,0.75,0.7,3.5,0.2,score_point,0.00425531914893617,1.5469999999999997,0.3025,0.6975,0.8181818181818183,705,400,True
model,0.74,0.8,3.5,0.2,score_point,0.00425531914893617,1.5897500000000002,0.2925,0.7075,0.825072886297376,705,400,False
model,0.76,0.7,3.5,0.2,score_point,0.00425531914893617,1.61,0.325,0.675,0.8023774145616642,705,400,False
model,0.77,0.7,3.5,0.2,score_point,0.00425531914893617,1.6379999999999995,0.335,0.665,0.7952167414050823,705,400,False
model,0.74,0.9,3.5,0.2,score_point,0.00425531914893617,1.6604999999999999,0.2925,0.7075,0.825072886297376,705,400,False
model,0.78,0.7,3.5,0.2,score_point,0.00425531914893617,1.6869999999999996,0.3525,0.6475,0.7824773413897281,705,400,False
model,0.79,0.7,3.5,0.2,score_point,0.00425531914893617,1.7079999999999995,0.36,0.64,0.7769347496206375,705,400,False
model,0.74,1.0,3.5,0.2,score_point,0.00425531914893617,1.73125,0.2925,0.7075,0.825072886297376,705,400,False
model,0.8,0.7,3.5,0.2,score_point,0.00425531914893617,1.8129999999999995,0.3975,0.6025,0.748447204968944,705,400,False
model,0.81,0.7,3.5,0.2,score_point,0.00425531914893617,1.9039999999999997,0.43,0.57,0.722662440570523,705,400,False
model,0.82,0.7,3.5,0.2,score_point,0.00425531914893617,1.9669999999999999,0.4525,0.5475,0.7041800643086817,705,400,False
model,0.83,0.7,3.5,0.2,score_point,0.00425531914893617,2.03,0.475,0.525,0.6851549755301795,705,400,False
model,0.84,0.7,3.5,0.2,score_point,0.00425531914893617,2.1209999999999996,0.5075,0.4925,0.6566666666666666,705,400,False
model,0.85,0.7,3.5,0.2,score_point,0.00425531914893617,2.219,0.5425,0.4575,0.6245733788395904,705,400,False
model,0.86,0.6,3.5,0.2,score_point,0.00425531914893617,2.26025,0.5725,0.4275,0.5958188153310106,705,400,False
model,0.87,0.6,3.5,0.2,score_point,0.00425531914893617,2.3545000000000003,0.605,0.395,0.5632798573975045,705,400,False
model,0.88,0.6,3.5,0.2,score_point,0.00425531914893617,2.4995,0.655,0.345,0.510166358595194,705,400,False
model,0.89,0.6,3.5,0.2,score_point,0.00425531914893617,2.60825,0.6925,0.3075,0.467680608365019,705,400,False
model,0.9,0.5,3.5,0.2,score_point,0.00425531914893617,2.675,0.725,0.275,0.4288499025341131,705,400,False
model,0.9,0.6,3.5,0.2,score_point,0.00425531914893617,2.7025,0.725,0.275,0.4288499025341131,705,400,False
model,0.91,0.3,3.5,0.2,score_point,0.00425531914893617,2.7320000000000007,0.76,0.24,0.3847695390781563,705,400,False
model,0.91,0.4,3.5,0.2,score_point,0.00425531914893617,2.756,0.76,0.24,0.3847695390781563,705,400,False
model,0.93,0.2,3.5,0.2,score_point,0.00425531914893617,2.9307499999999997,0.8275,0.1725,0.2923728813559322,705,400,False
model,0.75,0.6,3.5,0.2,score_point,0.005673758865248227,1.47725,0.3025,0.6975,0.8169838945827231,705,400,True
model,0.74,0.7,3.5,0.2,score_point,0.005673758865248227,1.5189999999999997,0.2925,0.7075,0.8238719068413392,705,400,False
model,0.72,0.8,3.5,0.2,score_point,0.005673758865248227,1.5290000000000004,0.27,0.73,0.839080459770115,705,400,False
model,0.76,0.6,3.5,0.2,score_point,0.005673758865248227,1.5425,0.325,0.675,0.8011869436201781,705,400,False
model,0.73,0.8,3.5,0.2,score_point,0.005673758865248227,1.5492500000000005,0.2775,0.7225,0.834054834054834,705,400,False
model,0.77,0.6,3.5,0.2,score_point,0.005673758865248227,1.5715000000000001,0.335,0.665,0.7940298507462686,705,400,False
model,0.72,0.9,3.5,0.2,score_point,0.005673758865248227,1.6019999999999999,0.27,0.73,0.839080459770115,705,400,False
model,0.73,0.9,3.5,0.2,score_point,0.005673758865248227,1.6214999999999997,0.2775,0.7225,0.834054834054834,705,400,False
model,0.78,0.6,3.5,0.2,score_point,0.005673758865248227,1.6222500000000002,0.3525,0.6475,0.7812971342383107,705,400,False
model,0.79,0.6,3.5,0.2,score_point,0.005673758865248227,1.6440000000000001,0.36,0.64,0.7757575757575756,705,400,False
model,0.72,1.0,3.5,0.2,score_point,0.005673758865248227,1.675,0.27,0.73,0.839080459770115,705,400,False
model,0.73,1.0,3.5,0.2,score_point,0.005673758865248227,1.69375,0.2775,0.7225,0.834054834054834,705,400,False
model,0.8,0.6,3.5,0.2,score_point,0.005673758865248227,1.75275,0.3975,0.6025,0.7472868217054264,705,400,False
model,0.81,0.6,3.5,0.2,score_point,0.005673758865248227,1.8470000000000002,0.43,0.57,0.721518987341772,705,400,False
model,0.82,0.6,3.5,0.2,score_point,0.005673758865248227,1.9122500000000002,0.4525,0.5475,0.7030497592295345,705,400,False
model,0.83,0.6,3.5,0.2,score_point,0.005673758865248227,1.9775,0.475,0.525,0.6840390879478827,705,400,False
model,0.86,0.8,3.0,0.2,score_point,0.005673758865248227,2.0595,0.5725,0.4275,0.5947826086956521,705,400,False
model,0.84,0.6,3.5,0.2,score_point,0.005673758865248227,2.07175,0.5075,0.4925,0.6555740432612313,705,400,False
model,0.86,0.9,3.0,0.2,score_point,0.005673758865248227,2.1022499999999997,0.5725,0.4275,0.5947826086956521,705,400,False
model,0.87,0.8,3.0,0.2,score_point,0.005673758865248227,2.1310000000000002,0.605,0.395,0.5622775800711745,705,400,False
model,0.86,1.0,3.0,0.2,score_point,0.005673758865248227,2.145,0.5725,0.4275,0.5947826086956521,705,400,False
model,0.87,0.9,3.0,0.2,score_point,0.005673758865248227,2.1704999999999997,0.605,0.395,0.5622775800711745,705,400,False
model,0.85,0.6,3.5,0.2,score_point,0.005673758865248227,2.1732500000000003,0.5425,0.4575,0.6235093696763203,705,400,False
model,0.87,1.0,3.0,0.2,score_point,0.005673758865248227,2.21,0.605,0.395,0.5622775800711745,705,400,False
model,0.88,0.8,3.0,0.2,score_point,0.005673758865248227,2.241,0.655,0.345,0.5092250922509225,705,400,False
model,0.88,0.9,3.0,0.2,score_point,0.005673758865248227,2.2755,0.655,0.345,0.5092250922509225,705,400,False
model,0.88,1.0,3.0,0.2,score_point,0.005673758865248227,2.31,0.655,0.345,0.5092250922509225,705,400,False
model,0.89,0.8,3.0,0.2,score_point,0.005673758865248227,2.3235,0.6925,0.3075,0.4667931688804554,705,400,False
model,0.89,0.9,3.0,0.2,score_point,0.005673758865248227,2.35425,0.6925,0.3075,0.4667931688804554,705,400,False
model,0.89,1.0,3.0,0.2,score_point,0.005673758865248227,2.385,0.6925,0.3075,0.4667931688804554,705,400,False
model,0.9,0.8,3.0,0.2,score_point,0.005673758865248227,2.395,0.725,0.275,0.4280155642023347,705,400,False
model,0.9,0.9,3.0,0.2,score_point,0.005673758865248227,2.4225,0.725,0.275,0.4280155642023347,705,400,False
model,0.9,1.0,3.0,0.2,score_point,0.005673758865248227,2.45,0.725,0.275,0.4280155642023347,705,400,False
model,0.91,0.8,3.0,0.2,score_point,0.005673758865248227,2.472,0.76,0.24,0.384,705,400,False
model,0.92,0.5,3.0,0.2,score_point,0.005673758865248227,2.49375,0.7975,0.2025,0.33402061855670107,705,400,False
model,0.91,0.9,3.0,0.2,score_point,0.005673758865248227,2.4959999999999996,0.76,0.24,0.384,705,400,False
model,0.92,0.6,3.0,0.2,score_point,0.005673758865248227,2.5140000000000002,0.7975,0.2025,0.33402061855670107,705,400,False
model,0.91,1.0,3.0,0.2,score_point,0.005673758865248227,2.52,0.76,0.24,0.384,705,400,False
model,0.92,0.7,3.0,0.2,score_point,0.005673758865248227,2.5342499999999997,0.7975,0.2025,0.33402061855670107,705,400,False
model,0.92,0.8,3.0,0.2,score_point,0.005673758865248227,2.5545,0.7975,0.2025,0.33402061855670107,705,400,False
model,0.93,0.5,3.0,0.2,score_point,0.005673758865248227,2.56875,0.8275,0.1725,0.2917547568710359,705,400,False
model,0.92,0.9,3.0,0.2,score_point,0.005673758865248227,2.57475,0.7975,0.2025,0.33402061855670107,705,400,False
model,0.89,0.5,3.5,0.2,score_point,0.005673758865248227,2.5775,0.6925,0.3075,0.4667931688804554,705,400,False
model,0.93,0.6,3.0,0.2,score_point,0.005673758865248227,2.5860000000000003,0.8275,0.1725,0.2917547568710359,705,400,False
model,0.92,1.0,3.0,0.2,score_point,0.005673758865248227,2.595,0.7975,0.2025,0.33402061855670107,705,400,False
model,0.93,0.7,3.0,0.2,score_point,0.005673758865248227,2.60325,0.8275,0.1725,0.2917547568710359,705,400,False
model,0.9,0.3,3.5,0.2,score_point,0.005673758865248227,2.62,0.725,0.275,0.4280155642023347,705,400,False
model,0.93,0.8,3.0,0.2,score_point,0.005673758865248227,2.6205000000000003,0.8275,0.1725,0.2917547568710359,705,400,False
model,0.93,0.9,3.0,0.2,score_point,0.005673758865248227,2.6377499999999996,0.8275,0.1725,0.2917547568710359,705,400,False
model,0.9,0.4,3.5,0.2,score_point,0.005673758865248227,2.6475,0.725,0.275,0.4280155642023347,705,400,False
model,0.93,1.0,3.0,0.2,score_point,0.005673758865248227,2.655,0.8275,0.1725,0.2917547568710359,705,400,False
model,0.94,0.5,3.0,0.2,score_point,0.005673758865248227,2.6875,0.875,0.125,0.2202643171806167,705,400,False
model,0.94,0.6,3.0,0.2,score_point,0.005673758865248227,2.7,0.875,0.125,0.2202643171806167,705,400,False
model,0.94,0.7,3.0,0.2,score_point,0.005673758865248227,2.7125,0.875,0.125,0.2202643171806167,705,400,False
model,0.94,0.8,3.0,0.2,score_point,0.005673758865248227,2.725,0.875,0.125,0.2202643171806167,705,400,False
model,0.94,0.9,3.0,0.2,score_point,0.005673758865248227,2.7375,0.875,0.125,0.2202643171806167,705,400,False
model,0.94,1.0,3.0,0.2,score_point,0.005673758865248227,2.75,0.875,0.125,0.2202643171806167,705,400,False
model,0.92,0.2,3.5,0.2,score_point,0.005673758865248227,2.8317499999999995,0.7975,0.2025,0.33402061855670107,705,400,False
model,0.95,0.2,3.0,0.2,score_point,0.005673758865248227,2.846,0.945,0.055,0.10328638497652581,705,400,False
model,0.95,0.3,3.0,0.2,score_point,0.005673758865248227,2.8514999999999997,0.945,0.055,0.10328638497652581,705,400,False
model,0.95,0.4,3.0,0.2,score_point,0.005673758865248227,2.8570000000000007,0.945,0.055,0.10328638497652581,705,400,False
model,0.95,0.5,3.0,0.2,score_point,0.005673758865248227,2.8625,0.945,0.055,0.10328638497652581,705,400,False
model,0.95,0.6,3.0,0.2,score_point,0.005673758865248227,2.8679999999999994,0.945,0.055,0.10328638497652581,705,400,False
model,0.95,0.7,3.0,0.2,score_point,0.005673758865248227,2.8735000000000004,0.945,0.055,0.10328638497652581,705,400,False
model,0.95,0.8,3.0,0.2,score_point,0.005673758865248227,2.8789999999999996,0.945,0.055,0.10328638497652581,705,400,False
model,0.95,0.9,3.0,0.2,score_point,0.005673758865248227,2.8845000000000005,0.945,0.055,0.10328638497652581,705,400,False
model,0.95,1.0,3.0,0.2,score_point,0.005673758865248227,2.89,0.945,0.055,0.10328638497652581,705,400,False
model,0.96,0.2,3.0,0.2,score_point,0.005673758865248227,2.9160000000000004,0.97,0.03,0.05769230769230769,705,400,False
model,0.96,0.3,3.0,0.2,score_point,0.005673758865248227,2.9189999999999996,0.97,0.03,0.05769230769230769,705,400,False
model,0.96,0.4,3.0,0.2,score_point,0.005673758865248227,2.9220000000000006,0.97,0.03,0.05769230769230769,705,400,False
model,0.96,0.5,3.0,0.2,score_point,0.005673758865248227,2.925,0.97,0.03,0.05769230769230769,705,400,False
model,0.96,0.6,3.0,0.2,score_point,0.005673758865248227,2.9279999999999995,0.97,0.03,0.05769230769230769,705,400,False
model,0.96,0.7,3.0,0.2,score_point,0.005673758865248227,2.931,0.97,0.03,0.05769230769230769,705,400,False
model,0.96,0.8,3.0,0.2,score_point,0.005673758865248227,2.9339999999999997,0.97,0.03,0.05769230769230769,705,400,False
model,0.96,0.9,3.0,0.2,score_point,0.005673758865248227,2.9370000000000003,0.97,0.03,0.05769230769230769,705,400,False
model,0.96,1.0,3.0,0.2,score_point,0.005673758865248227,2.94,0.97,0.03,0.05769230769230769,705,400,False
model,0.97,0.2,3.0,0.2,score_point,0.005673758865248227,2.944,0.98,0.02,0.038834951456310676,705,400,False
model,0.97,0.3,3.0,0.2,score_point,0.005673758865248227,2.946,0.98,0.02,0.038834951456310676,705,400,False
model,0.97,0.4,3.0,0.2,score_point,0.005673758865248227,2.948,0.98,0.02,0.038834951456310676,705,400,False
model,0.97,0.5,3.0,0.2,score_point,0.005673758865248227,2.95,0.98,0.02,0.038834951456310676,705,400,False
model,0.97,0.6,3.0,0.2,score_point,0.005673758865248227,2.952,0.98,0.02,0.038834951456310676,705,400,False
model,0.97,0.7,3.0,0.2,score_point,0.005673758865248227,2.9539999999999997,0.98,0.02,0.038834951456310676,705,400,False
model,0.97,0.8,3.0,0.2,score_point,0.005673758865248227,2.9560000000000004,0.98,0.02,0.038834951456310676,705,400,False
model,0.97,0.9,3.0,0.2,score_point,0.005673758865248227,2.958,0.98,0.02,0.038834951456310676,705,400,False
model,0.97,1.0,3.0,0.2,score_point,0.005673758865248227,2.96,0.98,0.02,0.038834951456310676,705,400,False
model,0.98,0.2,3.0,0.2,score_point,0.005673758865248227,2.9930000000000003,0.9975,0.0025,0.0049382716049382715,705,400,False
model,0.98,0.3,3.0,0.2,score_point,0.005673758865248227,2.9932499999999997,0.9975,0.0025,0.0049382716049382715,705,400,False
model,0.98,0.4,3.0,0.2,score_point,0.005673758865248227,2.9935,0.9975,0.0025,0.0049382716049382715,705,400,False
model,0.98,0.5,3.0,0.2,score_point,0.005673758865248227,2.99375,0.9975,0.0025,0.0049382716049382715,705,400,False
model,0.98,0.6,3.0,0.2,score_point,0.005673758865248227,2.9939999999999998,0.9975,0.0025,0.0049382716049382715,705,400,False
model,0.98,0.7,3.0,0.2,score_point,0.005673758865248227,2.99425,0.9975,0.0025,0.0049382716049382715,705,400,False
model,0.98,0.8,3.0,0.2,score_point,0.005673758865248227,2.9945,0.9975,0.0025,0.0049382716049382715,705,400,False
model,0.98,0.9,3.0,0.2,score_point,0.005673758865248227,2.9947500000000002,0.9975,0.0025,0.0049382716049382715,705,400,False
model,0.98,1.0,3.0,0.2,score_point,0.005673758865248227,2.995,0.9975,0.0025,0.0049382716049382715,705,400,False
model,0.99,0.2,3.0,0.2,score_point,0.005673758865248227,3.0,1.0,0.0,0.0,705,400,False
model,1.0,0.2,3.0,0.2,score_point,0.005673758865248227,3.0,1.0,0.0,0.0,705,400,False
model,0.99,0.3,3.0,0.2,score_point,0.005673758865248227,3.0,1.0,0.0,0.0,705,400,False
model,1.0,0.3,3.0,0.2,score_point,0.005673758865248227,3.0,1.0,0.0,0.0,705,400,False
model,0.99,0.4,3.0,0.2,score_point,0.005673758865248227,3.0,1.0,0.0,0.0,705,400,False
model,1.0,0.4,3.0,0.2,score_point,0.005673758865248227,3.0,1.0,0.0,0.0,705,400,False
model,0.99,0.5,3.0,0.2,score_point,0.005673758865248227,3.0,1.0,0.0,0.0,705,400,False
model,1.0,0.5,3.0,0.2,score_point,0.005673758865248227,3.0,1.0,0.0,0.0,705,400,False
model,0.99,0.6,3.0,0.2,score_point,0.005673758865248227,3.0,1.0,0.0,0.0,705,400,False
model,1.0,0.6,3.0,0.2,score_point,0.005673758865248227,3.0,1.0,0.0,0.0,705,400,False
model,0.99,0.7,3.0,0.2,score_point,0.005673758865248227,3.0,1.0,0.0,0.0,705,400,False
model,1.0,0.7,3.0,0.2,score_point,0.005673758865248227,3.0,1.0,0.0,0.0,705,400,False
model,0.99,0.8,3.0,0.2,score_point,0.005673758865248227,3.0,1.0,0.0,0.0,705,400,False
model,1.0,0.8,3.0,0.2,score_point,0.005673758865248227,3.0,1.0,0.0,0.0,705,400,False
model,0.99,0.9,3.0,0.2,score_point,0.005673758865248227,3.0,1.0,0.0,0.0,705,400,False
model,1.0,0.9,3.0,0.2,score_point,0.005673758865248227,3.0,1.0,0.0,0.0,705,400,False
model,0.99,1.0,3.0,0.2,score_point,0.005673758865248227,3.0,1.0,0.0,0.0,705,400,False
model,1.0,1.0,3.0,0.2,score_point,0.005673758865248227,3.0,1.0,0.0,0.0,705,400,False
model,0.74,0.6,3.5,0.2,score_point,0.0070921985815602835,1.4482500000000003,0.2925,0.7075,0.8226744186046512,705,400,True
model,0.72,0.7,3.5,0.2,score_point,0.0070921985815602835,1.4559999999999997,0.27,0.73,0.8378766140602582,705,400,False
model,0.75,0.8,3.0,0.2,score_point,0.0070921985815602835,1.4655000000000005,0.3025,0.6975,0.8157894736842104,705,400,False
model,0.73,0.7,3.5,0.2,score_point,0.0070921985815602835,1.4769999999999996,0.2775,0.7225,0.8328530259365995,705,400,False
model,0.76,0.8,3.0,0.2,score_point,0.0070921985815602835,1.515,0.325,0.675,0.8,705,400,False
model,0.75,0.9,3.0,0.2,score_point,0.0070921985815602835,1.5352499999999998,0.3025,0.6975,0.8157894736842104,705,400,False
model,0.77,0.8,3.0,0.2,score_point,0.0070921985815602835,1.5370000000000004,0.335,0.665,0.7928464977645305,705,400,False
model,0.78,0.8,3.0,0.2,score_point,0.0070921985815602835,1.5755000000000003,0.3525,0.6475,0.7801204819277109,705,400,False
model,0.76,0.9,3.0,0.2,score_point,0.0070921985815602835,1.5825,0.325,0.675,0.8,705,400,False
model,0.79,0.8,3.0,0.2,score_point,0.0070921985815602835,1.5920000000000005,0.36,0.64,0.7745839636913767,705,400,False
model,0.77,0.9,3.0,0.2,score_point,0.0070921985815602835,1.6034999999999997,0.335,0.665,0.7928464977645305,705,400,False
model,0.75,1.0,3.0,0.2,score_point,0.0070921985815602835,1.605,0.3025,0.6975,0.8157894736842104,705,400,False
model,0.78,0.9,3.0,0.2,score_point,0.0070921985815602835,1.6402499999999998,0.3525,0.6475,0.7801204819277109,705,400,False
model,0.76,1.0,3.0,0.2,score_point,0.0070921985815602835,1.65,0.325,0.675,0.8,705,400,False
model,0.79,0.9,3.0,0.2,score_point,0.0070921985815602835,1.6559999999999997,0.36,0.64,0.7745839636913767,705,400,False
model,0.77,1.0,3.0,0.2,score_point,0.0070921985815602835,1.67,0.335,0.665,0.7928464977645305,705,400,False
model,0.8,0.8,3.0,0.2,score_point,0.0070921985815602835,1.6745,0.3975,0.6025,0.7461300309597524,705,400,False
model,0.78,1.0,3.0,0.2,score_point,0.0070921985815602835,1.705,0.3525,0.6475,0.7801204819277109,705,400,False
model,0.79,1.0,3.0,0.2,score_point,0.0070921985815602835,1.72,0.36,0.64,0.7745839636913767,705,400,False
model,0.8,0.9,3.0,0.2,score_point,0.0070921985815602835,1.73475,0.3975,0.6025,0.7461300309597524,705,400,False
model,0.81,0.8,3.0,0.2,score_point,0.0070921985815602835,1.7460000000000002,0.43,0.57,0.7203791469194312,705,400,False
model,0.8,1.0,3.0,0.2,score_point,0.0070921985815602835,1.795,0.3975,0.6025,0.7461300309597524,705,400,False
model,0.82,0.8,3.0,0.2,score_point,0.0070921985815602835,1.7955,0.4525,0.5475,0.7019230769230769,705,400,False
model,0.81,0.9,3.0,0.2,score_point,0.0070921985815602835,1.803,0.43,0.57,0.7203791469194312,705,400,False
model,0.83,0.8,3.0,0.2,score_point,0.0070921985815602835,1.8450000000000002,0.475,0.525,0.6829268292682928,705,400,False
model,0.82,0.9,3.0,0.2,score_point,0.0070921985815602835,1.8502499999999997,0.4525,0.5475,0.7019230769230769,705,400,False
model,0.81,1.0,3.0,0.2,score_point,0.0070921985815602835,1.86,0.43,0.57,0.7203791469194312,705,400,False
model,0.83,0.9,3.0,0.2,score_point,0.0070921985815602835,1.8975,0.475,0.525,0.6829268292682928,705,400,False
model,0.82,1.0,3.0,0.2,score_point,0.0070921985815602835,1.905,0.4525,0.5475,0.7019230769230769,705,400,False
model,0.84,0.8,3.0,0.2,score_point,0.0070921985815602835,1.9165000000000003,0.5075,0.4925,0.6544850498338871,705,400,False
model,0.83,1.0,3.0,0.2,score_point,0.0070921985815602835,1.95,0.475,0.525,0.6829268292682928,705,400,False
model,0.84,0.9,3.0,0.2,score_point,0.0070921985815602835,1.9657499999999999,0.5075,0.4925,0.6544850498338871,705,400,False
model,0.85,0.8,3.0,0.2,score_point,0.0070921985815602835,1.9935000000000005,0.5425,0.4575,0.6224489795918369,705,400,False
model,0.84,1.0,3.0,0.2,score_point,0.0070921985815602835,2.015,0.5075,0.4925,0.6544850498338871,705,400,False
model,0.86,0.7,3.0,0.2,score_point,0.0070921985815602835,2.01675,0.5725,0.4275,0.59375,705,400,False
model,0.85,0.9,3.0,0.2,score_point,0.0070921985815602835,2.0392499999999996,0.5425,0.4575,0.6224489795918369,705,400,False
model,0.85,1.0,3.0,0.2,score_point,0.0070921985815602835,2.085,0.5425,0.4575,0.6224489795918369,705,400,False
model,0.87,0.7,3.0,0.2,score_point,0.0070921985815602835,2.0915,0.605,0.395,0.5612788632326821,705,400,False
model,0.88,0.7,3.0,0.2,score_point,0.0070921985815602835,2.2064999999999997,0.655,0.345,0.5082872928176795,705,400,False
model,0.86,0.5,3.5,0.2,score_point,0.0070921985815602835,2.2175,0.5725,0.4275,0.59375,705,400,False
model,0.89,0.7,3.0,0.2,score_point,0.0070921985815602835,2.29275,0.6925,0.3075,0.46590909090909083,705,400,False
model,0.87,0.5,3.5,0.2,score_point,0.0070921985815602835,2.315,0.605,0.395,0.5612788632326821,705,400,False
model,0.9,0.7,3.0,0.2,score_point,0.0070921985815602835,2.3675,0.725,0.275,0.42718446601941745,705,400,False
model,0.91,0.5,3.0,0.2,score_point,0.0070921985815602835,2.4,0.76,0.24,0.3832335329341317,705,400,False
model,0.91,0.6,3.0,0.2,score_point,0.0070921985815602835,2.4240000000000004,0.76,0.24,0.3832335329341317,705,400,False
model,0.91,0.7,3.0,0.2,score_point,0.0070921985815602835,2.448,0.76,0.24,0.3832335329341317,705,400,False
model,0.92,0.3,3.0,0.2,score_point,0.0070921985815602835,2.45325,0.7975,0.2025,0.3333333333333333,705,400,False
model,0.88,0.5,3.5,0.2,score_point,0.0070921985815602835,2.465,0.655,0.345,0.5082872928176795,705,400,False
model,0.92,0.4,3.0,0.2,score_point,0.0070921985815602835,2.4734999999999996,0.7975,0.2025,0.3333333333333333,705,400,False
model,0.93,0.3,3.0,0.2,score_point,0.0070921985815602835,2.53425,0.8275,0.1725,0.2911392405063291,705,400,False
model,0.89,0.4,3.5,0.2,score_point,0.0070921985815602835,2.5467500000000003,0.6925,0.3075,0.46590909090909083,705,400,False
model,0.93,0.4,3.0,0.2,score_point,0.0070921985815602835,2.5515,0.8275,0.1725,0.2911392405063291,705,400,False
model,0.94,0.2,3.0,0.2,score_point,0.0070921985815602835,2.65,0.875,0.125,0.21978021978021975,705,400,False
model,0.94,0.3,3.0,0.2,score_point,0.0070921985815602835,2.6625,0.875,0.125,0.21978021978021975,705,400,False
model,0.94,0.4,3.0,0.2,score_point,0.0070921985815602835,2.675,0.875,0.125,0.21978021978021975,705,400,False
model,0.91,0.2,3.5,0.2,score_point,0.0070921985815602835,2.7079999999999997,0.76,0.24,0.3832335329341317,705,400,False
model,0.72,0.6,3.5,0.2,score_point,0.00851063829787234,1.3829999999999998,0.27,0.73,0.836676217765043,705,400,True
model,0.75,0.7,3.0,0.2,score_point,0.00851063829787234,1.3957499999999998,0.3025,0.6975,0.8145985401459854,705,400,False
model,0.73,0.6,3.5,0.2,score_point,0.00851063829787234,1.40475,0.2775,0.7225,0.8316546762589928,705,400,False
model,0.74,0.8,3.0,0.2,score_point,0.00851063829787234,1.4435000000000002,0.2925,0.7075,0.8214804063860667,705,400,False
model,0.76,0.7,3.0,0.2,score_point,0.00851063829787234,1.4475,0.325,0.675,0.7988165680473374,705,400,False
model,0.77,0.7,3.0,0.2,score_point,0.00851063829787234,1.4704999999999995,0.335,0.665,0.7916666666666666,705,400,False
model,0.7,0.8,3.5,0.2,score_point,0.00851063829787234,1.4750000000000003,0.25,0.75,0.8498583569405098,705,400,False
model,0.71,0.8,3.5,0.2,score_point,0.00851063829787234,1.5020000000000002,0.26,0.74,0.8433048433048433,705,400,False
model,0.78,0.7,3.0,0.2,score_point,0.00851063829787234,1.5107499999999996,0.3525,0.6475,0.7789473684210526,705,400,False
model,0.74,0.9,3.0,0.2,score_point,0.00851063829787234,1.5142499999999999,0.2925,0.7075,0.8214804063860667,705,400,False
model,0.79,0.7,3.0,0.2,score_point,0.00851063829787234,1.5279999999999996,0.36,0.64,0.7734138972809668,705,400,False
model,0.7,0.9,3.5,0.2,score_point,0.00851063829787234,1.55,0.25,0.75,0.8498583569405098,705,400,False
model,0.78,0.5,3.5,0.2,score_point,0.00851063829787234,1.5575,0.3525,0.6475,0.7789473684210526,705,400,False
model,0.71,0.9,3.5,0.2,score_point,0.00851063829787234,1.5759999999999998,0.26,0.74,0.8433048433048433,705,400,False
model,0.79,0.5,3.5,0.2,score_point,0.00851063829787234,1.58,0.36,0.64,0.7734138972809668,705,400,False
model,0.74,1.0,3.0,0.2,score_point,0.00851063829787234,1.585,0.2925,0.7075,0.8214804063860667,705,400,False
model,0.8,0.7,3.0,0.2,score_point,0.00851063829787234,1.6142499999999997,0.3975,0.6025,0.7449768160741885,705,400,False
model,0.7,1.0,3.5,0.2,score_point,0.00851063829787234,1.625,0.25,0.75,0.8498583569405098,705,400,False
model,0.71,1.0,3.5,0.2,score_point,0.00851063829787234,1.65,0.26,0.74,0.8433048433048433,705,400,False
model,0.81,0.7,3.0,0.2,score_point,0.00851063829787234,1.6889999999999998,0.43,0.57,0.7192429022082019,705,400,False
model,0.8,0.5,3.5,0.2,score_point,0.00851063829787234,1.6925,0.3975,0.6025,0.7449768160741885,705,400,False
model,0.82,0.7,3.0,0.2,score_point,0.00851063829787234,1.7407499999999998,0.4525,0.5475,0.7008,705,400,False
model,0.81,0.5,3.5,0.2,score_point,0.00851063829787234,1.79,0.43,0.57,0.7192429022082019,705,400,False
model,0.83,0.7,3.0,0.2,score_point,0.00851063829787234,1.7924999999999998,0.475,0.525,0.6818181818181818,705,400,False
model,0.82,0.5,3.5,0.2,score_point,0.00851063829787234,1.8575,0.4525,0.5475,0.7008,705,400,False
model,0.84,0.7,3.0,0.2,score_point,0.00851063829787234,1.8672499999999996,0.5075,0.4925,0.6533996683250415,705,400,False
model,0.83,0.5,3.5,0.2,score_point,0.00851063829787234,1.925,0.475,0.525,0.6818181818181818,705,400,False
model,0.85,0.7,3.0,0.2,score_point,0.00851063829787234,1.9477499999999994,0.5425,0.4575,0.6213921901528013,705,400,False
model,0.86,0.6,3.0,0.2,score_point,0.00851063829787234,1.9740000000000004,0.5725,0.4275,0.5927209705372617,705,400,False
model,0.84,0.5,3.5,0.2,score_point,0.00851063829787234,2.0225,0.5075,0.4925,0.6533996683250415,705,400,False
model,0.87,0.6,3.0,0.2,score_point,0.00851063829787234,2.052,0.605,0.395,0.5602836879432624,705,400,False
model,0.85,0.5,3.5,0.2,score_point,0.00851063829787234,2.1275,0.5425,0.4575,0.6213921901528013,705,400,False
model,0.88,0.6,3.0,0.2,score_point,0.00851063829787234,2.1719999999999997,0.655,0.345,0.5073529411764707,705,400,False
model,0.89,0.6,3.0,0.2,score_point,0.00851063829787234,2.262,0.6925,0.3075,0.46502835538752363,705,400,False
model,0.9,0.5,3.0,0.2,score_point,0.00851063829787234,2.3125,0.725,0.275,0.4263565891472868,705,400,False
model,0.9,0.6,3.0,0.2,score_point,0.00851063829787234,2.34,0.725,0.275,0.4263565891472868,705,400,False
model,0.91,0.3,3.0,0.2,score_point,0.00851063829787234,2.352,0.76,0.24,0.38247011952191234,705,400,False
model,0.91,0.4,3.0,0.2,score_point,0.00851063829787234,2.3759999999999994,0.76,0.24,0.38247011952191234,705,400,False
model,0.88,0.4,3.5,0.2,score_point,0.00851063829787234,2.4305,0.655,0.345,0.5073529411764707,705,400,False
model,0.89,0.3,3.5,0.2,score_point,0.00851063829787234,2.516,0.6925,0.3075,0.46502835538752363,705,400,False
model,0.93,0.2,3.0,0.2,score_point,0.00851063829787234,2.517,0.8275,0.1725,0.2905263157894737,705,400,False
model,0.9,0.2,3.5,0.2,score_point,0.00851063829787234,2.5925,0.725,0.275,0.4263565891472868,705,400,False
model,0.75,0.6,3.0,0.2,score_point,0.009929078014184398,1.3259999999999998,0.3025,0.6975,0.8134110787172011,705,400,True
model,0.74,0.7,3.0,0.2,score_point,0.009929078014184398,1.3727499999999997,0.2925,0.7075,0.8202898550724638,705,400,False
model,0.76,0.6,3.0,0.2,score_point,0.009929078014184398,1.38,0.325,0.675,0.7976366322008863,705,400,False
model,0.72,0.8,3.0,0.2,score_point,0.009929078014184398,1.3940000000000003,0.27,0.73,0.8354792560801144,705,400,False
model,0.7,0.7,3.5,0.2,score_point,0.009929078014184398,1.3999999999999997,0.25,0.75,0.8486562942008486,705,400,False
model,0.77,0.6,3.0,0.2,score_point,0.009929078014184398,1.4039999999999997,0.335,0.665,0.7904903417533432,705,400,False
model,0.75,0.5,3.5,0.2,score_point,0.009929078014184398,1.4075,0.3025,0.6975,0.8134110787172011,705,400,False
model,0.73,0.8,3.0,0.2,score_point,0.009929078014184398,1.4105000000000003,0.2775,0.7225,0.8304597701149425,705,400,False
model,0.71,0.7,3.5,0.2,score_point,0.009929078014184398,1.428,0.26,0.74,0.8421052631578947,705,400,False
model,0.69,0.8,3.5,0.2,score_point,0.009929078014184398,1.4412500000000004,0.2375,0.7625,0.8567415730337078,705,400,False
model,0.78,0.6,3.0,0.2,score_point,0.009929078014184398,1.4460000000000002,0.3525,0.6475,0.7777777777777777,705,400,False
model,0.79,0.6,3.0,0.2,score_point,0.009929078014184398,1.464,0.36,0.64,0.7722473604826546,705,400,False
model,0.72,0.9,3.0,0.2,score_point,0.009929078014184398,1.4669999999999999,0.27,0.73,0.8354792560801144,705,400,False
model,0.76,0.5,3.5,0.2,score_point,0.009929078014184398,1.475,0.325,0.675,0.7976366322008863,705,400,False
model,0.73,0.9,3.0,0.2,score_point,0.009929078014184398,1.4827499999999998,0.2775,0.7225,0.8304597701149425,705,400,False
model,0.77,0.5,3.5,0.2,score_point,0.009929078014184398,1.505,0.335,0.665,0.7904903417533432,705,400,False
model,0.69,0.9,3.5,0.2,score_point,0.009929078014184398,1.5175,0.2375,0.7625,0.8567415730337078,705,400,False
model,0.72,1.0,3.0,0.2,score_point,0.009929078014184398,1.54,0.27,0.73,0.8354792560801144,705,400,False
model,0.8,0.6,3.0,0.2,score_point,0.009929078014184398,1.554,0.3975,0.6025,0.7438271604938272,705,400,False
model,0.73,1.0,3.0,0.2,score_point,0.009929078014184398,1.555,0.2775,0.7225,0.8304597701149425,705,400,False
model,0.69,1.0,3.5,0.2,score_point,0.009929078014184398,1.59375,0.2375,0.7625,0.8567415730337078,705,400,False
model,0.81,0.6,3.0,0.2,score_point,0.009929078014184398,1.6320000000000001,0.43,0.57,0.7181102362204724,705,400,False
model,0.82,0.6,3.0,0.2,score_point,0.009929078014184398,1.6860000000000002,0.4525,0.5475,0.6996805111821086,705,400,False
model,0.83,0.6,3.0,0.2,score_point,0.009929078014184398,1.74,0.475,0.525,0.6807131280388979,705,400,False
model,0.84,0.6,3.0,0.2,score_point,0.009929078014184398,1.818,0.5075,0.4925,0.652317880794702,705,400,False
model,0.85,0.6,3.0,0.2,score_point,0.009929078014184398,1.9020000000000001,0.5425,0.4575,0.6203389830508474,705,400,False
model,0.86,0.4,3.5,0.2,score_point,0.009929078014184398,2.1747499999999995,0.5725,0.4275,0.5916955017301038,705,400,False
model,0.89,0.5,3.0,0.2,score_point,0.009929078014184398,2.23125,0.6925,0.3075,0.4641509433962264,705,400,False
model,0.9,0.3,3.0,0.2,score_point,0.009929078014184398,2.2575,0.725,0.275,0.425531914893617,705,400,False
model,0.87,0.4,3.5,0.2,score_point,0.009929078014184398,2.2754999999999996,0.605,0.395,0.55929203539823,705,400,False
model,0.9,0.4,3.0,0.2,score_point,0.009929078014184398,2.285,0.725,0.275,0.425531914893617,705,400,False
model,0.88,0.3,3.5,0.2,score_point,0.009929078014184398,2.3960000000000004,0.655,0.345,0.5064220183486239,705,400,False
model,0.92,0.2,3.0,0.2,score_point,0.009929078014184398,2.433,0.7975,0.2025,0.3319672131147541,705,400,False
model,0.74,0.6,3.0,0.2,score_point,0.011347517730496455,1.3019999999999998,0.2925,0.7075,0.8191027496382055,705,400,True
model,0.72,0.7,3.0,0.2,score_point,0.011347517730496455,1.3209999999999997,0.27,0.73,0.8342857142857143,705,400,False
model,0.7,0.6,3.5,0.2,score_point,0.011347517730496455,1.325,0.25,0.75,0.8474576271186441,705,400,False
model,0.73,0.7,3.0,0.2,score_point,0.011347517730496455,1.33825,0.2775,0.7225,0.8292682926829269,705,400,False
model,0.71,0.6,3.5,0.2,score_point,0.011347517730496455,1.3539999999999999,0.26,0.74,0.8409090909090909,705,400,False
model,0.69,0.7,3.5,0.2,score_point,0.011347517730496455,1.365,0.2375,0.7625,0.8555399719495091,705,400,False
model,0.74,0.5,3.5,0.2,score_point,0.011347517730496455,1.3775,0.2925,0.7075,0.8191027496382055,705,400,False
model,0.68,0.8,3.5,0.2,score_point,0.011347517730496455,1.41425,0.2275,0.7725,0.8619246861924685,705,400,False
model,0.68,0.9,3.5,0.2,score_point,0.011347517730496455,1.4915,0.2275,0.7725,0.8619246861924685,705,400,False
model,0.79,0.4,3.5,0.2,score_point,0.011347517730496455,1.5159999999999996,0.36,0.64,0.7710843373493975,705,400,False
model,0.68,1.0,3.5,0.2,score_point,0.011347517730496455,1.56875,0.2275,0.7725,0.8619246861924685,705,400,False
model,0.8,0.4,3.5,0.2,score_point,0.011347517730496455,1.63225,0.3975,0.6025,0.7426810477657936,705,400,False
model,0.81,0.4,3.5,0.2,score_point,0.011347517730496455,1.7329999999999999,0.43,0.57,0.7169811320754716,705,400,False
model,0.82,0.4,3.5,0.2,score_point,0.011347517730496455,1.8027499999999999,0.4525,0.5475,0.6985645933014354,705,400,False
model,0.83,0.4,3.5,0.2,score_point,0.011347517730496455,1.8725,0.475,0.525,0.6796116504854369,705,400,False
model,0.86,0.5,3.0,0.2,score_point,0.011347517730496455,1.93125,0.5725,0.4275,0.5906735751295337,705,400,False
model,0.84,0.4,3.5,0.2,score_point,0.011347517730496455,1.97325,0.5075,0.4925,0.6512396694214876,705,400,False
model,0.87,0.5,3.0,0.2,score_point,0.011347517730496455,2.0125,0.605,0.395,0.5583038869257951,705,400,False
model,0.85,0.4,3.5,0.2,score_point,0.011347517730496455,2.0817499999999995,0.5425,0.4575,0.6192893401015228,705,400,False
model,0.88,0.5,3.0,0.2,score_point,0.011347517730496455,2.1375,0.655,0.345,0.5054945054945055,705,400,False
model,0.89,0.4,3.0,0.2,score_point,0.011347517730496455,2.2005,0.6925,0.3075,0.46327683615819204,705,400,False
model,0.91,0.2,3.0,0.2,score_point,0.011347517730496455,2.3280000000000003,0.76,0.24,0.38095238095238093,705,400,False
model,0.89,0.2,3.5,0.2,score_point,0.011347517730496455,2.4852499999999997,0.6925,0.3075,0.46327683615819204,705,400,False
model,0.72,0.6,3.0,0.2,score_point,0.01276595744680851,1.248,0.27,0.73,0.8330955777460769,705,400,True
model,0.73,0.6,3.0,0.2,score_point,0.01276595744680851,1.266,0.2775,0.7225,0.828080229226361,705,400,False
model,0.63,0.8,3.5,0.2,score_point,0.01276595744680851,1.2860000000000003,0.18,0.82,0.8900949796472184,705,400,False
model,0.69,0.6,3.5,0.2,score_point,0.01276595744680851,1.28875,0.2375,0.7625,0.8543417366946777,705,400,False
model,0.72,0.5,3.5,0.2,score_point,0.01276595744680851,1.31,0.27,0.73,0.8330955777460769,705,400,False
model,0.64,0.8,3.5,0.2,score_point,0.01276595744680851,1.3265,0.195,0.805,0.8809849521203831,705,400,False
model,0.73,0.5,3.5,0.2,score_point,0.01276595744680851,1.3325,0.2775,0.7225,0.828080229226361,705,400,False
model,0.68,0.7,3.5,0.2,score_point,0.01276595744680851,1.337,0.2275,0.7725,0.8607242339832868,705,400,False
model,0.7,0.8,3.0,0.2,score_point,0.01276595744680851,1.3500000000000003,0.25,0.75,0.846262341325811,705,400,False
model,0.65,0.8,3.5,0.2,score_point,0.01276595744680851,1.36025,0.2075,0.7925,0.8732782369146006,705,400,False
model,0.66,0.8,3.5,0.2,score_point,0.01276595744680851,1.3670000000000002,0.21,0.79,0.8717241379310345,705,400,False
model,0.63,0.9,3.5,0.2,score_point,0.01276595744680851,1.368,0.18,0.82,0.8900949796472184,705,400,False
model,0.71,0.8,3.0,0.2,score_point,0.01276595744680851,1.372,0.26,0.74,0.8397163120567375,705,400,False
model,0.67,0.8,3.5,0.2,score_point,0.01276595744680851,1.3805,0.215,0.785,0.8686030428769017,705,400,False
model,0.78,0.5,3.0,0.2,score_point,0.01276595744680851,1.38125,0.3525,0.6475,0.7754491017964072,705,400,False
model,0.79,0.5,3.0,0.2,score_point,0.01276595744680851,1.4,0.36,0.64,0.7699248120300752,705,400,False
model,0.64,0.9,3.5,0.2,score_point,0.01276595744680851,1.4070000000000003,0.195,0.805,0.8809849521203831,705,400,False
model,0.7,0.9,3.0,0.2,score_point,0.01276595744680851,1.425,0.25,0.75,0.846262341325811,705,400,False
model,0.65,0.9,3.5,0.2,score_point,0.01276595744680851,1.4394999999999998,0.2075,0.7925,0.8732782369146006,705,400,False
model,0.66,0.9,3.5,0.2,score_point,0.01276595744680851,1.4460000000000002,0.21,0.79,0.8717241379310345,705,400,False
model,0.71,0.9,3.0,0.2,score_point,0.01276595744680851,1.4460000000000002,0.26,0.74,0.8397163120567375,705,400,False
model,0.63,1.0,3.5,0.2,score_point,0.01276595744680851,1.45,0.18,0.82,0.8900949796472184,705,400,False
model,0.67,0.9,3.5,0.2,score_point,0.01276595744680851,1.459,0.215,0.785,0.8686030428769017,705,400,False
model,0.64,1.0,3.5,0.2,score_point,0.01276595744680851,1.4875,0.195,0.805,0.8809849521203831,705,400,False
model,0.78,0.4,3.5,0.2,score_point,0.01276595744680851,1.4927499999999998,0.3525,0.6475,0.7754491017964072,705,400,False
model,0.8,0.5,3.0,0.2,score_point,0.01276595744680851,1.49375,0.3975,0.6025,0.7415384615384616,705,400,False
model,0.7,1.0,3.0,0.2,score_point,0.01276595744680851,1.5,0.25,0.75,0.846262341325811,705,400,False
model,0.65,1.0,3.5,0.2,score_point,0.01276595744680851,1.51875,0.2075,0.7925,0.8732782369146006,705,400,False
model,0.71,1.0,3.0,0.2,score_point,0.01276595744680851,1.52,0.26,0.74,0.8397163120567375,705,400,False
model,0.66,1.0,3.5,0.2,score_point,0.01276595744680851,1.525,0.21,0.79,0.8717241379310345,705,400,False
model,0.67,1.0,3.5,0.2,score_point,0.01276595744680851,1.5375,0.215,0.785,0.8686030428769017,705,400,False
model,0.81,0.5,3.0,0.2,score_point,0.01276595744680851,1.575,0.43,0.57,0.7158555729984302,705,400,False
model,0.82,0.5,3.0,0.2,score_point,0.01276595744680851,1.63125,0.4525,0.5475,0.697452229299363,705,400,False
model,0.83,0.5,3.0,0.2,score_point,0.01276595744680851,1.6875,0.475,0.525,0.6785137318255251,705,400,False
model,0.84,0.5,3.0,0.2,score_point,0.01276595744680851,1.76875,0.5075,0.4925,0.6501650165016502,705,400,False
model,0.86,0.8,2.5,0.2,score_point,0.01276595744680851,1.77325,0.5725,0.4275,0.5896551724137931,705,400,False
model,0.86,0.9,2.5,0.2,score_point,0.01276595744680851,1.8159999999999996,0.5725,0.4275,0.5896551724137931,705,400,False
model,0.87,0.8,2.5,0.2,score_point,0.01276595744680851,1.8285000000000002,0.605,0.395,0.5573192239858906,705,400,False
model,0.85,0.5,3.0,0.2,score_point,0.01276595744680851,1.85625,0.5425,0.4575,0.6182432432432433,705,400,False
model,0.86,1.0,2.5,0.2,score_point,0.01276595744680851,1.85875,0.5725,0.4275,0.5896551724137931,705,400,False
model,0.87,0.9,2.5,0.2,score_point,0.01276595744680851,1.868,0.605,0.395,0.5573192239858906,705,400,False
model,0.87,1.0,2.5,0.2,score_point,0.01276595744680851,1.9075,0.605,0.395,0.5573192239858906,705,400,False
model,0.88,0.8,2.5,0.2,score_point,0.01276595744680851,1.9135000000000002,0.655,0.345,0.5045703839122486,705,400,False
model,0.88,0.9,2.5,0.2,score_point,0.01276595744680851,1.9480000000000002,0.655,0.345,0.5045703839122486,705,400,False
model,0.89,0.8,2.5,0.2,score_point,0.01276595744680851,1.9772500000000002,0.6925,0.3075,0.46240601503759393,705,400,False
model,0.88,1.0,2.5,0.2,score_point,0.01276595744680851,1.9825,0.655,0.345,0.5045703839122486,705,400,False
model,0.89,0.9,2.5,0.2,score_point,0.01276595744680851,2.008,0.6925,0.3075,0.46240601503759393,705,400,False
model,0.9,0.8,2.5,0.2,score_point,0.01276595744680851,2.0325,0.725,0.275,0.42389210019267826,705,400,False
model,0.89,1.0,2.5,0.2,score_point,0.01276595744680851,2.03875,0.6925,0.3075,0.46240601503759393,705,400,False
model,0.9,0.9,2.5,0.2,score_point,0.01276595744680851,2.06,0.725,0.275,0.42389210019267826,705,400,False
model,0.9,1.0,2.5,0.2,score_point,0.01276595744680851,2.0875,0.725,0.275,0.42389210019267826,705,400,False
model,0.91,0.8,2.5,0.2,score_point,0.01276595744680851,2.092,0.76,0.24,0.38019801980198015,705,400,False
model,0.92,0.5,2.5,0.2,score_point,0.01276595744680851,2.095,0.7975,0.2025,0.3306122448979592,705,400,False
model,0.88,0.4,3.0,0.2,score_point,0.01276595744680851,2.103,0.655,0.345,0.5045703839122486,705,400,False
model,0.92,0.6,2.5,0.2,score_point,0.01276595744680851,2.11525,0.7975,0.2025,0.3306122448979592,705,400,False
model,0.91,0.9,2.5,0.2,score_point,0.01276595744680851,2.116,0.76,0.24,0.38019801980198015,705,400,False
model,0.86,0.3,3.5,0.2,score_point,0.01276595744680851,2.1319999999999997,0.5725,0.4275,0.5896551724137931,705,400,False
model,0.92,0.7,2.5,0.2,score_point,0.01276595744680851,2.1355,0.7975,0.2025,0.3306122448979592,705,400,False
model,0.91,1.0,2.5,0.2,score_point,0.01276595744680851,2.14,0.76,0.24,0.38019801980198015,705,400,False
model,0.93,0.5,2.5,0.2,score_point,0.01276595744680851,2.155,0.8275,0.1725,0.2887029288702929,705,400,False
model,0.92,0.8,2.5,0.2,score_point,0.01276595744680851,2.1557500000000003,0.7975,0.2025,0.3306122448979592,705,400,False
model,0.89,0.3,3.0,0.2,score_point,0.01276595744680851,2.16975,0.6925,0.3075,0.46240601503759393,705,400,False
model,0.93,0.6,2.5,0.2,score_point,0.01276595744680851,2.17225,0.8275,0.1725,0.2887029288702929,705,400,False
model,0.92,0.9,2.5,0.2,score_point,0.01276595744680851,2.176,0.7975,0.2025,0.3306122448979592,705,400,False
model,0.93,0.7,2.5,0.2,score_point,0.01276595744680851,2.1895,0.8275,0.1725,0.2887029288702929,705,400,False
model,0.92,1.0,2.5,0.2,score_point,0.01276595744680851,2.19625,0.7975,0.2025,0.3306122448979592,705,400,False
model,0.93,0.8,2.5,0.2,score_point,0.01276595744680851,2.20675,0.8275,0.1725,0.2887029288702929,705,400,False
model,0.93,0.9,2.5,0.2,score_point,0.01276595744680851,2.224,0.8275,0.1725,0.2887029288702929,705,400,False
model,0.9,0.2,3.0,0.2,score_point,0.01276595744680851,2.23,0.725,0.275,0.42389210019267826,705,400,False
model,0.87,0.3,3.5,0.2,score_point,0.01276595744680851,2.236,0.605,0.395,0.5573192239858906,705,400,False
model,0.93,1.0,2.5,0.2,score_point,0.01276595744680851,2.24125,0.8275,0.1725,0.2887029288702929,705,400,False
model,0.94,0.5,2.5,0.2,score_point,0.01276595744680851,2.25,0.875,0.125,0.2178649237472767,705,400,False
model,0.94,0.6,2.5,0.2,score_point,0.01276595744680851,2.2625,0.875,0.125,0.2178649237472767,705,400,False
model,0.94,0.7,2.5,0.2,score_point,0.01276595744680851,2.275,0.875,0.125,0.2178649237472767,705,400,False
model,0.94,0.8,2.5,0.2,score_point,0.01276595744680851,2.2875,0.875,0.125,0.2178649237472767,705,400,False
model,0.94,0.9,2.5,0.2,score_point,0.01276595744680851,2.3,0.875,0.125,0.2178649237472767,705,400,False
model,0.94,1.0,2.5,0.2,score_point,0.01276595744680851,2.3125,0.875,0.125,0.2178649237472767,705,400,False
model,0.88,0.2,3.5,0.2,score_point,0.01276595744680851,2.3615,0.655,0.345,0.5045703839122486,705,400,False
model,0.95,0.2,2.5,0.2,score_point,0.01276595744680851,2.3735000000000004,0.945,0.055,0.10208816705336425,705,400,False
model,0.95,0.3,2.5,0.2,score_point,0.01276595744680851,2.3789999999999996,0.945,0.055,0.10208816705336425,705,400,False
model,0.95,0.4,2.5,0.2,score_point,0.01276595744680851,2.3845,0.945,0.055,0.10208816705336425,705,400,False
model,0.95,0.5,2.5,0.2,score_point,0.01276595744680851,2.39,0.945,0.055,0.10208816705336425,705,400,False
model,0.95,0.6,2.5,0.2,score_point,0.01276595744680851,2.3955,0.945,0.055,0.10208816705336425,705,400,False
model,0.95,0.7,2.5,0.2,score_point,0.01276595744680851,2.4010000000000002,0.945,0.055,0.10208816705336425,705,400,False
model,0.95,0.8,2.5,0.2,score_point,0.01276595744680851,2.4065,0.945,0.055,0.10208816705336425,705,400,False
model,0.95,0.9,2.5,0.2,score_point,0.01276595744680851,2.412,0.945,0.055,0.10208816705336425,705,400,False
model,0.95,1.0,2.5,0.2,score_point,0.01276595744680851,2.4175,0.945,0.055,0.10208816705336425,705,400,False
model,0.96,0.2,2.5,0.2,score_point,0.01276595744680851,2.431,0.97,0.03,0.05700712589073633,705,400,False
model,0.96,0.3,2.5,0.2,score_point,0.01276595744680851,2.4339999999999997,0.97,0.03,0.05700712589073633,705,400,False
model,0.96,0.4,2.5,0.2,score_point,0.01276595744680851,2.437,0.97,0.03,0.05700712589073633,705,400,False
model,0.96,0.5,2.5,0.2,score_point,0.01276595744680851,2.44,0.97,0.03,0.05700712589073633,705,400,False
model,0.96,0.6,2.5,0.2,score_point,0.01276595744680851,2.443,0.97,0.03,0.05700712589073633,705,400,False
model,0.96,0.7,2.5,0.2,score_point,0.01276595744680851,2.446,0.97,0.03,0.05700712589073633,705,400,False
model,0.96,0.8,2.5,0.2,score_point,0.01276595744680851,2.449,0.97,0.03,0.05700712589073633,705,400,False
model,0.96,0.9,2.5,0.2,score_point,0.01276595744680851,2.452,0.97,0.03,0.05700712589073633,705,400,False
model,0.97,0.2,2.5,0.2,score_point,0.01276595744680851,2.454,0.98,0.02,0.03836930455635492,705,400,False
model,0.96,1.0,2.5,0.2,score_point,0.01276595744680851,2.455,0.97,0.03,0.05700712589073633,705,400,False
model,0.97,0.3,2.5,0.2,score_point,0.01276595744680851,2.456,0.98,0.02,0.03836930455635492,705,400,False
model,0.97,0.4,2.5,0.2,score_point,0.01276595744680851,2.458,0.98,0.02,0.03836930455635492,705,400,False
model,0.97,0.5,2.5,0.2,score_point,0.01276595744680851,2.46,0.98,0.02,0.03836930455635492,705,400,False
model,0.97,0.6,2.5,0.2,score_point,0.01276595744680851,2.4619999999999997,0.98,0.02,0.03836930455635492,705,400,False
model,0.97,0.7,2.5,0.2,score_point,0.01276595744680851,2.464,0.98,0.02,0.03836930455635492,705,400,False
model,0.97,0.8,2.5,0.2,score_point,0.01276595744680851,2.4659999999999997,0.98,0.02,0.03836930455635492,705,400,False
model,0.97,0.9,2.5,0.2,score_point,0.01276595744680851,2.468,0.98,0.02,0.03836930455635492,705,400,False
model,0.97,1.0,2.5,0.2,score_point,0.01276595744680851,2.47,0.98,0.02,0.03836930455635492,705,400,False
model,0.98,0.2,2.5,0.2,score_point,0.01276595744680851,2.49425,0.9975,0.0025,0.004878048780487805,705,400,False
model,0.98,0.3,2.5,0.2,score_point,0.01276595744680851,2.4945,0.9975,0.0025,0.004878048780487805,705,400,False
model,0.98,0.4,2.5,0.2,score_point,0.01276595744680851,2.49475,0.9975,0.0025,0.004878048780487805,705,400,False
model,0.98,0.5,2.5,0.2,score_point,0.01276595744680851,2.495,0.9975,0.0025,0.004878048780487805,705,400,False
model,0.98,0.6,2.5,0.2,score_point,0.01276595744680851,2.49525,0.9975,0.0025,0.004878048780487805,705,400,False
model,0.98,0.7,2.5,0.2,score_point,0.01276595744680851,2.4955000000000003,0.9975,0.0025,0.004878048780487805,705,400,False
model,0.98,0.8,2.5,0.2,score_point,0.01276595744680851,2.4957499999999997,0.9975,0.0025,0.004878048780487805,705,400,False
model,0.98,0.9,2.5,0.2,score_point,0.01276595744680851,2.496,0.9975,0.0025,0.004878048780487805,705,400,False
model,0.98,1.0,2.5,0.2,score_point,0.01276595744680851,2.49625,0.9975,0.0025,0.004878048780487805,705,400,False
model,0.99,0.2,2.5,0.2,score_point,0.01276595744680851,2.5,1.0,0.0,0.0,705,400,False
model,1.0,0.2,2.5,0.2,score_point,0.01276595744680851,2.5,1.0,0.0,0.0,705,400,False
model,0.99,0.3,2.5,0.2,score_point,0.01276595744680851,2.5,1.0,0.0,0.0,705,400,False
model,1.0,0.3,2.5,0.2,score_point,0.01276595744680851,2.5,1.0,0.0,0.0,705,400,False
model,0.99,0.4,2.5,0.2,score_point,0.01276595744680851,2.5,1.0,0.0,0.0,705,400,False
model,1.0,0.4,2.5,0.2,score_point,0.01276595744680851,2.5,1.0,0.0,0.0,705,400,False
model,0.99,0.5,2.5,0.2,score_point,0.01276595744680851,2.5,1.0,0.0,0.0,705,400,False
model,1.0,0.5,2.5,0.2,score_point,0.01276595744680851,2.5,1.0,0.0,0.0,705,400,False
model,0.99,0.6,2.5,0.2,score_point,0.01276595744680851,2.5,1.0,0.0,0.0,705,400,False
model,1.0,0.6,2.5,0.2,score_point,0.01276595744680851,2.5,1.0,0.0,0.0,705,400,False
model,0.99,0.7,2.5,0.2,score_point,0.01276595744680851,2.5,1.0,0.0,0.0,705,400,False
model,1.0,0.7,2.5,0.2,score_point,0.01276595744680851,2.5,1.0,0.0,0.0,705,400,False
model,0.99,0.8,2.5,0.2,score_point,0.01276595744680851,2.5,1.0,0.0,0.0,705,400,False
model,1.0,0.8,2.5,0.2,score_point,0.01276595744680851,2.5,1.0,0.0,0.0,705,400,False
model,0.99,0.9,2.5,0.2,score_point,0.01276595744680851,2.5,1.0,0.0,0.0,705,400,False
model,1.0,0.9,2.5,0.2,score_point,0.01276595744680851,2.5,1.0,0.0,0.0,705,400,False
model,0.99,1.0,2.5,0.2,score_point,0.01276595744680851,2.5,1.0,0.0,0.0,705,400,False
model,1.0,1.0,2.5,0.2,score_point,0.01276595744680851,2.5,1.0,0.0,0.0,705,400,False
model,0.64,0.7,3.5,0.2,score_point,0.014184397163120567,1.2459999999999998,0.195,0.805,0.8797814207650274,705,400,True
model,0.75,0.5,3.0,0.2,score_point,0.014184397163120567,1.25625,0.3025,0.6975,0.8098693759071117,705,400,False
model,0.68,0.6,3.5,0.2,score_point,0.014184397163120567,1.25975,0.2275,0.7725,0.8595271210013907,705,400,False
model,0.61,0.8,3.5,0.2,score_point,0.014184397163120567,1.2725000000000002,0.175,0.825,0.8918918918918919,705,400,False
model,0.7,0.7,3.0,0.2,score_point,0.014184397163120567,1.275,0.25,0.75,0.8450704225352113,705,400,False
model,0.62,0.8,3.5,0.2,score_point,0.014184397163120567,1.2792500000000002,0.1775,0.8225,0.8903924221921516,705,400,False
model,0.65,0.7,3.5,0.2,score_point,0.014184397163120567,1.281,0.2075,0.7925,0.8720770288858323,705,400,False
model,0.66,0.7,3.5,0.2,score_point,0.014184397163120567,1.2879999999999998,0.21,0.79,0.8705234159779613,705,400,False
model,0.71,0.7,3.0,0.2,score_point,0.014184397163120567,1.2979999999999998,0.26,0.74,0.8385269121813032,705,400,False
model,0.67,0.7,3.5,0.2,score_point,0.014184397163120567,1.3019999999999998,0.215,0.785,0.867403314917127,705,400,False
model,0.76,0.5,3.0,0.2,score_point,0.014184397163120567,1.3125,0.325,0.675,0.7941176470588236,705,400,False
model,0.75,0.8,2.5,0.2,score_point,0.014184397163120567,1.3142500000000004,0.3025,0.6975,0.8098693759071117,705,400,False
model,0.69,0.8,3.0,0.2,score_point,0.014184397163120567,1.3225,0.2375,0.7625,0.8531468531468531,705,400,False
model,0.77,0.5,3.0,0.2,score_point,0.014184397163120567,1.3375,0.335,0.665,0.7869822485207101,705,400,False
model,0.75,0.4,3.5,0.2,score_point,0.014184397163120567,1.33775,0.3025,0.6975,0.8098693759071117,705,400,False
model,0.76,0.8,2.5,0.2,score_point,0.014184397163120567,1.3525,0.325,0.675,0.7941176470588236,705,400,False
model,0.61,0.9,3.5,0.2,score_point,0.014184397163120567,1.355,0.175,0.825,0.8918918918918919,705,400,False
model,0.62,0.9,3.5,0.2,score_point,0.014184397163120567,1.3615000000000002,0.1775,0.8225,0.8903924221921516,705,400,False
model,0.77,0.8,2.5,0.2,score_point,0.014184397163120567,1.3695000000000004,0.335,0.665,0.7869822485207101,705,400,False
model,0.75,0.9,2.5,0.2,score_point,0.014184397163120567,1.3840000000000001,0.3025,0.6975,0.8098693759071117,705,400,False
model,0.69,0.9,3.0,0.2,score_point,0.014184397163120567,1.39875,0.2375,0.7625,0.8531468531468531,705,400,False
model,0.78,0.8,2.5,0.2,score_point,0.014184397163120567,1.3992500000000003,0.3525,0.6475,0.7742899850523167,705,400,False
model,0.76,0.4,3.5,0.2,score_point,0.014184397163120567,1.4075,0.325,0.675,0.7941176470588236,705,400,False
model,0.79,0.8,2.5,0.2,score_point,0.014184397163120567,1.4120000000000004,0.36,0.64,0.7687687687687687,705,400,False
model,0.76,0.9,2.5,0.2,score_point,0.014184397163120567,1.42,0.325,0.675,0.7941176470588236,705,400,False
model,0.77,0.9,2.5,0.2,score_point,0.014184397163120567,1.4360000000000002,0.335,0.665,0.7869822485207101,705,400,False
model,0.61,1.0,3.5,0.2,score_point,0.014184397163120567,1.4375,0.175,0.825,0.8918918918918919,705,400,False
model,0.77,0.4,3.5,0.2,score_point,0.014184397163120567,1.4385,0.335,0.665,0.7869822485207101,705,400,False
model,0.62,1.0,3.5,0.2,score_point,0.014184397163120567,1.44375,0.1775,0.8225,0.8903924221921516,705,400,False
model,0.79,0.3,3.5,0.2,score_point,0.014184397163120567,1.4520000000000004,0.36,0.64,0.7687687687687687,705,400,False
model,0.75,1.0,2.5,0.2,score_point,0.014184397163120567,1.45375,0.3025,0.6975,0.8098693759071117,705,400,False
model,0.78,0.9,2.5,0.2,score_point,0.014184397163120567,1.4639999999999997,0.3525,0.6475,0.7742899850523167,705,400,False
model,0.69,1.0,3.0,0.2,score_point,0.014184397163120567,1.475,0.2375,0.7625,0.8531468531468531,705,400,False
model,0.8,0.8,2.5,0.2,score_point,0.014184397163120567,1.4757500000000006,0.3975,0.6025,0.7403993855606759,705,400,False
model,0.79,0.9,2.5,0.2,score_point,0.014184397163120567,1.476,0.36,0.64,0.7687687687687687,705,400,False
model,0.76,1.0,2.5,0.2,score_point,0.014184397163120567,1.4875,0.325,0.675,0.7941176470588236,705,400,False
model,0.77,1.0,2.5,0.2,score_point,0.014184397163120567,1.5025,0.335,0.665,0.7869822485207101,705,400,False
model,0.78,1.0,2.5,0.2,score_point,0.014184397163120567,1.52875,0.3525,0.6475,0.7742899850523167,705,400,False
model,0.81,0.8,2.5,0.2,score_point,0.014184397163120567,1.5310000000000001,0.43,0.57,0.7147335423197492,705,400,False
model,0.8,0.9,2.5,0.2,score_point,0.014184397163120567,1.536,0.3975,0.6025,0.7403993855606759,705,400,False
model,0.79,1.0,2.5,0.2,score_point,0.014184397163120567,1.54,0.36,0.64,0.7687687687687687,705,400,False
model,0.82,0.8,2.5,0.2,score_point,0.014184397163120567,1.56925,0.4525,0.5475,0.6963434022257551,705,400,False
model,0.8,0.3,3.5,0.2,score_point,0.014184397163120567,1.5720000000000005,0.3975,0.6025,0.7403993855606759,705,400,False
model,0.81,0.9,2.5,0.2,score_point,0.014184397163120567,1.5879999999999999,0.43,0.57,0.7147335423197492,705,400,False
model,0.8,1.0,2.5,0.2,score_point,0.014184397163120567,1.59625,0.3975,0.6025,0.7403993855606759,705,400,False
model,0.83,0.8,2.5,0.2,score_point,0.014184397163120567,1.6075,0.475,0.525,0.6774193548387099,705,400,False
model,0.82,0.9,2.5,0.2,score_point,0.014184397163120567,1.6239999999999997,0.4525,0.5475,0.6963434022257551,705,400,False
model,0.81,1.0,2.5,0.2,score_point,0.014184397163120567,1.645,0.43,0.57,0.7147335423197492,705,400,False
model,0.83,0.9,2.5,0.2,score_point,0.014184397163120567,1.66,0.475,0.525,0.6774193548387099,705,400,False
model,0.84,0.8,2.5,0.2,score_point,0.014184397163120567,1.6627500000000004,0.5075,0.4925,0.6490939044481054,705,400,False
model,0.81,0.3,3.5,0.2,score_point,0.014184397163120567,1.6760000000000002,0.43,0.57,0.7147335423197492,705,400,False
model,0.82,1.0,2.5,0.2,score_point,0.014184397163120567,1.67875,0.4525,0.5475,0.6963434022257551,705,400,False
model,0.84,0.9,2.5,0.2,score_point,0.014184397163120567,1.712,0.5075,0.4925,0.6490939044481054,705,400,False
model,0.83,1.0,2.5,0.2,score_point,0.014184397163120567,1.7125,0.475,0.525,0.6774193548387099,705,400,False
model,0.85,0.8,2.5,0.2,score_point,0.014184397163120567,1.7222500000000003,0.5425,0.4575,0.6172006745362564,705,400,False
model,0.86,0.7,2.5,0.2,score_point,0.014184397163120567,1.7305000000000001,0.5725,0.4275,0.5886402753872633,705,400,False
model,0.82,0.3,3.5,0.2,score_point,0.014184397163120567,1.7480000000000002,0.4525,0.5475,0.6963434022257551,705,400,False
model,0.84,1.0,2.5,0.2,score_point,0.014184397163120567,1.76125,0.5075,0.4925,0.6490939044481054,705,400,False
model,0.85,0.9,2.5,0.2,score_point,0.014184397163120567,1.768,0.5425,0.4575,0.6172006745362564,705,400,False
model,0.87,0.7,2.5,0.2,score_point,0.014184397163120567,1.7889999999999997,0.605,0.395,0.5563380281690141,705,400,False
model,0.85,1.0,2.5,0.2,score_point,0.014184397163120567,1.81375,0.5425,0.4575,0.6172006745362564,705,400,False
model,0.83,0.3,3.5,0.2,score_point,0.014184397163120567,1.82,0.475,0.525,0.6774193548387099,705,400,False
model,0.88,0.7,2.5,0.2,score_point,0.014184397163120567,1.8789999999999998,0.655,0.345,0.5036496350364963,705,400,False
model,0.86,0.4,3.0,0.2,score_point,0.014184397163120567,1.8884999999999996,0.5725,0.4275,0.5886402753872633,705,400,False
model,0.84,0.3,3.5,0.2,score_point,0.014184397163120567,1.9240000000000004,0.5075,0.4925,0.6490939044481054,705,400,False
model,0.89,0.7,2.5,0.2,score_point,0.014184397163120567,1.9464999999999997,0.6925,0.3075,0.4615384615384615,705,400,False
model,0.87,0.4,3.0,0.2,score_point,0.014184397163120567,1.973,0.605,0.395,0.5563380281690141,705,400,False
model,0.9,0.7,2.5,0.2,score_point,0.014184397163120567,2.005,0.725,0.275,0.4230769230769231,705,400,False
model,0.91,0.5,2.5,0.2,score_point,0.014184397163120567,2.02,0.76,0.24,0.3794466403162055,705,400,False
model,0.85,0.3,3.5,0.2,score_point,0.014184397163120567,2.036,0.5425,0.4575,0.6172006745362564,705,400,False
model,0.91,0.6,2.5,0.2,score_point,0.014184397163120567,2.044,0.76,0.24,0.3794466403162055,705,400,False
model,0.92,0.3,2.5,0.2,score_point,0.014184397163120567,2.0545,0.7975,0.2025,0.329938900203666,705,400,False
model,0.91,0.7,2.5,0.2,score_point,0.014184397163120567,2.0679999999999996,0.76,0.24,0.3794466403162055,705,400,False
model,0.88,0.3,3.0,0.2,score_point,0.014184397163120567,2.0685000000000002,0.655,0.345,0.5036496350364963,705,400,False
model,0.92,0.4,2.5,0.2,score_point,0.014184397163120567,2.07475,0.7975,0.2025,0.329938900203666,705,400,False
model,0.93,0.3,2.5,0.2,score_point,0.014184397163120567,2.1205000000000003,0.8275,0.1725,0.28810020876826714,705,400,False
model,0.93,0.4,2.5,0.2,score_point,0.014184397163120567,2.13775,0.8275,0.1725,0.28810020876826714,705,400,False
model,0.94,0.2,2.5,0.2,score_point,0.014184397163120567,2.2125,0.875,0.125,0.21739130434782608,705,400,False
model,0.94,0.3,2.5,0.2,score_point,0.014184397163120567,2.225,0.875,0.125,0.21739130434782608,705,400,False
model,0.94,0.4,2.5,0.2,score_point,0.014184397163120567,2.2375,0.875,0.125,0.21739130434782608,705,400,False
model,0.64,0.6,3.5,0.2,score_point,0.015602836879432624,1.1654999999999998,0.195,0.805,0.8785811732605731,705,400,True
model,0.7,0.6,3.0,0.2,score_point,0.015602836879432624,1.2,0.25,0.75,0.8438818565400843,705,400,False
model,0.65,0.6,3.5,0.2,score_point,0.015602836879432624,1.2017499999999999,0.2075,0.7925,0.8708791208791209,705,400,False
model,0.63,0.7,3.5,0.2,score_point,0.015602836879432624,1.2039999999999997,0.18,0.82,0.8876860622462788,705,400,False
model,0.66,0.6,3.5,0.2,score_point,0.015602836879432624,1.2089999999999999,0.21,0.79,0.8693259972489683,705,400,False
model,0.67,0.6,3.5,0.2,score_point,0.015602836879432624,1.2234999999999998,0.215,0.785,0.8662068965517242,705,400,False
model,0.71,0.6,3.0,0.2,score_point,0.015602836879432624,1.224,0.26,0.74,0.8373408769448373,705,400,False
model,0.74,0.5,3.0,0.2,score_point,0.015602836879432624,1.23125,0.2925,0.7075,0.8155619596541787,705,400,False
model,0.59,0.8,3.5,0.2,score_point,0.015602836879432624,1.2387500000000002,0.1625,0.8375,0.8981233243967829,705,400,False
model,0.75,0.7,2.5,0.2,score_point,0.015602836879432624,1.2444999999999997,0.3025,0.6975,0.808695652173913,705,400,False
model,0.69,0.7,3.0,0.2,score_point,0.015602836879432624,1.2462499999999999,0.2375,0.7625,0.8519553072625698,705,400,False
model,0.6,0.8,3.5,0.2,score_point,0.015602836879432624,1.2590000000000001,0.17,0.83,0.8936742934051145,705,400,False
model,0.71,0.5,3.5,0.2,score_point,0.015602836879432624,1.28,0.26,0.74,0.8373408769448373,705,400,False
model,0.76,0.7,2.5,0.2,score_point,0.015602836879432624,1.2849999999999997,0.325,0.675,0.7929515418502203,705,400,False
model,0.74,0.8,2.5,0.2,score_point,0.015602836879432624,1.2972500000000002,0.2925,0.7075,0.8155619596541787,705,400,False
model,0.68,0.8,3.0,0.2,score_point,0.015602836879432624,1.3005000000000002,0.2275,0.7725,0.8583333333333333,705,400,False
model,0.77,0.7,2.5,0.2,score_point,0.015602836879432624,1.303,0.335,0.665,0.7858197932053177,705,400,False
model,0.74,0.4,3.5,0.2,score_point,0.015602836879432624,1.30675,0.2925,0.7075,0.8155619596541787,705,400,False
model,0.59,0.9,3.5,0.2,score_point,0.015602836879432624,1.3225,0.1625,0.8375,0.8981233243967829,705,400,False
model,0.78,0.7,2.5,0.2,score_point,0.015602836879432624,1.3344999999999998,0.3525,0.6475,0.7731343283582089,705,400,False
model,0.79,0.4,3.0,0.2,score_point,0.015602836879432624,1.3360000000000003,0.36,0.64,0.767616191904048,705,400,False
model,0.6,0.9,3.5,0.2,score_point,0.015602836879432624,1.342,0.17,0.83,0.8936742934051145,705,400,False
model,0.79,0.7,2.5,0.2,score_point,0.015602836879432624,1.3479999999999999,0.36,0.64,0.767616191904048,705,400,False
model,0.74,0.9,2.5,0.2,score_point,0.015602836879432624,1.3679999999999999,0.2925,0.7075,0.8155619596541787,705,400,False
model,0.68,0.9,3.0,0.2,score_point,0.015602836879432624,1.37775,0.2275,0.7725,0.8583333333333333,705,400,False
model,0.59,1.0,3.5,0.2,score_point,0.015602836879432624,1.40625,0.1625,0.8375,0.8981233243967829,705,400,False
model,0.8,0.7,2.5,0.2,score_point,0.015602836879432624,1.4154999999999995,0.3975,0.6025,0.7392638036809817,705,400,False
model,0.6,1.0,3.5,0.2,score_point,0.015602836879432624,1.425,0.17,0.83,0.8936742934051145,705,400,False
model,0.78,0.3,3.5,0.2,score_point,0.015602836879432624,1.4280000000000004,0.3525,0.6475,0.7731343283582089,705,400,False
model,0.8,0.4,3.0,0.2,score_point,0.015602836879432624,1.4335,0.3975,0.6025,0.7392638036809817,705,400,False
model,0.74,1.0,2.5,0.2,score_point,0.015602836879432624,1.43875,0.2925,0.7075,0.8155619596541787,705,400,False
model,0.68,1.0,3.0,0.2,score_point,0.015602836879432624,1.455,0.2275,0.7725,0.8583333333333333,705,400,False
model,0.81,0.7,2.5,0.2,score_point,0.015602836879432624,1.4739999999999998,0.43,0.57,0.7136150234741784,705,400,False
model,0.82,0.7,2.5,0.2,score_point,0.015602836879432624,1.5145,0.4525,0.5475,0.6952380952380953,705,400,False
model,0.81,0.4,3.0,0.2,score_point,0.015602836879432624,1.5179999999999998,0.43,0.57,0.7136150234741784,705,400,False
model,0.83,0.7,2.5,0.2,score_point,0.015602836879432624,1.555,0.475,0.525,0.6763285024154589,705,400,False
model,0.82,0.4,3.0,0.2,score_point,0.015602836879432624,1.5764999999999998,0.4525,0.5475,0.6952380952380953,705,400,False
model,0.84,0.7,2.5,0.2,score_point,0.015602836879432624,1.6134999999999997,0.5075,0.4925,0.6480263157894737,705,400,False
model,0.83,0.4,3.0,0.2,score_point,0.015602836879432624,1.635,0.475,0.525,0.6763285024154589,705,400,False
model,0.85,0.7,2.5,0.2,score_point,0.015602836879432624,1.6764999999999999,0.5425,0.4575,0.6161616161616162,705,400,False
model,0.86,0.6,2.5,0.2,score_point,0.015602836879432624,1.6877500000000003,0.5725,0.4275,0.5876288659793815,705,400,False
model,0.84,0.4,3.0,0.2,score_point,0.015602836879432624,1.7194999999999998,0.5075,0.4925,0.6480263157894737,705,400,False
model,0.87,0.6,2.5,0.2,score_point,0.015602836879432624,1.7494999999999998,0.605,0.395,0.5553602811950792,705,400,False
model,0.85,0.4,3.0,0.2,score_point,0.015602836879432624,1.8104999999999998,0.5425,0.4575,0.6161616161616162,705,400,False
model,0.88,0.6,2.5,0.2,score_point,0.015602836879432624,1.8444999999999998,0.655,0.345,0.5027322404371584,705,400,False
model,0.89,0.6,2.5,0.2,score_point,0.015602836879432624,1.9157499999999998,0.6925,0.3075,0.46067415730337075,705,400,False
model,0.9,0.5,2.5,0.2,score_point,0.015602836879432624,1.95,0.725,0.275,0.42226487523992323,705,400,False
model,0.91,0.3,2.5,0.2,score_point,0.015602836879432624,1.9720000000000002,0.76,0.24,0.37869822485207105,705,400,False
model,0.9,0.6,2.5,0.2,score_point,0.015602836879432624,1.9775,0.725,0.275,0.42226487523992323,705,400,False
model,0.91,0.4,2.5,0.2,score_point,0.015602836879432624,1.996,0.76,0.24,0.37869822485207105,705,400,False
model,0.93,0.2,2.5,0.2,score_point,0.015602836879432624,2.10325,0.8275,0.1725,0.2875,705,400,False
model,0.89,0.2,3.0,0.2,score_point,0.015602836879432624,2.139,0.6925,0.3075,0.46067415730337075,705,400,False
model,0.87,0.2,3.5,0.2,score_point,0.015602836879432624,2.1965,0.605,0.395,0.5553602811950792,705,400,False
model,0.43,0.8,3.5,0.2,score_point,0.01702127659574468,1.07,0.1,0.9,0.9326424870466321,705,400,False
model,0.44,0.8,3.5,0.2,score_point,0.01702127659574468,1.07,0.1,0.9,0.9326424870466321,705,400,True
model,0.45,0.8,3.5,0.2,score_point,0.01702127659574468,1.0970000000000002,0.11,0.89,0.9270833333333334,705,400,False
model,0.46,0.8,3.5,0.2,score_point,0.01702127659574468,1.1037500000000002,0.1125,0.8875,0.9256844850065189,705,400,False
model,0.47,0.8,3.5,0.2,score_point,0.01702127659574468,1.1105,0.115,0.885,0.9242819843342036,705,400,False
model,0.48,0.8,3.5,0.2,score_point,0.01702127659574468,1.1172500000000003,0.1175,0.8825,0.9228758169934641,705,400,False
model,0.63,0.6,3.5,0.2,score_point,0.01702127659574468,1.1219999999999999,0.18,0.82,0.8864864864864864,705,400,False
model,0.36,0.9,3.5,0.2,score_point,0.01702127659574468,1.1275000000000002,0.0875,0.9125,0.9395109395109394,705,400,False
model,0.49,0.8,3.5,0.2,score_point,0.01702127659574468,1.1307500000000001,0.1225,0.8775,0.9200524246395805,705,400,False
model,0.5,0.8,3.5,0.2,score_point,0.01702127659574468,1.1307500000000001,0.1225,0.8775,0.9200524246395805,705,400,False
model,0.37,0.9,3.5,0.2,score_point,0.01702127659574468,1.1405,0.0925,0.9075,0.936774193548387,705,400,False
model,0.38,0.9,3.5,0.2,score_point,0.01702127659574468,1.1405,0.0925,0.9075,0.936774193548387,705,400,False
model,0.51,0.8,3.5,0.2,score_point,0.01702127659574468,1.1442500000000002,0.1275,0.8725,0.9172141918528254,705,400,False
model,0.52,0.8,3.5,0.2,score_point,0.01702127659574468,1.1442500000000002,0.1275,0.8725,0.9172141918528254,705,400,False
model,0.39,0.9,3.5,0.2,score_point,0.01702127659574468,1.1535000000000002,0.0975,0.9025,0.9340232858990944,705,400,False
model,0.4,0.9,3.5,0.2,score_point,0.01702127659574468,1.1535000000000002,0.0975,0.9025,0.9340232858990944,705,400,False
model,0.41,0.9,3.5,0.2,score_point,0.01702127659574468,1.1535000000000002,0.0975,0.9025,0.9340232858990944,705,400,False
model,0.53,0.8,3.5,0.2,score_point,0.01702127659574468,1.1577500000000003,0.1325,0.8675,0.9143610013175231,705,400,False
model,0.42,0.9,3.5,0.2,score_point,0.01702127659574468,1.1600000000000001,0.1,0.9,0.9326424870466321,705,400,False
model,0.43,0.9,3.5,0.2,score_point,0.01702127659574468,1.1600000000000001,0.1,0.9,0.9326424870466321,705,400,False
model,0.44,0.9,3.5,0.2,score_point,0.01702127659574468,1.1600000000000001,0.1,0.9,0.9326424870466321,705,400,False
model,0.54,0.8,3.5,0.2,score_point,0.01702127659574468,1.1645,0.135,0.865,0.9129287598944592,705,400,False
model,0.69,0.6,3.0,0.2,score_point,0.01702127659574468,1.17,0.2375,0.7625,0.8507670850767084,705,400,False
model,0.55,0.8,3.5,0.2,score_point,0.01702127659574468,1.1712500000000001,0.1375,0.8625,0.9114927344782034,705,400,False
model,0.56,0.8,3.5,0.2,score_point,0.01702127659574468,1.1712500000000001,0.1375,0.8625,0.9114927344782034,705,400,False
model,0.75,0.6,2.5,0.2,score_point,0.01702127659574468,1.1747499999999997,0.3025,0.6975,0.8075253256150507,705,400,False
model,0.72,0.5,3.0,0.2,score_point,0.01702127659574468,1.175,0.27,0.73,0.8295454545454545,705,400,False
model,0.45,0.9,3.5,0.2,score_point,0.01702127659574468,1.1860000000000002,0.11,0.89,0.9270833333333334,705,400,False
model,0.61,0.7,3.5,0.2,score_point,0.01702127659574468,1.1899999999999997,0.175,0.825,0.889487870619946,705,400,False
model,0.57,0.8,3.5,0.2,score_point,0.01702127659574468,1.1915000000000002,0.145,0.855,0.9071618037135277,705,400,False
model,0.46,0.9,3.5,0.2,score_point,0.01702127659574468,1.1925000000000001,0.1125,0.8875,0.9256844850065189,705,400,False
model,0.73,0.5,3.0,0.2,score_point,0.01702127659574468,1.19375,0.2775,0.7225,0.8245363766048502,705,400,False
model,0.63,0.8,3.0,0.2,score_point,0.01702127659574468,1.1960000000000002,0.18,0.82,0.8864864864864864,705,400,False
model,0.62,0.7,3.5,0.2,score_point,0.01702127659574468,1.1969999999999998,0.1775,0.8225,0.8879892037786775,705,400,False
model,0.47,0.9,3.5,0.2,score_point,0.01702127659574468,1.199,0.115,0.885,0.9242819843342036,705,400,False
model,0.48,0.9,3.5,0.2,score_point,0.01702127659574468,1.2055,0.1175,0.8825,0.9228758169934641,705,400,False
model,0.58,0.8,3.5,0.2,score_point,0.01702127659574468,1.21175,0.1525,0.8475,0.9027962716378163,705,400,False
model,0.76,0.6,2.5,0.2,score_point,0.01702127659574468,1.2175,0.325,0.675,0.7917888563049854,705,400,False
model,0.49,0.9,3.5,0.2,score_point,0.01702127659574468,1.2185000000000001,0.1225,0.8775,0.9200524246395805,705,400,False
model,0.5,0.9,3.5,0.2,score_point,0.01702127659574468,1.2185000000000001,0.1225,0.8775,0.9200524246395805,705,400,False
model,0.36,1.0,3.5,0.2,score_point,0.01702127659574468,1.21875,0.0875,0.9125,0.9395109395109394,705,400,False
model,0.68,0.7,3.0,0.2,score_point,0.01702127659574468,1.22325,0.2275,0.7725,0.8571428571428571,705,400,False
model,0.74,0.7,2.5,0.2,score_point,0.01702127659574468,1.2264999999999997,0.2925,0.7075,0.814388489208633,705,400,False
model,0.64,0.8,3.0,0.2,score_point,0.01702127659574468,1.229,0.195,0.805,0.8773841961852862,705,400,False
model,0.37,1.0,3.5,0.2,score_point,0.01702127659574468,1.23125,0.0925,0.9075,0.936774193548387,705,400,False
model,0.38,1.0,3.5,0.2,score_point,0.01702127659574468,1.23125,0.0925,0.9075,0.936774193548387,705,400,False
model,0.51,0.9,3.5,0.2,score_point,0.01702127659574468,1.2315,0.1275,0.8725,0.9172141918528254,705,400,False
model,0.52,0.9,3.5,0.2,score_point,0.01702127659574468,1.2315,0.1275,0.8725,0.9172141918528254,705,400,False
model,0.77,0.6,2.5,0.2,score_point,0.01702127659574468,1.2364999999999997,0.335,0.665,0.784660766961652,705,400,False
model,0.39,1.0,3.5,0.2,score_point,0.01702127659574468,1.24375,0.0975,0.9025,0.9340232858990944,705,400,False
model,0.4,1.0,3.5,0.2,score_point,0.01702127659574468,1.24375,0.0975,0.9025,0.9340232858990944,705,400,False
model,0.41,1.0,3.5,0.2,score_point,0.01702127659574468,1.24375,0.0975,0.9025,0.9340232858990944,705,400,False
model,0.53,0.9,3.5,0.2,score_point,0.01702127659574468,1.2445000000000002,0.1325,0.8675,0.9143610013175231,705,400,False
model,0.42,1.0,3.5,0.2,score_point,0.01702127659574468,1.25,0.1,0.9,0.9326424870466321,705,400,False
model,0.43,1.0,3.5,0.2,score_point,0.01702127659574468,1.25,0.1,0.9,0.9326424870466321,705,400,False
model,0.44,1.0,3.5,0.2,score_point,0.01702127659574468,1.25,0.1,0.9,0.9326424870466321,705,400,False
model,0.7,0.5,3.5,0.2,score_point,0.01702127659574468,1.25,0.25,0.75,0.8426966292134831,705,400,False
model,0.54,0.9,3.5,0.2,score_point,0.01702127659574468,1.2510000000000001,0.135,0.865,0.9129287598944592,705,400,False
model,0.65,0.8,3.0,0.2,score_point,0.01702127659574468,1.2565000000000002,0.2075,0.7925,0.8696844993141291,705,400,False
model,0.55,0.9,3.5,0.2,score_point,0.01702127659574468,1.2575,0.1375,0.8625,0.9114927344782034,705,400,False
model,0.56,0.9,3.5,0.2,score_point,0.01702127659574468,1.2575,0.1375,0.8625,0.9114927344782034,705,400,False
model,0.72,0.8,2.5,0.2,score_point,0.01702127659574468,1.2590000000000001,0.27,0.73,0.8295454545454545,705,400,False
model,0.73,0.4,3.5,0.2,score_point,0.01702127659574468,1.26025,0.2775,0.7225,0.8245363766048502,705,400,False
model,0.66,0.8,3.0,0.2,score_point,0.01702127659574468,1.2620000000000002,0.21,0.79,0.8681318681318682,705,400,False
model,0.78,0.6,2.5,0.2,score_point,0.01702127659574468,1.26975,0.3525,0.6475,0.7719821162444113,705,400,False
model,0.73,0.8,2.5,0.2,score_point,0.01702127659574468,1.2717500000000002,0.2775,0.7225,0.8245363766048502,705,400,False
model,0.67,0.8,3.0,0.2,score_point,0.01702127659574468,1.2730000000000001,0.215,0.785,0.8650137741046833,705,400,False
model,0.45,1.0,3.5,0.2,score_point,0.01702127659574468,1.275,0.11,0.89,0.9270833333333334,705,400,False
model,0.57,0.9,3.5,0.2,score_point,0.01702127659574468,1.2770000000000001,0.145,0.855,0.9071618037135277,705,400,False
model,0.63,0.9,3.0,0.2,score_point,0.01702127659574468,1.278,0.18,0.82,0.8864864864864864,705,400,False
model,0.46,1.0,3.5,0.2,score_point,0.01702127659574468,1.28125,0.1125,0.8875,0.9256844850065189,705,400,False
model,0.79,0.6,2.5,0.2,score_point,0.01702127659574468,1.2839999999999998,0.36,0.64,0.7664670658682635,705,400,False
model,0.47,1.0,3.5,0.2,score_point,0.01702127659574468,1.2875,0.115,0.885,0.9242819843342036,705,400,False
model,0.48,1.0,3.5,0.2,score_point,0.01702127659574468,1.29375,0.1175,0.8825,0.9228758169934641,705,400,False
model,0.58,0.9,3.5,0.2,score_point,0.01702127659574468,1.2965000000000004,0.1525,0.8475,0.9027962716378163,705,400,False
model,0.49,1.0,3.5,0.2,score_point,0.01702127659574468,1.30625,0.1225,0.8775,0.9200524246395805,705,400,False
model,0.5,1.0,3.5,0.2,score_point,0.01702127659574468,1.30625,0.1225,0.8775,0.9200524246395805,705,400,False
model,0.64,0.9,3.0,0.2,score_point,0.01702127659574468,1.3094999999999999,0.195,0.805,0.8773841961852862,705,400,False
model,0.78,0.4,3.0,0.2,score_point,0.01702127659574468,1.3165,0.3525,0.6475,0.7719821162444113,705,400,False
model,0.51,1.0,3.5,0.2,score_point,0.01702127659574468,1.31875,0.1275,0.8725,0.9172141918528254,705,400,False
model,0.52,1.0,3.5,0.2,score_point,0.01702127659574468,1.31875,0.1275,0.8725,0.9172141918528254,705,400,False
model,0.53,1.0,3.5,0.2,score_point,0.01702127659574468,1.33125,0.1325,0.8675,0.9143610013175231,705,400,False
model,0.72,0.9,2.5,0.2,score_point,0.01702127659574468,1.332,0.27,0.73,0.8295454545454545,705,400,False
model,0.65,0.9,3.0,0.2,score_point,0.01702127659574468,1.33575,0.2075,0.7925,0.8696844993141291,705,400,False
model,0.54,1.0,3.5,0.2,score_point,0.01702127659574468,1.3375,0.135,0.865,0.9129287598944592,705,400,False
model,0.76,0.3,3.5,0.2,score_point,0.01702127659574468,1.34,0.325,0.675,0.7917888563049854,705,400,False
model,0.66,0.9,3.0,0.2,score_point,0.01702127659574468,1.3410000000000002,0.21,0.79,0.8681318681318682,705,400,False
model,0.55,1.0,3.5,0.2,score_point,0.01702127659574468,1.34375,0.1375,0.8625,0.9114927344782034,705,400,False
model,0.56,1.0,3.5,0.2,score_point,0.01702127659574468,1.34375,0.1375,0.8625,0.9114927344782034,705,400,False
model,0.73,0.9,2.5,0.2,score_point,0.01702127659574468,1.3439999999999999,0.2775,0.7225,0.8245363766048502,705,400,False
model,0.67,0.9,3.0,0.2,score_point,0.01702127659574468,1.3515000000000001,0.215,0.785,0.8650137741046833,705,400,False
model,0.8,0.6,2.5,0.2,score_point,0.01702127659574468,1.3552499999999998,0.3975,0.6025,0.7381316998468607,705,400,False
model,0.63,1.0,3.0,0.2,score_point,0.01702127659574468,1.36,0.18,0.82,0.8864864864864864,705,400,False
model,0.57,1.0,3.5,0.2,score_point,0.01702127659574468,1.3625,0.145,0.855,0.9071618037135277,705,400,False
model,0.77,0.3,3.5,0.2,score_point,0.01702127659574468,1.372,0.335,0.665,0.784660766961652,705,400,False
model,0.58,1.0,3.5,0.2,score_point,0.01702127659574468,1.38125,0.1525,0.8475,0.9027962716378163,705,400,False
model,0.64,1.0,3.0,0.2,score_point,0.01702127659574468,1.39,0.195,0.805,0.8773841961852862,705,400,False
model,0.72,1.0,2.5,0.2,score_point,0.01702127659574468,1.405,0.27,0.73,0.8295454545454545,705,400,False
model,0.65,1.0,3.0,0.2,score_point,0.01702127659574468,1.415,0.2075,0.7925,0.8696844993141291,705,400,False
model,0.73,1.0,2.5,0.2,score_point,0.01702127659574468,1.41625,0.2775,0.7225,0.8245363766048502,705,400,False
model,0.81,0.6,2.5,0.2,score_point,0.01702127659574468,1.4169999999999998,0.43,0.57,0.7125,705,400,False
model,0.66,1.0,3.0,0.2,score_point,0.01702127659574468,1.42,0.21,0.79,0.8681318681318682,705,400,False
model,0.67,1.0,3.0,0.2,score_point,0.01702127659574468,1.43,0.215,0.785,0.8650137741046833,705,400,False
model,0.82,0.6,2.5,0.2,score_point,0.01702127659574468,1.4597500000000003,0.4525,0.5475,0.694136291600634,705,400,False
model,0.83,0.6,2.5,0.2,score_point,0.01702127659574468,1.5025,0.475,0.525,0.6752411575562701,705,400,False
model,0.84,0.6,2.5,0.2,score_point,0.01702127659574468,1.56425,0.5075,0.4925,0.6469622331691297,705,400,False
model,0.85,0.6,2.5,0.2,score_point,0.01702127659574468,1.63075,0.5425,0.4575,0.6151260504201681,705,400,False
model,0.86,0.3,3.0,0.2,score_point,0.01702127659574468,1.8457499999999998,0.5725,0.4275,0.5866209262435677,705,400,False
model,0.89,0.5,2.5,0.2,score_point,0.01702127659574468,1.885,0.6925,0.3075,0.45981308411214955,705,400,False
model,0.9,0.3,2.5,0.2,score_point,0.01702127659574468,1.895,0.725,0.275,0.42145593869731807,705,400,False
model,0.9,0.4,2.5,0.2,score_point,0.01702127659574468,1.9225,0.725,0.275,0.42145593869731807,705,400,False
model,0.87,0.3,3.0,0.2,score_point,0.01702127659574468,1.9335000000000002,0.605,0.395,0.5543859649122808,705,400,False
model,0.88,0.2,3.0,0.2,score_point,0.01702127659574468,2.034,0.655,0.345,0.5018181818181818,705,400,False
model,0.92,0.2,2.5,0.2,score_point,0.01702127659574468,2.0342499999999997,0.7975,0.2025,0.3286004056795132,705,400,False
model,0.86,0.2,3.5,0.2,score_point,0.01702127659574468,2.0892500000000003,0.5725,0.4275,0.5866209262435677,705,400,False
model,0.36,0.8,3.5,0.2,score_point,0.018439716312056736,1.0362500000000003,0.0875,0.9125,0.9383033419023135,705,400,True
model,0.37,0.8,3.5,0.2,score_point,0.018439716312056736,1.0497500000000002,0.0925,0.9075,0.9355670103092784,705,400,False
model,0.38,0.8,3.5,0.2,score_point,0.018439716312056736,1.0497500000000002,0.0925,0.9075,0.9355670103092784,705,400,False
model,0.39,0.8,3.5,0.2,score_point,0.018439716312056736,1.0632500000000003,0.0975,0.9025,0.9328165374677002,705,400,False
model,0.4,0.8,3.5,0.2,score_point,0.018439716312056736,1.0632500000000003,0.0975,0.9025,0.9328165374677002,705,400,False
model,0.41,0.8,3.5,0.2,score_point,0.018439716312056736,1.0632500000000003,0.0975,0.9025,0.9328165374677002,705,400,False
model,0.42,0.8,3.5,0.2,score_point,0.018439716312056736,1.07,0.1,0.9,0.9314359637774903,705,400,False
model,0.32,0.9,3.5,0.2,score_point,0.018439716312056736,1.1015000000000001,0.0775,0.9225,0.9437340153452685,705,400,False
model,0.61,0.6,3.5,0.2,score_point,0.018439716312056736,1.1075,0.175,0.825,0.8882907133243607,705,400,False
model,0.33,0.9,3.5,0.2,score_point,0.018439716312056736,1.108,0.08,0.92,0.942381562099872,705,400,False
model,0.34,0.9,3.5,0.2,score_point,0.018439716312056736,1.108,0.08,0.92,0.942381562099872,705,400,False
model,0.62,0.6,3.5,0.2,score_point,0.018439716312056736,1.11475,0.1775,0.8225,0.8867924528301887,705,400,False
model,0.35,0.9,3.5,0.2,score_point,0.018439716312056736,1.1275000000000002,0.0875,0.9125,0.9383033419023135,705,400,False
model,0.68,0.6,3.0,0.2,score_point,0.018439716312056736,1.146,0.2275,0.7725,0.8559556786703602,705,400,False
model,0.64,0.7,3.0,0.2,score_point,0.018439716312056736,1.1484999999999996,0.195,0.805,0.8761904761904762,705,400,False
model,0.59,0.7,3.5,0.2,score_point,0.018439716312056736,1.1549999999999998,0.1625,0.8375,0.8957219251336899,705,400,False
model,0.74,0.6,2.5,0.2,score_point,0.018439716312056736,1.1557499999999998,0.2925,0.7075,0.8132183908045977,705,400,False
model,0.6,0.7,3.5,0.2,score_point,0.018439716312056736,1.1759999999999997,0.17,0.83,0.8912751677852349,705,400,False
model,0.65,0.7,3.0,0.2,score_point,0.018439716312056736,1.17725,0.2075,0.7925,0.8684931506849316,705,400,False
model,0.66,0.7,3.0,0.2,score_point,0.018439716312056736,1.1829999999999998,0.21,0.79,0.8669410150891633,705,400,False
model,0.61,0.8,3.0,0.2,score_point,0.018439716312056736,1.1850000000000003,0.175,0.825,0.8882907133243607,705,400,False
model,0.72,0.7,2.5,0.2,score_point,0.018439716312056736,1.1859999999999997,0.27,0.73,0.8283687943262411,705,400,False
model,0.75,0.4,3.0,0.2,score_point,0.018439716312056736,1.1865,0.3025,0.6975,0.8063583815028901,705,400,False
model,0.62,0.8,3.0,0.2,score_point,0.018439716312056736,1.1905000000000003,0.1775,0.8225,0.8867924528301887,705,400,False
model,0.32,1.0,3.5,0.2,score_point,0.018439716312056736,1.19375,0.0775,0.9225,0.9437340153452685,705,400,False
model,0.67,0.7,3.0,0.2,score_point,0.018439716312056736,1.1945,0.215,0.785,0.8638239339752408,705,400,False
model,0.73,0.7,2.5,0.2,score_point,0.018439716312056736,1.1994999999999998,0.2775,0.7225,0.8233618233618234,705,400,False
model,0.33,1.0,3.5,0.2,score_point,0.018439716312056736,1.2,0.08,0.92,0.942381562099872,705,400,False
model,0.34,1.0,3.5,0.2,score_point,0.018439716312056736,1.2,0.08,0.92,0.942381562099872,705,400,False
model,0.69,0.5,3.5,0.2,score_point,0.018439716312056736,1.2125,0.2375,0.7625,0.8495821727019499,705,400,False
model,0.35,1.0,3.5,0.2,score_point,0.018439716312056736,1.21875,0.0875,0.9125,0.9383033419023135,705,400,False
model,0.72,0.4,3.5,0.2,score_point,0.018439716312056736,1.237,0.27,0.73,0.8283687943262411,705,400,False
model,0.76,0.4,3.0,0.2,score_point,0.018439716312056736,1.245,0.325,0.675,0.7906295754026355,705,400,False
model,0.61,0.9,3.0,0.2,score_point,0.018439716312056736,1.2675,0.175,0.825,0.8882907133243607,705,400,False
model,0.75,0.3,3.5,0.2,score_point,0.018439716312056736,1.2680000000000002,0.3025,0.6975,0.8063583815028901,705,400,False
model,0.77,0.4,3.0,0.2,score_point,0.018439716312056736,1.271,0.335,0.665,0.7835051546391754,705,400,False
model,0.79,0.3,3.0,0.2,score_point,0.018439716312056736,1.2720000000000002,0.36,0.64,0.7653213751868461,705,400,False
model,0.62,0.9,3.0,0.2,score_point,0.018439716312056736,1.27275,0.1775,0.8225,0.8867924528301887,705,400,False
model,0.61,1.0,3.0,0.2,score_point,0.018439716312056736,1.35,0.175,0.825,0.8882907133243607,705,400,False
model,0.62,1.0,3.0,0.2,score_point,0.018439716312056736,1.355,0.1775,0.8225,0.8867924528301887,705,400,False
model,0.8,0.3,3.0,0.2,score_point,0.018439716312056736,1.37325,0.3975,0.6025,0.7370030581039755,705,400,False
model,0.81,0.3,3.0,0.2,score_point,0.018439716312056736,1.4610000000000003,0.43,0.57,0.7113884555382214,705,400,False
model,0.82,0.3,3.0,0.2,score_point,0.018439716312056736,1.5217500000000002,0.4525,0.5475,0.6930379746835442,705,400,False
model,0.83,0.3,3.0,0.2,score_point,0.018439716312056736,1.5825,0.475,0.525,0.6741573033707866,705,400,False
model,0.81,0.2,3.5,0.2,score_point,0.018439716312056736,1.6189999999999998,0.43,0.57,0.7113884555382214,705,400,False
model,0.86,0.5,2.5,0.2,score_point,0.018439716312056736,1.645,0.5725,0.4275,0.5856164383561644,705,400,False
model,0.84,0.3,3.0,0.2,score_point,0.018439716312056736,1.67025,0.5075,0.4925,0.6459016393442623,705,400,False
model,0.82,0.2,3.5,0.2,score_point,0.018439716312056736,1.69325,0.4525,0.5475,0.6930379746835442,705,400,False
model,0.87,0.5,2.5,0.2,score_point,0.018439716312056736,1.71,0.605,0.395,0.553415061295972,705,400,False
model,0.85,0.3,3.0,0.2,score_point,0.018439716312056736,1.7647500000000003,0.5425,0.4575,0.6140939597315436,705,400,False
model,0.83,0.2,3.5,0.2,score_point,0.018439716312056736,1.7675,0.475,0.525,0.6741573033707866,705,400,False
model,0.88,0.5,2.5,0.2,score_point,0.018439716312056736,1.81,0.655,0.345,0.5009074410163339,705,400,False
model,0.89,0.4,2.5,0.2,score_point,0.018439716312056736,1.8542500000000002,0.6925,0.3075,0.45895522388059695,705,400,False
model,0.84,0.2,3.5,0.2,score_point,0.018439716312056736,1.8747499999999997,0.5075,0.4925,0.6459016393442623,705,400,False
model,0.91,0.2,2.5,0.2,score_point,0.018439716312056736,1.9479999999999997,0.76,0.24,0.37721021611001965,705,400,False
model,0.85,0.2,3.5,0.2,score_point,0.018439716312056736,1.9902499999999999,0.5425,0.4575,0.6140939597315436,705,400,False
model,0.43,0.7,3.5,0.2,score_point,0.019858156028368795,0.9799999999999999,0.1,0.9,0.9302325581395349,705,400,False
model,0.44,0.7,3.5,0.2,score_point,0.019858156028368795,0.9799999999999999,0.1,0.9,0.9302325581395349,705,400,True
model,0.45,0.7,3.5,0.2,score_point,0.019858156028368795,1.0079999999999998,0.11,0.89,0.9246753246753247,705,400,False
model,0.32,0.8,3.5,0.2,score_point,0.019858156028368795,1.0092500000000002,0.0775,0.9225,0.942528735632184,705,400,False
model,0.46,0.7,3.5,0.2,score_point,0.019858156028368795,1.015,0.1125,0.8875,0.9232769830949284,705,400,False
model,0.33,0.8,3.5,0.2,score_point,0.019858156028368795,1.016,0.08,0.92,0.9411764705882353,705,400,False
model,0.34,0.8,3.5,0.2,score_point,0.019858156028368795,1.016,0.08,0.92,0.9411764705882353,705,400,False
model,0.47,0.7,3.5,0.2,score_point,0.019858156028368795,1.0219999999999998,0.115,0.885,0.921875,705,400,False
model,0.48,0.7,3.5,0.2,score_point,0.019858156028368795,1.0289999999999997,0.1175,0.8825,0.9204693611473272,705,400,False
model,0.35,0.8,3.5,0.2,score_point,0.019858156028368795,1.0362500000000003,0.0875,0.9125,0.9370988446726572,705,400,False
model,0.49,0.7,3.5,0.2,score_point,0.019858156028368795,1.043,0.1225,0.8775,0.9176470588235295,705,400,False
model,0.5,0.7,3.5,0.2,score_point,0.019858156028368795,1.043,0.1225,0.8775,0.9176470588235295,705,400,False
model,0.51,0.7,3.5,0.2,score_point,0.019858156028368795,1.057,0.1275,0.8725,0.9148099606815204,705,400,False
model,0.52,0.7,3.5,0.2,score_point,0.019858156028368795,1.057,0.1275,0.8725,0.9148099606815204,705,400,False
model,0.64,0.6,3.0,0.2,score_point,0.019858156028368795,1.0679999999999998,0.195,0.805,0.875,705,400,False
model,0.53,0.7,3.5,0.2,score_point,0.019858156028368795,1.0709999999999997,0.1325,0.8675,0.911957950065703,705,400,False
model,0.54,0.7,3.5,0.2,score_point,0.019858156028368795,1.0779999999999998,0.135,0.865,0.9105263157894737,705,400,False
model,0.3,0.9,3.5,0.2,score_point,0.019858156028368795,1.082,0.07,0.93,0.9465648854961832,705,400,False
model,0.55,0.7,3.5,0.2,score_point,0.019858156028368795,1.0849999999999997,0.1375,0.8625,0.9090909090909092,705,400,False
model,0.56,0.7,3.5,0.2,score_point,0.019858156028368795,1.0849999999999997,0.1375,0.8625,0.9090909090909092,705,400,False
model,0.6,0.6,3.5,0.2,score_point,0.019858156028368795,1.0929999999999997,0.17,0.83,0.8900804289544236,705,400,False
model,0.31,0.9,3.5,0.2,score_point,0.019858156028368795,1.0950000000000002,0.075,0.925,0.943877551020408,705,400,False
model,0.65,0.6,3.0,0.2,score_point,0.019858156028368795,1.0979999999999999,0.2075,0.7925,0.8673050615595075,705,400,False
model,0.66,0.6,3.0,0.2,score_point,0.019858156028368795,1.1039999999999999,0.21,0.79,0.8657534246575342,705,400,False
model,0.57,0.7,3.5,0.2,score_point,0.019858156028368795,1.1059999999999999,0.145,0.855,0.9047619047619048,705,400,False
model,0.72,0.6,2.5,0.2,score_point,0.019858156028368795,1.1129999999999998,0.27,0.73,0.8271954674220963,705,400,False
model,0.63,0.7,3.0,0.2,score_point,0.019858156028368795,1.1139999999999999,0.18,0.82,0.8840970350404311,705,400,False
model,0.67,0.6,3.0,0.2,score_point,0.019858156028368795,1.1159999999999999,0.215,0.785,0.8626373626373627,705,400,False
model,0.58,0.7,3.5,0.2,score_point,0.019858156028368795,1.1269999999999998,0.1525,0.8475,0.900398406374502,705,400,False
model,0.73,0.6,2.5,0.2,score_point,0.019858156028368795,1.1272499999999999,0.2775,0.7225,0.8221906116642959,705,400,False
model,0.71,0.5,3.0,0.2,score_point,0.019858156028368795,1.15,0.26,0.74,0.8338028169014083,705,400,False
model,0.59,0.8,3.0,0.2,score_point,0.019858156028368795,1.1575000000000002,0.1625,0.8375,0.8945260347129507,705,400,False
model,0.74,0.4,3.0,0.2,score_point,0.019858156028368795,1.1605,0.2925,0.7075,0.812051649928264,705,400,False
model,0.6,0.8,3.0,0.2,score_point,0.019858156028368795,1.1740000000000002,0.17,0.83,0.8900804289544236,705,400,False
model,0.3,1.0,3.5,0.2,score_point,0.019858156028368795,1.175,0.07,0.93,0.9465648854961832,705,400,False
model,0.68,0.5,3.5,0.2,score_point,0.019858156028368795,1.1825,0.2275,0.7725,0.8547717842323652,705,400,False
model,0.31,1.0,3.5,0.2,score_point,0.019858156028368795,1.1875,0.075,0.925,0.943877551020408,705,400,False
model,0.78,0.5,2.5,0.2,score_point,0.019858156028368795,1.205,0.3525,0.6475,0.7696879643387815,705,400,False
model,0.79,0.5,2.5,0.2,score_point,0.019858156028368795,1.22,0.36,0.64,0.7641791044776118,705,400,False
model,0.7,0.8,2.5,0.2,score_point,0.019858156028368795,1.225,0.25,0.75,0.8403361344537814,705,400,False
model,0.74,0.3,3.5,0.2,score_point,0.019858156028368795,1.2360000000000002,0.2925,0.7075,0.812051649928264,705,400,False
model,0.59,0.9,3.0,0.2,score_point,0.019858156028368795,1.2412500000000002,0.1625,0.8375,0.8945260347129507,705,400,False
model,0.71,0.8,2.5,0.2,score_point,0.019858156028368795,1.2420000000000002,0.26,0.74,0.8338028169014083,705,400,False
model,0.78,0.3,3.0,0.2,score_point,0.019858156028368795,1.2517500000000001,0.3525,0.6475,0.7696879643387815,705,400,False
model,0.6,0.9,3.0,0.2,score_point,0.019858156028368795,1.2570000000000001,0.17,0.83,0.8900804289544236,705,400,False
model,0.8,0.5,2.5,0.2,score_point,0.019858156028368795,1.295,0.3975,0.6025,0.7358778625954199,705,400,False
model,0.7,0.9,2.5,0.2,score_point,0.019858156028368795,1.3,0.25,0.75,0.8403361344537814,705,400,False
model,0.71,0.9,2.5,0.2,score_point,0.019858156028368795,1.3160000000000003,0.26,0.74,0.8338028169014083,705,400,False
model,0.59,1.0,3.0,0.2,score_point,0.019858156028368795,1.325,0.1625,0.8375,0.8945260347129507,705,400,False
model,0.6,1.0,3.0,0.2,score_point,0.019858156028368795,1.34,0.17,0.83,0.8900804289544236,705,400,False
model,0.81,0.5,2.5,0.2,score_point,0.019858156028368795,1.36,0.43,0.57,0.7102803738317757,705,400,False
model,0.7,1.0,2.5,0.2,score_point,0.019858156028368795,1.375,0.25,0.75,0.8403361344537814,705,400,False
model,0.79,0.2,3.5,0.2,score_point,0.019858156028368795,1.388,0.36,0.64,0.7641791044776118,705,400,False
model,0.71,1.0,2.5,0.2,score_point,0.019858156028368795,1.39,0.26,0.74,0.8338028169014083,705,400,False
model,0.82,0.5,2.5,0.2,score_point,0.019858156028368795,1.405,0.4525,0.5475,0.6919431279620852,705,400,False
model,0.83,0.5,2.5,0.2,score_point,0.019858156028368795,1.45,0.475,0.525,0.6730769230769231,705,400,False
model,0.8,0.2,3.5,0.2,score_point,0.019858156028368795,1.51175,0.3975,0.6025,0.7358778625954199,705,400,False
model,0.84,0.5,2.5,0.2,score_point,0.019858156028368795,1.515,0.5075,0.4925,0.6448445171849427,705,400,False
model,0.85,0.5,2.5,0.2,score_point,0.019858156028368795,1.585,0.5425,0.4575,0.6130653266331658,705,400,False
model,0.88,0.4,2.5,0.2,score_point,0.019858156028368795,1.7755,0.655,0.345,0.5,705,400,False
model,0.89,0.3,2.5,0.2,score_point,0.019858156028368795,1.8235000000000001,0.6925,0.3075,0.45810055865921784,705,400,False
model,0.9,0.2,2.5,0.2,score_point,0.019858156028368795,1.8675,0.725,0.275,0.4198473282442748,705,400,False
model,0.87,0.2,3.0,0.2,score_point,0.019858156028368795,1.8939999999999997,0.605,0.395,0.5524475524475525,705,400,False
model,0.36,0.7,3.5,0.2,score_point,0.02127659574468085,0.9449999999999998,0.0875,0.9125,0.935897435897436,705,400,True
model,0.37,0.7,3.5,0.2,score_point,0.02127659574468085,0.9589999999999997,0.0925,0.9075,0.9331619537275064,705,400,False
model,0.38,0.7,3.5,0.2,score_point,0.02127659574468085,0.9589999999999997,0.0925,0.9075,0.9331619537275064,705,400,False
model,0.39,0.7,3.5,0.2,score_point,0.02127659574468085,0.9729999999999999,0.0975,0.9025,0.9304123711340206,705,400,False
model,0.4,0.7,3.5,0.2,score_point,0.02127659574468085,0.9729999999999999,0.0975,0.9025,0.9304123711340206,705,400,False
model,0.41,0.7,3.5,0.2,score_point,0.02127659574468085,0.9729999999999999,0.0975,0.9025,0.9304123711340206,705,400,False
model,0.42,0.7,3.5,0.2,score_point,0.02127659574468085,0.9799999999999999,0.1,0.9,0.9290322580645162,705,400,False
model,0.3,0.8,3.5,0.2,score_point,0.02127659574468085,0.9890000000000001,0.07,0.93,0.9453621346886912,705,400,False
model,0.31,0.8,3.5,0.2,score_point,0.02127659574468085,1.0025000000000002,0.075,0.925,0.9426751592356688,705,400,False
model,0.43,0.8,3.0,0.2,score_point,0.02127659574468085,1.0200000000000002,0.1,0.9,0.9290322580645162,705,400,False
model,0.44,0.8,3.0,0.2,score_point,0.02127659574468085,1.0200000000000002,0.1,0.9,0.9290322580645162,705,400,False
model,0.63,0.6,3.0,0.2,score_point,0.02127659574468085,1.0319999999999998,0.18,0.82,0.8829071332436069,705,400,False
model,0.45,0.8,3.0,0.2,score_point,0.02127659574468085,1.0420000000000003,0.11,0.89,0.9234760051880675,705,400,False
model,0.46,0.8,3.0,0.2,score_point,0.02127659574468085,1.0475,0.1125,0.8875,0.922077922077922,705,400,False
model,0.47,0.8,3.0,0.2,score_point,0.02127659574468085,1.0530000000000002,0.115,0.885,0.9206762028608583,705,400,False
model,0.48,0.8,3.0,0.2,score_point,0.02127659574468085,1.0585000000000002,0.1175,0.8825,0.9192708333333333,705,400,False
model,0.49,0.8,3.0,0.2,score_point,0.02127659574468085,1.0695000000000001,0.1225,0.8775,0.9164490861618798,705,400,False
model,0.5,0.8,3.0,0.2,score_point,0.02127659574468085,1.0695000000000001,0.1225,0.8775,0.9164490861618798,705,400,False
model,0.59,0.6,3.5,0.2,score_point,0.02127659574468085,1.07125,0.1625,0.8375,0.8933333333333334,705,400,False
model,0.29,0.9,3.5,0.2,score_point,0.02127659574468085,1.0755000000000003,0.0675,0.9325,0.9467005076142132,705,400,False
model,0.51,0.8,3.0,0.2,score_point,0.02127659574468085,1.0805,0.1275,0.8725,0.9136125654450262,705,400,False
model,0.52,0.8,3.0,0.2,score_point,0.02127659574468085,1.0805,0.1275,0.8725,0.9136125654450262,705,400,False
model,0.36,0.9,3.0,0.2,score_point,0.02127659574468085,1.0837500000000002,0.0875,0.9125,0.935897435897436,705,400,False
model,0.64,0.5,3.5,0.2,score_point,0.02127659574468085,1.085,0.195,0.805,0.8738127544097694,705,400,False
model,0.53,0.8,3.0,0.2,score_point,0.02127659574468085,1.0915000000000001,0.1325,0.8675,0.9107611548556432,705,400,False
model,0.37,0.9,3.0,0.2,score_point,0.02127659574468085,1.0942500000000002,0.0925,0.9075,0.9331619537275064,705,400,False
model,0.38,0.9,3.0,0.2,score_point,0.02127659574468085,1.0942500000000002,0.0925,0.9075,0.9331619537275064,705,400,False
model,0.54,0.8,3.0,0.2,score_point,0.02127659574468085,1.0970000000000002,0.135,0.865,0.9093298291721419,705,400,False
model,0.61,0.7,3.0,0.2,score_point,0.02127659574468085,1.1024999999999998,0.175,0.825,0.8859060402684564,705,400,False
model,0.55,0.8,3.0,0.2,score_point,0.02127659574468085,1.1025000000000003,0.1375,0.8625,0.9078947368421054,705,400,False
model,0.56,0.8,3.0,0.2,score_point,0.02127659574468085,1.1025000000000003,0.1375,0.8625,0.9078947368421054,705,400,False
model,0.39,0.9,3.0,0.2,score_point,0.02127659574468085,1.1047500000000001,0.0975,0.9025,0.9304123711340206,705,400,False
model,0.4,0.9,3.0,0.2,score_point,0.02127659574468085,1.1047500000000001,0.0975,0.9025,0.9304123711340206,705,400,False
model,0.41,0.9,3.0,0.2,score_point,0.02127659574468085,1.1047500000000001,0.0975,0.9025,0.9304123711340206,705,400,False
model,0.75,0.5,2.5,0.2,score_point,0.02127659574468085,1.105,0.3025,0.6975,0.8040345821325648,705,400,False
model,0.62,0.7,3.0,0.2,score_point,0.02127659574468085,1.1082499999999997,0.1775,0.8225,0.8844086021505376,705,400,False
model,0.42,0.9,3.0,0.2,score_point,0.02127659574468085,1.1100000000000003,0.1,0.9,0.9290322580645162,705,400,False
model,0.43,0.9,3.0,0.2,score_point,0.02127659574468085,1.1100000000000003,0.1,0.9,0.9290322580645162,705,400,False
model,0.44,0.9,3.0,0.2,score_point,0.02127659574468085,1.1100000000000003,0.1,0.9,0.9290322580645162,705,400,False
model,0.57,0.8,3.0,0.2,score_point,0.02127659574468085,1.1190000000000002,0.145,0.855,0.9035667107001321,705,400,False
model,0.73,0.4,3.0,0.2,score_point,0.02127659574468085,1.1215000000000002,0.2775,0.7225,0.8210227272727274,705,400,False
model,0.65,0.5,3.5,0.2,score_point,0.02127659574468085,1.1225,0.2075,0.7925,0.866120218579235,705,400,False
model,0.7,0.5,3.0,0.2,score_point,0.02127659574468085,1.125,0.25,0.75,0.8391608391608391,705,400,False
model,0.66,0.5,3.5,0.2,score_point,0.02127659574468085,1.13,0.21,0.79,0.8645690834473325,705,400,False
model,0.45,0.9,3.0,0.2,score_point,0.02127659574468085,1.1310000000000002,0.11,0.89,0.9234760051880675,705,400,False
model,0.58,0.8,3.0,0.2,score_point,0.02127659574468085,1.1355000000000002,0.1525,0.8475,0.8992042440318302,705,400,False
model,0.46,0.9,3.0,0.2,score_point,0.02127659574468085,1.1362500000000002,0.1125,0.8875,0.922077922077922,705,400,False
model,0.47,0.9,3.0,0.2,score_point,0.02127659574468085,1.1415000000000004,0.115,0.885,0.9206762028608583,705,400,False
model,0.67,0.5,3.5,0.2,score_point,0.02127659574468085,1.145,0.215,0.785,0.8614540466392319,705,400,False
model,0.48,0.9,3.0,0.2,score_point,0.02127659574468085,1.1467500000000002,0.1175,0.8825,0.9192708333333333,705,400,False
model,0.7,0.7,2.5,0.2,score_point,0.02127659574468085,1.1499999999999997,0.25,0.75,0.8391608391608391,705,400,False
model,0.76,0.5,2.5,0.2,score_point,0.02127659574468085,1.15,0.325,0.675,0.7883211678832116,705,400,False
model,0.49,0.9,3.0,0.2,score_point,0.02127659574468085,1.1572500000000003,0.1225,0.8775,0.9164490861618798,705,400,False
model,0.5,0.9,3.0,0.2,score_point,0.02127659574468085,1.1572500000000003,0.1225,0.8775,0.9164490861618798,705,400,False
model,0.51,0.9,3.0,0.2,score_point,0.02127659574468085,1.1677500000000003,0.1275,0.8725,0.9136125654450262,705,400,False
model,0.52,0.9,3.0,0.2,score_point,0.02127659574468085,1.1677500000000003,0.1275,0.8725,0.9136125654450262,705,400,False
model,0.71,0.7,2.5,0.2,score_point,0.02127659574468085,1.168,0.26,0.74,0.8326300984528833,705,400,False
model,0.29,1.0,3.5,0.2,score_point,0.02127659574468085,1.16875,0.0675,0.9325,0.9467005076142132,705,400,False
model,0.77,0.5,2.5,0.2,score_point,0.02127659574468085,1.17,0.335,0.665,0.7812041116005874,705,400,False
model,0.36,1.0,3.0,0.2,score_point,0.02127659574468085,1.175,0.0875,0.9125,0.935897435897436,705,400,False
model,0.76,0.3,3.0,0.2,score_point,0.02127659574468085,1.1775000000000002,0.325,0.675,0.7883211678832116,705,400,False
model,0.53,0.9,3.0,0.2,score_point,0.02127659574468085,1.1782500000000002,0.1325,0.8675,0.9107611548556432,705,400,False
model,0.54,0.9,3.0,0.2,score_point,0.02127659574468085,1.1835000000000002,0.135,0.865,0.9093298291721419,705,400,False
model,0.37,1.0,3.0,0.2,score_point,0.02127659574468085,1.185,0.0925,0.9075,0.9331619537275064,705,400,False
model,0.38,1.0,3.0,0.2,score_point,0.02127659574468085,1.185,0.0925,0.9075,0.9331619537275064,705,400,False
model,0.73,0.3,3.5,0.2,score_point,0.02127659574468085,1.1880000000000002,0.2775,0.7225,0.8210227272727274,705,400,False
model,0.55,0.9,3.0,0.2,score_point,0.02127659574468085,1.1887500000000002,0.1375,0.8625,0.9078947368421054,705,400,False
model,0.56,0.9,3.0,0.2,score_point,0.02127659574468085,1.1887500000000002,0.1375,0.8625,0.9078947368421054,705,400,False
model,0.39,1.0,3.0,0.2,score_point,0.02127659574468085,1.195,0.0975,0.9025,0.9304123711340206,705,400,False
model,0.4,1.0,3.0,0.2,score_point,0.02127659574468085,1.195,0.0975,0.9025,0.9304123711340206,705,400,False
model,0.41,1.0,3.0,0.2,score_point,0.02127659574468085,1.195,0.0975,0.9025,0.9304123711340206,705,400,False
model,0.42,1.0,3.0,0.2,score_point,0.02127659574468085,1.2,0.1,0.9,0.9290322580645162,705,400,False
model,0.43,1.0,3.0,0.2,score_point,0.02127659574468085,1.2,0.1,0.9,0.9290322580645162,705,400,False
model,0.44,1.0,3.0,0.2,score_point,0.02127659574468085,1.2,0.1,0.9,0.9290322580645162,705,400,False
model,0.69,0.8,2.5,0.2,score_point,0.02127659574468085,1.20375,0.2375,0.7625,0.8472222222222222,705,400,False
model,0.57,0.9,3.0,0.2,score_point,0.02127659574468085,1.2045000000000001,0.145,0.855,0.9035667107001321,705,400,False
model,0.77,0.3,3.0,0.2,score_point,0.02127659574468085,1.2045000000000001,0.335,0.665,0.7812041116005874,705,400,False
model,0.71,0.4,3.5,0.2,score_point,0.02127659574468085,1.206,0.26,0.74,0.8326300984528833,705,400,False
model,0.45,1.0,3.0,0.2,score_point,0.02127659574468085,1.22,0.11,0.89,0.9234760051880675,705,400,False
model,0.58,0.9,3.0,0.2,score_point,0.02127659574468085,1.22025,0.1525,0.8475,0.8992042440318302,705,400,False
model,0.46,1.0,3.0,0.2,score_point,0.02127659574468085,1.225,0.1125,0.8875,0.922077922077922,705,400,False
model,0.47,1.0,3.0,0.2,score_point,0.02127659574468085,1.23,0.115,0.885,0.9206762028608583,705,400,False
model,0.48,1.0,3.0,0.2,score_point,0.02127659574468085,1.235,0.1175,0.8825,0.9192708333333333,705,400,False
model,0.49,1.0,3.0,0.2,score_point,0.02127659574468085,1.245,0.1225,0.8775,0.9164490861618798,705,400,False
model,0.5,1.0,3.0,0.2,score_point,0.02127659574468085,1.245,0.1225,0.8775,0.9164490861618798,705,400,False
model,0.51,1.0,3.0,0.2,score_point,0.02127659574468085,1.255,0.1275,0.8725,0.9136125654450262,705,400,False
model,0.52,1.0,3.0,0.2,score_point,0.02127659574468085,1.255,0.1275,0.8725,0.9136125654450262,705,400,False
model,0.53,1.0,3.0,0.2,score_point,0.02127659574468085,1.265,0.1325,0.8675,0.9107611548556432,705,400,False
model,0.54,1.0,3.0,0.2,score_point,0.02127659574468085,1.27,0.135,0.865,0.9093298291721419,705,400,False
model,0.55,1.0,3.0,0.2,score_point,0.02127659574468085,1.275,0.1375,0.8625,0.9078947368421054,705,400,False
model,0.56,1.0,3.0,0.2,score_point,0.02127659574468085,1.275,0.1375,0.8625,0.9078947368421054,705,400,False
model,0.69,0.9,2.5,0.2,score_point,0.02127659574468085,1.28,0.2375,0.7625,0.8472222222222222,705,400,False
model,0.57,1.0,3.0,0.2,score_point,0.02127659574468085,1.29,0.145,0.855,0.9035667107001321,705,400,False
model,0.58,1.0,3.0,0.2,score_point,0.02127659574468085,1.305,0.1525,0.8475,0.8992042440318302,705,400,False
model,0.69,1.0,2.5,0.2,score_point,0.02127659574468085,1.35625,0.2375,0.7625,0.8472222222222222,705,400,False
model,0.78,0.2,3.5,0.2,score_point,0.02127659574468085,1.3632499999999999,0.3525,0.6475,0.7685459940652819,705,400,False
model,0.86,0.4,2.5,0.2,score_point,0.02127659574468085,1.60225,0.5725,0.4275,0.5836177474402731,705,400,False
model,0.87,0.4,2.5,0.2,score_point,0.02127659574468085,1.6705,0.605,0.395,0.5514834205933683,705,400,False
model,0.88,0.3,2.5,0.2,score_point,0.02127659574468085,1.7410000000000003,0.655,0.345,0.4990958408679927,705,400,False
model,0.86,0.2,3.0,0.2,score_point,0.02127659574468085,1.8030000000000002,0.5725,0.4275,0.5836177474402731,705,400,False
model,0.32,0.7,3.5,0.2,score_point,0.02269503546099291,0.9169999999999999,0.0775,0.9225,0.9401273885350319,705,400,True
model,0.33,0.7,3.5,0.2,score_point,0.02269503546099291,0.9239999999999999,0.08,0.92,0.9387755102040817,705,400,False
model,0.34,0.7,3.5,0.2,score_point,0.02269503546099291,0.9239999999999999,0.08,0.92,0.9387755102040817,705,400,False
model,0.35,0.7,3.5,0.2,score_point,0.02269503546099291,0.9449999999999998,0.0875,0.9125,0.9346991037131882,705,400,False
model,0.51,0.6,3.5,0.2,score_point,0.02269503546099291,0.9697499999999999,0.1275,0.8725,0.9124183006535947,705,400,False
model,0.52,0.6,3.5,0.2,score_point,0.02269503546099291,0.9697499999999999,0.1275,0.8725,0.9124183006535947,705,400,False
model,0.53,0.6,3.5,0.2,score_point,0.02269503546099291,0.9842499999999998,0.1325,0.8675,0.9095674967234599,705,400,False
model,0.54,0.6,3.5,0.2,score_point,0.02269503546099291,0.9914999999999998,0.135,0.865,0.9081364829396326,705,400,False
model,0.36,0.8,3.0,0.2,score_point,0.02269503546099291,0.9925000000000002,0.0875,0.9125,0.9346991037131882,705,400,False
model,0.55,0.6,3.5,0.2,score_point,0.02269503546099291,0.9987499999999998,0.1375,0.8625,0.9067017082785809,705,400,False
model,0.56,0.6,3.5,0.2,score_point,0.02269503546099291,0.9987499999999998,0.1375,0.8625,0.9067017082785809,705,400,False
model,0.37,0.8,3.0,0.2,score_point,0.02269503546099291,1.0035000000000003,0.0925,0.9075,0.93196405648267,705,400,False
model,0.38,0.8,3.0,0.2,score_point,0.02269503546099291,1.0035000000000003,0.0925,0.9075,0.93196405648267,705,400,False
model,0.39,0.8,3.0,0.2,score_point,0.02269503546099291,1.0145000000000002,0.0975,0.9025,0.9292149292149292,705,400,False
model,0.4,0.8,3.0,0.2,score_point,0.02269503546099291,1.0145000000000002,0.0975,0.9025,0.9292149292149292,705,400,False
model,0.41,0.8,3.0,0.2,score_point,0.02269503546099291,1.0145000000000002,0.0975,0.9025,0.9292149292149292,705,400,False
model,0.61,0.6,3.0,0.2,score_point,0.02269503546099291,1.0199999999999998,0.175,0.825,0.8847184986595175,705,400,False
model,0.42,0.8,3.0,0.2,score_point,0.02269503546099291,1.0200000000000002,0.1,0.9,0.9278350515463918,705,400,False
model,0.57,0.6,3.5,0.2,score_point,0.02269503546099291,1.0204999999999997,0.145,0.855,0.9023746701846965,705,400,False
model,0.62,0.6,3.0,0.2,score_point,0.02269503546099291,1.0259999999999998,0.1775,0.8225,0.8832214765100671,705,400,False
model,0.63,0.5,3.5,0.2,score_point,0.02269503546099291,1.04,0.18,0.82,0.8817204301075269,705,400,False
model,0.58,0.6,3.5,0.2,score_point,0.02269503546099291,1.04225,0.1525,0.8475,0.8980132450331126,705,400,False
model,0.27,0.9,3.5,0.2,score_point,0.02269503546099291,1.0625000000000002,0.0625,0.9375,0.9481668773704173,705,400,False
model,0.32,0.9,3.0,0.2,score_point,0.02269503546099291,1.0627500000000003,0.0775,0.9225,0.9401273885350319,705,400,False
model,0.33,0.9,3.0,0.2,score_point,0.02269503546099291,1.068,0.08,0.92,0.9387755102040817,705,400,False
model,0.34,0.9,3.0,0.2,score_point,0.02269503546099291,1.068,0.08,0.92,0.9387755102040817,705,400,False
model,0.59,0.7,3.0,0.2,score_point,0.02269503546099291,1.0737499999999998,0.1625,0.8375,0.8921438082556591,705,400,False
model,0.7,0.6,2.5,0.2,score_point,0.02269503546099291,1.075,0.25,0.75,0.8379888268156425,705,400,False
model,0.28,0.9,3.5,0.2,score_point,0.02269503546099291,1.0755000000000003,0.0675,0.9325,0.9455006337135614,705,400,False
model,0.35,0.9,3.0,0.2,score_point,0.02269503546099291,1.0837500000000002,0.0875,0.9125,0.9346991037131882,705,400,False
model,0.74,0.5,2.5,0.2,score_point,0.02269503546099291,1.085,0.2925,0.7075,0.8097281831187412,705,400,False
model,0.6,0.7,3.0,0.2,score_point,0.02269503546099291,1.0909999999999997,0.17,0.83,0.8877005347593583,705,400,False
model,0.69,0.5,3.0,0.2,score_point,0.02269503546099291,1.09375,0.2375,0.7625,0.8460471567267683,705,400,False
model,0.71,0.6,2.5,0.2,score_point,0.02269503546099291,1.0939999999999999,0.26,0.74,0.8314606741573033,705,400,False
model,0.72,0.4,3.0,0.2,score_point,0.02269503546099291,1.102,0.27,0.73,0.824858757062147,705,400,False
model,0.75,0.3,3.0,0.2,score_point,0.02269503546099291,1.1167500000000001,0.3025,0.6975,0.8028776978417267,705,400,False
model,0.69,0.7,2.5,0.2,score_point,0.02269503546099291,1.1274999999999997,0.2375,0.7625,0.8460471567267683,705,400,False
model,0.32,1.0,3.0,0.2,score_point,0.02269503546099291,1.155,0.0775,0.9225,0.9401273885350319,705,400,False
model,0.79,0.4,2.5,0.2,score_point,0.02269503546099291,1.1560000000000001,0.36,0.64,0.7619047619047621,705,400,False
model,0.27,1.0,3.5,0.2,score_point,0.02269503546099291,1.15625,0.0625,0.9375,0.9481668773704173,705,400,False
model,0.33,1.0,3.0,0.2,score_point,0.02269503546099291,1.16,0.08,0.92,0.9387755102040817,705,400,False
model,0.34,1.0,3.0,0.2,score_point,0.02269503546099291,1.16,0.08,0.92,0.9387755102040817,705,400,False
model,0.72,0.3,3.5,0.2,score_point,0.02269503546099291,1.1640000000000001,0.27,0.73,0.824858757062147,705,400,False
model,0.28,1.0,3.5,0.2,score_point,0.02269503546099291,1.16875,0.0675,0.9325,0.9455006337135614,705,400,False
model,0.35,1.0,3.0,0.2,score_point,0.02269503546099291,1.175,0.0875,0.9125,0.9346991037131882,705,400,False
model,0.7,0.4,3.5,0.2,score_point,0.02269503546099291,1.175,0.25,0.75,0.8379888268156425,705,400,False
model,0.68,0.8,2.5,0.2,score_point,0.02269503546099291,1.1867500000000002,0.2275,0.7725,0.8524137931034482,705,400,False
model,0.8,0.4,2.5,0.2,score_point,0.02269503546099291,1.23475,0.3975,0.6025,0.7336377473363775,705,400,False
model,0.68,0.9,2.5,0.2,score_point,0.02269503546099291,1.264,0.2275,0.7725,0.8524137931034482,705,400,False
model,0.81,0.4,2.5,0.2,score_point,0.02269503546099291,1.3030000000000002,0.43,0.57,0.7080745341614907,705,400,False
model,0.77,0.2,3.5,0.2,score_point,0.02269503546099291,1.3054999999999999,0.335,0.665,0.780058651026393,705,400,False
model,0.68,1.0,2.5,0.2,score_point,0.02269503546099291,1.34125,0.2275,0.7725,0.8524137931034482,705,400,False
model,0.82,0.4,2.5,0.2,score_point,0.02269503546099291,1.35025,0.4525,0.5475,0.689763779527559,705,400,False
model,0.83,0.4,2.5,0.2,score_point,0.02269503546099291,1.3975,0.475,0.525,0.670926517571885,705,400,False
model,0.81,0.2,3.0,0.2,score_point,0.02269503546099291,1.4039999999999997,0.43,0.57,0.7080745341614907,705,400,False
model,0.84,0.4,2.5,0.2,score_point,0.02269503546099291,1.46575,0.5075,0.4925,0.6427406199021207,705,400,False
model,0.82,0.2,3.0,0.2,score_point,0.02269503546099291,1.4669999999999999,0.4525,0.5475,0.689763779527559,705,400,False
model,0.83,0.2,3.0,0.2,score_point,0.02269503546099291,1.53,0.475,0.525,0.670926517571885,705,400,False
model,0.85,0.4,2.5,0.2,score_point,0.02269503546099291,1.53925,0.5425,0.4575,0.6110183639398998,705,400,False
model,0.84,0.2,3.0,0.2,score_point,0.02269503546099291,1.621,0.5075,0.4925,0.6427406199021207,705,400,False
model,0.85,0.2,3.0,0.2,score_point,0.02269503546099291,1.7189999999999999,0.5425,0.4575,0.6110183639398998,705,400,False
model,0.89,0.2,2.5,0.2,score_point,0.02269503546099291,1.7927499999999998,0.6925,0.3075,0.45640074211502785,705,400,False
model,0.3,0.7,3.5,0.2,score_point,0.024113475177304965,0.8959999999999999,0.07,0.93,0.9429657794676806,705,400,True
model,0.31,0.7,3.5,0.2,score_point,0.024113475177304965,0.91,0.075,0.925,0.9402795425667091,705,400,False
model,0.43,0.7,3.0,0.2,score_point,0.024113475177304965,0.9299999999999998,0.1,0.9,0.9266409266409267,705,400,False
model,0.44,0.7,3.0,0.2,score_point,0.024113475177304965,0.9299999999999998,0.1,0.9,0.9266409266409267,705,400,False
model,0.45,0.7,3.0,0.2,score_point,0.024113475177304965,0.9529999999999998,0.11,0.89,0.9210866752910738,705,400,False
model,0.46,0.7,3.0,0.2,score_point,0.024113475177304965,0.9587499999999999,0.1125,0.8875,0.9196891191709844,705,400,False
model,0.47,0.7,3.0,0.2,score_point,0.024113475177304965,0.9644999999999999,0.115,0.885,0.9182879377431907,705,400,False
model,0.48,0.7,3.0,0.2,score_point,0.024113475177304965,0.9702499999999997,0.1175,0.8825,0.9168831168831169,705,400,False
model,0.32,0.8,3.0,0.2,score_point,0.024113475177304965,0.9705000000000001,0.0775,0.9225,0.9389312977099237,705,400,False
model,0.33,0.8,3.0,0.2,score_point,0.024113475177304965,0.9760000000000001,0.08,0.92,0.9375796178343949,705,400,False
model,0.34,0.8,3.0,0.2,score_point,0.024113475177304965,0.9760000000000001,0.08,0.92,0.9375796178343949,705,400,False
model,0.49,0.7,3.0,0.2,score_point,0.024113475177304965,0.9817499999999998,0.1225,0.8775,0.9140624999999999,705,400,False
model,0.5,0.7,3.0,0.2,score_point,0.024113475177304965,0.9817499999999998,0.1225,0.8775,0.9140624999999999,705,400,False
model,0.29,0.8,3.5,0.2,score_point,0.024113475177304965,0.9822500000000001,0.0675,0.9325,0.9443037974683545,705,400,False
model,0.35,0.8,3.0,0.2,score_point,0.024113475177304965,0.9925000000000002,0.0875,0.9125,0.9335038363171355,705,400,False
model,0.51,0.7,3.0,0.2,score_point,0.024113475177304965,0.9932499999999999,0.1275,0.8725,0.9112271540469975,705,400,False
model,0.52,0.7,3.0,0.2,score_point,0.024113475177304965,0.9932499999999999,0.1275,0.8725,0.9112271540469975,705,400,False
model,0.53,0.7,3.0,0.2,score_point,0.024113475177304965,1.0047499999999998,0.1325,0.8675,0.9083769633507853,705,400,False
model,0.6,0.6,3.0,0.2,score_point,0.024113475177304965,1.0079999999999998,0.17,0.83,0.8865153538050734,705,400,False
model,0.54,0.7,3.0,0.2,score_point,0.024113475177304965,1.0104999999999997,0.135,0.865,0.90694626474443,705,400,False
model,0.55,0.7,3.0,0.2,score_point,0.024113475177304965,1.0162499999999997,0.1375,0.8625,0.9055118110236221,705,400,False
model,0.56,0.7,3.0,0.2,score_point,0.024113475177304965,1.0162499999999997,0.1375,0.8625,0.9055118110236221,705,400,False
model,0.61,0.5,3.5,0.2,score_point,0.024113475177304965,1.025,0.175,0.825,0.8835341365461847,705,400,False
model,0.62,0.5,3.5,0.2,score_point,0.024113475177304965,1.0325,0.1775,0.8225,0.8820375335120644,705,400,False
model,0.57,0.7,3.0,0.2,score_point,0.024113475177304965,1.0334999999999999,0.145,0.855,0.901185770750988,705,400,False
model,0.72,0.5,2.5,0.2,score_point,0.024113475177304965,1.04,0.27,0.73,0.8236953455571228,705,400,False
model,0.3,0.9,3.0,0.2,score_point,0.024113475177304965,1.0470000000000002,0.07,0.93,0.9429657794676806,705,400,False
model,0.58,0.7,3.0,0.2,score_point,0.024113475177304965,1.0507499999999999,0.1525,0.8475,0.8968253968253969,705,400,False
model,0.69,0.6,2.5,0.2,score_point,0.024113475177304965,1.0512499999999998,0.2375,0.7625,0.8448753462603877,705,400,False
model,0.73,0.5,2.5,0.2,score_point,0.024113475177304965,1.055,0.2775,0.7225,0.8186968838526912,705,400,False
model,0.26,0.9,3.5,0.2,score_point,0.024113475177304965,1.0560000000000003,0.06,0.94,0.9482976040353088,705,400,False
model,0.31,0.9,3.0,0.2,score_point,0.024113475177304965,1.0575000000000003,0.075,0.925,0.9402795425667091,705,400,False
model,0.68,0.5,3.0,0.2,score_point,0.024113475177304965,1.06875,0.2275,0.7725,0.8512396694214874,705,400,False
model,0.74,0.3,3.0,0.2,score_point,0.024113475177304965,1.08975,0.2925,0.7075,0.8085714285714286,705,400,False
model,0.63,0.8,2.5,0.2,score_point,0.024113475177304965,1.1060000000000003,0.18,0.82,0.8805369127516779,705,400,False
model,0.68,0.7,2.5,0.2,score_point,0.024113475177304965,1.1095,0.2275,0.7725,0.8512396694214874,705,400,False
model,0.22,1.0,3.5,0.2,score_point,0.024113475177304965,1.13125,0.0525,0.9475,0.9522613065326633,705,400,False
model,0.64,0.8,2.5,0.2,score_point,0.024113475177304965,1.1315000000000002,0.195,0.805,0.8714479025710419,705,400,False
model,0.23,1.0,3.5,0.2,score_point,0.024113475177304965,1.1375,0.055,0.945,0.950943396226415,705,400,False
model,0.3,1.0,3.0,0.2,score_point,0.024113475177304965,1.14,0.07,0.93,0.9429657794676806,705,400,False
model,0.78,0.4,2.5,0.2,score_point,0.024113475177304965,1.1402500000000002,0.3525,0.6475,0.7662721893491125,705,400,False
model,0.24,1.0,3.5,0.2,score_point,0.024113475177304965,1.14375,0.0575,0.9425,0.9496221662468514,705,400,False
model,0.25,1.0,3.5,0.2,score_point,0.024113475177304965,1.14375,0.0575,0.9425,0.9496221662468514,705,400,False
model,0.26,1.0,3.5,0.2,score_point,0.024113475177304965,1.15,0.06,0.94,0.9482976040353088,705,400,False
model,0.31,1.0,3.0,0.2,score_point,0.024113475177304965,1.15,0.075,0.925,0.9402795425667091,705,400,False
model,0.65,0.8,2.5,0.2,score_point,0.024113475177304965,1.1527500000000002,0.2075,0.7925,0.8637602179836511,705,400,False
model,0.66,0.8,2.5,0.2,score_point,0.024113475177304965,1.1570000000000003,0.21,0.79,0.8622100954979537,705,400,False
model,0.67,0.8,2.5,0.2,score_point,0.024113475177304965,1.1655000000000002,0.215,0.785,0.8590971272229821,705,400,False
model,0.63,0.9,2.5,0.2,score_point,0.024113475177304965,1.1880000000000002,0.18,0.82,0.8805369127516779,705,400,False
model,0.79,0.2,3.0,0.2,score_point,0.024113475177304965,1.2079999999999997,0.36,0.64,0.7607726597325409,705,400,False
model,0.64,0.9,2.5,0.2,score_point,0.024113475177304965,1.2120000000000002,0.195,0.805,0.8714479025710419,705,400,False
model,0.65,0.9,2.5,0.2,score_point,0.024113475177304965,1.2320000000000002,0.2075,0.7925,0.8637602179836511,705,400,False
model,0.66,0.9,2.5,0.2,score_point,0.024113475177304965,1.2360000000000002,0.21,0.79,0.8622100954979537,705,400,False
model,0.67,0.9,2.5,0.2,score_point,0.024113475177304965,1.244,0.215,0.785,0.8590971272229821,705,400,False
model,0.63,1.0,2.5,0.2,score_point,0.024113475177304965,1.27,0.18,0.82,0.8805369127516779,705,400,False
model,0.76,0.2,3.5,0.2,score_point,0.024113475177304965,1.2724999999999997,0.325,0.675,0.7860262008733625,705,400,False
model,0.64,1.0,2.5,0.2,score_point,0.024113475177304965,1.2925,0.195,0.805,0.8714479025710419,705,400,False
model,0.65,1.0,2.5,0.2,score_point,0.024113475177304965,1.31125,0.2075,0.7925,0.8637602179836511,705,400,False
model,0.8,0.2,3.0,0.2,score_point,0.024113475177304965,1.3129999999999997,0.3975,0.6025,0.7325227963525837,705,400,False
model,0.66,1.0,2.5,0.2,score_point,0.024113475177304965,1.315,0.21,0.79,0.8622100954979537,705,400,False
model,0.67,1.0,2.5,0.2,score_point,0.024113475177304965,1.3225,0.215,0.785,0.8590971272229821,705,400,False
model,0.86,0.3,2.5,0.2,score_point,0.024113475177304965,1.5594999999999999,0.5725,0.4275,0.5816326530612245,705,400,False
model,0.87,0.3,2.5,0.2,score_point,0.024113475177304965,1.6310000000000002,0.605,0.395,0.5495652173913044,705,400,False
model,0.88,0.2,2.5,0.2,score_point,0.024113475177304965,1.7064999999999997,0.655,0.345,0.4972972972972973,705,400,False
model,0.36,0.7,3.0,0.2,score_point,0.02553191489361702,0.90125,0.0875,0.9125,0.9323116219667943,705,400,False
model,0.37,0.7,3.0,0.2,score_point,0.02553191489361702,0.91275,0.0925,0.9075,0.9295774647887324,705,400,False
model,0.38,0.7,3.0,0.2,score_point,0.02553191489361702,0.91275,0.0925,0.9075,0.9295774647887324,705,400,False
model,0.39,0.7,3.0,0.2,score_point,0.02553191489361702,0.9242499999999998,0.0975,0.9025,0.9268292682926829,705,400,False
model,0.4,0.7,3.0,0.2,score_point,0.02553191489361702,0.9242499999999998,0.0975,0.9025,0.9268292682926829,705,400,False
model,0.41,0.7,3.0,0.2,score_point,0.02553191489361702,0.9242499999999998,0.0975,0.9025,0.9268292682926829,705,400,False
model,0.42,0.7,3.0,0.2,score_point,0.02553191489361702,0.9299999999999998,0.1,0.9,0.9254498714652956,705,400,False
model,0.3,0.8,3.0,0.2,score_point,0.02553191489361702,0.9540000000000001,0.07,0.93,0.9417721518987343,705,400,False
model,0.5,0.6,3.5,0.2,score_point,0.02553191489361702,0.9552499999999998,0.1225,0.8775,0.9128738621586475,705,400,False
model,0.31,0.8,3.0,0.2,score_point,0.02553191489361702,0.965,0.075,0.925,0.9390862944162438,705,400,False
model,0.27,0.8,3.5,0.2,score_point,0.02553191489361702,0.96875,0.0625,0.9375,0.9457755359394704,705,400,False
model,0.28,0.8,3.5,0.2,score_point,0.02553191489361702,0.9822500000000001,0.0675,0.9325,0.943109987357775,705,400,False
model,0.64,0.5,3.0,0.2,score_point,0.02553191489361702,0.9875,0.195,0.805,0.8702702702702704,705,400,False
model,0.59,0.6,3.0,0.2,score_point,0.02553191489361702,0.9899999999999999,0.1625,0.8375,0.8897742363877822,705,400,False
model,0.6,0.5,3.5,0.2,score_point,0.02553191489361702,1.01,0.17,0.83,0.8853333333333334,705,400,False
model,0.65,0.5,3.0,0.2,score_point,0.02553191489361702,1.01875,0.2075,0.7925,0.8625850340136053,705,400,False
model,0.66,0.5,3.0,0.2,score_point,0.02553191489361702,1.025,0.21,0.79,0.8610354223433242,705,400,False
model,0.68,0.6,2.5,0.2,score_point,0.02553191489361702,1.03225,0.2275,0.7725,0.8500687757909217,705,400,False
model,0.75,0.4,2.5,0.2,score_point,0.02553191489361702,1.0352500000000002,0.3025,0.6975,0.8005738880918221,705,400,False
model,0.22,0.9,3.5,0.2,score_point,0.02553191489361702,1.0365000000000004,0.0525,0.9475,0.9510664993726474,705,400,False
model,0.67,0.5,3.0,0.2,score_point,0.02553191489361702,1.0375,0.215,0.785,0.8579234972677596,705,400,False
model,0.29,0.9,3.0,0.2,score_point,0.02553191489361702,1.0417500000000002,0.0675,0.9325,0.943109987357775,705,400,False
model,0.23,0.9,3.5,0.2,score_point,0.02553191489361702,1.0430000000000001,0.055,0.945,0.949748743718593,705,400,False
model,0.73,0.3,3.0,0.2,score_point,0.02553191489361702,1.04925,0.2775,0.7225,0.8175388967468176,705,400,False
model,0.24,0.9,3.5,0.2,score_point,0.02553191489361702,1.0495,0.0575,0.9425,0.9484276729559747,705,400,False
model,0.25,0.9,3.5,0.2,score_point,0.02553191489361702,1.0495,0.0575,0.9425,0.9484276729559747,705,400,False
model,0.64,0.7,2.5,0.2,score_point,0.02553191489361702,1.0509999999999997,0.195,0.805,0.8702702702702704,705,400,False
model,0.65,0.7,2.5,0.2,score_point,0.02553191489361702,1.0735,0.2075,0.7925,0.8625850340136053,705,400,False
model,0.71,0.4,3.0,0.2,score_point,0.02553191489361702,1.0759999999999998,0.26,0.74,0.8291316526610645,705,400,False
model,0.66,0.7,2.5,0.2,score_point,0.02553191489361702,1.0779999999999998,0.21,0.79,0.8610354223433242,705,400,False
model,0.76,0.4,2.5,0.2,score_point,0.02553191489361702,1.0825000000000002,0.325,0.675,0.7848837209302325,705,400,False
model,0.67,0.7,2.5,0.2,score_point,0.02553191489361702,1.087,0.215,0.785,0.8579234972677596,705,400,False
model,0.79,0.3,2.5,0.2,score_point,0.02553191489361702,1.092,0.36,0.64,0.7596439169139466,705,400,False
model,0.61,0.8,2.5,0.2,score_point,0.02553191489361702,1.0975000000000001,0.175,0.825,0.8823529411764706,705,400,False
model,0.62,0.8,2.5,0.2,score_point,0.02553191489361702,1.10175,0.1775,0.8225,0.8808567603748326,705,400,False
model,0.77,0.4,2.5,0.2,score_point,0.02553191489361702,1.1035000000000001,0.335,0.665,0.7777777777777778,705,400,False
model,0.2,1.0,3.5,0.2,score_point,0.02553191489361702,1.11875,0.0475,0.9525,0.9536921151439299,705,400,False
model,0.21,1.0,3.5,0.2,score_point,0.02553191489361702,1.11875,0.0475,0.9525,0.9536921151439299,705,400,False
model,0.71,0.3,3.5,0.2,score_point,0.02553191489361702,1.1320000000000001,0.26,0.74,0.8291316526610645,705,400,False
model,0.29,1.0,3.0,0.2,score_point,0.02553191489361702,1.135,0.0675,0.9325,0.943109987357775,705,400,False
model,0.69,0.4,3.5,0.2,score_point,0.02553191489361702,1.13625,0.2375,0.7625,0.8437067773167357,705,400,False
model,0.8,0.3,2.5,0.2,score_point,0.02553191489361702,1.1745,0.3975,0.6025,0.7314112291350531,705,400,False
model,0.61,0.9,2.5,0.2,score_point,0.02553191489361702,1.1800000000000002,0.175,0.825,0.8823529411764706,705,400,False
model,0.62,0.9,2.5,0.2,score_point,0.02553191489361702,1.1840000000000002,0.1775,0.8225,0.8808567603748326,705,400,False
model,0.78,0.2,3.0,0.2,score_point,0.02553191489361702,1.1869999999999998,0.3525,0.6475,0.7651403249630723,705,400,False
model,0.75,0.2,3.5,0.2,score_point,0.02553191489361702,1.1982499999999998,0.3025,0.6975,0.8005738880918221,705,400,False
model,0.81,0.3,2.5,0.2,score_point,0.02553191489361702,1.2460000000000002,0.43,0.57,0.7058823529411765,705,400,False
model,0.61,1.0,2.5,0.2,score_point,0.02553191489361702,1.2625,0.175,0.825,0.8823529411764706,705,400,False
model,0.62,1.0,2.5,0.2,score_point,0.02553191489361702,1.26625,0.1775,0.8225,0.8808567603748326,705,400,False
model,0.82,0.3,2.5,0.2,score_point,0.02553191489361702,1.2955,0.4525,0.5475,0.6875981161695448,705,400,False
model,0.83,0.3,2.5,0.2,score_point,0.02553191489361702,1.345,0.475,0.525,0.6687898089171975,705,400,False
model,0.84,0.3,2.5,0.2,score_point,0.02553191489361702,1.4165,0.5075,0.4925,0.6406504065040651,705,400,False
model,0.86,0.8,2.0,0.2,score_point,0.02553191489361702,1.4869999999999999,0.5725,0.4275,0.5806451612903225,705,400,False
model,0.85,0.3,2.5,0.2,score_point,0.02553191489361702,1.4935000000000003,0.5425,0.4575,0.6089850249584027,705,400,False
model,0.87,0.8,2.0,0.2,score_point,0.02553191489361702,1.5260000000000002,0.605,0.395,0.5486111111111112,705,400,False
model,0.86,0.9,2.0,0.2,score_point,0.02553191489361702,1.52975,0.5725,0.4275,0.5806451612903225,705,400,False
model,0.87,0.9,2.0,0.2,score_point,0.02553191489361702,1.5655000000000001,0.605,0.395,0.5486111111111112,705,400,False
model,0.86,1.0,2.0,0.2,score_point,0.02553191489361702,1.5725,0.5725,0.4275,0.5806451612903225,705,400,False
model,0.88,0.8,2.0,0.2,score_point,0.02553191489361702,1.5860000000000003,0.655,0.345,0.4964028776978417,705,400,False
model,0.87,1.0,2.0,0.2,score_point,0.02553191489361702,1.605,0.605,0.395,0.5486111111111112,705,400,False
model,0.88,0.9,2.0,0.2,score_point,0.02553191489361702,1.6205,0.655,0.345,0.4964028776978417,705,400,False
model,0.89,0.8,2.0,0.2,score_point,0.02553191489361702,1.6310000000000002,0.6925,0.3075,0.45471349353049906,705,400,False
model,0.88,1.0,2.0,0.2,score_point,0.02553191489361702,1.655,0.655,0.345,0.4964028776978417,705,400,False
model,0.89,0.9,2.0,0.2,score_point,0.02553191489361702,1.66175,0.6925,0.3075,0.45471349353049906,705,400,False
model,0.9,0.8,2.0,0.2,score_point,0.02553191489361702,1.67,0.725,0.275,0.41666666666666674,705,400,False
model,0.89,1.0,2.0,0.2,score_point,0.02553191489361702,1.6925,0.6925,0.3075,0.45471349353049906,705,400,False
model,0.92,0.5,2.0,0.2,score_point,0.02553191489361702,1.69625,0.7975,0.2025,0.32464929859719444,705,400,False
model,0.9,0.9,2.0,0.2,score_point,0.02553191489361702,1.6975,0.725,0.275,0.41666666666666674,705,400,False
model,0.91,0.8,2.0,0.2,score_point,0.02553191489361702,1.7120000000000002,0.76,0.24,0.37354085603112835,705,400,False
model,0.92,0.6,2.0,0.2,score_point,0.02553191489361702,1.7164999999999997,0.7975,0.2025,0.32464929859719444,705,400,False
model,0.9,1.0,2.0,0.2,score_point,0.02553191489361702,1.725,0.725,0.275,0.41666666666666674,705,400,False
model,0.91,0.9,2.0,0.2,score_point,0.02553191489361702,1.7359999999999998,0.76,0.24,0.37354085603112835,705,400,False
model,0.92,0.7,2.0,0.2,score_point,0.02553191489361702,1.7367499999999998,0.7975,0.2025,0.32464929859719444,705,400,False
model,0.93,0.5,2.0,0.2,score_point,0.02553191489361702,1.74125,0.8275,0.1725,0.28336755646817247,705,400,False
model,0.92,0.8,2.0,0.2,score_point,0.02553191489361702,1.7570000000000001,0.7975,0.2025,0.32464929859719444,705,400,False
model,0.93,0.6,2.0,0.2,score_point,0.02553191489361702,1.7585,0.8275,0.1725,0.28336755646817247,705,400,False
model,0.91,1.0,2.0,0.2,score_point,0.02553191489361702,1.76,0.76,0.24,0.37354085603112835,705,400,False
model,0.93,0.7,2.0,0.2,score_point,0.02553191489361702,1.77575,0.8275,0.1725,0.28336755646817247,705,400,False
model,0.92,0.9,2.0,0.2,score_point,0.02553191489361702,1.77725,0.7975,0.2025,0.32464929859719444,705,400,False
model,0.93,0.8,2.0,0.2,score_point,0.02553191489361702,1.7930000000000001,0.8275,0.1725,0.28336755646817247,705,400,False
model,0.92,1.0,2.0,0.2,score_point,0.02553191489361702,1.7975,0.7975,0.2025,0.32464929859719444,705,400,False
model,0.93,0.9,2.0,0.2,score_point,0.02553191489361702,1.8102500000000001,0.8275,0.1725,0.28336755646817247,705,400,False
model,0.94,0.5,2.0,0.2,score_point,0.02553191489361702,1.8125,0.875,0.125,0.21367521367521367,705,400,False
model,0.94,0.6,2.0,0.2,score_point,0.02553191489361702,1.825,0.875,0.125,0.21367521367521367,705,400,False
model,0.93,1.0,2.0,0.2,score_point,0.02553191489361702,1.8275,0.8275,0.1725,0.28336755646817247,705,400,False
model,0.94,0.7,2.0,0.2,score_point,0.02553191489361702,1.8375,0.875,0.125,0.21367521367521367,705,400,False
model,0.94,0.8,2.0,0.2,score_point,0.02553191489361702,1.85,0.875,0.125,0.21367521367521367,705,400,False
model,0.94,0.9,2.0,0.2,score_point,0.02553191489361702,1.8625,0.875,0.125,0.21367521367521367,705,400,False
model,0.94,1.0,2.0,0.2,score_point,0.02553191489361702,1.875,0.875,0.125,0.21367521367521367,705,400,False
model,0.95,0.2,2.0,0.2,score_point,0.02553191489361702,1.9010000000000002,0.945,0.055,0.09999999999999999,705,400,False
model,0.95,0.3,2.0,0.2,score_point,0.02553191489361702,1.9064999999999999,0.945,0.055,0.09999999999999999,705,400,False
model,0.95,0.4,2.0,0.2,score_point,0.02553191489361702,1.912,0.945,0.055,0.09999999999999999,705,400,False
model,0.95,0.5,2.0,0.2,score_point,0.02553191489361702,1.9175,0.945,0.055,0.09999999999999999,705,400,False
model,0.95,0.6,2.0,0.2,score_point,0.02553191489361702,1.923,0.945,0.055,0.09999999999999999,705,400,False
model,0.95,0.7,2.0,0.2,score_point,0.02553191489361702,1.9285000000000003,0.945,0.055,0.09999999999999999,705,400,False
model,0.95,0.8,2.0,0.2,score_point,0.02553191489361702,1.9339999999999997,0.945,0.055,0.09999999999999999,705,400,False
model,0.95,0.9,2.0,0.2,score_point,0.02553191489361702,1.9394999999999998,0.945,0.055,0.09999999999999999,705,400,False
model,0.95,1.0,2.0,0.2,score_point,0.02553191489361702,1.945,0.945,0.055,0.09999999999999999,705,400,False
model,0.96,0.2,2.0,0.2,score_point,0.02553191489361702,1.9460000000000002,0.97,0.03,0.055813953488372085,705,400,False
model,0.96,0.3,2.0,0.2,score_point,0.02553191489361702,1.9489999999999998,0.97,0.03,0.055813953488372085,705,400,False
model,0.96,0.4,2.0,0.2,score_point,0.02553191489361702,1.952,0.97,0.03,0.055813953488372085,705,400,False
model,0.96,0.5,2.0,0.2,score_point,0.02553191489361702,1.955,0.97,0.03,0.055813953488372085,705,400,False
model,0.96,0.6,2.0,0.2,score_point,0.02553191489361702,1.9580000000000002,0.97,0.03,0.055813953488372085,705,400,False
model,0.96,0.7,2.0,0.2,score_point,0.02553191489361702,1.9610000000000003,0.97,0.03,0.055813953488372085,705,400,False
model,0.96,0.8,2.0,0.2,score_point,0.02553191489361702,1.9639999999999997,0.97,0.03,0.055813953488372085,705,400,False
model,0.97,0.2,2.0,0.2,score_point,0.02553191489361702,1.964,0.98,0.02,0.03755868544600939,705,400,False
model,0.97,0.3,2.0,0.2,score_point,0.02553191489361702,1.966,0.98,0.02,0.03755868544600939,705,400,False
model,0.96,0.9,2.0,0.2,score_point,0.02553191489361702,1.9669999999999999,0.97,0.03,0.055813953488372085,705,400,False
model,0.97,0.4,2.0,0.2,score_point,0.02553191489361702,1.9680000000000002,0.98,0.02,0.03755868544600939,705,400,False
model,0.96,1.0,2.0,0.2,score_point,0.02553191489361702,1.97,0.97,0.03,0.055813953488372085,705,400,False
model,0.97,0.5,2.0,0.2,score_point,0.02553191489361702,1.97,0.98,0.02,0.03755868544600939,705,400,False
model,0.97,0.6,2.0,0.2,score_point,0.02553191489361702,1.972,0.98,0.02,0.03755868544600939,705,400,False
model,0.97,0.7,2.0,0.2,score_point,0.02553191489361702,1.974,0.98,0.02,0.03755868544600939,705,400,False
model,0.97,0.8,2.0,0.2,score_point,0.02553191489361702,1.976,0.98,0.02,0.03755868544600939,705,400,False
model,0.97,0.9,2.0,0.2,score_point,0.02553191489361702,1.9780000000000002,0.98,0.02,0.03755868544600939,705,400,False
model,0.97,1.0,2.0,0.2,score_point,0.02553191489361702,1.98,0.98,0.02,0.03755868544600939,705,400,False
model,0.98,0.2,2.0,0.2,score_point,0.02553191489361702,1.9955,0.9975,0.0025,0.00477326968973747,705,400,False
model,0.98,0.3,2.0,0.2,score_point,0.02553191489361702,1.99575,0.9975,0.0025,0.00477326968973747,705,400,False
model,0.98,0.4,2.0,0.2,score_point,0.02553191489361702,1.996,0.9975,0.0025,0.00477326968973747,705,400,False
model,0.98,0.5,2.0,0.2,score_point,0.02553191489361702,1.99625,0.9975,0.0025,0.00477326968973747,705,400,False
model,0.98,0.6,2.0,0.2,score_point,0.02553191489361702,1.9965000000000002,0.9975,0.0025,0.00477326968973747,705,400,False
model,0.98,0.7,2.0,0.2,score_point,0.02553191489361702,1.99675,0.9975,0.0025,0.00477326968973747,705,400,False
model,0.98,0.8,2.0,0.2,score_point,0.02553191489361702,1.9969999999999999,0.9975,0.0025,0.00477326968973747,705,400,False
model,0.98,0.9,2.0,0.2,score_point,0.02553191489361702,1.99725,0.9975,0.0025,0.00477326968973747,705,400,False
model,0.98,1.0,2.0,0.2,score_point,0.02553191489361702,1.9975,0.9975,0.0025,0.00477326968973747,705,400,False
model,0.99,0.2,2.0,0.2,score_point,0.02553191489361702,2.0,1.0,0.0,0.0,705,400,False
model,1.0,0.2,2.0,0.2,score_point,0.02553191489361702,2.0,1.0,0.0,0.0,705,400,False
model,0.99,0.3,2.0,0.2,score_point,0.02553191489361702,2.0,1.0,0.0,0.0,705,400,False
model,1.0,0.3,2.0,0.2,score_point,0.02553191489361702,2.0,1.0,0.0,0.0,705,400,False
model,0.99,0.4,2.0,0.2,score_point,0.02553191489361702,2.0,1.0,0.0,0.0,705,400,False
model,1.0,0.4,2.0,0.2,score_point,0.02553191489361702,2.0,1.0,0.0,0.0,705,400,False
model,0.99,0.5,2.0,0.2,score_point,0.02553191489361702,2.0,1.0,0.0,0.0,705,400,False
model,1.0,0.5,2.0,0.2,score_point,0.02553191489361702,2.0,1.0,0.0,0.0,705,400,False
model,0.99,0.6,2.0,0.2,score_point,0.02553191489361702,2.0,1.0,0.0,0.0,705,400,False
model,1.0,0.6,2.0,0.2,score_point,0.02553191489361702,2.0,1.0,0.0,0.0,705,400,False
model,0.99,0.7,2.0,0.2,score_point,0.02553191489361702,2.0,1.0,0.0,0.0,705,400,False
model,1.0,0.7,2.0,0.2,score_point,0.02553191489361702,2.0,1.0,0.0,0.0,705,400,False
model,0.99,0.8,2.0,0.2,score_point,0.02553191489361702,2.0,1.0,0.0,0.0,705,400,False
model,1.0,0.8,2.0,0.2,score_point,0.02553191489361702,2.0,1.0,0.0,0.0,705,400,False
model,0.99,0.9,2.0,0.2,score_point,0.02553191489361702,2.0,1.0,0.0,0.0,705,400,False
model,1.0,0.9,2.0,0.2,score_point,0.02553191489361702,2.0,1.0,0.0,0.0,705,400,False
model,0.99,1.0,2.0,0.2,score_point,0.02553191489361702,2.0,1.0,0.0,0.0,705,400,False
model,1.0,1.0,2.0,0.2,score_point,0.02553191489361702,2.0,1.0,0.0,0.0,705,400,False
model,0.32,0.7,3.0,0.2,score_point,0.02695035460992908,0.8782499999999999,0.0775,0.9225,0.9365482233502538,705,400,True
model,0.33,0.7,3.0,0.2,score_point,0.02695035460992908,0.8839999999999999,0.08,0.92,0.9351969504447267,705,400,False
model,0.34,0.7,3.0,0.2,score_point,0.02695035460992908,0.8839999999999999,0.08,0.92,0.9351969504447267,705,400,False
model,0.29,0.7,3.5,0.2,score_point,0.02695035460992908,0.889,0.0675,0.9325,0.9419191919191919,705,400,False
model,0.35,0.7,3.0,0.2,score_point,0.02695035460992908,0.90125,0.0875,0.9125,0.9311224489795918,705,400,False
model,0.51,0.6,3.0,0.2,score_point,0.02695035460992908,0.9059999999999999,0.1275,0.8725,0.9088541666666667,705,400,False
model,0.52,0.6,3.0,0.2,score_point,0.02695035460992908,0.9059999999999999,0.1275,0.8725,0.9088541666666667,705,400,False
model,0.53,0.6,3.0,0.2,score_point,0.02695035460992908,0.9179999999999998,0.1325,0.8675,0.9060052219321149,705,400,False
model,0.45,0.6,3.5,0.2,score_point,0.02695035460992908,0.9189999999999999,0.11,0.89,0.9187096774193549,705,400,False
model,0.54,0.6,3.0,0.2,score_point,0.02695035460992908,0.9239999999999998,0.135,0.865,0.9045751633986928,705,400,False
model,0.46,0.6,3.5,0.2,score_point,0.02695035460992908,0.9262499999999999,0.1125,0.8875,0.917312661498708,705,400,False
model,0.55,0.6,3.0,0.2,score_point,0.02695035460992908,0.9299999999999998,0.1375,0.8625,0.9031413612565445,705,400,False
model,0.56,0.6,3.0,0.2,score_point,0.02695035460992908,0.9299999999999998,0.1375,0.8625,0.9031413612565445,705,400,False
model,0.47,0.6,3.5,0.2,score_point,0.02695035460992908,0.9335,0.115,0.885,0.9159120310478654,705,400,False
model,0.48,0.6,3.5,0.2,score_point,0.02695035460992908,0.9407499999999999,0.1175,0.8825,0.9145077720207253,705,400,False
model,0.57,0.6,3.0,0.2,score_point,0.02695035460992908,0.9479999999999998,0.145,0.855,0.8988173455978975,705,400,False
model,0.63,0.5,3.0,0.2,score_point,0.02695035460992908,0.95,0.18,0.82,0.8781793842034805,705,400,False
model,0.49,0.6,3.5,0.2,score_point,0.02695035460992908,0.9552499999999998,0.1225,0.8775,0.9116883116883118,705,400,False
model,0.26,0.8,3.5,0.2,score_point,0.02695035460992908,0.9620000000000002,0.06,0.94,0.9459119496855345,705,400,False
model,0.58,0.6,3.0,0.2,score_point,0.02695035460992908,0.9659999999999997,0.1525,0.8475,0.8944591029023746,705,400,False
model,0.64,0.6,2.5,0.2,score_point,0.02695035460992908,0.9704999999999998,0.195,0.805,0.8690958164642375,705,400,False
model,0.59,0.5,3.5,0.2,score_point,0.02695035460992908,0.9875,0.1625,0.8375,0.8885941644562335,705,400,False
model,0.65,0.6,2.5,0.2,score_point,0.02695035460992908,0.9942499999999999,0.2075,0.7925,0.8614130434782609,705,400,False
model,0.66,0.6,2.5,0.2,score_point,0.02695035460992908,0.9989999999999998,0.21,0.79,0.8598639455782312,705,400,False
model,0.67,0.6,2.5,0.2,score_point,0.02695035460992908,1.0084999999999997,0.215,0.785,0.8567530695770804,705,400,False
model,0.74,0.4,2.5,0.2,score_point,0.02695035460992908,1.01425,0.2925,0.7075,0.8062678062678063,705,400,False
model,0.71,0.5,2.5,0.2,score_point,0.02695035460992908,1.02,0.26,0.74,0.8279720279720278,705,400,False
model,0.2,0.9,3.5,0.2,score_point,0.02695035460992908,1.0235000000000003,0.0475,0.9525,0.9525,705,400,False
model,0.21,0.9,3.5,0.2,score_point,0.02695035460992908,1.0235000000000003,0.0475,0.9525,0.9525,705,400,False
model,0.63,0.7,2.5,0.2,score_point,0.02695035460992908,1.0239999999999998,0.18,0.82,0.8781793842034805,705,400,False
model,0.72,0.3,3.0,0.2,score_point,0.02695035460992908,1.0290000000000001,0.27,0.73,0.8213783403656822,705,400,False
model,0.27,0.9,3.0,0.2,score_point,0.02695035460992908,1.0312500000000002,0.0625,0.9375,0.9445843828715365,705,400,False
model,0.28,0.9,3.0,0.2,score_point,0.02695035460992908,1.0417500000000002,0.0675,0.9325,0.9419191919191919,705,400,False
model,0.7,0.4,3.0,0.2,score_point,0.02695035460992908,1.05,0.25,0.75,0.8344923504867872,705,400,False
model,0.78,0.3,2.5,0.2,score_point,0.02695035460992908,1.0755000000000001,0.3525,0.6475,0.7640117994100295,705,400,False
model,0.59,0.8,2.5,0.2,score_point,0.02695035460992908,1.0762500000000004,0.1625,0.8375,0.8885941644562335,705,400,False
model,0.6,0.8,2.5,0.2,score_point,0.02695035460992908,1.0890000000000002,0.17,0.83,0.8841544607190412,705,400,False
model,0.7,0.3,3.5,0.2,score_point,0.02695035460992908,1.1,0.25,0.75,0.8344923504867872,705,400,False
model,0.68,0.4,3.5,0.2,score_point,0.02695035460992908,1.10525,0.2275,0.7725,0.8489010989010989,705,400,False
model,0.19,1.0,3.5,0.2,score_point,0.02695035460992908,1.11875,0.0475,0.9525,0.9525,705,400,False
model,0.27,1.0,3.0,0.2,score_point,0.02695035460992908,1.125,0.0625,0.9375,0.9445843828715365,705,400,False
model,0.28,1.0,3.0,0.2,score_point,0.02695035460992908,1.135,0.0675,0.9325,0.9419191919191919,705,400,False
model,0.77,0.2,3.0,0.2,score_point,0.02695035460992908,1.138,0.335,0.665,0.7766423357664234,705,400,False
model,0.59,0.9,2.5,0.2,score_point,0.02695035460992908,1.1600000000000001,0.1625,0.8375,0.8885941644562335,705,400,False
model,0.75,0.8,2.0,0.2,score_point,0.02695035460992908,1.163,0.3025,0.6975,0.7994269340974212,705,400,False
model,0.74,0.2,3.5,0.2,score_point,0.02695035460992908,1.1652499999999997,0.2925,0.7075,0.8062678062678063,705,400,False
model,0.6,0.9,2.5,0.2,score_point,0.02695035460992908,1.1720000000000002,0.17,0.83,0.8841544607190412,705,400,False
model,0.76,0.8,2.0,0.2,score_point,0.02695035460992908,1.1900000000000002,0.325,0.675,0.7837445573294631,705,400,False
model,0.77,0.8,2.0,0.2,score_point,0.02695035460992908,1.2020000000000002,0.335,0.665,0.7766423357664234,705,400,False
model,0.78,0.8,2.0,0.2,score_point,0.02695035460992908,1.223,0.3525,0.6475,0.7640117994100295,705,400,False
model,0.79,0.8,2.0,0.2,score_point,0.02695035460992908,1.2320000000000002,0.36,0.64,0.7585185185185186,705,400,False
model,0.75,0.9,2.0,0.2,score_point,0.02695035460992908,1.2327500000000002,0.3025,0.6975,0.7994269340974212,705,400,False
model,0.59,1.0,2.5,0.2,score_point,0.02695035460992908,1.24375,0.1625,0.8375,0.8885941644562335,705,400,False
model,0.6,1.0,2.5,0.2,score_point,0.02695035460992908,1.255,0.17,0.83,0.8841544607190412,705,400,False
model,0.76,0.9,2.0,0.2,score_point,0.02695035460992908,1.2575,0.325,0.675,0.7837445573294631,705,400,False
model,0.77,0.9,2.0,0.2,score_point,0.02695035460992908,1.2685000000000002,0.335,0.665,0.7766423357664234,705,400,False
model,0.8,0.8,2.0,0.2,score_point,0.02695035460992908,1.2770000000000001,0.3975,0.6025,0.7303030303030303,705,400,False
model,0.78,0.9,2.0,0.2,score_point,0.02695035460992908,1.2877500000000004,0.3525,0.6475,0.7640117994100295,705,400,False
model,0.79,0.9,2.0,0.2,score_point,0.02695035460992908,1.2960000000000003,0.36,0.64,0.7585185185185186,705,400,False
model,0.75,1.0,2.0,0.2,score_point,0.02695035460992908,1.3025,0.3025,0.6975,0.7994269340974212,705,400,False
model,0.81,0.8,2.0,0.2,score_point,0.02695035460992908,1.3160000000000003,0.43,0.57,0.7047913446676969,705,400,False
model,0.76,1.0,2.0,0.2,score_point,0.02695035460992908,1.325,0.325,0.675,0.7837445573294631,705,400,False
model,0.77,1.0,2.0,0.2,score_point,0.02695035460992908,1.335,0.335,0.665,0.7766423357664234,705,400,False
model,0.8,0.9,2.0,0.2,score_point,0.02695035460992908,1.3372500000000003,0.3975,0.6025,0.7303030303030303,705,400,False
model,0.82,0.8,2.0,0.2,score_point,0.02695035460992908,1.3430000000000002,0.4525,0.5475,0.6865203761755486,705,400,False
model,0.78,1.0,2.0,0.2,score_point,0.02695035460992908,1.3525,0.3525,0.6475,0.7640117994100295,705,400,False
model,0.79,1.0,2.0,0.2,score_point,0.02695035460992908,1.36,0.36,0.64,0.7585185185185186,705,400,False
model,0.83,0.8,2.0,0.2,score_point,0.02695035460992908,1.37,0.475,0.525,0.6677265500794913,705,400,False
model,0.81,0.9,2.0,0.2,score_point,0.02695035460992908,1.3730000000000002,0.43,0.57,0.7047913446676969,705,400,False
model,0.8,1.0,2.0,0.2,score_point,0.02695035460992908,1.3975,0.3975,0.6025,0.7303030303030303,705,400,False
model,0.82,0.9,2.0,0.2,score_point,0.02695035460992908,1.3977499999999998,0.4525,0.5475,0.6865203761755486,705,400,False
model,0.84,0.8,2.0,0.2,score_point,0.02695035460992908,1.4090000000000003,0.5075,0.4925,0.6396103896103896,705,400,False
model,0.83,0.9,2.0,0.2,score_point,0.02695035460992908,1.4225,0.475,0.525,0.6677265500794913,705,400,False
model,0.81,1.0,2.0,0.2,score_point,0.02695035460992908,1.43,0.43,0.57,0.7047913446676969,705,400,False
model,0.86,0.7,2.0,0.2,score_point,0.02695035460992908,1.44425,0.5725,0.4275,0.5796610169491525,705,400,False
model,0.85,0.8,2.0,0.2,score_point,0.02695035460992908,1.4510000000000003,0.5425,0.4575,0.6079734219269103,705,400,False
model,0.82,1.0,2.0,0.2,score_point,0.02695035460992908,1.4525,0.4525,0.5475,0.6865203761755486,705,400,False
model,0.84,0.9,2.0,0.2,score_point,0.02695035460992908,1.4582500000000003,0.5075,0.4925,0.6396103896103896,705,400,False
model,0.83,1.0,2.0,0.2,score_point,0.02695035460992908,1.475,0.475,0.525,0.6677265500794913,705,400,False
model,0.87,0.7,2.0,0.2,score_point,0.02695035460992908,1.4864999999999997,0.605,0.395,0.5476603119584056,705,400,False
model,0.85,0.9,2.0,0.2,score_point,0.02695035460992908,1.49675,0.5425,0.4575,0.6079734219269103,705,400,False
model,0.84,1.0,2.0,0.2,score_point,0.02695035460992908,1.5075,0.5075,0.4925,0.6396103896103896,705,400,False
model,0.85,1.0,2.0,0.2,score_point,0.02695035460992908,1.5425,0.5425,0.4575,0.6079734219269103,705,400,False
model,0.88,0.7,2.0,0.2,score_point,0.02695035460992908,1.5514999999999999,0.655,0.345,0.4955116696588868,705,400,False
model,0.87,0.2,2.5,0.2,score_point,0.02695035460992908,1.5914999999999997,0.605,0.395,0.5476603119584056,705,400,False
model,0.89,0.7,2.0,0.2,score_point,0.02695035460992908,1.6002499999999997,0.6925,0.3075,0.4538745387453874,705,400,False
model,0.91,0.5,2.0,0.2,score_point,0.02695035460992908,1.64,0.76,0.24,0.37281553398058254,705,400,False
model,0.9,0.7,2.0,0.2,score_point,0.02695035460992908,1.6425,0.725,0.275,0.4158790170132325,705,400,False
model,0.92,0.3,2.0,0.2,score_point,0.02695035460992908,1.6557500000000003,0.7975,0.2025,0.324,705,400,False
model,0.91,0.6,2.0,0.2,score_point,0.02695035460992908,1.6639999999999997,0.76,0.24,0.37281553398058254,705,400,False
model,0.92,0.4,2.0,0.2,score_point,0.02695035460992908,1.6760000000000002,0.7975,0.2025,0.324,705,400,False
model,0.91,0.7,2.0,0.2,score_point,0.02695035460992908,1.6879999999999997,0.76,0.24,0.37281553398058254,705,400,False
model,0.93,0.3,2.0,0.2,score_point,0.02695035460992908,1.7067500000000002,0.8275,0.1725,0.28278688524590156,705,400,False
model,0.93,0.4,2.0,0.2,score_point,0.02695035460992908,1.724,0.8275,0.1725,0.28278688524590156,705,400,False
model,0.94,0.2,2.0,0.2,score_point,0.02695035460992908,1.775,0.875,0.125,0.21321961620469082,705,400,False
model,0.94,0.3,2.0,0.2,score_point,0.02695035460992908,1.7875,0.875,0.125,0.21321961620469082,705,400,False
model,0.94,0.4,2.0,0.2,score_point,0.02695035460992908,1.8,0.875,0.125,0.21321961620469082,705,400,False
model,0.3,0.7,3.0,0.2,score_point,0.028368794326241134,0.861,0.07,0.93,0.9393939393939393,705,400,True
model,0.31,0.7,3.0,0.2,score_point,0.028368794326241134,0.8725,0.075,0.925,0.9367088607594937,705,400,False
model,0.27,0.7,3.5,0.2,score_point,0.028368794326241134,0.875,0.0625,0.9375,0.9433962264150944,705,400,False
model,0.51,0.5,3.5,0.2,score_point,0.028368794326241134,0.8825,0.1275,0.8725,0.9076723016905072,705,400,False
model,0.52,0.5,3.5,0.2,score_point,0.028368794326241134,0.8825,0.1275,0.8725,0.9076723016905072,705,400,False
model,0.28,0.7,3.5,0.2,score_point,0.028368794326241134,0.889,0.0675,0.9325,0.9407313997477933,705,400,False
model,0.43,0.6,3.5,0.2,score_point,0.028368794326241134,0.8899999999999999,0.1,0.9,0.9230769230769231,705,400,False
model,0.44,0.6,3.5,0.2,score_point,0.028368794326241134,0.8899999999999999,0.1,0.9,0.9230769230769231,705,400,False
model,0.53,0.5,3.5,0.2,score_point,0.028368794326241134,0.8975,0.1325,0.8675,0.9048239895697523,705,400,False
model,0.54,0.5,3.5,0.2,score_point,0.028368794326241134,0.905,0.135,0.865,0.9033942558746736,705,400,False
model,0.55,0.5,3.5,0.2,score_point,0.028368794326241134,0.9125,0.1375,0.8625,0.9019607843137256,705,400,False
model,0.56,0.5,3.5,0.2,score_point,0.028368794326241134,0.9125,0.1375,0.8625,0.9019607843137256,705,400,False
model,0.57,0.5,3.5,0.2,score_point,0.028368794326241134,0.935,0.145,0.855,0.8976377952755906,705,400,False
model,0.61,0.5,3.0,0.2,score_point,0.028368794326241134,0.9375,0.175,0.825,0.88,705,400,False
model,0.22,0.8,3.5,0.2,score_point,0.028368794326241134,0.9417500000000001,0.0525,0.9475,0.9486858573216521,705,400,False
model,0.63,0.6,2.5,0.2,score_point,0.028368794326241134,0.9419999999999998,0.18,0.82,0.877005347593583,705,400,False
model,0.62,0.5,3.0,0.2,score_point,0.028368794326241134,0.94375,0.1775,0.8225,0.8785046728971962,705,400,False
model,0.29,0.8,3.0,0.2,score_point,0.028368794326241134,0.9484999999999999,0.0675,0.9325,0.9407313997477933,705,400,False
model,0.23,0.8,3.5,0.2,score_point,0.028368794326241134,0.9485000000000001,0.055,0.945,0.9473684210526316,705,400,False
model,0.24,0.8,3.5,0.2,score_point,0.028368794326241134,0.95525,0.0575,0.9425,0.9460476787954829,705,400,False
model,0.25,0.8,3.5,0.2,score_point,0.028368794326241134,0.95525,0.0575,0.9425,0.9460476787954829,705,400,False
model,0.58,0.5,3.5,0.2,score_point,0.028368794326241134,0.9575,0.1525,0.8475,0.893280632411067,705,400,False
model,0.43,0.8,2.5,0.2,score_point,0.028368794326241134,0.9700000000000002,0.1,0.9,0.9230769230769231,705,400,False
model,0.44,0.8,2.5,0.2,score_point,0.028368794326241134,0.9700000000000002,0.1,0.9,0.9230769230769231,705,400,False
model,0.73,0.4,2.5,0.2,score_point,0.028368794326241134,0.9827500000000002,0.2775,0.7225,0.8152327221438647,705,400,False
model,0.45,0.8,2.5,0.2,score_point,0.028368794326241134,0.9870000000000002,0.11,0.89,0.9175257731958764,705,400,False
model,0.46,0.8,2.5,0.2,score_point,0.028368794326241134,0.9912500000000002,0.1125,0.8875,0.9161290322580645,705,400,False
model,0.47,0.8,2.5,0.2,score_point,0.028368794326241134,0.9955000000000002,0.115,0.885,0.9147286821705426,705,400,False
model,0.48,0.8,2.5,0.2,score_point,0.028368794326241134,0.9997500000000002,0.1175,0.8825,0.9133247089262613,705,400,False
model,0.7,0.5,2.5,0.2,score_point,0.028368794326241134,1.0,0.25,0.75,0.8333333333333334,705,400,False
model,0.64,0.4,3.5,0.2,score_point,0.028368794326241134,1.0045000000000002,0.195,0.805,0.8679245283018868,705,400,False
model,0.49,0.8,2.5,0.2,score_point,0.028368794326241134,1.00825,0.1225,0.8775,0.9105058365758755,705,400,False
model,0.5,0.8,2.5,0.2,score_point,0.028368794326241134,1.00825,0.1225,0.8775,0.9105058365758755,705,400,False
model,0.61,0.7,2.5,0.2,score_point,0.028368794326241134,1.015,0.175,0.825,0.88,705,400,False
model,0.76,0.3,2.5,0.2,score_point,0.028368794326241134,1.015,0.325,0.675,0.7826086956521738,705,400,False
model,0.51,0.8,2.5,0.2,score_point,0.028368794326241134,1.01675,0.1275,0.8725,0.9076723016905072,705,400,False
model,0.52,0.8,2.5,0.2,score_point,0.028368794326241134,1.01675,0.1275,0.8725,0.9076723016905072,705,400,False
model,0.62,0.7,2.5,0.2,score_point,0.028368794326241134,1.0194999999999999,0.1775,0.8225,0.8785046728971962,705,400,False
model,0.19,0.9,3.5,0.2,score_point,0.028368794326241134,1.0235000000000003,0.0475,0.9525,0.951310861423221,705,400,False
model,0.53,0.8,2.5,0.2,score_point,0.028368794326241134,1.0252500000000002,0.1325,0.8675,0.9048239895697523,705,400,False
model,0.26,0.9,3.0,0.2,score_point,0.028368794326241134,1.0260000000000002,0.06,0.94,0.9447236180904524,705,400,False
model,0.54,0.8,2.5,0.2,score_point,0.028368794326241134,1.0295,0.135,0.865,0.9033942558746736,705,400,False
model,0.55,0.8,2.5,0.2,score_point,0.028368794326241134,1.0337500000000004,0.1375,0.8625,0.9019607843137256,705,400,False
model,0.56,0.8,2.5,0.2,score_point,0.028368794326241134,1.0337500000000004,0.1375,0.8625,0.9019607843137256,705,400,False
model,0.77,0.3,2.5,0.2,score_point,0.028368794326241134,1.0370000000000001,0.335,0.665,0.7755102040816327,705,400,False
model,0.36,0.9,2.5,0.2,score_point,0.028368794326241134,1.0400000000000003,0.0875,0.9125,0.929936305732484,705,400,False
model,0.65,0.4,3.5,0.2,score_point,0.028368794326241134,1.04325,0.2075,0.7925,0.8602442333785617,705,400,False
model,0.57,0.8,2.5,0.2,score_point,0.028368794326241134,1.0465000000000002,0.145,0.855,0.8976377952755906,705,400,False
model,0.37,0.9,2.5,0.2,score_point,0.028368794326241134,1.0480000000000003,0.0925,0.9075,0.9272030651340996,705,400,False
model,0.38,0.9,2.5,0.2,score_point,0.028368794326241134,1.0480000000000003,0.0925,0.9075,0.9272030651340996,705,400,False
model,0.66,0.4,3.5,0.2,score_point,0.028368794326241134,1.0510000000000002,0.21,0.79,0.858695652173913,705,400,False
model,0.39,0.9,2.5,0.2,score_point,0.028368794326241134,1.0560000000000003,0.0975,0.9025,0.9244558258642765,705,400,False
model,0.4,0.9,2.5,0.2,score_point,0.028368794326241134,1.0560000000000003,0.0975,0.9025,0.9244558258642765,705,400,False
model,0.41,0.9,2.5,0.2,score_point,0.028368794326241134,1.0560000000000003,0.0975,0.9025,0.9244558258642765,705,400,False
model,0.58,0.8,2.5,0.2,score_point,0.028368794326241134,1.05925,0.1525,0.8475,0.893280632411067,705,400,False
model,0.42,0.9,2.5,0.2,score_point,0.028368794326241134,1.0600000000000003,0.1,0.9,0.9230769230769231,705,400,False
model,0.43,0.9,2.5,0.2,score_point,0.028368794326241134,1.0600000000000003,0.1,0.9,0.9230769230769231,705,400,False
model,0.44,0.9,2.5,0.2,score_point,0.028368794326241134,1.0600000000000003,0.1,0.9,0.9230769230769231,705,400,False
model,0.67,0.4,3.5,0.2,score_point,0.028368794326241134,1.0665,0.215,0.785,0.8555858310626703,705,400,False
model,0.45,0.9,2.5,0.2,score_point,0.028368794326241134,1.0760000000000003,0.11,0.89,0.9175257731958764,705,400,False
model,0.46,0.9,2.5,0.2,score_point,0.028368794326241134,1.0800000000000003,0.1125,0.8875,0.9161290322580645,705,400,False
model,0.47,0.9,2.5,0.2,score_point,0.028368794326241134,1.0840000000000003,0.115,0.885,0.9147286821705426,705,400,False
model,0.48,0.9,2.5,0.2,score_point,0.028368794326241134,1.088,0.1175,0.8825,0.9133247089262613,705,400,False
model,0.75,0.7,2.0,0.2,score_point,0.028368794326241134,1.0932499999999998,0.3025,0.6975,0.7982832618025751,705,400,False
model,0.49,0.9,2.5,0.2,score_point,0.028368794326241134,1.0960000000000003,0.1225,0.8775,0.9105058365758755,705,400,False
model,0.5,0.9,2.5,0.2,score_point,0.028368794326241134,1.0960000000000003,0.1225,0.8775,0.9105058365758755,705,400,False
model,0.51,0.9,2.5,0.2,score_point,0.028368794326241134,1.104,0.1275,0.8725,0.9076723016905072,705,400,False
model,0.52,0.9,2.5,0.2,score_point,0.028368794326241134,1.104,0.1275,0.8725,0.9076723016905072,705,400,False
model,0.22,1.0,3.0,0.2,score_point,0.028368794326241134,1.105,0.0525,0.9475,0.9486858573216521,705,400,False
model,0.76,0.2,3.0,0.2,score_point,0.028368794326241134,1.1099999999999999,0.325,0.675,0.7826086956521738,705,400,False
model,0.23,1.0,3.0,0.2,score_point,0.028368794326241134,1.11,0.055,0.945,0.9473684210526316,705,400,False
model,0.53,0.9,2.5,0.2,score_point,0.028368794326241134,1.112,0.1325,0.8675,0.9048239895697523,705,400,False
model,0.24,1.0,3.0,0.2,score_point,0.028368794326241134,1.115,0.0575,0.9425,0.9460476787954829,705,400,False
model,0.25,1.0,3.0,0.2,score_point,0.028368794326241134,1.115,0.0575,0.9425,0.9460476787954829,705,400,False
model,0.54,0.9,2.5,0.2,score_point,0.028368794326241134,1.1160000000000003,0.135,0.865,0.9033942558746736,705,400,False
model,0.26,1.0,3.0,0.2,score_point,0.028368794326241134,1.12,0.06,0.94,0.9447236180904524,705,400,False
model,0.55,0.9,2.5,0.2,score_point,0.028368794326241134,1.1200000000000003,0.1375,0.8625,0.9019607843137256,705,400,False
model,0.56,0.9,2.5,0.2,score_point,0.028368794326241134,1.1200000000000003,0.1375,0.8625,0.9019607843137256,705,400,False
model,0.76,0.7,2.0,0.2,score_point,0.028368794326241134,1.1224999999999998,0.325,0.675,0.7826086956521738,705,400,False
model,0.36,1.0,2.5,0.2,score_point,0.028368794326241134,1.13125,0.0875,0.9125,0.929936305732484,705,400,False
model,0.57,0.9,2.5,0.2,score_point,0.028368794326241134,1.1320000000000001,0.145,0.855,0.8976377952755906,705,400,False
model,0.77,0.7,2.0,0.2,score_point,0.028368794326241134,1.1354999999999997,0.335,0.665,0.7755102040816327,705,400,False
model,0.37,1.0,2.5,0.2,score_point,0.028368794326241134,1.13875,0.0925,0.9075,0.9272030651340996,705,400,False
model,0.38,1.0,2.5,0.2,score_point,0.028368794326241134,1.13875,0.0925,0.9075,0.9272030651340996,705,400,False
model,0.58,0.9,2.5,0.2,score_point,0.028368794326241134,1.1440000000000001,0.1525,0.8475,0.893280632411067,705,400,False
model,0.39,1.0,2.5,0.2,score_point,0.028368794326241134,1.14625,0.0975,0.9025,0.9244558258642765,705,400,False
model,0.4,1.0,2.5,0.2,score_point,0.028368794326241134,1.14625,0.0975,0.9025,0.9244558258642765,705,400,False
model,0.41,1.0,2.5,0.2,score_point,0.028368794326241134,1.14625,0.0975,0.9025,0.9244558258642765,705,400,False
model,0.42,1.0,2.5,0.2,score_point,0.028368794326241134,1.15,0.1,0.9,0.9230769230769231,705,400,False
model,0.43,1.0,2.5,0.2,score_point,0.028368794326241134,1.15,0.1,0.9,0.9230769230769231,705,400,False
model,0.44,1.0,2.5,0.2,score_point,0.028368794326241134,1.15,0.1,0.9,0.9230769230769231,705,400,False
model,0.74,0.8,2.0,0.2,score_point,0.028368794326241134,1.151,0.2925,0.7075,0.8051209103840682,705,400,False
model,0.78,0.7,2.0,0.2,score_point,0.028368794326241134,1.1582499999999998,0.3525,0.6475,0.7628865979381443,705,400,False
model,0.45,1.0,2.5,0.2,score_point,0.028368794326241134,1.165,0.11,0.89,0.9175257731958764,705,400,False
model,0.79,0.7,2.0,0.2,score_point,0.028368794326241134,1.168,0.36,0.64,0.757396449704142,705,400,False
model,0.46,1.0,2.5,0.2,score_point,0.028368794326241134,1.16875,0.1125,0.8875,0.9161290322580645,705,400,False
model,0.47,1.0,2.5,0.2,score_point,0.028368794326241134,1.1725,0.115,0.885,0.9147286821705426,705,400,False
model,0.48,1.0,2.5,0.2,score_point,0.028368794326241134,1.17625,0.1175,0.8825,0.9133247089262613,705,400,False
model,0.49,1.0,2.5,0.2,score_point,0.028368794326241134,1.18375,0.1225,0.8775,0.9105058365758755,705,400,False
model,0.5,1.0,2.5,0.2,score_point,0.028368794326241134,1.18375,0.1225,0.8775,0.9105058365758755,705,400,False
model,0.51,1.0,2.5,0.2,score_point,0.028368794326241134,1.19125,0.1275,0.8725,0.9076723016905072,705,400,False
model,0.52,1.0,2.5,0.2,score_point,0.028368794326241134,1.19125,0.1275,0.8725,0.9076723016905072,705,400,False
model,0.53,1.0,2.5,0.2,score_point,0.028368794326241134,1.19875,0.1325,0.8675,0.9048239895697523,705,400,False
model,0.54,1.0,2.5,0.2,score_point,0.028368794326241134,1.2025,0.135,0.865,0.9033942558746736,705,400,False
model,0.55,1.0,2.5,0.2,score_point,0.028368794326241134,1.20625,0.1375,0.8625,0.9019607843137256,705,400,False
model,0.56,1.0,2.5,0.2,score_point,0.028368794326241134,1.20625,0.1375,0.8625,0.9019607843137256,705,400,False
model,0.8,0.7,2.0,0.2,score_point,0.028368794326241134,1.2167499999999998,0.3975,0.6025,0.7291981845688351,705,400,False
model,0.57,1.0,2.5,0.2,score_point,0.028368794326241134,1.2175,0.145,0.855,0.8976377952755906,705,400,False
model,0.74,0.9,2.0,0.2,score_point,0.028368794326241134,1.2217500000000001,0.2925,0.7075,0.8051209103840682,705,400,False
model,0.58,1.0,2.5,0.2,score_point,0.028368794326241134,1.22875,0.1525,0.8475,0.893280632411067,705,400,False
model,0.81,0.7,2.0,0.2,score_point,0.028368794326241134,1.2589999999999997,0.43,0.57,0.7037037037037036,705,400,False
model,0.82,0.7,2.0,0.2,score_point,0.028368794326241134,1.28825,0.4525,0.5475,0.6854460093896715,705,400,False
model,0.74,1.0,2.0,0.2,score_point,0.028368794326241134,1.2925,0.2925,0.7075,0.8051209103840682,705,400,False
model,0.83,0.7,2.0,0.2,score_point,0.028368794326241134,1.3175,0.475,0.525,0.6666666666666667,705,400,False
model,0.84,0.7,2.0,0.2,score_point,0.028368794326241134,1.3597499999999996,0.5075,0.4925,0.6385737439222042,705,400,False
model,0.86,0.6,2.0,0.2,score_point,0.028368794326241134,1.4014999999999997,0.5725,0.4275,0.5786802030456853,705,400,False
model,0.85,0.7,2.0,0.2,score_point,0.028368794326241134,1.4052499999999997,0.5425,0.4575,0.6069651741293532,705,400,False
model,0.87,0.6,2.0,0.2,score_point,0.028368794326241134,1.4469999999999998,0.605,0.395,0.5467128027681661,705,400,False
model,0.86,0.2,2.5,0.2,score_point,0.028368794326241134,1.51675,0.5725,0.4275,0.5786802030456853,705,400,False
model,0.88,0.6,2.0,0.2,score_point,0.028368794326241134,1.517,0.655,0.345,0.49462365591397844,705,400,False
model,0.89,0.6,2.0,0.2,score_point,0.028368794326241134,1.5695,0.6925,0.3075,0.4530386740331492,705,400,False
model,0.9,0.5,2.0,0.2,score_point,0.028368794326241134,1.5875,0.725,0.275,0.41509433962264153,705,400,False
model,0.91,0.3,2.0,0.2,score_point,0.028368794326241134,1.592,0.76,0.24,0.3720930232558139,705,400,False
model,0.9,0.6,2.0,0.2,score_point,0.028368794326241134,1.615,0.725,0.275,0.41509433962264153,705,400,False
model,0.91,0.4,2.0,0.2,score_point,0.028368794326241134,1.6160000000000003,0.76,0.24,0.3720930232558139,705,400,False
model,0.93,0.2,2.0,0.2,score_point,0.028368794326241134,1.6894999999999998,0.8275,0.1725,0.2822085889570552,705,400,False
model,0.26,0.7,3.5,0.2,score_point,0.029787234042553193,0.8679999999999999,0.06,0.94,0.9435382685069009,705,400,False
model,0.37,0.6,3.5,0.2,score_point,0.029787234042553193,0.8682499999999999,0.0925,0.9075,0.9260204081632653,705,400,False
model,0.38,0.6,3.5,0.2,score_point,0.029787234042553193,0.8682499999999999,0.0925,0.9075,0.9260204081632653,705,400,False
model,0.39,0.6,3.5,0.2,score_point,0.029787234042553193,0.8827499999999998,0.0975,0.9025,0.9232736572890026,705,400,False
model,0.4,0.6,3.5,0.2,score_point,0.029787234042553193,0.8827499999999998,0.0975,0.9025,0.9232736572890026,705,400,False
model,0.41,0.6,3.5,0.2,score_point,0.029787234042553193,0.8827499999999998,0.0975,0.9025,0.9232736572890026,705,400,False
model,0.42,0.6,3.5,0.2,score_point,0.029787234042553193,0.8899999999999999,0.1,0.9,0.9218950064020487,705,400,False
model,0.5,0.6,3.0,0.2,score_point,0.029787234042553193,0.8939999999999998,0.1225,0.8775,0.9093264248704663,705,400,False
model,0.6,0.5,3.0,0.2,score_point,0.029787234042553193,0.925,0.17,0.83,0.8818061088977425,705,400,False
model,0.2,0.8,3.5,0.2,score_point,0.029787234042553193,0.9282500000000001,0.0475,0.9525,0.9501246882793016,705,400,False
model,0.21,0.8,3.5,0.2,score_point,0.029787234042553193,0.9282500000000001,0.0475,0.9525,0.9501246882793016,705,400,False
model,0.61,0.6,2.5,0.2,score_point,0.029787234042553193,0.9324999999999999,0.175,0.825,0.8788282290279626,705,400,False
model,0.62,0.6,2.5,0.2,score_point,0.029787234042553193,0.9372499999999998,0.1775,0.8225,0.8773333333333334,705,400,False
model,0.27,0.8,3.0,0.2,score_point,0.029787234042553193,0.9375,0.0625,0.9375,0.9422110552763819,705,400,False
model,0.28,0.8,3.0,0.2,score_point,0.029787234042553193,0.9484999999999999,0.0675,0.9325,0.9395465994962217,705,400,False
model,0.36,0.8,2.5,0.2,score_point,0.029787234042553193,0.9487500000000001,0.0875,0.9125,0.9287531806615776,705,400,False
model,0.37,0.8,2.5,0.2,score_point,0.029787234042553193,0.9572500000000003,0.0925,0.9075,0.9260204081632653,705,400,False
model,0.38,0.8,2.5,0.2,score_point,0.029787234042553193,0.9572500000000003,0.0925,0.9075,0.9260204081632653,705,400,False
model,0.63,0.4,3.5,0.2,score_point,0.029787234042553193,0.9580000000000001,0.18,0.82,0.8758344459279038,705,400,False
model,0.75,0.3,2.5,0.2,score_point,0.029787234042553193,0.9655000000000001,0.3025,0.6975,0.7971428571428572,705,400,False
model,0.39,0.8,2.5,0.2,score_point,0.029787234042553193,0.9657500000000002,0.0975,0.9025,0.9232736572890026,705,400,False
model,0.4,0.8,2.5,0.2,score_point,0.029787234042553193,0.9657500000000002,0.0975,0.9025,0.9232736572890026,705,400,False
model,0.41,0.8,2.5,0.2,score_point,0.029787234042553193,0.9657500000000002,0.0975,0.9025,0.9232736572890026,705,400,False
model,0.72,0.4,2.5,0.2,score_point,0.029787234042553193,0.9670000000000002,0.27,0.73,0.8190743338008414,705,400,False
model,0.42,0.8,2.5,0.2,score_point,0.029787234042553193,0.9700000000000002,0.1,0.9,0.9218950064020487,705,400,False
model,0.69,0.5,2.5,0.2,score_point,0.029787234042553193,0.975,0.2375,0.7625,0.8402203856749312,705,400,False
model,0.59,0.7,2.5,0.2,score_point,0.029787234042553193,0.9924999999999997,0.1625,0.8375,0.8862433862433863,705,400,False
model,0.71,0.3,3.0,0.2,score_point,0.029787234042553193,1.0020000000000002,0.26,0.74,0.8256624825662483,705,400,False
model,0.6,0.7,2.5,0.2,score_point,0.029787234042553193,1.0059999999999998,0.17,0.83,0.8818061088977425,705,400,False
model,0.22,0.9,3.0,0.2,score_point,0.029787234042553193,1.0102500000000003,0.0525,0.9475,0.9475,705,400,False
model,0.23,0.9,3.0,0.2,score_point,0.029787234042553193,1.0155000000000003,0.055,0.945,0.9461827284105131,705,400,False
model,0.69,0.4,3.0,0.2,score_point,0.029787234042553193,1.0175,0.2375,0.7625,0.8402203856749312,705,400,False
model,0.24,0.9,3.0,0.2,score_point,0.029787234042553193,1.0207500000000003,0.0575,0.9425,0.9448621553884713,705,400,False
model,0.25,0.9,3.0,0.2,score_point,0.029787234042553193,1.0207500000000003,0.0575,0.9425,0.9448621553884713,705,400,False
model,0.75,0.6,2.0,0.2,score_point,0.029787234042553193,1.0234999999999999,0.3025,0.6975,0.7971428571428572,705,400,False
model,0.32,0.9,2.5,0.2,score_point,0.029787234042553193,1.0240000000000002,0.0775,0.9225,0.9341772151898733,705,400,False
model,0.33,0.9,2.5,0.2,score_point,0.029787234042553193,1.028,0.08,0.92,0.9328263624841572,705,400,False
model,0.34,0.9,2.5,0.2,score_point,0.029787234042553193,1.028,0.08,0.92,0.9328263624841572,705,400,False
model,0.35,0.9,2.5,0.2,score_point,0.029787234042553193,1.0400000000000003,0.0875,0.9125,0.9287531806615776,705,400,False
model,0.75,0.2,3.0,0.2,score_point,0.029787234042553193,1.047,0.3025,0.6975,0.7971428571428572,705,400,False
model,0.76,0.6,2.0,0.2,score_point,0.029787234042553193,1.055,0.325,0.675,0.7814761215629523,705,400,False
model,0.69,0.3,3.5,0.2,score_point,0.029787234042553193,1.06,0.2375,0.7625,0.8402203856749312,705,400,False
model,0.77,0.6,2.0,0.2,score_point,0.029787234042553193,1.0689999999999997,0.335,0.665,0.7743813682678313,705,400,False
model,0.74,0.7,2.0,0.2,score_point,0.029787234042553193,1.08025,0.2925,0.7075,0.8039772727272728,705,400,False
model,0.78,0.6,2.0,0.2,score_point,0.029787234042553193,1.0934999999999997,0.3525,0.6475,0.7617647058823529,705,400,False
model,0.15,1.0,3.5,0.2,score_point,0.029787234042553193,1.09375,0.0375,0.9625,0.955334987593052,705,400,False
model,0.2,1.0,3.0,0.2,score_point,0.029787234042553193,1.095,0.0475,0.9525,0.9501246882793016,705,400,False
model,0.21,1.0,3.0,0.2,score_point,0.029787234042553193,1.095,0.0475,0.9525,0.9501246882793016,705,400,False
model,0.16,1.0,3.5,0.2,score_point,0.029787234042553193,1.1,0.04,0.96,0.9540372670807454,705,400,False
model,0.79,0.6,2.0,0.2,score_point,0.029787234042553193,1.1039999999999999,0.36,0.64,0.7562776957163959,705,400,False
model,0.17,1.0,3.5,0.2,score_point,0.029787234042553193,1.10625,0.0425,0.9575,0.9527363184079601,705,400,False
model,0.73,0.2,3.5,0.2,score_point,0.029787234042553193,1.1157499999999998,0.2775,0.7225,0.8140845070422535,705,400,False
model,0.32,1.0,2.5,0.2,score_point,0.029787234042553193,1.11625,0.0775,0.9225,0.9341772151898733,705,400,False
model,0.18,1.0,3.5,0.2,score_point,0.029787234042553193,1.11875,0.0475,0.9525,0.9501246882793016,705,400,False
model,0.33,1.0,2.5,0.2,score_point,0.029787234042553193,1.12,0.08,0.92,0.9328263624841572,705,400,False
model,0.34,1.0,2.5,0.2,score_point,0.029787234042553193,1.12,0.08,0.92,0.9328263624841572,705,400,False
model,0.72,0.8,2.0,0.2,score_point,0.029787234042553193,1.124,0.27,0.73,0.8190743338008414,705,400,False
model,0.35,1.0,2.5,0.2,score_point,0.029787234042553193,1.13125,0.0875,0.9125,0.9287531806615776,705,400,False
model,0.73,0.8,2.0,0.2,score_point,0.029787234042553193,1.133,0.2775,0.7225,0.8140845070422535,705,400,False
model,0.8,0.6,2.0,0.2,score_point,0.029787234042553193,1.1565,0.3975,0.6025,0.7280966767371603,705,400,False
model,0.81,0.2,2.5,0.2,score_point,0.029787234042553193,1.1889999999999998,0.43,0.57,0.7026194144838213,705,400,False
model,0.72,0.9,2.0,0.2,score_point,0.029787234042553193,1.197,0.27,0.73,0.8190743338008414,705,400,False
model,0.81,0.6,2.0,0.2,score_point,0.029787234042553193,1.202,0.43,0.57,0.7026194144838213,705,400,False
model,0.73,0.9,2.0,0.2,score_point,0.029787234042553193,1.2052500000000002,0.2775,0.7225,0.8140845070422535,705,400,False
model,0.82,0.6,2.0,0.2,score_point,0.029787234042553193,1.2335,0.4525,0.5475,0.6843750000000001,705,400,False
model,0.82,0.2,2.5,0.2,score_point,0.029787234042553193,1.2407499999999998,0.4525,0.5475,0.6843750000000001,705,400,False
model,0.83,0.6,2.0,0.2,score_point,0.029787234042553193,1.2649999999999997,0.475,0.525,0.6656101426307449,705,400,False
model,0.72,1.0,2.0,0.2,score_point,0.029787234042553193,1.27,0.27,0.73,0.8190743338008414,705,400,False
model,0.73,1.0,2.0,0.2,score_point,0.029787234042553193,1.2775,0.2775,0.7225,0.8140845070422535,705,400,False
model,0.83,0.2,2.5,0.2,score_point,0.029787234042553193,1.2925,0.475,0.525,0.6656101426307449,705,400,False
model,0.84,0.6,2.0,0.2,score_point,0.029787234042553193,1.3104999999999998,0.5075,0.4925,0.6375404530744336,705,400,False
model,0.85,0.6,2.0,0.2,score_point,0.029787234042553193,1.3595,0.5425,0.4575,0.6059602649006623,705,400,False
model,0.84,0.2,2.5,0.2,score_point,0.029787234042553193,1.3672499999999996,0.5075,0.4925,0.6375404530744336,705,400,False
model,0.85,0.2,2.5,0.2,score_point,0.029787234042553193,1.4477499999999999,0.5425,0.4575,0.6059602649006623,705,400,False
model,0.9,0.3,2.0,0.2,score_point,0.029787234042553193,1.5325,0.725,0.275,0.4143126177024482,705,400,False
model,0.89,0.5,2.0,0.2,score_point,0.029787234042553193,1.53875,0.6925,0.3075,0.4522058823529412,705,400,False
model,0.9,0.4,2.0,0.2,score_point,0.029787234042553193,1.56,0.725,0.275,0.4143126177024482,705,400,False
model,0.92,0.2,2.0,0.2,score_point,0.029787234042553193,1.6354999999999997,0.7975,0.2025,0.32270916334661354,705,400,False
model,0.22,0.7,3.5,0.2,score_point,0.031205673758865248,0.8469999999999999,0.0525,0.9475,0.9463171036204744,705,400,True
model,0.36,0.6,3.5,0.2,score_point,0.031205673758865248,0.8537499999999997,0.0875,0.9125,0.9275730622617535,705,400,False
model,0.23,0.7,3.5,0.2,score_point,0.031205673758865248,0.8539999999999999,0.055,0.945,0.945,705,400,False
model,0.29,0.7,3.0,0.2,score_point,0.031205673758865248,0.8552500000000001,0.0675,0.9325,0.938364779874214,705,400,False
model,0.24,0.7,3.5,0.2,score_point,0.031205673758865248,0.861,0.0575,0.9425,0.9436795994993743,705,400,False
model,0.25,0.7,3.5,0.2,score_point,0.031205673758865248,0.861,0.0575,0.9425,0.9436795994993743,705,400,False
model,0.45,0.6,3.0,0.2,score_point,0.031205673758865248,0.8639999999999999,0.11,0.89,0.9151670951156812,705,400,False
model,0.5,0.5,3.5,0.2,score_point,0.031205673758865248,0.8675,0.1225,0.8775,0.908150064683053,705,400,False
model,0.46,0.6,3.0,0.2,score_point,0.031205673758865248,0.8699999999999999,0.1125,0.8875,0.9137709137709138,705,400,False
model,0.47,0.6,3.0,0.2,score_point,0.031205673758865248,0.8759999999999999,0.115,0.885,0.9123711340206185,705,400,False
model,0.43,0.7,2.5,0.2,score_point,0.031205673758865248,0.8799999999999999,0.1,0.9,0.9207161125319693,705,400,False
model,0.44,0.7,2.5,0.2,score_point,0.031205673758865248,0.8799999999999999,0.1,0.9,0.9207161125319693,705,400,False
model,0.48,0.6,3.0,0.2,score_point,0.031205673758865248,0.8819999999999999,0.1175,0.8825,0.9109677419354838,705,400,False
model,0.49,0.6,3.0,0.2,score_point,0.031205673758865248,0.8939999999999998,0.1225,0.8775,0.908150064683053,705,400,False
model,0.45,0.7,2.5,0.2,score_point,0.031205673758865248,0.8979999999999998,0.11,0.89,0.9151670951156812,705,400,False
model,0.46,0.7,2.5,0.2,score_point,0.031205673758865248,0.9024999999999999,0.1125,0.8875,0.9137709137709138,705,400,False
model,0.59,0.5,3.0,0.2,score_point,0.031205673758865248,0.90625,0.1625,0.8375,0.8850726552179655,705,400,False
model,0.47,0.7,2.5,0.2,score_point,0.031205673758865248,0.9069999999999999,0.115,0.885,0.9123711340206185,705,400,False
model,0.48,0.7,2.5,0.2,score_point,0.031205673758865248,0.9114999999999998,0.1175,0.8825,0.9109677419354838,705,400,False
model,0.49,0.7,2.5,0.2,score_point,0.031205673758865248,0.9204999999999999,0.1225,0.8775,0.908150064683053,705,400,False
model,0.5,0.7,2.5,0.2,score_point,0.031205673758865248,0.9204999999999999,0.1225,0.8775,0.908150064683053,705,400,False
model,0.6,0.6,2.5,0.2,score_point,0.031205673758865248,0.9229999999999998,0.17,0.83,0.8806366047745358,705,400,False
model,0.19,0.8,3.5,0.2,score_point,0.031205673758865248,0.9282500000000001,0.0475,0.9525,0.9489414694894147,705,400,False
model,0.51,0.7,2.5,0.2,score_point,0.031205673758865248,0.9294999999999999,0.1275,0.8725,0.9053177691309987,705,400,False
model,0.52,0.7,2.5,0.2,score_point,0.031205673758865248,0.9294999999999999,0.1275,0.8725,0.9053177691309987,705,400,False
model,0.32,0.8,2.5,0.2,score_point,0.031205673758865248,0.9317500000000001,0.0775,0.9225,0.9329962073324906,705,400,False
model,0.26,0.8,3.0,0.2,score_point,0.031205673758865248,0.9320000000000002,0.06,0.94,0.9423558897243106,705,400,False
model,0.33,0.8,2.5,0.2,score_point,0.031205673758865248,0.936,0.08,0.92,0.9316455696202531,705,400,False
model,0.34,0.8,2.5,0.2,score_point,0.031205673758865248,0.936,0.08,0.92,0.9316455696202531,705,400,False
model,0.53,0.7,2.5,0.2,score_point,0.031205673758865248,0.9384999999999999,0.1325,0.8675,0.9024707412223667,705,400,False
model,0.61,0.4,3.5,0.2,score_point,0.031205673758865248,0.9425000000000001,0.175,0.825,0.8776595744680852,705,400,False
model,0.54,0.7,2.5,0.2,score_point,0.031205673758865248,0.9429999999999998,0.135,0.865,0.9010416666666665,705,400,False
model,0.74,0.3,2.5,0.2,score_point,0.031205673758865248,0.9435000000000001,0.2925,0.7075,0.802836879432624,705,400,False
model,0.55,0.7,2.5,0.2,score_point,0.031205673758865248,0.9474999999999997,0.1375,0.8625,0.8996088657105606,705,400,False
model,0.56,0.7,2.5,0.2,score_point,0.031205673758865248,0.9474999999999997,0.1375,0.8625,0.8996088657105606,705,400,False
model,0.35,0.8,2.5,0.2,score_point,0.031205673758865248,0.9487500000000001,0.0875,0.9125,0.9275730622617535,705,400,False
model,0.62,0.4,3.5,0.2,score_point,0.031205673758865248,0.9502500000000002,0.1775,0.8225,0.8761651131824234,705,400,False
model,0.68,0.5,2.5,0.2,score_point,0.031205673758865248,0.955,0.2275,0.7725,0.8454172366621067,705,400,False
model,0.57,0.7,2.5,0.2,score_point,0.031205673758865248,0.9609999999999999,0.145,0.855,0.8952879581151832,705,400,False
model,0.58,0.7,2.5,0.2,score_point,0.031205673758865248,0.9744999999999999,0.1525,0.8475,0.8909329829172142,705,400,False
model,0.7,0.3,3.0,0.2,score_point,0.031205673758865248,0.9750000000000001,0.25,0.75,0.8310249307479224,705,400,False
model,0.68,0.4,3.0,0.2,score_point,0.031205673758865248,0.9915000000000002,0.2275,0.7725,0.8454172366621067,705,400,False
model,0.15,0.9,3.5,0.2,score_point,0.031205673758865248,0.9975000000000003,0.0375,0.9625,0.9541511771995044,705,400,False
model,0.2,0.9,3.0,0.2,score_point,0.031205673758865248,0.9997500000000002,0.0475,0.9525,0.9489414694894147,705,400,False
model,0.21,0.9,3.0,0.2,score_point,0.031205673758865248,0.9997500000000002,0.0475,0.9525,0.9489414694894147,705,400,False
model,0.16,0.9,3.5,0.2,score_point,0.031205673758865248,1.0040000000000004,0.04,0.96,0.9528535980148883,705,400,False
model,0.29,0.9,2.5,0.2,score_point,0.031205673758865248,1.0080000000000002,0.0675,0.9325,0.938364779874214,705,400,False
model,0.74,0.6,2.0,0.2,score_point,0.031205673758865248,1.0094999999999998,0.2925,0.7075,0.802836879432624,705,400,False
model,0.17,0.9,3.5,0.2,score_point,0.031205673758865248,1.0105000000000002,0.0425,0.9575,0.9515527950310559,705,400,False
model,0.3,0.9,2.5,0.2,score_point,0.031205673758865248,1.0120000000000002,0.07,0.93,0.9370277078085644,705,400,False
model,0.74,0.2,3.0,0.2,score_point,0.031205673758865248,1.019,0.2925,0.7075,0.802836879432624,705,400,False
model,0.31,0.9,2.5,0.2,score_point,0.031205673758865248,1.0200000000000002,0.075,0.925,0.9343434343434343,705,400,False
model,0.18,0.9,3.5,0.2,score_point,0.031205673758865248,1.0235000000000003,0.0475,0.9525,0.9489414694894147,705,400,False
model,0.79,0.2,2.5,0.2,score_point,0.031205673758865248,1.0279999999999998,0.36,0.64,0.7551622418879055,705,400,False
model,0.68,0.3,3.5,0.2,score_point,0.031205673758865248,1.028,0.2275,0.7725,0.8454172366621067,705,400,False
model,0.72,0.7,2.0,0.2,score_point,0.031205673758865248,1.0509999999999997,0.27,0.73,0.8179271708683473,705,400,False
model,0.73,0.7,2.0,0.2,score_point,0.031205673758865248,1.0607499999999999,0.2775,0.7225,0.8129395218002814,705,400,False
model,0.14,1.0,3.5,0.2,score_point,0.031205673758865248,1.08125,0.0325,0.9675,0.9567367119901112,705,400,False
model,0.72,0.2,3.5,0.2,score_point,0.031205673758865248,1.0909999999999997,0.27,0.73,0.8179271708683473,705,400,False
model,0.19,1.0,3.0,0.2,score_point,0.031205673758865248,1.095,0.0475,0.9525,0.9489414694894147,705,400,False
model,0.29,1.0,2.5,0.2,score_point,0.031205673758865248,1.10125,0.0675,0.9325,0.938364779874214,705,400,False
model,0.3,1.0,2.5,0.2,score_point,0.031205673758865248,1.105,0.07,0.93,0.9370277078085644,705,400,False
model,0.31,1.0,2.5,0.2,score_point,0.031205673758865248,1.1125,0.075,0.925,0.9343434343434343,705,400,False
model,0.8,0.2,2.5,0.2,score_point,0.031205673758865248,1.1142499999999997,0.3975,0.6025,0.726998491704374,705,400,False
model,0.86,0.5,2.0,0.2,score_point,0.031205673758865248,1.35875,0.5725,0.4275,0.5767284991568297,705,400,False
model,0.87,0.5,2.0,0.2,score_point,0.031205673758865248,1.4075,0.605,0.395,0.5448275862068965,705,400,False
model,0.88,0.5,2.0,0.2,score_point,0.031205673758865248,1.4825,0.655,0.345,0.4928571428571429,705,400,False
model,0.89,0.4,2.0,0.2,score_point,0.031205673758865248,1.508,0.6925,0.3075,0.45137614678899085,705,400,False
model,0.91,0.2,2.0,0.2,score_point,0.031205673758865248,1.5679999999999998,0.76,0.24,0.37065637065637064,705,400,False
model,0.51,0.5,3.0,0.2,score_point,0.032624113475177303,0.81875,0.1275,0.8725,0.9041450777202072,705,400,False
model,0.52,0.5,3.0,0.2,score_point,0.032624113475177303,0.81875,0.1275,0.8725,0.9041450777202072,705,400,True
model,0.32,0.6,3.5,0.2,score_point,0.032624113475177303,0.8247499999999997,0.0775,0.9225,0.9318181818181819,705,400,False
model,0.45,0.5,3.5,0.2,score_point,0.032624113475177303,0.83,0.11,0.89,0.913992297817715,705,400,False
model,0.53,0.5,3.0,0.2,score_point,0.032624113475177303,0.83125,0.1325,0.8675,0.9012987012987013,705,400,False
model,0.33,0.6,3.5,0.2,score_point,0.032624113475177303,0.8319999999999999,0.08,0.92,0.9304677623261695,705,400,False
model,0.34,0.6,3.5,0.2,score_point,0.032624113475177303,0.8319999999999999,0.08,0.92,0.9304677623261695,705,400,False
model,0.2,0.7,3.5,0.2,score_point,0.032624113475177303,0.833,0.0475,0.9525,0.9477611940298508,705,400,False
model,0.21,0.7,3.5,0.2,score_point,0.032624113475177303,0.833,0.0475,0.9525,0.9477611940298508,705,400,False
model,0.46,0.5,3.5,0.2,score_point,0.032624113475177303,0.8375,0.1125,0.8875,0.9125964010282775,705,400,False
model,0.54,0.5,3.0,0.2,score_point,0.032624113475177303,0.8375,0.135,0.865,0.8998699609882965,705,400,False
model,0.43,0.6,3.0,0.2,score_point,0.032624113475177303,0.84,0.1,0.9,0.9195402298850573,705,400,False
model,0.44,0.6,3.0,0.2,score_point,0.032624113475177303,0.84,0.1,0.9,0.9195402298850573,705,400,False
model,0.27,0.7,3.0,0.2,score_point,0.032624113475177303,0.84375,0.0625,0.9375,0.9398496240601504,705,400,False
model,0.55,0.5,3.0,0.2,score_point,0.032624113475177303,0.84375,0.1375,0.8625,0.8984375,705,400,False
model,0.56,0.5,3.0,0.2,score_point,0.032624113475177303,0.84375,0.1375,0.8625,0.8984375,705,400,False
model,0.47,0.5,3.5,0.2,score_point,0.032624113475177303,0.845,0.115,0.885,0.9111969111969112,705,400,False
model,0.48,0.5,3.5,0.2,score_point,0.032624113475177303,0.8525,0.1175,0.8825,0.9097938144329897,705,400,False
model,0.35,0.6,3.5,0.2,score_point,0.032624113475177303,0.8537499999999997,0.0875,0.9125,0.9263959390862945,705,400,False
model,0.28,0.7,3.0,0.2,score_point,0.032624113475177303,0.8552500000000001,0.0675,0.9325,0.9371859296482412,705,400,False
model,0.36,0.7,2.5,0.2,score_point,0.032624113475177303,0.8575,0.0875,0.9125,0.9263959390862945,705,400,False
model,0.57,0.5,3.0,0.2,score_point,0.032624113475177303,0.8625,0.145,0.855,0.8941176470588236,705,400,False
model,0.37,0.7,2.5,0.2,score_point,0.032624113475177303,0.8664999999999999,0.0925,0.9075,0.9236641221374046,705,400,False
model,0.38,0.7,2.5,0.2,score_point,0.032624113475177303,0.8664999999999999,0.0925,0.9075,0.9236641221374046,705,400,False
model,0.49,0.5,3.5,0.2,score_point,0.032624113475177303,0.8675,0.1225,0.8775,0.9069767441860465,705,400,False
model,0.39,0.7,2.5,0.2,score_point,0.032624113475177303,0.8754999999999998,0.0975,0.9025,0.9209183673469388,705,400,False
model,0.4,0.7,2.5,0.2,score_point,0.032624113475177303,0.8754999999999998,0.0975,0.9025,0.9209183673469388,705,400,False
model,0.41,0.7,2.5,0.2,score_point,0.032624113475177303,0.8754999999999998,0.0975,0.9025,0.9209183673469388,705,400,False
model,0.42,0.7,2.5,0.2,score_point,0.032624113475177303,0.8799999999999999,0.1,0.9,0.9195402298850573,705,400,False
model,0.58,0.5,3.0,0.2,score_point,0.032624113475177303,0.88125,0.1525,0.8475,0.889763779527559,705,400,False
model,0.64,0.5,2.5,0.2,score_point,0.032624113475177303,0.89,0.195,0.805,0.8644295302013424,705,400,False
model,0.64,0.4,3.0,0.2,score_point,0.032624113475177303,0.9070000000000001,0.195,0.805,0.8644295302013424,705,400,False
model,0.59,0.6,2.5,0.2,score_point,0.032624113475177303,0.9087499999999998,0.1625,0.8375,0.8839050131926122,705,400,False
model,0.73,0.3,2.5,0.2,score_point,0.032624113475177303,0.9105000000000001,0.2775,0.7225,0.8117977528089888,705,400,False
model,0.65,0.5,2.5,0.2,score_point,0.032624113475177303,0.915,0.2075,0.7925,0.8567567567567568,705,400,False
model,0.22,0.8,3.0,0.2,score_point,0.032624113475177303,0.9155000000000001,0.0525,0.9475,0.9451371571072319,705,400,False
model,0.3,0.8,2.5,0.2,score_point,0.032624113475177303,0.919,0.07,0.93,0.9358490566037736,705,400,False
model,0.66,0.5,2.5,0.2,score_point,0.032624113475177303,0.92,0.21,0.79,0.8552097428958052,705,400,False
model,0.23,0.8,3.0,0.2,score_point,0.032624113475177303,0.921,0.055,0.945,0.9438202247191011,705,400,False
model,0.24,0.8,3.0,0.2,score_point,0.032624113475177303,0.9265000000000001,0.0575,0.9425,0.9425,705,400,False
model,0.25,0.8,3.0,0.2,score_point,0.032624113475177303,0.9265000000000001,0.0575,0.9425,0.9425,705,400,False
model,0.6,0.4,3.5,0.2,score_point,0.032624113475177303,0.9270000000000002,0.17,0.83,0.8794701986754966,705,400,False
model,0.31,0.8,2.5,0.2,score_point,0.032624113475177303,0.9275,0.075,0.925,0.9331651954602773,705,400,False
model,0.67,0.5,2.5,0.2,score_point,0.032624113475177303,0.93,0.215,0.785,0.8521031207598372,705,400,False
model,0.65,0.4,3.0,0.2,score_point,0.032624113475177303,0.9395000000000002,0.2075,0.7925,0.8567567567567568,705,400,False
model,0.66,0.4,3.0,0.2,score_point,0.032624113475177303,0.9460000000000001,0.21,0.79,0.8552097428958052,705,400,False
model,0.71,0.4,2.5,0.2,score_point,0.032624113475177303,0.9460000000000001,0.26,0.74,0.8233657858136301,705,400,False
model,0.67,0.4,3.0,0.2,score_point,0.032624113475177303,0.9590000000000001,0.215,0.785,0.8521031207598372,705,400,False
model,0.72,0.6,2.0,0.2,score_point,0.032624113475177303,0.9779999999999999,0.27,0.73,0.8167832167832167,705,400,False
model,0.67,0.3,3.5,0.2,score_point,0.032624113475177303,0.9880000000000001,0.215,0.785,0.8521031207598372,705,400,False
model,0.73,0.6,2.0,0.2,score_point,0.032624113475177303,0.9884999999999998,0.2775,0.7225,0.8117977528089888,705,400,False
model,0.19,0.9,3.0,0.2,score_point,0.032624113475177303,0.9997500000000002,0.0475,0.9525,0.9477611940298508,705,400,False
model,0.27,0.9,2.5,0.2,score_point,0.032624113475177303,1.0000000000000002,0.0625,0.9375,0.9398496240601504,705,400,False
model,0.28,0.9,2.5,0.2,score_point,0.032624113475177303,1.0080000000000002,0.0675,0.9325,0.9371859296482412,705,400,False
model,0.78,0.2,2.5,0.2,score_point,0.032624113475177303,1.0107499999999998,0.3525,0.6475,0.7595307917888563,705,400,False
model,0.78,0.5,2.0,0.2,score_point,0.032624113475177303,1.02875,0.3525,0.6475,0.7595307917888563,705,400,False
model,0.79,0.5,2.0,0.2,score_point,0.032624113475177303,1.04,0.36,0.64,0.7540500736377026,705,400,False
model,0.1,1.0,3.5,0.2,score_point,0.032624113475177303,1.05625,0.0225,0.9775,0.9606879606879607,705,400,False
model,0.11,1.0,3.5,0.2,score_point,0.032624113475177303,1.05625,0.0225,0.9775,0.9606879606879607,705,400,False
model,0.12,1.0,3.5,0.2,score_point,0.032624113475177303,1.05625,0.0225,0.9775,0.9606879606879607,705,400,False
model,0.13,1.0,3.5,0.2,score_point,0.032624113475177303,1.075,0.03,0.97,0.9568434032059185,705,400,False
model,0.15,1.0,3.0,0.2,score_point,0.032624113475177303,1.075,0.0375,0.9625,0.9529702970297029,705,400,False
model,0.16,1.0,3.0,0.2,score_point,0.032624113475177303,1.08,0.04,0.96,0.9516728624535317,705,400,False
model,0.17,1.0,3.0,0.2,score_point,0.032624113475177303,1.085,0.0425,0.9575,0.9503722084367245,705,400,False
model,0.27,1.0,2.5,0.2,score_point,0.032624113475177303,1.09375,0.0625,0.9375,0.9398496240601504,705,400,False
model,0.18,1.0,3.0,0.2,score_point,0.032624113475177303,1.095,0.0475,0.9525,0.9477611940298508,705,400,False
model,0.8,0.5,2.0,0.2,score_point,0.032624113475177303,1.09625,0.3975,0.6025,0.7259036144578314,705,400,False
model,0.7,0.8,2.0,0.2,score_point,0.032624113475177303,1.1,0.25,0.75,0.8298755186721991,705,400,False
model,0.28,1.0,2.5,0.2,score_point,0.032624113475177303,1.10125,0.0675,0.9325,0.9371859296482412,705,400,False
model,0.71,0.8,2.0,0.2,score_point,0.032624113475177303,1.112,0.26,0.74,0.8233657858136301,705,400,False
model,0.81,0.5,2.0,0.2,score_point,0.032624113475177303,1.145,0.43,0.57,0.7004608294930875,705,400,False
model,0.7,0.9,2.0,0.2,score_point,0.032624113475177303,1.175,0.25,0.75,0.8298755186721991,705,400,False
model,0.82,0.5,2.0,0.2,score_point,0.032624113475177303,1.17875,0.4525,0.5475,0.6822429906542056,705,400,False
model,0.71,0.9,2.0,0.2,score_point,0.032624113475177303,1.1860000000000002,0.26,0.74,0.8233657858136301,705,400,False
model,0.83,0.5,2.0,0.2,score_point,0.032624113475177303,1.2125,0.475,0.525,0.6635071090047394,705,400,False
model,0.7,1.0,2.0,0.2,score_point,0.032624113475177303,1.25,0.25,0.75,0.8298755186721991,705,400,False
model,0.71,1.0,2.0,0.2,score_point,0.032624113475177303,1.26,0.26,0.74,0.8233657858136301,705,400,False
model,0.84,0.5,2.0,0.2,score_point,0.032624113475177303,1.26125,0.5075,0.4925,0.635483870967742,705,400,False
model,0.85,0.5,2.0,0.2,score_point,0.032624113475177303,1.31375,0.5425,0.4575,0.603960396039604,705,400,False
model,0.88,0.4,2.0,0.2,score_point,0.032624113475177303,1.4480000000000002,0.655,0.345,0.4919786096256684,705,400,False
model,0.89,0.3,2.0,0.2,score_point,0.032624113475177303,1.4772500000000002,0.6925,0.3075,0.4505494505494505,705,400,False
model,0.9,0.2,2.0,0.2,score_point,0.032624113475177303,1.505,0.725,0.275,0.4127579737335835,705,400,False
model,0.43,0.5,3.5,0.2,score_point,0.03404255319148936,0.8,0.1,0.9,0.9183673469387755,705,400,False
model,0.44,0.5,3.5,0.2,score_point,0.03404255319148936,0.8,0.1,0.9,0.9183673469387755,705,400,True
model,0.3,0.6,3.5,0.2,score_point,0.03404255319148936,0.8029999999999998,0.07,0.93,0.9346733668341709,705,400,False
model,0.31,0.6,3.5,0.2,score_point,0.03404255319148936,0.8174999999999997,0.075,0.925,0.9319899244332494,705,400,False
model,0.37,0.6,3.0,0.2,score_point,0.03404255319148936,0.8219999999999998,0.0925,0.9075,0.9224904701397711,705,400,False
model,0.38,0.6,3.0,0.2,score_point,0.03404255319148936,0.8219999999999998,0.0925,0.9075,0.9224904701397711,705,400,False
model,0.19,0.7,3.5,0.2,score_point,0.03404255319148936,0.833,0.0475,0.9525,0.9465838509316771,705,400,False
model,0.39,0.6,3.0,0.2,score_point,0.03404255319148936,0.834,0.0975,0.9025,0.9197452229299364,705,400,False
model,0.4,0.6,3.0,0.2,score_point,0.03404255319148936,0.834,0.0975,0.9025,0.9197452229299364,705,400,False
model,0.41,0.6,3.0,0.2,score_point,0.03404255319148936,0.834,0.0975,0.9025,0.9197452229299364,705,400,False
model,0.26,0.7,3.0,0.2,score_point,0.03404255319148936,0.838,0.06,0.94,0.94,705,400,False
model,0.32,0.7,2.5,0.2,score_point,0.03404255319148936,0.8394999999999999,0.0775,0.9225,0.9306431273644389,705,400,False
model,0.42,0.6,3.0,0.2,score_point,0.03404255319148936,0.84,0.1,0.9,0.9183673469387755,705,400,False
model,0.51,0.6,2.5,0.2,score_point,0.03404255319148936,0.8422499999999999,0.1275,0.8725,0.9029754204398448,705,400,False
model,0.52,0.6,2.5,0.2,score_point,0.03404255319148936,0.8422499999999999,0.1275,0.8725,0.9029754204398448,705,400,False
model,0.33,0.7,2.5,0.2,score_point,0.03404255319148936,0.8439999999999999,0.08,0.92,0.9292929292929293,705,400,False
model,0.34,0.7,2.5,0.2,score_point,0.03404255319148936,0.8439999999999999,0.08,0.92,0.9292929292929293,705,400,False
model,0.53,0.6,2.5,0.2,score_point,0.03404255319148936,0.8517499999999998,0.1325,0.8675,0.9001297016861219,705,400,False
model,0.54,0.6,2.5,0.2,score_point,0.03404255319148936,0.8564999999999998,0.135,0.865,0.8987012987012988,705,400,False
model,0.35,0.7,2.5,0.2,score_point,0.03404255319148936,0.8575,0.0875,0.9125,0.9252217997465145,705,400,False
model,0.63,0.5,2.5,0.2,score_point,0.03404255319148936,0.86,0.18,0.82,0.8723404255319149,705,400,False
model,0.55,0.6,2.5,0.2,score_point,0.03404255319148936,0.8612499999999998,0.1375,0.8625,0.8972691807542263,705,400,False
model,0.56,0.6,2.5,0.2,score_point,0.03404255319148936,0.8612499999999998,0.1375,0.8625,0.8972691807542263,705,400,False
model,0.63,0.4,3.0,0.2,score_point,0.03404255319148936,0.8680000000000001,0.18,0.82,0.8723404255319149,705,400,False
model,0.57,0.6,2.5,0.2,score_point,0.03404255319148936,0.8754999999999998,0.145,0.855,0.8929503916449086,705,400,False
model,0.58,0.6,2.5,0.2,score_point,0.03404255319148936,0.8897499999999998,0.1525,0.8475,0.888597640891219,705,400,False
model,0.72,0.3,2.5,0.2,score_point,0.03404255319148936,0.894,0.27,0.73,0.8156424581005587,705,400,False
model,0.15,0.8,3.5,0.2,score_point,0.03404255319148936,0.90125,0.0375,0.9625,0.9517923362175524,705,400,False
model,0.59,0.4,3.5,0.2,score_point,0.03404255319148936,0.9037500000000002,0.1625,0.8375,0.8827404479578392,705,400,False
model,0.2,0.8,3.0,0.2,score_point,0.03404255319148936,0.9045000000000001,0.0475,0.9525,0.9465838509316771,705,400,False
model,0.21,0.8,3.0,0.2,score_point,0.03404255319148936,0.9045000000000001,0.0475,0.9525,0.9465838509316771,705,400,False
model,0.16,0.8,3.5,0.2,score_point,0.03404255319148936,0.9080000000000001,0.04,0.96,0.9504950495049505,705,400,False
model,0.17,0.8,3.5,0.2,score_point,0.03404255319148936,0.91475,0.0425,0.9575,0.949194547707559,705,400,False
model,0.29,0.8,2.5,0.2,score_point,0.03404255319148936,0.91475,0.0675,0.9325,0.9360100376411543,705,400,False
model,0.64,0.3,3.5,0.2,score_point,0.03404255319148936,0.924,0.195,0.805,0.8632707774798929,705,400,False
model,0.7,0.4,2.5,0.2,score_point,0.03404255319148936,0.9250000000000002,0.25,0.75,0.8287292817679557,705,400,False
model,0.18,0.8,3.5,0.2,score_point,0.03404255319148936,0.9282500000000001,0.0475,0.9525,0.9465838509316771,705,400,False
model,0.69,0.3,3.0,0.2,score_point,0.03404255319148936,0.9412500000000001,0.2375,0.7625,0.8367626886145405,705,400,False
model,0.75,0.5,2.0,0.2,score_point,0.03404255319148936,0.95375,0.3025,0.6975,0.7937411095305832,705,400,False
model,0.65,0.3,3.5,0.2,score_point,0.03404255319148936,0.9640000000000001,0.2075,0.7925,0.8556005398110661,705,400,False
model,0.77,0.2,2.5,0.2,score_point,0.03404255319148936,0.9704999999999998,0.335,0.665,0.7710144927536232,705,400,False
model,0.66,0.3,3.5,0.2,score_point,0.03404255319148936,0.9720000000000002,0.21,0.79,0.8540540540540541,705,400,False
model,0.73,0.2,3.0,0.2,score_point,0.03404255319148936,0.9769999999999999,0.2775,0.7225,0.8106591865357644,705,400,False
model,0.15,0.9,3.0,0.2,score_point,0.03404255319148936,0.9787500000000002,0.0375,0.9625,0.9517923362175524,705,400,False
model,0.16,0.9,3.0,0.2,score_point,0.03404255319148936,0.9840000000000003,0.04,0.96,0.9504950495049505,705,400,False
model,0.76,0.5,2.0,0.2,score_point,0.03404255319148936,0.9875,0.325,0.675,0.7780979827089337,705,400,False
model,0.17,0.9,3.0,0.2,score_point,0.03404255319148936,0.9892500000000003,0.0425,0.9575,0.949194547707559,705,400,False
model,0.26,0.9,2.5,0.2,score_point,0.03404255319148936,0.9960000000000002,0.06,0.94,0.94,705,400,False
model,0.18,0.9,3.0,0.2,score_point,0.03404255319148936,0.9997500000000002,0.0475,0.9525,0.9465838509316771,705,400,False
model,0.77,0.5,2.0,0.2,score_point,0.03404255319148936,1.0025,0.335,0.665,0.7710144927536232,705,400,False
model,0.04,1.0,3.5,0.2,score_point,0.03404255319148936,1.025,0.01,0.99,0.9658536585365853,705,400,False
model,0.7,0.7,2.0,0.2,score_point,0.03404255319148936,1.025,0.25,0.75,0.8287292817679557,705,400,False
model,0.05,1.0,3.5,0.2,score_point,0.03404255319148936,1.03125,0.0125,0.9875,0.9645909645909647,705,400,False
model,0.06,1.0,3.5,0.2,score_point,0.03404255319148936,1.0375,0.015,0.985,0.9633251833740831,705,400,False
model,0.71,0.7,2.0,0.2,score_point,0.03404255319148936,1.0379999999999998,0.26,0.74,0.8222222222222222,705,400,False
model,0.07,1.0,3.5,0.2,score_point,0.03404255319148936,1.04375,0.0175,0.9825,0.9620563035495716,705,400,False
model,0.08,1.0,3.5,0.2,score_point,0.03404255319148936,1.05,0.02,0.98,0.9607843137254902,705,400,False
model,0.09,1.0,3.5,0.2,score_point,0.03404255319148936,1.05,0.02,0.98,0.9607843137254902,705,400,False
model,0.71,0.2,3.5,0.2,score_point,0.03404255319148936,1.0579999999999998,0.26,0.74,0.8222222222222222,705,400,False
model,0.14,1.0,3.0,0.2,score_point,0.03404255319148936,1.065,0.0325,0.9675,0.9543773119605425,705,400,False
model,0.22,1.0,2.5,0.2,score_point,0.03404255319148936,1.07875,0.0525,0.9475,0.9439601494396014,705,400,False
model,0.23,1.0,2.5,0.2,score_point,0.03404255319148936,1.0825,0.055,0.945,0.942643391521197,705,400,False
model,0.69,0.8,2.0,0.2,score_point,0.03404255319148936,1.0850000000000002,0.2375,0.7625,0.8367626886145405,705,400,False
model,0.24,1.0,2.5,0.2,score_point,0.03404255319148936,1.08625,0.0575,0.9425,0.9413233458177278,705,400,False
model,0.25,1.0,2.5,0.2,score_point,0.03404255319148936,1.08625,0.0575,0.9425,0.9413233458177278,705,400,False
model,0.26,1.0,2.5,0.2,score_point,0.03404255319148936,1.09,0.06,0.94,0.94,705,400,False
model,0.69,0.9,2.0,0.2,score_point,0.03404255319148936,1.1612500000000001,0.2375,0.7625,0.8367626886145405,705,400,False
model,0.69,1.0,2.0,0.2,score_point,0.03404255319148936,1.2375,0.2375,0.7625,0.8367626886145405,705,400,False
model,0.86,0.4,2.0,0.2,score_point,0.03404255319148936,1.3160000000000003,0.5725,0.4275,0.5747899159663865,705,400,False
model,0.87,0.4,2.0,0.2,score_point,0.03404255319148936,1.368,0.605,0.395,0.5429553264604812,705,400,False
model,0.88,0.3,2.0,0.2,score_point,0.03404255319148936,1.4135000000000002,0.655,0.345,0.49110320284697506,705,400,False
model,0.37,0.5,3.5,0.2,score_point,0.03546099290780142,0.7775,0.0925,0.9075,0.9213197969543148,705,400,False
model,0.38,0.5,3.5,0.2,score_point,0.03546099290780142,0.7775,0.0925,0.9075,0.9213197969543148,705,400,True
model,0.39,0.5,3.5,0.2,score_point,0.03546099290780142,0.7925,0.0975,0.9025,0.9185750636132315,705,400,False
model,0.4,0.5,3.5,0.2,score_point,0.03546099290780142,0.7925,0.0975,0.9025,0.9185750636132315,705,400,False
model,0.41,0.5,3.5,0.2,score_point,0.03546099290780142,0.7925,0.0975,0.9025,0.9185750636132315,705,400,False
model,0.42,0.5,3.5,0.2,score_point,0.03546099290780142,0.8,0.1,0.9,0.9171974522292993,705,400,False
model,0.5,0.5,3.0,0.2,score_point,0.03546099290780142,0.80625,0.1225,0.8775,0.9046391752577319,705,400,False
model,0.36,0.6,3.0,0.2,score_point,0.03546099290780142,0.8099999999999998,0.0875,0.9125,0.9240506329113924,705,400,False
model,0.22,0.7,3.0,0.2,score_point,0.03546099290780142,0.82075,0.0525,0.9475,0.9427860696517413,705,400,False
model,0.3,0.7,2.5,0.2,score_point,0.03546099290780142,0.826,0.07,0.93,0.9335006273525721,705,400,False
model,0.23,0.7,3.0,0.2,score_point,0.03546099290780142,0.8265,0.055,0.945,0.9414694894146948,705,400,False
model,0.24,0.7,3.0,0.2,score_point,0.03546099290780142,0.8322499999999999,0.0575,0.9425,0.940149625935162,705,400,False
model,0.25,0.7,3.0,0.2,score_point,0.03546099290780142,0.8322499999999999,0.0575,0.9425,0.940149625935162,705,400,False
model,0.31,0.7,2.5,0.2,score_point,0.03546099290780142,0.835,0.075,0.925,0.9308176100628932,705,400,False
model,0.57,0.4,3.5,0.2,score_point,0.03546099290780142,0.8495000000000001,0.145,0.855,0.8917861799217732,705,400,False
model,0.61,0.5,2.5,0.2,score_point,0.03546099290780142,0.85,0.175,0.825,0.8741721854304636,705,400,False
model,0.62,0.5,2.5,0.2,score_point,0.03546099290780142,0.855,0.1775,0.8225,0.8726790450928382,705,400,False
model,0.61,0.4,3.0,0.2,score_point,0.03546099290780142,0.8550000000000001,0.175,0.825,0.8741721854304636,705,400,False
model,0.62,0.4,3.0,0.2,score_point,0.03546099290780142,0.8615000000000002,0.1775,0.8225,0.8726790450928382,705,400,False
model,0.58,0.4,3.5,0.2,score_point,0.03546099290780142,0.87275,0.1525,0.8475,0.8874345549738221,705,400,False
model,0.63,0.3,3.5,0.2,score_point,0.03546099290780142,0.8760000000000002,0.18,0.82,0.8711819389110227,705,400,False
model,0.19,0.8,3.0,0.2,score_point,0.03546099290780142,0.9045000000000001,0.0475,0.9525,0.945409429280397,705,400,False
model,0.27,0.8,2.5,0.2,score_point,0.03546099290780142,0.90625,0.0625,0.9375,0.9375,705,400,False
model,0.68,0.3,3.0,0.2,score_point,0.03546099290780142,0.9142500000000001,0.2275,0.7725,0.8419618528610355,705,400,False
model,0.28,0.8,2.5,0.2,score_point,0.03546099290780142,0.91475,0.0675,0.9325,0.9348370927318297,705,400,False
model,0.74,0.5,2.0,0.2,score_point,0.03546099290780142,0.93875,0.2925,0.7075,0.7994350282485875,705,400,False
model,0.76,0.2,2.5,0.2,score_point,0.03546099290780142,0.9474999999999999,0.325,0.675,0.7769784172661871,705,400,False
model,0.7,0.6,2.0,0.2,score_point,0.03546099290780142,0.9499999999999998,0.25,0.75,0.8275862068965517,705,400,False
model,0.72,0.2,3.0,0.2,score_point,0.03546099290780142,0.956,0.27,0.73,0.8145048814504882,705,400,False
model,0.71,0.6,2.0,0.2,score_point,0.03546099290780142,0.964,0.26,0.74,0.8210818307905687,705,400,False
model,0.79,0.4,2.0,0.2,score_point,0.03546099290780142,0.9760000000000002,0.36,0.64,0.7518355359765052,705,400,False
model,0.22,0.9,2.5,0.2,score_point,0.03546099290780142,0.9840000000000003,0.0525,0.9475,0.9427860696517413,705,400,False
model,0.14,0.9,3.5,0.2,score_point,0.03546099290780142,0.9845000000000003,0.0325,0.9675,0.9532019704433498,705,400,False
model,0.23,0.9,2.5,0.2,score_point,0.03546099290780142,0.9880000000000002,0.055,0.945,0.9414694894146948,705,400,False
model,0.24,0.9,2.5,0.2,score_point,0.03546099290780142,0.9920000000000002,0.0575,0.9425,0.940149625935162,705,400,False
model,0.25,0.9,2.5,0.2,score_point,0.03546099290780142,0.9920000000000002,0.0575,0.9425,0.940149625935162,705,400,False
model,0.69,0.7,2.0,0.2,score_point,0.03546099290780142,1.0087499999999998,0.2375,0.7625,0.8356164383561645,705,400,False
model,0.63,0.8,2.0,0.2,score_point,0.03546099290780142,1.0160000000000002,0.18,0.82,0.8711819389110227,705,400,False
model,0.7,0.2,3.5,0.2,score_point,0.03546099290780142,1.025,0.25,0.75,0.8275862068965517,705,400,False
model,0.64,0.8,2.0,0.2,score_point,0.03546099290780142,1.034,0.195,0.805,0.8621151271753682,705,400,False
model,0.8,0.4,2.0,0.2,score_point,0.03546099290780142,1.036,0.3975,0.6025,0.7237237237237238,705,400,False
model,0.1,1.0,3.0,0.2,score_point,0.03546099290780142,1.045,0.0225,0.9775,0.9583333333333333,705,400,False
model,0.11,1.0,3.0,0.2,score_point,0.03546099290780142,1.045,0.0225,0.9775,0.9583333333333333,705,400,False
model,0.12,1.0,3.0,0.2,score_point,0.03546099290780142,1.045,0.0225,0.9775,0.9583333333333333,705,400,False
model,0.65,0.8,2.0,0.2,score_point,0.03546099290780142,1.0490000000000002,0.2075,0.7925,0.8544474393530996,705,400,False
model,0.66,0.8,2.0,0.2,score_point,0.03546099290780142,1.0520000000000003,0.21,0.79,0.8529014844804318,705,400,False
model,0.67,0.8,2.0,0.2,score_point,0.03546099290780142,1.058,0.215,0.785,0.8497970230040595,705,400,False
model,0.13,1.0,3.0,0.2,score_point,0.03546099290780142,1.06,0.03,0.97,0.9544895448954489,705,400,False
model,0.2,1.0,2.5,0.2,score_point,0.03546099290780142,1.07125,0.0475,0.9525,0.945409429280397,705,400,False
model,0.21,1.0,2.5,0.2,score_point,0.03546099290780142,1.07125,0.0475,0.9525,0.945409429280397,705,400,False
model,0.68,0.8,2.0,0.2,score_point,0.03546099290780142,1.0730000000000002,0.2275,0.7725,0.8419618528610355,705,400,False
model,0.81,0.4,2.0,0.2,score_point,0.03546099290780142,1.088,0.43,0.57,0.6983154670750382,705,400,False
model,0.63,0.9,2.0,0.2,score_point,0.03546099290780142,1.098,0.18,0.82,0.8711819389110227,705,400,False
model,0.64,0.9,2.0,0.2,score_point,0.03546099290780142,1.1145000000000003,0.195,0.805,0.8621151271753682,705,400,False
model,0.82,0.4,2.0,0.2,score_point,0.03546099290780142,1.124,0.4525,0.5475,0.6801242236024845,705,400,False
model,0.65,0.9,2.0,0.2,score_point,0.03546099290780142,1.1282500000000002,0.2075,0.7925,0.8544474393530996,705,400,False
model,0.66,0.9,2.0,0.2,score_point,0.03546099290780142,1.131,0.21,0.79,0.8529014844804318,705,400,False
model,0.67,0.9,2.0,0.2,score_point,0.03546099290780142,1.1365,0.215,0.785,0.8497970230040595,705,400,False
model,0.68,0.9,2.0,0.2,score_point,0.03546099290780142,1.1502500000000002,0.2275,0.7725,0.8419618528610355,705,400,False
model,0.83,0.4,2.0,0.2,score_point,0.03546099290780142,1.1600000000000001,0.475,0.525,0.6614173228346456,705,400,False
model,0.63,1.0,2.0,0.2,score_point,0.03546099290780142,1.18,0.18,0.82,0.8711819389110227,705,400,False
model,0.64,1.0,2.0,0.2,score_point,0.03546099290780142,1.195,0.195,0.805,0.8621151271753682,705,400,False
model,0.65,1.0,2.0,0.2,score_point,0.03546099290780142,1.2075,0.2075,0.7925,0.8544474393530996,705,400,False
model,0.66,1.0,2.0,0.2,score_point,0.03546099290780142,1.21,0.21,0.79,0.8529014844804318,705,400,False
model,0.84,0.4,2.0,0.2,score_point,0.03546099290780142,1.2120000000000002,0.5075,0.4925,0.6334405144694534,705,400,False
model,0.67,1.0,2.0,0.2,score_point,0.03546099290780142,1.215,0.215,0.785,0.8497970230040595,705,400,False
model,0.68,1.0,2.0,0.2,score_point,0.03546099290780142,1.2275,0.2275,0.7725,0.8419618528610355,705,400,False
model,0.85,0.4,2.0,0.2,score_point,0.03546099290780142,1.268,0.5425,0.4575,0.6019736842105263,705,400,False
model,0.89,0.2,2.0,0.2,score_point,0.03546099290780142,1.4464999999999997,0.6925,0.3075,0.44890510948905105,705,400,False
model,0.45,0.5,3.0,0.2,score_point,0.03687943262411347,0.775,0.11,0.89,0.9104859335038362,705,400,True
model,0.46,0.5,3.0,0.2,score_point,0.03687943262411347,0.78125,0.1125,0.8875,0.9090909090909091,705,400,False
model,0.32,0.6,3.0,0.2,score_point,0.03687943262411347,0.7859999999999999,0.0775,0.9225,0.9283018867924528,705,400,False
model,0.47,0.5,3.0,0.2,score_point,0.03687943262411347,0.7875,0.115,0.885,0.9076923076923077,705,400,False
model,0.33,0.6,3.0,0.2,score_point,0.03687943262411347,0.7919999999999999,0.08,0.92,0.9269521410579346,705,400,False
model,0.34,0.6,3.0,0.2,score_point,0.03687943262411347,0.7919999999999999,0.08,0.92,0.9269521410579346,705,400,False
model,0.48,0.5,3.0,0.2,score_point,0.03687943262411347,0.79375,0.1175,0.8825,0.9062901155327342,705,400,False
model,0.29,0.6,3.5,0.2,score_point,0.03687943262411347,0.7957499999999998,0.0675,0.9325,0.9336670838548186,705,400,False
model,0.49,0.5,3.0,0.2,score_point,0.03687943262411347,0.80625,0.1225,0.8775,0.9034749034749034,705,400,False
model,0.2,0.7,3.0,0.2,score_point,0.03687943262411347,0.8092500000000001,0.0475,0.9525,0.9442379182156134,705,400,False
model,0.21,0.7,3.0,0.2,score_point,0.03687943262411347,0.8092500000000001,0.0475,0.9525,0.9442379182156134,705,400,False
model,0.35,0.6,3.0,0.2,score_point,0.03687943262411347,0.8099999999999998,0.0875,0.9125,0.9228824273072059,705,400,False
model,0.17,0.7,3.5,0.2,score_point,0.03687943262411347,0.8190000000000001,0.0425,0.9575,0.9468479604449938,705,400,False
model,0.29,0.7,2.5,0.2,score_point,0.03687943262411347,0.8215,0.0675,0.9325,0.9336670838548186,705,400,False
model,0.56,0.4,3.5,0.2,score_point,0.03687943262411347,0.8262500000000002,0.1375,0.8625,0.8949416342412451,705,400,False
model,0.5,0.6,2.5,0.2,score_point,0.03687943262411347,0.8327499999999998,0.1225,0.8775,0.9034749034749034,705,400,False
model,0.18,0.7,3.5,0.2,score_point,0.03687943262411347,0.833,0.0475,0.9525,0.9442379182156134,705,400,False
model,0.6,0.5,2.5,0.2,score_point,0.03687943262411347,0.84,0.17,0.83,0.8759894459102903,705,400,False
model,0.6,0.4,3.0,0.2,score_point,0.03687943262411347,0.8420000000000002,0.17,0.83,0.8759894459102903,705,400,False
model,0.61,0.3,3.5,0.2,score_point,0.03687943262411347,0.8600000000000001,0.175,0.825,0.8730158730158731,705,400,False
model,0.62,0.3,3.5,0.2,score_point,0.03687943262411347,0.8680000000000001,0.1775,0.8225,0.871523178807947,705,400,False
model,0.71,0.3,2.5,0.2,score_point,0.03687943262411347,0.8720000000000002,0.26,0.74,0.8199445983379501,705,400,False
model,0.67,0.3,3.0,0.2,score_point,0.03687943262411347,0.8805000000000001,0.215,0.785,0.8486486486486486,705,400,False
model,0.15,0.8,3.0,0.2,score_point,0.03687943262411347,0.8825,0.0375,0.9625,0.9494451294697903,705,400,False
model,0.16,0.8,3.0,0.2,score_point,0.03687943262411347,0.8880000000000001,0.04,0.96,0.9481481481481482,705,400,False
model,0.17,0.8,3.0,0.2,score_point,0.03687943262411347,0.8935,0.0425,0.9575,0.9468479604449938,705,400,False
model,0.75,0.2,2.5,0.2,score_point,0.03687943262411347,0.8957499999999999,0.3025,0.6975,0.7914893617021277,705,400,False
model,0.69,0.4,2.5,0.2,score_point,0.03687943262411347,0.8987500000000002,0.2375,0.7625,0.8344733242134063,705,400,False
model,0.26,0.8,2.5,0.2,score_point,0.03687943262411347,0.9020000000000001,0.06,0.94,0.9376558603491272,705,400,False
model,0.18,0.8,3.0,0.2,score_point,0.03687943262411347,0.9045000000000001,0.0475,0.9525,0.9442379182156134,705,400,False
model,0.72,0.5,2.0,0.2,score_point,0.03687943262411347,0.905,0.27,0.73,0.8133704735376044,705,400,False
model,0.73,0.5,2.0,0.2,score_point,0.03687943262411347,0.91625,0.2775,0.7225,0.8083916083916084,705,400,False
model,0.69,0.6,2.0,0.2,score_point,0.03687943262411347,0.9324999999999999,0.2375,0.7625,0.8344733242134063,705,400,False
model,0.64,0.7,2.0,0.2,score_point,0.03687943262411347,0.9534999999999999,0.195,0.805,0.8609625668449198,705,400,False
model,0.78,0.4,2.0,0.2,score_point,0.03687943262411347,0.9640000000000002,0.3525,0.6475,0.7562043795620437,705,400,False
model,0.65,0.7,2.0,0.2,score_point,0.03687943262411347,0.9697499999999999,0.2075,0.7925,0.8532974427994616,705,400,False
model,0.66,0.7,2.0,0.2,score_point,0.03687943262411347,0.9729999999999999,0.21,0.79,0.8517520215633423,705,400,False
model,0.2,0.9,2.5,0.2,score_point,0.03687943262411347,0.9760000000000002,0.0475,0.9525,0.9442379182156134,705,400,False
model,0.21,0.9,2.5,0.2,score_point,0.03687943262411347,0.9760000000000002,0.0475,0.9525,0.9442379182156134,705,400,False
model,0.13,0.9,3.5,0.2,score_point,0.03687943262411347,0.9780000000000002,0.03,0.97,0.9533169533169534,705,400,False
model,0.67,0.7,2.0,0.2,score_point,0.03687943262411347,0.9794999999999999,0.215,0.785,0.8486486486486486,705,400,False
model,0.68,0.7,2.0,0.2,score_point,0.03687943262411347,0.9957499999999999,0.2275,0.7725,0.8408163265306122,705,400,False
model,0.61,0.8,2.0,0.2,score_point,0.03687943262411347,1.0100000000000002,0.175,0.825,0.8730158730158731,705,400,False
model,0.62,0.8,2.0,0.2,score_point,0.03687943262411347,1.0130000000000001,0.1775,0.8225,0.871523178807947,705,400,False
model,0.04,1.0,3.0,0.2,score_point,0.03687943262411347,1.02,0.01,0.99,0.9635036496350365,705,400,False
model,0.05,1.0,3.0,0.2,score_point,0.03687943262411347,1.025,0.0125,0.9875,0.9622411693057248,705,400,False
model,0.06,1.0,3.0,0.2,score_point,0.03687943262411347,1.03,0.015,0.985,0.9609756097560974,705,400,False
model,0.07,1.0,3.0,0.2,score_point,0.03687943262411347,1.035,0.0175,0.9825,0.9597069597069596,705,400,False
model,0.08,1.0,3.0,0.2,score_point,0.03687943262411347,1.04,0.02,0.98,0.9584352078239609,705,400,False
model,0.09,1.0,3.0,0.2,score_point,0.03687943262411347,1.04,0.02,0.98,0.9584352078239609,705,400,False
model,0.19,1.0,2.5,0.2,score_point,0.03687943262411347,1.07125,0.0475,0.9525,0.9442379182156134,705,400,False
model,0.61,0.9,2.0,0.2,score_point,0.03687943262411347,1.0925000000000002,0.175,0.825,0.8730158730158731,705,400,False
model,0.62,0.9,2.0,0.2,score_point,0.03687943262411347,1.0952500000000003,0.1775,0.8225,0.871523178807947,705,400,False
model,0.61,1.0,2.0,0.2,score_point,0.03687943262411347,1.175,0.175,0.825,0.8730158730158731,705,400,False
model,0.62,1.0,2.0,0.2,score_point,0.03687943262411347,1.1775,0.1775,0.8225,0.871523178807947,705,400,False
model,0.86,0.3,2.0,0.2,score_point,0.03687943262411347,1.27325,0.5725,0.4275,0.5728643216080402,705,400,False
model,0.87,0.3,2.0,0.2,score_point,0.03687943262411347,1.3285000000000002,0.605,0.395,0.541095890410959,705,400,False
model,0.88,0.2,2.0,0.2,score_point,0.03687943262411347,1.3789999999999998,0.655,0.345,0.4893617021276595,705,400,False
model,0.43,0.5,3.0,0.2,score_point,0.03829787234042553,0.75,0.1,0.9,0.914866581956798,705,400,False
model,0.44,0.5,3.0,0.2,score_point,0.03829787234042553,0.75,0.1,0.9,0.914866581956798,705,400,True
model,0.36,0.5,3.5,0.2,score_point,0.03829787234042553,0.7625,0.0875,0.9125,0.9217171717171717,705,400,False
model,0.3,0.6,3.0,0.2,score_point,0.03829787234042553,0.7679999999999998,0.07,0.93,0.9311639549436797,705,400,False
model,0.31,0.6,3.0,0.2,score_point,0.03829787234042553,0.7799999999999998,0.075,0.925,0.9284818067754078,705,400,False
model,0.27,0.6,3.5,0.2,score_point,0.03829787234042553,0.7812499999999999,0.0625,0.9375,0.9351620947630922,705,400,False
model,0.51,0.4,3.5,0.2,score_point,0.03829787234042553,0.79525,0.1275,0.8725,0.8994845360824741,705,400,False
model,0.52,0.4,3.5,0.2,score_point,0.03829787234042553,0.79525,0.1275,0.8725,0.8994845360824741,705,400,False
model,0.28,0.6,3.5,0.2,score_point,0.03829787234042553,0.7957499999999998,0.0675,0.9325,0.9325,705,400,False
model,0.15,0.7,3.5,0.2,score_point,0.03829787234042553,0.805,0.0375,0.9625,0.9482758620689655,705,400,False
model,0.45,0.6,2.5,0.2,score_point,0.03829787234042553,0.8089999999999999,0.11,0.89,0.9093231162196679,705,400,False
model,0.19,0.7,3.0,0.2,score_point,0.03829787234042553,0.8092500000000001,0.0475,0.9525,0.9430693069306931,705,400,False
model,0.53,0.4,3.5,0.2,score_point,0.03829787234042553,0.8107500000000002,0.1325,0.8675,0.896640826873385,705,400,False
model,0.16,0.7,3.5,0.2,score_point,0.03829787234042553,0.8119999999999998,0.04,0.96,0.9469790382244143,705,400,False
model,0.27,0.7,2.5,0.2,score_point,0.03829787234042553,0.8125,0.0625,0.9375,0.9351620947630922,705,400,False
model,0.46,0.6,2.5,0.2,score_point,0.03829787234042553,0.8137499999999999,0.1125,0.8875,0.9079283887468029,705,400,False
model,0.47,0.6,2.5,0.2,score_point,0.03829787234042553,0.8184999999999999,0.115,0.885,0.9065300896286812,705,400,False
model,0.54,0.4,3.5,0.2,score_point,0.03829787234042553,0.8185000000000002,0.135,0.865,0.8952134540750323,705,400,False
model,0.28,0.7,2.5,0.2,score_point,0.03829787234042553,0.8215,0.0675,0.9325,0.9325,705,400,False
model,0.59,0.4,3.0,0.2,score_point,0.03829787234042553,0.8225000000000001,0.1625,0.8375,0.8792650918635171,705,400,False
model,0.48,0.6,2.5,0.2,score_point,0.03829787234042553,0.8232499999999999,0.1175,0.8825,0.9051282051282051,705,400,False
model,0.59,0.5,2.5,0.2,score_point,0.03829787234042553,0.825,0.1625,0.8375,0.8792650918635171,705,400,False
model,0.55,0.4,3.5,0.2,score_point,0.03829787234042553,0.8262500000000002,0.1375,0.8625,0.8937823834196891,705,400,False
model,0.64,0.3,3.0,0.2,score_point,0.03829787234042553,0.8265,0.195,0.805,0.8598130841121496,705,400,False
model,0.49,0.6,2.5,0.2,score_point,0.03829787234042553,0.8327499999999998,0.1225,0.8775,0.9023136246786633,705,400,False
model,0.6,0.3,3.5,0.2,score_point,0.03829787234042553,0.8440000000000002,0.17,0.83,0.8748353096179183,705,400,False
model,0.7,0.3,2.5,0.2,score_point,0.03829787234042553,0.85,0.25,0.75,0.8253094910591473,705,400,False
model,0.65,0.3,3.0,0.2,score_point,0.03829787234042553,0.8602500000000001,0.2075,0.7925,0.8521505376344085,705,400,False
model,0.66,0.3,3.0,0.2,score_point,0.03829787234042553,0.8670000000000002,0.21,0.79,0.8506056527590848,705,400,False
model,0.74,0.2,2.5,0.2,score_point,0.03829787234042553,0.8727499999999999,0.2925,0.7075,0.7971830985915492,705,400,False
model,0.64,0.6,2.0,0.2,score_point,0.03829787234042553,0.8729999999999998,0.195,0.805,0.8598130841121496,705,400,False
model,0.68,0.4,2.5,0.2,score_point,0.03829787234042553,0.87775,0.2275,0.7725,0.8396739130434782,705,400,False
model,0.75,0.4,2.0,0.2,score_point,0.03829787234042553,0.884,0.3025,0.6975,0.7903682719546742,705,400,False
model,0.14,0.8,3.5,0.2,score_point,0.03829787234042553,0.88775,0.0325,0.9675,0.950859950859951,705,400,False
model,0.22,0.8,2.5,0.2,score_point,0.03829787234042553,0.8892500000000001,0.0525,0.9475,0.9404466501240695,705,400,False
model,0.65,0.6,2.0,0.2,score_point,0.03829787234042553,0.8904999999999998,0.2075,0.7925,0.8521505376344085,705,400,False
model,0.23,0.8,2.5,0.2,score_point,0.03829787234042553,0.8935000000000001,0.055,0.945,0.9391304347826087,705,400,False
model,0.66,0.6,2.0,0.2,score_point,0.03829787234042553,0.8939999999999999,0.21,0.79,0.8506056527590848,705,400,False
model,0.24,0.8,2.5,0.2,score_point,0.03829787234042553,0.89775,0.0575,0.9425,0.9378109452736318,705,400,False
model,0.25,0.8,2.5,0.2,score_point,0.03829787234042553,0.89775,0.0575,0.9425,0.9378109452736318,705,400,False
model,0.67,0.6,2.0,0.2,score_point,0.03829787234042553,0.9009999999999999,0.215,0.785,0.8475033738191634,705,400,False
model,0.79,0.3,2.0,0.2,score_point,0.03829787234042553,0.9120000000000001,0.36,0.64,0.7496339677891656,705,400,False
model,0.68,0.6,2.0,0.2,score_point,0.03829787234042553,0.9185,0.2275,0.7725,0.8396739130434782,705,400,False
model,0.76,0.4,2.0,0.2,score_point,0.03829787234042553,0.92,0.325,0.675,0.7747489239598279,705,400,False
model,0.71,0.2,3.0,0.2,score_point,0.03829787234042553,0.9279999999999998,0.26,0.74,0.8188105117565698,705,400,False
model,0.63,0.7,2.0,0.2,score_point,0.03829787234042553,0.9339999999999997,0.18,0.82,0.8688741721854305,705,400,False
model,0.77,0.4,2.0,0.2,score_point,0.03829787234042553,0.936,0.335,0.665,0.7676767676767676,705,400,False
model,0.1,0.9,3.5,0.2,score_point,0.03829787234042553,0.9585000000000002,0.0225,0.9775,0.9559902200488999,705,400,False
model,0.11,0.9,3.5,0.2,score_point,0.03829787234042553,0.9585000000000002,0.0225,0.9775,0.9559902200488999,705,400,False
model,0.12,0.9,3.5,0.2,score_point,0.03829787234042553,0.9585000000000002,0.0225,0.9775,0.9559902200488999,705,400,False
model,0.14,0.9,3.0,0.2,score_point,0.03829787234042553,0.9682500000000003,0.0325,0.9675,0.950859950859951,705,400,False
model,0.8,0.3,2.0,0.2,score_point,0.03829787234042553,0.97575,0.3975,0.6025,0.7215568862275449,705,400,False
model,0.19,0.9,2.5,0.2,score_point,0.03829787234042553,0.9760000000000002,0.0475,0.9525,0.9430693069306931,705,400,False
model,0.69,0.2,3.5,0.2,score_point,0.03829787234042553,0.9837499999999999,0.2375,0.7625,0.8333333333333331,705,400,False
model,0.59,0.8,2.0,0.2,score_point,0.03829787234042553,0.9950000000000001,0.1625,0.8375,0.8792650918635171,705,400,False
model,0.6,0.8,2.0,0.2,score_point,0.03829787234042553,1.004,0.17,0.83,0.8748353096179183,705,400,False
model,0.03,1.0,3.5,0.2,score_point,0.03829787234042553,1.01875,0.0075,0.9925,0.9635922330097088,705,400,False
model,0.81,0.3,2.0,0.2,score_point,0.03829787234042553,1.0310000000000001,0.43,0.57,0.6961832061068701,705,400,False
model,0.15,1.0,2.5,0.2,score_point,0.03829787234042553,1.05625,0.0375,0.9625,0.9482758620689655,705,400,False
model,0.16,1.0,2.5,0.2,score_point,0.03829787234042553,1.06,0.04,0.96,0.9469790382244143,705,400,False
model,0.17,1.0,2.5,0.2,score_point,0.03829787234042553,1.06375,0.0425,0.9575,0.9456790123456792,705,400,False
model,0.82,0.3,2.0,0.2,score_point,0.03829787234042553,1.06925,0.4525,0.5475,0.6780185758513932,705,400,False
model,0.18,1.0,2.5,0.2,score_point,0.03829787234042553,1.07125,0.0475,0.9525,0.9430693069306931,705,400,False
model,0.59,0.9,2.0,0.2,score_point,0.03829787234042553,1.0787500000000003,0.1625,0.8375,0.8792650918635171,705,400,False
model,0.6,0.9,2.0,0.2,score_point,0.03829787234042553,1.0870000000000002,0.17,0.83,0.8748353096179183,705,400,False
model,0.83,0.3,2.0,0.2,score_point,0.03829787234042553,1.1075000000000002,0.475,0.525,0.6593406593406593,705,400,False
model,0.59,1.0,2.0,0.2,score_point,0.03829787234042553,1.1625,0.1625,0.8375,0.8792650918635171,705,400,False
model,0.84,0.3,2.0,0.2,score_point,0.03829787234042553,1.16275,0.5075,0.4925,0.6314102564102564,705,400,False
model,0.6,1.0,2.0,0.2,score_point,0.03829787234042553,1.17,0.17,0.83,0.8748353096179183,705,400,False
model,0.85,0.3,2.0,0.2,score_point,0.03829787234042553,1.2222500000000003,0.5425,0.4575,0.6,705,400,False
model,0.37,0.5,3.0,0.2,score_point,0.03971631205673759,0.73125,0.0925,0.9075,0.9178255372945638,705,400,False
model,0.38,0.5,3.0,0.2,score_point,0.03971631205673759,0.73125,0.0925,0.9075,0.9178255372945638,705,400,True
model,0.32,0.5,3.5,0.2,score_point,0.03971631205673759,0.7325,0.0775,0.9225,0.9259723964868257,705,400,False
model,0.33,0.5,3.5,0.2,score_point,0.03971631205673759,0.74,0.08,0.92,0.9246231155778895,705,400,False
model,0.34,0.5,3.5,0.2,score_point,0.03971631205673759,0.74,0.08,0.92,0.9246231155778895,705,400,False
model,0.39,0.5,3.0,0.2,score_point,0.03971631205673759,0.74375,0.0975,0.9025,0.915082382762991,705,400,False
model,0.4,0.5,3.0,0.2,score_point,0.03971631205673759,0.74375,0.0975,0.9025,0.915082382762991,705,400,False
model,0.41,0.5,3.0,0.2,score_point,0.03971631205673759,0.74375,0.0975,0.9025,0.915082382762991,705,400,False
model,0.42,0.5,3.0,0.2,score_point,0.03971631205673759,0.75,0.1,0.9,0.9137055837563451,705,400,False
model,0.51,0.5,2.5,0.2,score_point,0.03971631205673759,0.755,0.1275,0.8725,0.8983268983268984,705,400,False
model,0.52,0.5,2.5,0.2,score_point,0.03971631205673759,0.755,0.1275,0.8725,0.8983268983268984,705,400,False
model,0.35,0.5,3.5,0.2,score_point,0.03971631205673759,0.7625,0.0875,0.9125,0.9205548549810845,705,400,False
model,0.53,0.5,2.5,0.2,score_point,0.03971631205673759,0.765,0.1325,0.8675,0.895483870967742,705,400,False
model,0.54,0.5,2.5,0.2,score_point,0.03971631205673759,0.77,0.135,0.865,0.8940568475452197,705,400,False
model,0.26,0.6,3.5,0.2,score_point,0.03971631205673759,0.7739999999999999,0.06,0.94,0.9353233830845772,705,400,False
model,0.55,0.5,2.5,0.2,score_point,0.03971631205673759,0.775,0.1375,0.8625,0.8926261319534282,705,400,False
model,0.56,0.5,2.5,0.2,score_point,0.03971631205673759,0.775,0.1375,0.8625,0.8926261319534282,705,400,False
model,0.57,0.4,3.0,0.2,score_point,0.03971631205673759,0.7770000000000001,0.145,0.855,0.8883116883116883,705,400,False
model,0.63,0.3,3.0,0.2,score_point,0.03971631205673759,0.7859999999999999,0.18,0.82,0.8677248677248677,705,400,False
model,0.43,0.6,2.5,0.2,score_point,0.03971631205673759,0.7899999999999998,0.1,0.9,0.9137055837563451,705,400,False
model,0.44,0.6,2.5,0.2,score_point,0.03971631205673759,0.7899999999999998,0.1,0.9,0.9137055837563451,705,400,False
model,0.57,0.5,2.5,0.2,score_point,0.03971631205673759,0.79,0.145,0.855,0.8883116883116883,705,400,False
model,0.58,0.4,3.0,0.2,score_point,0.03971631205673759,0.7965000000000001,0.1525,0.8475,0.8839634941329858,705,400,False
model,0.17,0.7,3.0,0.2,score_point,0.03971631205673759,0.7977500000000001,0.0425,0.9575,0.9445129469790382,705,400,False
model,0.58,0.5,2.5,0.2,score_point,0.03971631205673759,0.805,0.1525,0.8475,0.8839634941329858,705,400,False
model,0.26,0.7,2.5,0.2,score_point,0.03971631205673759,0.8079999999999999,0.06,0.94,0.9353233830845772,705,400,False
model,0.18,0.7,3.0,0.2,score_point,0.03971631205673759,0.8092500000000001,0.0475,0.9525,0.9419035846724351,705,400,False
model,0.64,0.4,2.5,0.2,score_point,0.03971631205673759,0.8095000000000002,0.195,0.805,0.8586666666666667,705,400,False
model,0.59,0.3,3.5,0.2,score_point,0.03971631205673759,0.82,0.1625,0.8375,0.8781127129750983,705,400,False
model,0.65,0.4,2.5,0.2,score_point,0.03971631205673759,0.8357500000000002,0.2075,0.7925,0.851006711409396,705,400,False
model,0.66,0.4,2.5,0.2,score_point,0.03971631205673759,0.8410000000000001,0.21,0.79,0.8494623655913979,705,400,False
model,0.67,0.4,2.5,0.2,score_point,0.03971631205673759,0.8515,0.215,0.785,0.8463611859838275,705,400,False
model,0.63,0.6,2.0,0.2,score_point,0.03971631205673759,0.8519999999999998,0.18,0.82,0.8677248677248677,705,400,False
model,0.74,0.4,2.0,0.2,score_point,0.03971631205673759,0.8680000000000001,0.2925,0.7075,0.7960618846694796,705,400,False
model,0.2,0.8,2.5,0.2,score_point,0.03971631205673759,0.88075,0.0475,0.9525,0.9419035846724351,705,400,False
model,0.21,0.8,2.5,0.2,score_point,0.03971631205673759,0.88075,0.0475,0.9525,0.9419035846724351,705,400,False
model,0.13,0.8,3.5,0.2,score_point,0.03971631205673759,0.8809999999999999,0.03,0.97,0.9509803921568627,705,400,False
model,0.71,0.5,2.0,0.2,score_point,0.03971631205673759,0.89,0.26,0.74,0.8176795580110497,705,400,False
model,0.78,0.3,2.0,0.2,score_point,0.03971631205673759,0.8992500000000001,0.3525,0.6475,0.7540029112081514,705,400,False
model,0.7,0.2,3.0,0.2,score_point,0.03971631205673759,0.9,0.25,0.75,0.8241758241758242,705,400,False
model,0.43,0.8,2.0,0.2,score_point,0.03971631205673759,0.9200000000000002,0.1,0.9,0.9137055837563451,705,400,False
model,0.44,0.8,2.0,0.2,score_point,0.03971631205673759,0.9200000000000002,0.1,0.9,0.9137055837563451,705,400,False
model,0.61,0.7,2.0,0.2,score_point,0.03971631205673759,0.9274999999999999,0.175,0.825,0.870712401055409,705,400,False
model,0.62,0.7,2.0,0.2,score_point,0.03971631205673759,0.9307499999999999,0.1775,0.8225,0.8692206076618229,705,400,False
model,0.45,0.8,2.0,0.2,score_point,0.03971631205673759,0.9320000000000002,0.11,0.89,0.9081632653061226,705,400,False
model,0.46,0.8,2.0,0.2,score_point,0.03971631205673759,0.9350000000000002,0.1125,0.8875,0.9067688378033206,705,400,False
model,0.47,0.8,2.0,0.2,score_point,0.03971631205673759,0.9380000000000002,0.115,0.885,0.9053708439897699,705,400,False
model,0.48,0.8,2.0,0.2,score_point,0.03971631205673759,0.9410000000000003,0.1175,0.8825,0.9039692701664532,705,400,False
model,0.49,0.8,2.0,0.2,score_point,0.03971631205673759,0.9470000000000002,0.1225,0.8775,0.9011553273427471,705,400,False
model,0.5,0.8,2.0,0.2,score_point,0.03971631205673759,0.9470000000000002,0.1225,0.8775,0.9011553273427471,705,400,False
model,0.68,0.2,3.5,0.2,score_point,0.03971631205673759,0.9507499999999999,0.2275,0.7725,0.8385345997286295,705,400,False
model,0.08,0.9,3.5,0.2,score_point,0.03971631205673759,0.9520000000000002,0.02,0.98,0.9560975609756097,705,400,False
model,0.09,0.9,3.5,0.2,score_point,0.03971631205673759,0.9520000000000002,0.02,0.98,0.9560975609756097,705,400,False
model,0.51,0.8,2.0,0.2,score_point,0.03971631205673759,0.9530000000000001,0.1275,0.8725,0.8983268983268984,705,400,False
model,0.52,0.8,2.0,0.2,score_point,0.03971631205673759,0.9530000000000001,0.1275,0.8725,0.8983268983268984,705,400,False
model,0.53,0.8,2.0,0.2,score_point,0.03971631205673759,0.9590000000000001,0.1325,0.8675,0.895483870967742,705,400,False
model,0.15,0.9,2.5,0.2,score_point,0.03971631205673759,0.9600000000000003,0.0375,0.9625,0.9471094710947109,705,400,False
model,0.54,0.8,2.0,0.2,score_point,0.03971631205673759,0.9620000000000002,0.135,0.865,0.8940568475452197,705,400,False
model,0.13,0.9,3.0,0.2,score_point,0.03971631205673759,0.9630000000000003,0.03,0.97,0.9509803921568627,705,400,False
model,0.16,0.9,2.5,0.2,score_point,0.03971631205673759,0.9640000000000003,0.04,0.96,0.9458128078817734,705,400,False
model,0.55,0.8,2.0,0.2,score_point,0.03971631205673759,0.9650000000000002,0.1375,0.8625,0.8926261319534282,705,400,False
model,0.56,0.8,2.0,0.2,score_point,0.03971631205673759,0.9650000000000002,0.1375,0.8625,0.8926261319534282,705,400,False
model,0.17,0.9,2.5,0.2,score_point,0.03971631205673759,0.9680000000000003,0.0425,0.9575,0.9445129469790382,705,400,False
model,0.57,0.8,2.0,0.2,score_point,0.03971631205673759,0.9740000000000002,0.145,0.855,0.8883116883116883,705,400,False
model,0.18,0.9,2.5,0.2,score_point,0.03971631205673759,0.9760000000000002,0.0475,0.9525,0.9419035846724351,705,400,False
model,0.58,0.8,2.0,0.2,score_point,0.03971631205673759,0.9830000000000001,0.1525,0.8475,0.8839634941329858,705,400,False
model,0.36,0.9,2.0,0.2,score_point,0.03971631205673759,0.9962500000000003,0.0875,0.9125,0.9205548549810845,705,400,False
model,0.37,0.9,2.0,0.2,score_point,0.03971631205673759,1.0017500000000004,0.0925,0.9075,0.9178255372945638,705,400,False
model,0.38,0.9,2.0,0.2,score_point,0.03971631205673759,1.0017500000000004,0.0925,0.9075,0.9178255372945638,705,400,False
model,0.39,0.9,2.0,0.2,score_point,0.03971631205673759,1.0072500000000002,0.0975,0.9025,0.915082382762991,705,400,False
model,0.4,0.9,2.0,0.2,score_point,0.03971631205673759,1.0072500000000002,0.0975,0.9025,0.915082382762991,705,400,False
model,0.41,0.9,2.0,0.2,score_point,0.03971631205673759,1.0072500000000002,0.0975,0.9025,0.915082382762991,705,400,False
model,0.42,0.9,2.0,0.2,score_point,0.03971631205673759,1.0100000000000002,0.1,0.9,0.9137055837563451,705,400,False
model,0.43,0.9,2.0,0.2,score_point,0.03971631205673759,1.0100000000000002,0.1,0.9,0.9137055837563451,705,400,False
model,0.44,0.9,2.0,0.2,score_point,0.03971631205673759,1.0100000000000002,0.1,0.9,0.9137055837563451,705,400,False
model,0.45,0.9,2.0,0.2,score_point,0.03971631205673759,1.0210000000000001,0.11,0.89,0.9081632653061226,705,400,False
model,0.46,0.9,2.0,0.2,score_point,0.03971631205673759,1.0237500000000004,0.1125,0.8875,0.9067688378033206,705,400,False
model,0.47,0.9,2.0,0.2,score_point,0.03971631205673759,1.0265000000000004,0.115,0.885,0.9053708439897699,705,400,False
model,0.48,0.9,2.0,0.2,score_point,0.03971631205673759,1.0292500000000002,0.1175,0.8825,0.9039692701664532,705,400,False
model,0.49,0.9,2.0,0.2,score_point,0.03971631205673759,1.0347500000000003,0.1225,0.8775,0.9011553273427471,705,400,False
model,0.5,0.9,2.0,0.2,score_point,0.03971631205673759,1.0347500000000003,0.1225,0.8775,0.9011553273427471,705,400,False
model,0.51,0.9,2.0,0.2,score_point,0.03971631205673759,1.0402500000000001,0.1275,0.8725,0.8983268983268984,705,400,False
model,0.52,0.9,2.0,0.2,score_point,0.03971631205673759,1.0402500000000001,0.1275,0.8725,0.8983268983268984,705,400,False
model,0.53,0.9,2.0,0.2,score_point,0.03971631205673759,1.0457500000000002,0.1325,0.8675,0.895483870967742,705,400,False
model,0.54,0.9,2.0,0.2,score_point,0.03971631205673759,1.0485000000000002,0.135,0.865,0.8940568475452197,705,400,False
model,0.14,1.0,2.5,0.2,score_point,0.03971631205673759,1.04875,0.0325,0.9675,0.9496932515337424,705,400,False
model,0.55,0.9,2.0,0.2,score_point,0.03971631205673759,1.0512500000000002,0.1375,0.8625,0.8926261319534282,705,400,False
model,0.56,0.9,2.0,0.2,score_point,0.03971631205673759,1.0512500000000002,0.1375,0.8625,0.8926261319534282,705,400,False
model,0.57,0.9,2.0,0.2,score_point,0.03971631205673759,1.0595,0.145,0.855,0.8883116883116883,705,400,False
model,0.58,0.9,2.0,0.2,score_point,0.03971631205673759,1.0677500000000002,0.1525,0.8475,0.8839634941329858,705,400,False
model,0.36,1.0,2.0,0.2,score_point,0.03971631205673759,1.0875,0.0875,0.9125,0.9205548549810845,705,400,False
model,0.37,1.0,2.0,0.2,score_point,0.03971631205673759,1.0925,0.0925,0.9075,0.9178255372945638,705,400,False
model,0.38,1.0,2.0,0.2,score_point,0.03971631205673759,1.0925,0.0925,0.9075,0.9178255372945638,705,400,False
model,0.39,1.0,2.0,0.2,score_point,0.03971631205673759,1.0975,0.0975,0.9025,0.915082382762991,705,400,False
model,0.4,1.0,2.0,0.2,score_point,0.03971631205673759,1.0975,0.0975,0.9025,0.915082382762991,705,400,False
model,0.41,1.0,2.0,0.2,score_point,0.03971631205673759,1.0975,0.0975,0.9025,0.915082382762991,705,400,False
model,0.42,1.0,2.0,0.2,score_point,0.03971631205673759,1.1,0.1,0.9,0.9137055837563451,705,400,False
model,0.43,1.0,2.0,0.2,score_point,0.03971631205673759,1.1,0.1,0.9,0.9137055837563451,705,400,False
model,0.44,1.0,2.0,0.2,score_point,0.03971631205673759,1.1,0.1,0.9,0.9137055837563451,705,400,False
model,0.45,1.0,2.0,0.2,score_point,0.03971631205673759,1.11,0.11,0.89,0.9081632653061226,705,400,False
model,0.46,1.0,2.0,0.2,score_point,0.03971631205673759,1.1125,0.1125,0.8875,0.9067688378033206,705,400,False
model,0.47,1.0,2.0,0.2,score_point,0.03971631205673759,1.115,0.115,0.885,0.9053708439897699,705,400,False
model,0.48,1.0,2.0,0.2,score_point,0.03971631205673759,1.1175,0.1175,0.8825,0.9039692701664532,705,400,False
model,0.49,1.0,2.0,0.2,score_point,0.03971631205673759,1.1225,0.1225,0.8775,0.9011553273427471,705,400,False
model,0.5,1.0,2.0,0.2,score_point,0.03971631205673759,1.1225,0.1225,0.8775,0.9011553273427471,705,400,False
model,0.51,1.0,2.0,0.2,score_point,0.03971631205673759,1.1275,0.1275,0.8725,0.8983268983268984,705,400,False
model,0.52,1.0,2.0,0.2,score_point,0.03971631205673759,1.1275,0.1275,0.8725,0.8983268983268984,705,400,False
model,0.53,1.0,2.0,0.2,score_point,0.03971631205673759,1.1325,0.1325,0.8675,0.895483870967742,705,400,False
model,0.54,1.0,2.0,0.2,score_point,0.03971631205673759,1.135,0.135,0.865,0.8940568475452197,705,400,False
model,0.55,1.0,2.0,0.2,score_point,0.03971631205673759,1.1375,0.1375,0.8625,0.8926261319534282,705,400,False
model,0.56,1.0,2.0,0.2,score_point,0.03971631205673759,1.1375,0.1375,0.8625,0.8926261319534282,705,400,False
model,0.57,1.0,2.0,0.2,score_point,0.03971631205673759,1.145,0.145,0.855,0.8883116883116883,705,400,False
model,0.58,1.0,2.0,0.2,score_point,0.03971631205673759,1.1525,0.1525,0.8475,0.8839634941329858,705,400,False
model,0.87,0.2,2.0,0.2,score_point,0.03971631205673759,1.2889999999999997,0.605,0.395,0.5392491467576792,705,400,False
model,0.3,0.5,3.5,0.2,score_point,0.04113475177304964,0.71,0.07,0.93,0.9288389513108614,705,400,True
model,0.31,0.5,3.5,0.2,score_point,0.04113475177304964,0.725,0.075,0.925,0.9261576971214016,705,400,False
model,0.56,0.4,3.0,0.2,score_point,0.04113475177304964,0.7575000000000002,0.1375,0.8625,0.8914728682170542,705,400,False
model,0.23,0.6,3.5,0.2,score_point,0.04113475177304964,0.7594999999999998,0.055,0.945,0.9368029739776951,705,400,False
model,0.29,0.6,3.0,0.2,score_point,0.04113475177304964,0.7619999999999999,0.0675,0.9325,0.9301745635910225,705,400,False
model,0.57,0.3,3.5,0.2,score_point,0.04113475177304964,0.764,0.145,0.855,0.88715953307393,705,400,False
model,0.24,0.6,3.5,0.2,score_point,0.04113475177304964,0.7667499999999998,0.0575,0.9425,0.9354838709677419,705,400,False
model,0.25,0.6,3.5,0.2,score_point,0.04113475177304964,0.7667499999999998,0.0575,0.9425,0.9354838709677419,705,400,False
model,0.61,0.3,3.0,0.2,score_point,0.04113475177304964,0.7725,0.175,0.825,0.8695652173913043,705,400,False
model,0.37,0.6,2.5,0.2,score_point,0.04113475177304964,0.7757499999999999,0.0925,0.9075,0.9166666666666666,705,400,False
model,0.38,0.6,2.5,0.2,score_point,0.04113475177304964,0.7757499999999999,0.0925,0.9075,0.9166666666666666,705,400,False
model,0.63,0.4,2.5,0.2,score_point,0.04113475177304964,0.7780000000000001,0.18,0.82,0.8665785997357991,705,400,False
model,0.62,0.3,3.0,0.2,score_point,0.04113475177304964,0.7792500000000001,0.1775,0.8225,0.8680738786279684,705,400,False
model,0.5,0.4,3.5,0.2,score_point,0.04113475177304964,0.77975,0.1225,0.8775,0.9,705,400,False
model,0.39,0.6,2.5,0.2,score_point,0.04113475177304964,0.7852499999999998,0.0975,0.9025,0.9139240506329113,705,400,False
model,0.4,0.6,2.5,0.2,score_point,0.04113475177304964,0.7852499999999998,0.0975,0.9025,0.9139240506329113,705,400,False
model,0.41,0.6,2.5,0.2,score_point,0.04113475177304964,0.7852499999999998,0.0975,0.9025,0.9139240506329113,705,400,False
model,0.15,0.7,3.0,0.2,score_point,0.04113475177304964,0.78625,0.0375,0.9625,0.9459459459459459,705,400,False
model,0.58,0.3,3.5,0.2,score_point,0.04113475177304964,0.7880000000000001,0.1525,0.8475,0.8828125,705,400,False
model,0.42,0.6,2.5,0.2,score_point,0.04113475177304964,0.7899999999999998,0.1,0.9,0.9125475285171102,705,400,False
model,0.16,0.7,3.0,0.2,score_point,0.04113475177304964,0.7919999999999999,0.04,0.96,0.944649446494465,705,400,False
model,0.22,0.7,2.5,0.2,score_point,0.04113475177304964,0.7944999999999999,0.0525,0.9475,0.9381188118811882,705,400,False
model,0.23,0.7,2.5,0.2,score_point,0.04113475177304964,0.7989999999999999,0.055,0.945,0.9368029739776951,705,400,False
model,0.24,0.7,2.5,0.2,score_point,0.04113475177304964,0.8035,0.0575,0.9425,0.9354838709677419,705,400,False
model,0.25,0.7,2.5,0.2,score_point,0.04113475177304964,0.8035,0.0575,0.9425,0.9354838709677419,705,400,False
model,0.69,0.3,2.5,0.2,score_point,0.04113475177304964,0.8225,0.2375,0.7625,0.8310626702997276,705,400,False
model,0.73,0.2,2.5,0.2,score_point,0.04113475177304964,0.8382499999999999,0.2775,0.7225,0.8050139275766016,705,400,False
model,0.73,0.4,2.0,0.2,score_point,0.04113475177304964,0.8440000000000001,0.2775,0.7225,0.8050139275766016,705,400,False
model,0.61,0.6,2.0,0.2,score_point,0.04113475177304964,0.8449999999999998,0.175,0.825,0.8695652173913043,705,400,False
model,0.62,0.6,2.0,0.2,score_point,0.04113475177304964,0.8484999999999998,0.1775,0.8225,0.8680738786279684,705,400,False
model,0.76,0.3,2.0,0.2,score_point,0.04113475177304964,0.8525,0.325,0.675,0.7725321888412017,705,400,False
model,0.1,0.8,3.5,0.2,score_point,0.04113475177304964,0.86075,0.0225,0.9775,0.9536585365853658,705,400,False
model,0.11,0.8,3.5,0.2,score_point,0.04113475177304964,0.86075,0.0225,0.9775,0.9536585365853658,705,400,False
model,0.12,0.8,3.5,0.2,score_point,0.04113475177304964,0.86075,0.0225,0.9775,0.9536585365853658,705,400,False
model,0.77,0.3,2.0,0.2,score_point,0.04113475177304964,0.8695000000000002,0.335,0.665,0.7654676258992806,705,400,False
model,0.14,0.8,3.0,0.2,score_point,0.04113475177304964,0.8715,0.0325,0.9675,0.9485294117647061,705,400,False
model,0.7,0.5,2.0,0.2,score_point,0.04113475177304964,0.875,0.25,0.75,0.8230452674897119,705,400,False
model,0.19,0.8,2.5,0.2,score_point,0.04113475177304964,0.88075,0.0475,0.9525,0.9407407407407408,705,400,False
model,0.36,0.8,2.0,0.2,score_point,0.04113475177304964,0.905,0.0875,0.9125,0.9193954659949621,705,400,False
model,0.67,0.2,3.5,0.2,score_point,0.04113475177304964,0.9094999999999999,0.215,0.785,0.8452220726783312,705,400,False
model,0.37,0.8,2.0,0.2,score_point,0.04113475177304964,0.911,0.0925,0.9075,0.9166666666666666,705,400,False
model,0.38,0.8,2.0,0.2,score_point,0.04113475177304964,0.911,0.0925,0.9075,0.9166666666666666,705,400,False
model,0.59,0.7,2.0,0.2,score_point,0.04113475177304964,0.91125,0.1625,0.8375,0.8769633507853403,705,400,False
model,0.39,0.8,2.0,0.2,score_point,0.04113475177304964,0.9170000000000001,0.0975,0.9025,0.9139240506329113,705,400,False
model,0.4,0.8,2.0,0.2,score_point,0.04113475177304964,0.9170000000000001,0.0975,0.9025,0.9139240506329113,705,400,False
model,0.41,0.8,2.0,0.2,score_point,0.04113475177304964,0.9170000000000001,0.0975,0.9025,0.9139240506329113,705,400,False
model,0.42,0.8,2.0,0.2,score_point,0.04113475177304964,0.9200000000000002,0.1,0.9,0.9125475285171102,705,400,False
model,0.6,0.7,2.0,0.2,score_point,0.04113475177304964,0.9209999999999999,0.17,0.83,0.8725361366622865,705,400,False
model,0.04,0.9,3.5,0.2,score_point,0.04113475177304964,0.9260000000000003,0.01,0.99,0.96,705,400,False
model,0.05,0.9,3.5,0.2,score_point,0.04113475177304964,0.9325000000000001,0.0125,0.9875,0.9587378640776699,705,400,False
model,0.06,0.9,3.5,0.2,score_point,0.04113475177304964,0.9390000000000002,0.015,0.985,0.9574726609963548,705,400,False
model,0.07,0.9,3.5,0.2,score_point,0.04113475177304964,0.9455000000000001,0.0175,0.9825,0.9562043795620438,705,400,False
model,0.1,0.9,3.0,0.2,score_point,0.04113475177304964,0.9472500000000003,0.0225,0.9775,0.9536585365853658,705,400,False
model,0.11,0.9,3.0,0.2,score_point,0.04113475177304964,0.9472500000000003,0.0225,0.9775,0.9536585365853658,705,400,False
model,0.12,0.9,3.0,0.2,score_point,0.04113475177304964,0.9472500000000003,0.0225,0.9775,0.9536585365853658,705,400,False
model,0.32,0.9,2.0,0.2,score_point,0.04113475177304964,0.9852500000000003,0.0775,0.9225,0.924812030075188,705,400,False
model,0.33,0.9,2.0,0.2,score_point,0.04113475177304964,0.9880000000000001,0.08,0.92,0.9234629861982435,705,400,False
model,0.34,0.9,2.0,0.2,score_point,0.04113475177304964,0.9880000000000001,0.08,0.92,0.9234629861982435,705,400,False
model,0.35,0.9,2.0,0.2,score_point,0.04113475177304964,0.9962500000000003,0.0875,0.9125,0.9193954659949621,705,400,False
model,0.03,1.0,3.0,0.2,score_point,0.04113475177304964,1.015,0.0075,0.9925,0.9612590799031476,705,400,False
model,0.1,1.0,2.5,0.2,score_point,0.04113475177304964,1.03375,0.0225,0.9775,0.9536585365853658,705,400,False
model,0.11,1.0,2.5,0.2,score_point,0.04113475177304964,1.03375,0.0225,0.9775,0.9536585365853658,705,400,False
model,0.12,1.0,2.5,0.2,score_point,0.04113475177304964,1.03375,0.0225,0.9775,0.9536585365853658,705,400,False
model,0.13,1.0,2.5,0.2,score_point,0.04113475177304964,1.045,0.03,0.97,0.9498164014687882,705,400,False
model,0.32,1.0,2.0,0.2,score_point,0.04113475177304964,1.0775,0.0775,0.9225,0.924812030075188,705,400,False
model,0.33,1.0,2.0,0.2,score_point,0.04113475177304964,1.08,0.08,0.92,0.9234629861982435,705,400,False
model,0.34,1.0,2.0,0.2,score_point,0.04113475177304964,1.08,0.08,0.92,0.9234629861982435,705,400,False
model,0.35,1.0,2.0,0.2,score_point,0.04113475177304964,1.0875,0.0875,0.9125,0.9193954659949621,705,400,False
model,0.86,0.2,2.0,0.2,score_point,0.04113475177304964,1.2305,0.5725,0.4275,0.57,705,400,False
model,0.36,0.5,3.0,0.2,score_point,0.0425531914893617,0.71875,0.0875,0.9125,0.9182389937106918,705,400,False
model,0.51,0.4,3.0,0.2,score_point,0.0425531914893617,0.7315,0.1275,0.8725,0.8960205391527599,705,400,False
model,0.52,0.4,3.0,0.2,score_point,0.0425531914893617,0.7315,0.1275,0.8725,0.8960205391527599,705,400,False
model,0.56,0.3,3.5,0.2,score_point,0.0425531914893617,0.74,0.1375,0.8625,0.8903225806451613,705,400,False
model,0.45,0.4,3.5,0.2,score_point,0.0425531914893617,0.7410000000000001,0.11,0.89,0.905852417302799,705,400,False
model,0.53,0.4,3.0,0.2,score_point,0.0425531914893617,0.7445000000000002,0.1325,0.8675,0.8931788931788932,705,400,False
model,0.5,0.5,2.5,0.2,score_point,0.0425531914893617,0.745,0.1225,0.8775,0.8988476312419974,705,400,False
model,0.46,0.4,3.5,0.2,score_point,0.0425531914893617,0.7487500000000001,0.1125,0.8875,0.9044585987261146,705,400,False
model,0.27,0.6,3.0,0.2,score_point,0.0425531914893617,0.7499999999999999,0.0625,0.9375,0.9316770186335404,705,400,False
model,0.54,0.4,3.0,0.2,score_point,0.0425531914893617,0.7510000000000002,0.135,0.865,0.8917525773195877,705,400,False
model,0.22,0.6,3.5,0.2,score_point,0.0425531914893617,0.75225,0.0525,0.9475,0.9369592088998764,705,400,False
model,0.47,0.4,3.5,0.2,score_point,0.0425531914893617,0.7565000000000001,0.115,0.885,0.903061224489796,705,400,False
model,0.55,0.4,3.0,0.2,score_point,0.0425531914893617,0.7575000000000002,0.1375,0.8625,0.8903225806451613,705,400,False
model,0.6,0.3,3.0,0.2,score_point,0.0425531914893617,0.759,0.17,0.83,0.8713910761154855,705,400,False
model,0.28,0.6,3.0,0.2,score_point,0.0425531914893617,0.7619999999999999,0.0675,0.9325,0.9290161892901618,705,400,False
model,0.48,0.4,3.5,0.2,score_point,0.0425531914893617,0.7642500000000001,0.1175,0.8825,0.9016602809706258,705,400,False
model,0.36,0.6,2.5,0.2,score_point,0.0425531914893617,0.7662499999999999,0.0875,0.9125,0.9182389937106918,705,400,False
model,0.61,0.4,2.5,0.2,score_point,0.0425531914893617,0.7675000000000002,0.175,0.825,0.8684210526315789,705,400,False
model,0.62,0.4,2.5,0.2,score_point,0.0425531914893617,0.7727500000000002,0.1775,0.8225,0.8669301712779973,705,400,False
model,0.49,0.4,3.5,0.2,score_point,0.0425531914893617,0.77975,0.1225,0.8775,0.8988476312419974,705,400,False
model,0.2,0.7,2.5,0.2,score_point,0.0425531914893617,0.7855,0.0475,0.9525,0.9395807644882861,705,400,False
model,0.21,0.7,2.5,0.2,score_point,0.0425531914893617,0.7855,0.0475,0.9525,0.9395807644882861,705,400,False
model,0.14,0.7,3.5,0.2,score_point,0.0425531914893617,0.7909999999999999,0.0325,0.9675,0.9473684210526316,705,400,False
model,0.68,0.3,2.5,0.2,score_point,0.0425531914893617,0.8005,0.2275,0.7725,0.8362652232746955,705,400,False
model,0.75,0.3,2.0,0.2,score_point,0.0425531914893617,0.8142500000000001,0.3025,0.6975,0.7870239774330042,705,400,False
model,0.72,0.2,2.5,0.2,score_point,0.0425531914893617,0.821,0.27,0.73,0.8088642659279778,705,400,False
model,0.43,0.7,2.0,0.2,score_point,0.0425531914893617,0.8299999999999998,0.1,0.9,0.9113924050632911,705,400,False
model,0.44,0.7,2.0,0.2,score_point,0.0425531914893617,0.8299999999999998,0.1,0.9,0.9113924050632911,705,400,False
model,0.72,0.4,2.0,0.2,score_point,0.0425531914893617,0.8320000000000002,0.27,0.73,0.8088642659279778,705,400,False
model,0.6,0.6,2.0,0.2,score_point,0.0425531914893617,0.8379999999999999,0.17,0.83,0.8713910761154855,705,400,False
model,0.45,0.7,2.0,0.2,score_point,0.0425531914893617,0.8429999999999999,0.11,0.89,0.905852417302799,705,400,False
model,0.64,0.2,3.5,0.2,score_point,0.0425531914893617,0.8434999999999999,0.195,0.805,0.8563829787234043,705,400,False
model,0.46,0.7,2.0,0.2,score_point,0.0425531914893617,0.84625,0.1125,0.8875,0.9044585987261146,705,400,False
model,0.47,0.7,2.0,0.2,score_point,0.0425531914893617,0.8494999999999999,0.115,0.885,0.903061224489796,705,400,False
model,0.48,0.7,2.0,0.2,score_point,0.0425531914893617,0.8527499999999998,0.1175,0.8825,0.9016602809706258,705,400,False
model,0.08,0.8,3.5,0.2,score_point,0.0425531914893617,0.8540000000000001,0.02,0.98,0.9537712895377128,705,400,False
model,0.09,0.8,3.5,0.2,score_point,0.0425531914893617,0.8540000000000001,0.02,0.98,0.9537712895377128,705,400,False
model,0.69,0.5,2.0,0.2,score_point,0.0425531914893617,0.85625,0.2375,0.7625,0.8299319727891157,705,400,False
model,0.49,0.7,2.0,0.2,score_point,0.0425531914893617,0.8592499999999998,0.1225,0.8775,0.8988476312419974,705,400,False
model,0.5,0.7,2.0,0.2,score_point,0.0425531914893617,0.8592499999999998,0.1225,0.8775,0.8988476312419974,705,400,False
model,0.15,0.8,2.5,0.2,score_point,0.0425531914893617,0.86375,0.0375,0.9625,0.9447852760736196,705,400,False
model,0.69,0.2,3.0,0.2,score_point,0.0425531914893617,0.865,0.2375,0.7625,0.8299319727891157,705,400,False
model,0.51,0.7,2.0,0.2,score_point,0.0425531914893617,0.8657499999999999,0.1275,0.8725,0.8960205391527599,705,400,False
model,0.52,0.7,2.0,0.2,score_point,0.0425531914893617,0.8657499999999999,0.1275,0.8725,0.8960205391527599,705,400,False
model,0.13,0.8,3.0,0.2,score_point,0.0425531914893617,0.866,0.03,0.97,0.9486552567237163,705,400,False
model,0.16,0.8,2.5,0.2,score_point,0.0425531914893617,0.8680000000000001,0.04,0.96,0.9434889434889435,705,400,False
model,0.17,0.8,2.5,0.2,score_point,0.0425531914893617,0.87225,0.0425,0.9575,0.942189421894219,705,400,False
model,0.53,0.7,2.0,0.2,score_point,0.0425531914893617,0.87225,0.1325,0.8675,0.8931788931788932,705,400,False
model,0.54,0.7,2.0,0.2,score_point,0.0425531914893617,0.8754999999999998,0.135,0.865,0.8917525773195877,705,400,False
model,0.55,0.7,2.0,0.2,score_point,0.0425531914893617,0.87875,0.1375,0.8625,0.8903225806451613,705,400,False
model,0.56,0.7,2.0,0.2,score_point,0.0425531914893617,0.87875,0.1375,0.8625,0.8903225806451613,705,400,False
model,0.18,0.8,2.5,0.2,score_point,0.0425531914893617,0.88075,0.0475,0.9525,0.9395807644882861,705,400,False
model,0.65,0.2,3.5,0.2,score_point,0.0425531914893617,0.8847499999999999,0.2075,0.7925,0.8487282463186078,705,400,False
model,0.57,0.7,2.0,0.2,score_point,0.0425531914893617,0.8884999999999998,0.145,0.855,0.8860103626943004,705,400,False
model,0.66,0.2,3.5,0.2,score_point,0.0425531914893617,0.8929999999999998,0.21,0.79,0.8471849865951743,705,400,False
model,0.32,0.8,2.0,0.2,score_point,0.0425531914893617,0.8930000000000001,0.0775,0.9225,0.9236545682102628,705,400,False
model,0.33,0.8,2.0,0.2,score_point,0.0425531914893617,0.8960000000000001,0.08,0.92,0.9223057644110277,705,400,False
model,0.34,0.8,2.0,0.2,score_point,0.0425531914893617,0.8960000000000001,0.08,0.92,0.9223057644110277,705,400,False
model,0.58,0.7,2.0,0.2,score_point,0.0425531914893617,0.8982499999999999,0.1525,0.8475,0.8816644993498051,705,400,False
model,0.35,0.8,2.0,0.2,score_point,0.0425531914893617,0.905,0.0875,0.9125,0.9182389937106918,705,400,False
model,0.08,0.9,3.0,0.2,score_point,0.0425531914893617,0.9420000000000002,0.02,0.98,0.9537712895377128,705,400,False
model,0.09,0.9,3.0,0.2,score_point,0.0425531914893617,0.9420000000000002,0.02,0.98,0.9537712895377128,705,400,False
model,0.81,0.2,2.0,0.2,score_point,0.0425531914893617,0.9739999999999999,0.43,0.57,0.6930091185410334,705,400,False
model,0.29,0.9,2.0,0.2,score_point,0.0425531914893617,0.9742500000000003,0.0675,0.9325,0.9290161892901618,705,400,False
model,0.3,0.9,2.0,0.2,score_point,0.0425531914893617,0.9770000000000002,0.07,0.93,0.9276807980049875,705,400,False
model,0.31,0.9,2.0,0.2,score_point,0.0425531914893617,0.9825000000000003,0.075,0.925,0.925,705,400,False
model,0.82,0.2,2.0,0.2,score_point,0.0425531914893617,1.0145,0.4525,0.5475,0.674884437596302,705,400,False
model,0.04,1.0,2.5,0.2,score_point,0.0425531914893617,1.015,0.01,0.99,0.9588377723970944,705,400,False
model,0.05,1.0,2.5,0.2,score_point,0.0425531914893617,1.01875,0.0125,0.9875,0.9575757575757576,705,400,False
model,0.06,1.0,2.5,0.2,score_point,0.0425531914893617,1.0225,0.015,0.985,0.9563106796116505,705,400,False
model,0.07,1.0,2.5,0.2,score_point,0.0425531914893617,1.02625,0.0175,0.9825,0.9550425273390036,705,400,False
model,0.08,1.0,2.5,0.2,score_point,0.0425531914893617,1.03,0.02,0.98,0.9537712895377128,705,400,False
model,0.09,1.0,2.5,0.2,score_point,0.0425531914893617,1.03,0.02,0.98,0.9537712895377128,705,400,False
model,0.83,0.2,2.0,0.2,score_point,0.0425531914893617,1.055,0.475,0.525,0.6562500000000001,705,400,False
model,0.29,1.0,2.0,0.2,score_point,0.0425531914893617,1.0675,0.0675,0.9325,0.9290161892901618,705,400,False
model,0.3,1.0,2.0,0.2,score_point,0.0425531914893617,1.07,0.07,0.93,0.9276807980049875,705,400,False
model,0.31,1.0,2.0,0.2,score_point,0.0425531914893617,1.075,0.075,0.925,0.925,705,400,False
model,0.84,0.2,2.0,0.2,score_point,0.0425531914893617,1.1135,0.5075,0.4925,0.6283891547049442,705,400,False
model,0.85,0.2,2.0,0.2,score_point,0.0425531914893617,1.1764999999999999,0.5425,0.4575,0.5970636215334421,705,400,False
model,0.32,0.5,3.0,0.2,score_point,0.04397163120567376,0.69375,0.0775,0.9225,0.9225,705,400,True
model,0.33,0.5,3.0,0.2,score_point,0.04397163120567376,0.7,0.08,0.92,0.9211514392991239,705,400,False
model,0.34,0.5,3.0,0.2,score_point,0.04397163120567376,0.7,0.08,0.92,0.9211514392991239,705,400,False
model,0.29,0.5,3.5,0.2,score_point,0.04397163120567376,0.7025,0.0675,0.9325,0.927860696517413,705,400,False
model,0.51,0.3,3.5,0.2,score_point,0.04397163120567376,0.708,0.1275,0.8725,0.8948717948717948,705,400,False
model,0.52,0.3,3.5,0.2,score_point,0.04397163120567376,0.708,0.1275,0.8725,0.8948717948717948,705,400,False
model,0.43,0.4,3.5,0.2,score_point,0.04397163120567376,0.71,0.1,0.9,0.9102402022756004,705,400,False
model,0.44,0.4,3.5,0.2,score_point,0.04397163120567376,0.71,0.1,0.9,0.9102402022756004,705,400,False
model,0.35,0.5,3.0,0.2,score_point,0.04397163120567376,0.71875,0.0875,0.9125,0.9170854271356783,705,400,False
model,0.45,0.5,2.5,0.2,score_point,0.04397163120567376,0.72,0.11,0.89,0.9047013977128335,705,400,False
model,0.53,0.3,3.5,0.2,score_point,0.04397163120567376,0.7240000000000001,0.1325,0.8675,0.8920308483290489,705,400,False
model,0.46,0.5,2.5,0.2,score_point,0.04397163120567376,0.725,0.1125,0.8875,0.9033078880407125,705,400,False
model,0.47,0.5,2.5,0.2,score_point,0.04397163120567376,0.73,0.115,0.885,0.9019108280254778,705,400,False
model,0.54,0.3,3.5,0.2,score_point,0.04397163120567376,0.732,0.135,0.865,0.8906048906048907,705,400,False
model,0.48,0.5,2.5,0.2,score_point,0.04397163120567376,0.735,0.1175,0.8825,0.9005102040816327,705,400,False
model,0.59,0.3,3.0,0.2,score_point,0.04397163120567376,0.73875,0.1625,0.8375,0.8746736292428199,705,400,False
model,0.55,0.3,3.5,0.2,score_point,0.04397163120567376,0.74,0.1375,0.8625,0.8891752577319587,705,400,False
model,0.26,0.6,3.0,0.2,score_point,0.04397163120567376,0.7439999999999998,0.06,0.94,0.9318463444857495,705,400,False
model,0.49,0.5,2.5,0.2,score_point,0.04397163120567376,0.745,0.1225,0.8775,0.8976982097186701,705,400,False
model,0.32,0.6,2.5,0.2,score_point,0.04397163120567376,0.74725,0.0775,0.9225,0.9225,705,400,False
model,0.33,0.6,2.5,0.2,score_point,0.04397163120567376,0.7519999999999999,0.08,0.92,0.9211514392991239,705,400,False
model,0.34,0.6,2.5,0.2,score_point,0.04397163120567376,0.7519999999999999,0.08,0.92,0.9211514392991239,705,400,False
model,0.6,0.4,2.5,0.2,score_point,0.04397163120567376,0.7570000000000001,0.17,0.83,0.8702490170380078,705,400,False
model,0.35,0.6,2.5,0.2,score_point,0.04397163120567376,0.7662499999999999,0.0875,0.9125,0.9170854271356783,705,400,False
model,0.67,0.3,2.5,0.2,score_point,0.04397163120567376,0.7730000000000001,0.215,0.785,0.8429530201342282,705,400,False
model,0.13,0.7,3.5,0.2,score_point,0.04397163120567376,0.784,0.03,0.97,0.9474969474969476,705,400,False
model,0.19,0.7,2.5,0.2,score_point,0.04397163120567376,0.7855,0.0475,0.9525,0.9384236453201971,705,400,False
model,0.64,0.5,2.0,0.2,score_point,0.04397163120567376,0.7925,0.195,0.805,0.8552456839309429,705,400,False
model,0.63,0.2,3.5,0.2,score_point,0.04397163120567376,0.7939999999999998,0.18,0.82,0.8642951251646904,705,400,False
model,0.74,0.3,2.0,0.2,score_point,0.04397163120567376,0.7972500000000001,0.2925,0.7075,0.7927170868347339,705,400,False
model,0.65,0.5,2.0,0.2,score_point,0.04397163120567376,0.81125,0.2075,0.7925,0.8475935828877005,705,400,False
model,0.36,0.7,2.0,0.2,score_point,0.04397163120567376,0.81375,0.0875,0.9125,0.9170854271356783,705,400,False
model,0.66,0.5,2.0,0.2,score_point,0.04397163120567376,0.815,0.21,0.79,0.8460508701472558,705,400,False
model,0.37,0.7,2.0,0.2,score_point,0.04397163120567376,0.8202499999999999,0.0925,0.9075,0.9143576826196473,705,400,False
model,0.38,0.7,2.0,0.2,score_point,0.04397163120567376,0.8202499999999999,0.0925,0.9075,0.9143576826196473,705,400,False
model,0.67,0.5,2.0,0.2,score_point,0.04397163120567376,0.8225,0.215,0.785,0.8429530201342282,705,400,False
model,0.39,0.7,2.0,0.2,score_point,0.04397163120567376,0.8267499999999999,0.0975,0.9025,0.9116161616161615,705,400,False
model,0.4,0.7,2.0,0.2,score_point,0.04397163120567376,0.8267499999999999,0.0975,0.9025,0.9116161616161615,705,400,False
model,0.41,0.7,2.0,0.2,score_point,0.04397163120567376,0.8267499999999999,0.0975,0.9025,0.9116161616161615,705,400,False
model,0.59,0.6,2.0,0.2,score_point,0.04397163120567376,0.8274999999999999,0.1625,0.8375,0.8746736292428199,705,400,False
model,0.42,0.7,2.0,0.2,score_point,0.04397163120567376,0.8299999999999998,0.1,0.9,0.9102402022756004,705,400,False
model,0.68,0.2,3.0,0.2,score_point,0.04397163120567376,0.8370000000000001,0.2275,0.7725,0.8351351351351352,705,400,False
model,0.06,0.8,3.5,0.2,score_point,0.04397163120567376,0.8405000000000001,0.015,0.985,0.9551515151515151,705,400,False
model,0.68,0.5,2.0,0.2,score_point,0.04397163120567376,0.84125,0.2275,0.7725,0.8351351351351352,705,400,False
model,0.07,0.8,3.5,0.2,score_point,0.04397163120567376,0.84725,0.0175,0.9825,0.9538834951456311,705,400,False
model,0.79,0.2,2.0,0.2,score_point,0.04397163120567376,0.848,0.36,0.64,0.745269286754003,705,400,False
model,0.1,0.8,3.0,0.2,score_point,0.04397163120567376,0.8495,0.0225,0.9775,0.951338199513382,705,400,False
model,0.11,0.8,3.0,0.2,score_point,0.04397163120567376,0.8495,0.0225,0.9775,0.951338199513382,705,400,False
model,0.12,0.8,3.0,0.2,score_point,0.04397163120567376,0.8495,0.0225,0.9775,0.951338199513382,705,400,False
model,0.3,0.8,2.0,0.2,score_point,0.04397163120567376,0.884,0.07,0.93,0.9265255292652554,705,400,False
model,0.31,0.8,2.0,0.2,score_point,0.04397163120567376,0.89,0.075,0.925,0.9238451935081149,705,400,False
model,0.8,0.2,2.0,0.2,score_point,0.04397163120567376,0.9155,0.3975,0.6025,0.7172619047619048,705,400,False
model,0.04,0.9,3.0,0.2,score_point,0.04397163120567376,0.9210000000000003,0.01,0.99,0.9576783555018138,705,400,False
model,0.05,0.9,3.0,0.2,score_point,0.04397163120567376,0.9262500000000001,0.0125,0.9875,0.9564164648910412,705,400,False
model,0.06,0.9,3.0,0.2,score_point,0.04397163120567376,0.9315000000000002,0.015,0.985,0.9551515151515151,705,400,False
model,0.07,0.9,3.0,0.2,score_point,0.04397163120567376,0.9367500000000001,0.0175,0.9825,0.9538834951456311,705,400,False
model,0.14,0.9,2.5,0.2,score_point,0.04397163120567376,0.9520000000000003,0.0325,0.9675,0.9462102689486553,705,400,False
model,0.26,0.9,2.0,0.2,score_point,0.04397163120567376,0.9660000000000002,0.06,0.94,0.9318463444857495,705,400,False
model,0.27,0.9,2.0,0.2,score_point,0.04397163120567376,0.9687500000000003,0.0625,0.9375,0.9305210918114144,705,400,False
model,0.28,0.9,2.0,0.2,score_point,0.04397163120567376,0.9742500000000003,0.0675,0.9325,0.927860696517413,705,400,False
model,0.02,1.0,3.5,0.2,score_point,0.04397163120567376,1.0125,0.005,0.995,0.9601930036188179,705,400,False
model,0.22,1.0,2.0,0.2,score_point,0.04397163120567376,1.0525,0.0525,0.9475,0.9358024691358025,705,400,False
model,0.23,1.0,2.0,0.2,score_point,0.04397163120567376,1.055,0.055,0.945,0.934487021013597,705,400,False
model,0.24,1.0,2.0,0.2,score_point,0.04397163120567376,1.0575,0.0575,0.9425,0.9331683168316832,705,400,False
model,0.25,1.0,2.0,0.2,score_point,0.04397163120567376,1.0575,0.0575,0.9425,0.9331683168316832,705,400,False
model,0.26,1.0,2.0,0.2,score_point,0.04397163120567376,1.06,0.06,0.94,0.9318463444857495,705,400,False
model,0.27,1.0,2.0,0.2,score_point,0.04397163120567376,1.0625,0.0625,0.9375,0.9305210918114144,705,400,False
model,0.28,1.0,2.0,0.2,score_point,0.04397163120567376,1.0675,0.0675,0.9325,0.927860696517413,705,400,False
model,0.3,0.5,3.0,0.2,score_point,0.04539007092198582,0.675,0.07,0.93,0.9253731343283582,705,400,True
model,0.31,0.5,3.0,0.2,score_point,0.04539007092198582,0.6875,0.075,0.925,0.9226932668329176,705,400,False
model,0.57,0.3,3.0,0.2,score_point,0.04539007092198582,0.6915,0.145,0.855,0.8837209302325582,705,400,False
model,0.43,0.5,2.5,0.2,score_point,0.04539007092198582,0.7,0.1,0.9,0.9090909090909091,705,400,False
model,0.44,0.5,2.5,0.2,score_point,0.04539007092198582,0.7,0.1,0.9,0.9090909090909091,705,400,False
model,0.41,0.4,3.5,0.2,score_point,0.04539007092198582,0.70225,0.0975,0.9025,0.9104665825977302,705,400,False
model,0.42,0.4,3.5,0.2,score_point,0.04539007092198582,0.71,0.1,0.9,0.9090909090909091,705,400,False
model,0.58,0.3,3.0,0.2,score_point,0.04539007092198582,0.7117500000000001,0.1525,0.8475,0.879377431906615,705,400,False
model,0.5,0.4,3.0,0.2,score_point,0.04539007092198582,0.7185000000000001,0.1225,0.8775,0.8965517241379309,705,400,False
model,0.64,0.3,2.5,0.2,score_point,0.04539007092198582,0.7290000000000001,0.195,0.805,0.8541114058355438,705,400,False
model,0.23,0.6,3.0,0.2,score_point,0.04539007092198582,0.7319999999999999,0.055,0.945,0.9333333333333333,705,400,False
model,0.3,0.6,2.5,0.2,score_point,0.04539007092198582,0.7329999999999999,0.07,0.93,0.9253731343283582,705,400,False
model,0.2,0.6,3.5,0.2,score_point,0.04539007092198582,0.7377499999999998,0.0475,0.9525,0.9372693726937269,705,400,False
model,0.21,0.6,3.5,0.2,score_point,0.04539007092198582,0.7377499999999998,0.0475,0.9525,0.9372693726937269,705,400,False
model,0.24,0.6,3.0,0.2,score_point,0.04539007092198582,0.7379999999999999,0.0575,0.9425,0.9320148331273177,705,400,False
model,0.25,0.6,3.0,0.2,score_point,0.04539007092198582,0.7379999999999999,0.0575,0.9425,0.9320148331273177,705,400,False
model,0.59,0.4,2.5,0.2,score_point,0.04539007092198582,0.7412500000000002,0.1625,0.8375,0.8735332464146024,705,400,False
model,0.31,0.6,2.5,0.2,score_point,0.04539007092198582,0.7424999999999998,0.075,0.925,0.9226932668329176,705,400,False
model,0.65,0.3,2.5,0.2,score_point,0.04539007092198582,0.7565000000000001,0.2075,0.7925,0.8464619492656875,705,400,False
model,0.66,0.3,2.5,0.2,score_point,0.04539007092198582,0.7620000000000001,0.21,0.79,0.8449197860962566,705,400,False
model,0.11,0.7,3.5,0.2,score_point,0.04539007092198582,0.763,0.0225,0.9775,0.9501822600243014,705,400,False
model,0.12,0.7,3.5,0.2,score_point,0.04539007092198582,0.763,0.0225,0.9775,0.9501822600243014,705,400,False
model,0.63,0.5,2.0,0.2,score_point,0.04539007092198582,0.77,0.18,0.82,0.8631578947368421,705,400,False
model,0.73,0.3,2.0,0.2,score_point,0.04539007092198582,0.7717500000000002,0.2775,0.7225,0.8016643550624133,705,400,False
model,0.14,0.7,3.0,0.2,score_point,0.04539007092198582,0.7747499999999999,0.0325,0.9675,0.945054945054945,705,400,False
model,0.17,0.7,2.5,0.2,score_point,0.04539007092198582,0.7765000000000001,0.0425,0.9575,0.939877300613497,705,400,False
model,0.61,0.2,3.5,0.2,score_point,0.04539007092198582,0.7774999999999999,0.175,0.825,0.8661417322834646,705,400,False
model,0.51,0.6,2.0,0.2,score_point,0.04539007092198582,0.7785,0.1275,0.8725,0.8937259923175417,705,400,False
model,0.52,0.6,2.0,0.2,score_point,0.04539007092198582,0.7785,0.1275,0.8725,0.8937259923175417,705,400,False
model,0.53,0.6,2.0,0.2,score_point,0.04539007092198582,0.7854999999999999,0.1325,0.8675,0.8908857509627728,705,400,False
model,0.18,0.7,2.5,0.2,score_point,0.04539007092198582,0.7855,0.0475,0.9525,0.9372693726937269,705,400,False
model,0.62,0.2,3.5,0.2,score_point,0.04539007092198582,0.7857499999999998,0.1775,0.8225,0.8646517739816032,705,400,False
model,0.54,0.6,2.0,0.2,score_point,0.04539007092198582,0.7889999999999998,0.135,0.865,0.8894601542416453,705,400,False
model,0.55,0.6,2.0,0.2,score_point,0.04539007092198582,0.7924999999999998,0.1375,0.8625,0.888030888030888,705,400,False
model,0.56,0.6,2.0,0.2,score_point,0.04539007092198582,0.7924999999999998,0.1375,0.8625,0.888030888030888,705,400,False
model,0.71,0.2,2.5,0.2,score_point,0.04539007092198582,0.7979999999999998,0.26,0.74,0.8131868131868132,705,400,False
model,0.32,0.7,2.0,0.2,score_point,0.04539007092198582,0.8007499999999999,0.0775,0.9225,0.9213483146067415,705,400,False
model,0.67,0.2,3.0,0.2,score_point,0.04539007092198582,0.8019999999999999,0.215,0.785,0.8418230563002681,705,400,False
model,0.57,0.6,2.0,0.2,score_point,0.04539007092198582,0.8029999999999998,0.145,0.855,0.8837209302325582,705,400,False
model,0.33,0.7,2.0,0.2,score_point,0.04539007092198582,0.8039999999999999,0.08,0.92,0.92,705,400,False
model,0.34,0.7,2.0,0.2,score_point,0.04539007092198582,0.8039999999999999,0.08,0.92,0.92,705,400,False
model,0.58,0.6,2.0,0.2,score_point,0.04539007092198582,0.8134999999999998,0.1525,0.8475,0.879377431906615,705,400,False
model,0.35,0.7,2.0,0.2,score_point,0.04539007092198582,0.81375,0.0875,0.9125,0.9159347553324969,705,400,False
model,0.71,0.4,2.0,0.2,score_point,0.04539007092198582,0.8160000000000001,0.26,0.74,0.8131868131868132,705,400,False
model,0.04,0.8,3.5,0.2,score_point,0.04539007092198582,0.8269999999999998,0.01,0.99,0.9565217391304348,705,400,False
model,0.05,0.8,3.5,0.2,score_point,0.04539007092198582,0.83375,0.0125,0.9875,0.955259975816203,705,400,False
model,0.78,0.2,2.0,0.2,score_point,0.04539007092198582,0.8344999999999999,0.3525,0.6475,0.7496382054992763,705,400,False
model,0.08,0.8,3.0,0.2,score_point,0.04539007092198582,0.8440000000000001,0.02,0.98,0.9514563106796116,705,400,False
model,0.09,0.8,3.0,0.2,score_point,0.04539007092198582,0.8440000000000001,0.02,0.98,0.9514563106796116,705,400,False
model,0.29,0.8,2.0,0.2,score_point,0.04539007092198582,0.8809999999999999,0.0675,0.9325,0.9267080745341615,705,400,False
model,0.03,0.9,3.5,0.2,score_point,0.04539007092198582,0.9195000000000002,0.0075,0.9925,0.9577804583835947,705,400,False
model,0.13,0.9,2.5,0.2,score_point,0.04539007092198582,0.9480000000000003,0.03,0.97,0.9463414634146342,705,400,False
model,0.22,0.9,2.0,0.2,score_point,0.04539007092198582,0.9577500000000003,0.0525,0.9475,0.9346485819975339,705,400,False
model,0.23,0.9,2.0,0.2,score_point,0.04539007092198582,0.9605000000000002,0.055,0.945,0.9333333333333333,705,400,False
model,0.24,0.9,2.0,0.2,score_point,0.04539007092198582,0.9632500000000002,0.0575,0.9425,0.9320148331273177,705,400,False
model,0.25,0.9,2.0,0.2,score_point,0.04539007092198582,0.9632500000000002,0.0575,0.9425,0.9320148331273177,705,400,False
model,0.2,1.0,2.0,0.2,score_point,0.04539007092198582,1.0475,0.0475,0.9525,0.9372693726937269,705,400,False
model,0.21,1.0,2.0,0.2,score_point,0.04539007092198582,1.0475,0.0475,0.9525,0.9372693726937269,705,400,False
model,0.56,0.3,3.0,0.2,score_point,0.04680851063829787,0.67125,0.1375,0.8625,0.8868894601542415,705,400,True
model,0.37,0.5,2.5,0.2,score_point,0.04680851063829787,0.685,0.0925,0.9075,0.9120603015075376,705,400,False
model,0.38,0.5,2.5,0.2,score_point,0.04680851063829787,0.685,0.0925,0.9075,0.9120603015075376,705,400,False
model,0.45,0.4,3.0,0.2,score_point,0.04680851063829787,0.686,0.11,0.89,0.9024081115335868,705,400,False
model,0.27,0.5,3.5,0.2,score_point,0.04680851063829787,0.6875,0.0625,0.9375,0.9282178217821782,705,400,False
model,0.5,0.3,3.5,0.2,score_point,0.04680851063829787,0.6919999999999998,0.1225,0.8775,0.895408163265306,705,400,False
model,0.46,0.4,3.0,0.2,score_point,0.04680851063829787,0.6925000000000001,0.1125,0.8875,0.9010152284263958,705,400,False
model,0.39,0.5,2.5,0.2,score_point,0.04680851063829787,0.695,0.0975,0.9025,0.9093198992443324,705,400,False
model,0.4,0.5,2.5,0.2,score_point,0.04680851063829787,0.695,0.0975,0.9025,0.9093198992443324,705,400,False
model,0.41,0.5,2.5,0.2,score_point,0.04680851063829787,0.695,0.0975,0.9025,0.9093198992443324,705,400,False
model,0.63,0.3,2.5,0.2,score_point,0.04680851063829787,0.696,0.18,0.82,0.862023653088042,705,400,False
model,0.47,0.4,3.0,0.2,score_point,0.04680851063829787,0.6990000000000002,0.115,0.885,0.8996188055908513,705,400,False
model,0.42,0.5,2.5,0.2,score_point,0.04680851063829787,0.7,0.1,0.9,0.9079445145018915,705,400,False
model,0.4,0.4,3.5,0.2,score_point,0.04680851063829787,0.70225,0.0975,0.9025,0.9093198992443324,705,400,False
model,0.28,0.5,3.5,0.2,score_point,0.04680851063829787,0.7025,0.0675,0.9325,0.9255583126550867,705,400,False
model,0.57,0.4,2.5,0.2,score_point,0.04680851063829787,0.7045000000000001,0.145,0.855,0.8825806451612904,705,400,False
model,0.48,0.4,3.0,0.2,score_point,0.04680851063829787,0.7055000000000001,0.1175,0.8825,0.8982188295165394,705,400,False
model,0.49,0.4,3.0,0.2,score_point,0.04680851063829787,0.7185000000000001,0.1225,0.8775,0.895408163265306,705,400,False
model,0.58,0.4,2.5,0.2,score_point,0.04680851063829787,0.7202500000000001,0.1525,0.8475,0.8782383419689119,705,400,False
model,0.22,0.6,3.0,0.2,score_point,0.04680851063829787,0.726,0.0525,0.9475,0.9334975369458128,705,400,False
model,0.29,0.6,2.5,0.2,score_point,0.04680851063829787,0.7282499999999998,0.0675,0.9325,0.9255583126550867,705,400,False
model,0.19,0.6,3.5,0.2,score_point,0.04680851063829787,0.7377499999999998,0.0475,0.9525,0.9361179361179361,705,400,False
model,0.64,0.2,3.0,0.2,score_point,0.04680851063829787,0.746,0.195,0.805,0.8529801324503311,705,400,False
model,0.72,0.3,2.0,0.2,score_point,0.04680851063829787,0.7589999999999999,0.27,0.73,0.8055172413793104,705,400,False
model,0.6,0.2,3.5,0.2,score_point,0.04680851063829787,0.7609999999999999,0.17,0.83,0.8679738562091504,705,400,False
model,0.61,0.5,2.0,0.2,score_point,0.04680851063829787,0.7625,0.175,0.825,0.8650065530799476,705,400,False
model,0.1,0.7,3.5,0.2,score_point,0.04680851063829787,0.763,0.0225,0.9775,0.9490291262135921,705,400,False
model,0.62,0.5,2.0,0.2,score_point,0.04680851063829787,0.76625,0.1775,0.8225,0.863517060367454,705,400,False
model,0.15,0.7,2.5,0.2,score_point,0.04680851063829787,0.7675,0.0375,0.9625,0.9413202933985331,705,400,False
model,0.13,0.7,3.0,0.2,score_point,0.04680851063829787,0.769,0.03,0.97,0.9451887941534713,705,400,False
model,0.16,0.7,2.5,0.2,score_point,0.04680851063829787,0.7719999999999999,0.04,0.96,0.9400244798041616,705,400,False
model,0.7,0.2,2.5,0.2,score_point,0.04680851063829787,0.775,0.25,0.75,0.8185538881309685,705,400,False
model,0.65,0.2,3.0,0.2,score_point,0.04680851063829787,0.7809999999999999,0.2075,0.7925,0.8453333333333333,705,400,False
model,0.66,0.2,3.0,0.2,score_point,0.04680851063829787,0.7879999999999998,0.21,0.79,0.8437917222963952,705,400,False
model,0.3,0.7,2.0,0.2,score_point,0.04680851063829787,0.7909999999999999,0.07,0.93,0.924223602484472,705,400,False
model,0.31,0.7,2.0,0.2,score_point,0.04680851063829787,0.7975,0.075,0.925,0.9215442092154421,705,400,False
model,0.7,0.4,2.0,0.2,score_point,0.04680851063829787,0.8000000000000002,0.25,0.75,0.8185538881309685,705,400,False
model,0.77,0.2,2.0,0.2,score_point,0.04680851063829787,0.8029999999999999,0.335,0.665,0.7610872675250359,705,400,False
model,0.06,0.8,3.0,0.2,score_point,0.04680851063829787,0.8330000000000001,0.015,0.985,0.9528415961305925,705,400,False
model,0.07,0.8,3.0,0.2,score_point,0.04680851063829787,0.8384999999999999,0.0175,0.9825,0.9515738498789347,705,400,False
model,0.14,0.8,2.5,0.2,score_point,0.04680851063829787,0.8552500000000001,0.0325,0.9675,0.9439024390243901,705,400,False
model,0.26,0.8,2.0,0.2,score_point,0.04680851063829787,0.872,0.06,0.94,0.9295426452410382,705,400,False
model,0.27,0.8,2.0,0.2,score_point,0.04680851063829787,0.875,0.0625,0.9375,0.9282178217821782,705,400,False
model,0.28,0.8,2.0,0.2,score_point,0.04680851063829787,0.8809999999999999,0.0675,0.9325,0.9255583126550867,705,400,False
model,0.1,0.9,2.5,0.2,score_point,0.04680851063829787,0.9360000000000003,0.0225,0.9775,0.9490291262135921,705,400,False
model,0.11,0.9,2.5,0.2,score_point,0.04680851063829787,0.9360000000000003,0.0225,0.9775,0.9490291262135921,705,400,False
model,0.12,0.9,2.5,0.2,score_point,0.04680851063829787,0.9360000000000003,0.0225,0.9775,0.9490291262135921,705,400,False
model,0.2,0.9,2.0,0.2,score_point,0.04680851063829787,0.9522500000000003,0.0475,0.9525,0.9361179361179361,705,400,False
model,0.21,0.9,2.0,0.2,score_point,0.04680851063829787,0.9522500000000003,0.0475,0.9525,0.9361179361179361,705,400,False
model,0.02,1.0,3.0,0.2,score_point,0.04680851063829787,1.01,0.005,0.995,0.9578820697954273,705,400,False
model,0.03,1.0,2.5,0.2,score_point,0.04680851063829787,1.01125,0.0075,0.9925,0.9566265060240964,705,400,False
model,0.19,1.0,2.0,0.2,score_point,0.04680851063829787,1.0475,0.0475,0.9525,0.9361179361179361,705,400,False
model,0.51,0.3,3.0,0.2,score_point,0.04822695035460993,0.64425,0.1275,0.8725,0.8914431673052363,705,400,False
model,0.52,0.3,3.0,0.2,score_point,0.04822695035460993,0.64425,0.1275,0.8725,0.8914431673052363,705,400,True
model,0.53,0.3,3.0,0.2,score_point,0.04822695035460993,0.6577500000000001,0.1325,0.8675,0.8886043533930857,705,400,False
model,0.43,0.4,3.0,0.2,score_point,0.04822695035460993,0.6600000000000001,0.1,0.9,0.9068010075566751,705,400,False
model,0.44,0.4,3.0,0.2,score_point,0.04822695035460993,0.6600000000000001,0.1,0.9,0.9068010075566751,705,400,False
model,0.54,0.3,3.0,0.2,score_point,0.04822695035460993,0.6645,0.135,0.865,0.8871794871794871,705,400,False
model,0.47,0.3,3.5,0.2,score_point,0.04822695035460993,0.6679999999999999,0.115,0.885,0.8984771573604061,705,400,False
model,0.29,0.5,3.0,0.2,score_point,0.04822695035460993,0.66875,0.0675,0.9325,0.9244114002478314,705,400,False
model,0.55,0.3,3.0,0.2,score_point,0.04822695035460993,0.67125,0.1375,0.8625,0.8857509627727856,705,400,False
model,0.48,0.3,3.5,0.2,score_point,0.04822695035460993,0.6759999999999999,0.1175,0.8825,0.8970775095298603,705,400,False
model,0.26,0.5,3.5,0.2,score_point,0.04822695035460993,0.68,0.06,0.94,0.9283950617283951,705,400,False
model,0.61,0.3,2.5,0.2,score_point,0.04822695035460993,0.685,0.175,0.825,0.8638743455497382,705,400,False
model,0.37,0.4,3.5,0.2,score_point,0.04822695035460993,0.6867500000000001,0.0925,0.9075,0.9109159347553325,705,400,False
model,0.38,0.4,3.5,0.2,score_point,0.04822695035460993,0.6867500000000001,0.0925,0.9075,0.9109159347553325,705,400,False
model,0.56,0.4,2.5,0.2,score_point,0.04822695035460993,0.68875,0.1375,0.8625,0.8857509627727856,705,400,False
model,0.62,0.3,2.5,0.2,score_point,0.04822695035460993,0.6905000000000001,0.1775,0.8225,0.8623853211009176,705,400,False
model,0.49,0.3,3.5,0.2,score_point,0.04822695035460993,0.6919999999999998,0.1225,0.8775,0.8942675159235669,705,400,False
model,0.39,0.4,3.5,0.2,score_point,0.04822695035460993,0.70225,0.0975,0.9025,0.908176100628931,705,400,False
model,0.63,0.2,3.0,0.2,score_point,0.04822695035460993,0.7040000000000001,0.18,0.82,0.8608923884514436,705,400,False
model,0.27,0.6,2.5,0.2,score_point,0.04822695035460993,0.7187499999999999,0.0625,0.9375,0.927070457354759,705,400,False
model,0.28,0.6,2.5,0.2,score_point,0.04822695035460993,0.7282499999999998,0.0675,0.9325,0.9244114002478314,705,400,False
model,0.59,0.2,3.5,0.2,score_point,0.04822695035460993,0.73625,0.1625,0.8375,0.8712613784135241,705,400,False
model,0.11,0.7,3.0,0.2,score_point,0.04822695035460993,0.7517499999999999,0.0225,0.9775,0.947878787878788,705,400,False
model,0.12,0.7,3.0,0.2,score_point,0.04822695035460993,0.7517499999999999,0.0225,0.9775,0.947878787878788,705,400,False
model,0.6,0.5,2.0,0.2,score_point,0.04822695035460993,0.755,0.17,0.83,0.8668407310704961,705,400,False
model,0.09,0.7,3.5,0.2,score_point,0.04822695035460993,0.7559999999999999,0.02,0.98,0.9491525423728814,705,400,False
model,0.5,0.6,2.0,0.2,score_point,0.04822695035460993,0.7715,0.1225,0.8775,0.8942675159235669,705,400,False
model,0.76,0.2,2.0,0.2,score_point,0.04822695035460993,0.785,0.325,0.675,0.7670454545454545,705,400,False
model,0.29,0.7,2.0,0.2,score_point,0.04822695035460993,0.7877500000000001,0.0675,0.9325,0.9244114002478314,705,400,False
model,0.04,0.8,3.0,0.2,score_point,0.04822695035460993,0.8219999999999998,0.01,0.99,0.9542168674698797,705,400,False
model,0.05,0.8,3.0,0.2,score_point,0.04822695035460993,0.8275,0.0125,0.9875,0.9529553679131485,705,400,False
model,0.13,0.8,2.5,0.2,score_point,0.04822695035460993,0.851,0.03,0.97,0.9440389294403893,705,400,False
model,0.22,0.8,2.0,0.2,score_point,0.04822695035460993,0.8630000000000001,0.0525,0.9475,0.932349323493235,705,400,False
model,0.23,0.8,2.0,0.2,score_point,0.04822695035460993,0.8660000000000001,0.055,0.945,0.9310344827586207,705,400,False
model,0.24,0.8,2.0,0.2,score_point,0.04822695035460993,0.8690000000000001,0.0575,0.9425,0.9297163995067818,705,400,False
model,0.25,0.8,2.0,0.2,score_point,0.04822695035460993,0.8690000000000001,0.0575,0.9425,0.9297163995067818,705,400,False
model,0.03,0.9,3.0,0.2,score_point,0.04822695035460993,0.9157500000000002,0.0075,0.9925,0.9554753309265944,705,400,False
model,0.08,0.9,2.5,0.2,score_point,0.04822695035460993,0.9320000000000002,0.02,0.98,0.9491525423728814,705,400,False
model,0.09,0.9,2.5,0.2,score_point,0.04822695035460993,0.9320000000000002,0.02,0.98,0.9491525423728814,705,400,False
model,0.19,0.9,2.0,0.2,score_point,0.04822695035460993,0.9522500000000003,0.0475,0.9525,0.9349693251533743,705,400,False
model,0.15,1.0,2.0,0.2,score_point,0.04822695035460993,1.0375,0.0375,0.9625,0.9401709401709402,705,400,False
model,0.16,1.0,2.0,0.2,score_point,0.04822695035460993,1.04,0.04,0.96,0.9388753056234719,705,400,False
model,0.17,1.0,2.0,0.2,score_point,0.04822695035460993,1.0425,0.0425,0.9575,0.9375764993880048,705,400,False
model,0.18,1.0,2.0,0.2,score_point,0.04822695035460993,1.0475,0.0475,0.9525,0.9349693251533743,705,400,False
model,0.45,0.3,3.5,0.2,score_point,0.04964539007092199,0.652,0.11,0.89,0.900126422250316,705,400,False
model,0.41,0.4,3.0,0.2,score_point,0.04964539007092199,0.6535000000000001,0.0975,0.9025,0.9070351758793971,705,400,False
model,0.46,0.3,3.5,0.2,score_point,0.04964539007092199,0.66,0.1125,0.8875,0.8987341772151898,705,400,False
model,0.42,0.4,3.0,0.2,score_point,0.04964539007092199,0.6600000000000001,0.1,0.9,0.9056603773584907,705,400,False
model,0.23,0.5,3.5,0.2,score_point,0.04964539007092199,0.665,0.055,0.945,0.9298892988929889,705,400,False
model,0.51,0.4,2.5,0.2,score_point,0.04964539007092199,0.6677500000000001,0.1275,0.8725,0.8903061224489797,705,400,False
model,0.52,0.4,2.5,0.2,score_point,0.04964539007092199,0.6677500000000001,0.1275,0.8725,0.8903061224489797,705,400,False
model,0.24,0.5,3.5,0.2,score_point,0.04964539007092199,0.6725,0.0575,0.9425,0.9285714285714286,705,400,False
model,0.25,0.5,3.5,0.2,score_point,0.04964539007092199,0.6725,0.0575,0.9425,0.9285714285714286,705,400,False
model,0.6,0.3,2.5,0.2,score_point,0.04964539007092199,0.6739999999999999,0.17,0.83,0.8657105606258148,705,400,False
model,0.36,0.5,2.5,0.2,score_point,0.04964539007092199,0.675,0.0875,0.9125,0.9125,705,400,False
model,0.53,0.4,2.5,0.2,score_point,0.04964539007092199,0.6782500000000001,0.1325,0.8675,0.887468030690537,705,400,False
model,0.57,0.2,3.5,0.2,score_point,0.04964539007092199,0.6785,0.145,0.855,0.8803088803088802,705,400,False
model,0.54,0.4,2.5,0.2,score_point,0.04964539007092199,0.6835000000000002,0.135,0.865,0.8860435339308579,705,400,False
model,0.55,0.4,2.5,0.2,score_point,0.04964539007092199,0.68875,0.1375,0.8625,0.8846153846153847,705,400,False
model,0.61,0.2,3.0,0.2,score_point,0.04964539007092199,0.69,0.175,0.825,0.8627450980392157,705,400,False
model,0.62,0.2,3.0,0.2,score_point,0.04964539007092199,0.6969999999999998,0.1775,0.8225,0.8612565445026178,705,400,False
model,0.58,0.2,3.5,0.2,score_point,0.04964539007092199,0.7032499999999999,0.1525,0.8475,0.875968992248062,705,400,False
model,0.26,0.6,2.5,0.2,score_point,0.04964539007092199,0.7139999999999997,0.06,0.94,0.9272503082614056,705,400,False
model,0.2,0.6,3.0,0.2,score_point,0.04964539007092199,0.714,0.0475,0.9525,0.9338235294117646,705,400,False
model,0.21,0.6,3.0,0.2,score_point,0.04964539007092199,0.714,0.0475,0.9525,0.9338235294117646,705,400,False
model,0.17,0.6,3.5,0.2,score_point,0.04964539007092199,0.7232499999999998,0.0425,0.9575,0.9364303178484108,705,400,False
model,0.18,0.6,3.5,0.2,score_point,0.04964539007092199,0.7377499999999998,0.0475,0.9525,0.9338235294117646,705,400,False
model,0.71,0.3,2.0,0.2,score_point,0.04964539007092199,0.7419999999999999,0.26,0.74,0.8098495212038305,705,400,False
model,0.59,0.5,2.0,0.2,score_point,0.04964539007092199,0.74375,0.1625,0.8375,0.8701298701298702,705,400,False
model,0.75,0.2,2.0,0.2,score_point,0.04964539007092199,0.7445,0.3025,0.6975,0.7815126050420169,705,400,False
model,0.69,0.2,2.5,0.2,score_point,0.04964539007092199,0.74625,0.2375,0.7625,0.8243243243243242,705,400,False
model,0.1,0.7,3.0,0.2,score_point,0.04964539007092199,0.7517499999999999,0.0225,0.9775,0.9467312348668281,705,400,False
model,0.45,0.6,2.0,0.2,score_point,0.04964539007092199,0.7539999999999999,0.11,0.89,0.900126422250316,705,400,False
model,0.08,0.7,3.5,0.2,score_point,0.04964539007092199,0.7559999999999999,0.02,0.98,0.9480048367593712,705,400,False
model,0.46,0.6,2.0,0.2,score_point,0.04964539007092199,0.7575,0.1125,0.8875,0.8987341772151898,705,400,False
model,0.47,0.6,2.0,0.2,score_point,0.04964539007092199,0.7609999999999999,0.115,0.885,0.8973384030418251,705,400,False
model,0.48,0.6,2.0,0.2,score_point,0.04964539007092199,0.7644999999999998,0.1175,0.8825,0.8959390862944162,705,400,False
model,0.49,0.6,2.0,0.2,score_point,0.04964539007092199,0.7715,0.1225,0.8775,0.8931297709923663,705,400,False
model,0.26,0.7,2.0,0.2,score_point,0.04964539007092199,0.778,0.06,0.94,0.9272503082614056,705,400,False
model,0.69,0.4,2.0,0.2,score_point,0.04964539007092199,0.7800000000000001,0.2375,0.7625,0.8243243243243242,705,400,False
model,0.27,0.7,2.0,0.2,score_point,0.04964539007092199,0.78125,0.0625,0.9375,0.925925925925926,705,400,False
model,0.28,0.7,2.0,0.2,score_point,0.04964539007092199,0.7877500000000001,0.0675,0.9325,0.9232673267326732,705,400,False
model,0.1,0.8,2.5,0.2,score_point,0.04964539007092199,0.83825,0.0225,0.9775,0.9467312348668281,705,400,False
model,0.11,0.8,2.5,0.2,score_point,0.04964539007092199,0.83825,0.0225,0.9775,0.9467312348668281,705,400,False
model,0.12,0.8,2.5,0.2,score_point,0.04964539007092199,0.83825,0.0225,0.9775,0.9467312348668281,705,400,False
model,0.2,0.8,2.0,0.2,score_point,0.04964539007092199,0.857,0.0475,0.9525,0.9338235294117646,705,400,False
model,0.21,0.8,2.0,0.2,score_point,0.04964539007092199,0.857,0.0475,0.9525,0.9338235294117646,705,400,False
model,0.04,0.9,2.5,0.2,score_point,0.04964539007092199,0.9160000000000003,0.01,0.99,0.9530685920577617,705,400,False
model,0.05,0.9,2.5,0.2,score_point,0.04964539007092199,0.9200000000000002,0.0125,0.9875,0.9518072289156626,705,400,False
model,0.06,0.9,2.5,0.2,score_point,0.04964539007092199,0.9240000000000002,0.015,0.985,0.9505428226779251,705,400,False
model,0.07,0.9,2.5,0.2,score_point,0.04964539007092199,0.9280000000000002,0.0175,0.9825,0.9492753623188406,705,400,False
model,0.15,0.9,2.0,0.2,score_point,0.04964539007092199,0.9412500000000003,0.0375,0.9625,0.9390243902439025,705,400,False
model,0.16,0.9,2.0,0.2,score_point,0.04964539007092199,0.9440000000000004,0.04,0.96,0.9377289377289378,705,400,False
model,0.17,0.9,2.0,0.2,score_point,0.04964539007092199,0.9467500000000002,0.0425,0.9575,0.9364303178484108,705,400,False
model,0.18,0.9,2.0,0.2,score_point,0.04964539007092199,0.9522500000000003,0.0475,0.9525,0.9338235294117646,705,400,False
model,0.14,1.0,2.0,0.2,score_point,0.04964539007092199,1.0325,0.0325,0.9675,0.9416058394160584,705,400,False
model,0.43,0.3,3.5,0.2,score_point,0.05106382978723404,0.6199999999999999,0.1,0.9,0.9045226130653266,705,400,False
model,0.44,0.3,3.5,0.2,score_point,0.05106382978723404,0.6199999999999999,0.1,0.9,0.9045226130653266,705,400,True
model,0.5,0.3,3.0,0.2,score_point,0.05106382978723404,0.6307499999999999,0.1225,0.8775,0.891994917407878,705,400,False
model,0.4,0.4,3.0,0.2,score_point,0.05106382978723404,0.6535000000000001,0.0975,0.9025,0.9058971141781681,705,400,False
model,0.56,0.2,3.5,0.2,score_point,0.05106382978723404,0.65375,0.1375,0.8625,0.8834827144686299,705,400,False
model,0.32,0.5,2.5,0.2,score_point,0.05106382978723404,0.655,0.0775,0.9225,0.9167701863354037,705,400,False
model,0.27,0.5,3.0,0.2,score_point,0.05106382978723404,0.65625,0.0625,0.9375,0.9247842170160295,705,400,False
model,0.59,0.3,2.5,0.2,score_point,0.05106382978723404,0.6575,0.1625,0.8375,0.8690012970168612,705,400,False
model,0.33,0.5,2.5,0.2,score_point,0.05106382978723404,0.66,0.08,0.92,0.9154228855721394,705,400,False
model,0.34,0.5,2.5,0.2,score_point,0.05106382978723404,0.66,0.08,0.92,0.9154228855721394,705,400,False
model,0.28,0.5,3.0,0.2,score_point,0.05106382978723404,0.66875,0.0675,0.9325,0.9221260815822003,705,400,False
model,0.36,0.4,3.5,0.2,score_point,0.05106382978723404,0.6712500000000001,0.0875,0.9125,0.9113607990012484,705,400,False
model,0.35,0.5,2.5,0.2,score_point,0.05106382978723404,0.675,0.0875,0.9125,0.9113607990012484,705,400,False
model,0.6,0.2,3.0,0.2,score_point,0.05106382978723404,0.6759999999999999,0.17,0.83,0.8645833333333334,705,400,False
model,0.51,0.5,2.0,0.2,score_point,0.05106382978723404,0.69125,0.1275,0.8725,0.889171974522293,705,400,False
model,0.52,0.5,2.0,0.2,score_point,0.05106382978723404,0.69125,0.1275,0.8725,0.889171974522293,705,400,False
model,0.53,0.5,2.0,0.2,score_point,0.05106382978723404,0.69875,0.1325,0.8675,0.8863346104725414,705,400,False
model,0.54,0.5,2.0,0.2,score_point,0.05106382978723404,0.7025,0.135,0.865,0.8849104859335037,705,400,False
model,0.23,0.6,2.5,0.2,score_point,0.05106382978723404,0.7044999999999999,0.055,0.945,0.9287469287469287,705,400,False
model,0.55,0.5,2.0,0.2,score_point,0.05106382978723404,0.70625,0.1375,0.8625,0.8834827144686299,705,400,False
model,0.56,0.5,2.0,0.2,score_point,0.05106382978723404,0.70625,0.1375,0.8625,0.8834827144686299,705,400,False
model,0.24,0.6,2.5,0.2,score_point,0.05106382978723404,0.7092499999999998,0.0575,0.9425,0.9274292742927429,705,400,False
model,0.25,0.6,2.5,0.2,score_point,0.05106382978723404,0.7092499999999998,0.0575,0.9425,0.9274292742927429,705,400,False
model,0.64,0.4,2.0,0.2,score_point,0.05106382978723404,0.7120000000000001,0.195,0.805,0.8496042216358839,705,400,False
model,0.19,0.6,3.0,0.2,score_point,0.05106382978723404,0.714,0.0475,0.9525,0.9326805385556916,705,400,False
model,0.57,0.5,2.0,0.2,score_point,0.05106382978723404,0.7175,0.145,0.855,0.8791773778920309,705,400,False
model,0.68,0.2,2.5,0.2,score_point,0.05106382978723404,0.7232500000000001,0.2275,0.7725,0.8295302013422818,705,400,False
model,0.7,0.3,2.0,0.2,score_point,0.05106382978723404,0.725,0.25,0.75,0.8152173913043479,705,400,False
model,0.74,0.2,2.0,0.2,score_point,0.05106382978723404,0.7264999999999999,0.2925,0.7075,0.7872044506258693,705,400,False
model,0.58,0.5,2.0,0.2,score_point,0.05106382978723404,0.72875,0.1525,0.8475,0.8748387096774194,705,400,False
model,0.65,0.4,2.0,0.2,score_point,0.05106382978723404,0.7320000000000002,0.2075,0.7925,0.8419654714475431,705,400,False
model,0.66,0.4,2.0,0.2,score_point,0.05106382978723404,0.7360000000000001,0.21,0.79,0.8404255319148937,705,400,False
model,0.43,0.6,2.0,0.2,score_point,0.05106382978723404,0.74,0.1,0.9,0.9045226130653266,705,400,False
model,0.44,0.6,2.0,0.2,score_point,0.05106382978723404,0.74,0.1,0.9,0.9045226130653266,705,400,False
model,0.67,0.4,2.0,0.2,score_point,0.05106382978723404,0.7440000000000001,0.215,0.785,0.8373333333333334,705,400,False
model,0.09,0.7,3.0,0.2,score_point,0.05106382978723404,0.746,0.02,0.98,0.9468599033816426,705,400,False
model,0.14,0.7,2.5,0.2,score_point,0.05106382978723404,0.7585,0.0325,0.9675,0.9404617253948967,705,400,False
model,0.68,0.4,2.0,0.2,score_point,0.05106382978723404,0.764,0.2275,0.7725,0.8295302013422818,705,400,False
model,0.22,0.7,2.0,0.2,score_point,0.05106382978723404,0.76825,0.0525,0.9475,0.9300613496932516,705,400,False
model,0.23,0.7,2.0,0.2,score_point,0.05106382978723404,0.7715000000000001,0.055,0.945,0.9287469287469287,705,400,False
model,0.24,0.7,2.0,0.2,score_point,0.05106382978723404,0.7747499999999999,0.0575,0.9425,0.9274292742927429,705,400,False
model,0.25,0.7,2.0,0.2,score_point,0.05106382978723404,0.7747499999999999,0.0575,0.9425,0.9274292742927429,705,400,False
model,0.03,0.8,3.5,0.2,score_point,0.05106382978723404,0.82025,0.0075,0.9925,0.9531812725090035,705,400,False
model,0.08,0.8,2.5,0.2,score_point,0.05106382978723404,0.8340000000000001,0.02,0.98,0.9468599033816426,705,400,False
model,0.09,0.8,2.5,0.2,score_point,0.05106382978723404,0.8340000000000001,0.02,0.98,0.9468599033816426,705,400,False
model,0.19,0.8,2.0,0.2,score_point,0.05106382978723404,0.857,0.0475,0.9525,0.9326805385556916,705,400,False
model,0.01,1.0,3.0,0.2,score_point,0.05106382978723404,1.005,0.0025,0.9975,0.9556886227544911,705,400,False
model,0.01,1.0,3.5,0.2,score_point,0.05106382978723404,1.00625,0.0025,0.9975,0.9556886227544911,705,400,False
model,0.1,1.0,2.0,0.2,score_point,0.05106382978723404,1.0225,0.0225,0.9775,0.9455864570737607,705,400,False
model,0.11,1.0,2.0,0.2,score_point,0.05106382978723404,1.0225,0.0225,0.9775,0.9455864570737607,705,400,False
model,0.12,1.0,2.0,0.2,score_point,0.05106382978723404,1.0225,0.0225,0.9775,0.9455864570737607,705,400,False
model,0.13,1.0,2.0,0.2,score_point,0.05106382978723404,1.03,0.03,0.97,0.9417475728155339,705,400,False
model,0.47,0.3,3.0,0.2,score_point,0.0524822695035461,0.6104999999999999,0.115,0.885,0.8950695322376738,705,400,True
model,0.41,0.3,3.5,0.2,score_point,0.0524822695035461,0.612,0.0975,0.9025,0.9047619047619048,705,400,False
model,0.48,0.3,3.0,0.2,score_point,0.0524822695035461,0.61725,0.1175,0.8825,0.8936708860759494,705,400,False
model,0.57,0.3,2.5,0.2,score_point,0.0524822695035461,0.6189999999999999,0.145,0.855,0.8780487804878049,705,400,False
model,0.42,0.3,3.5,0.2,score_point,0.0524822695035461,0.6199999999999999,0.1,0.9,0.903387703889586,705,400,False
model,0.52,0.2,3.5,0.2,score_point,0.0524822695035461,0.62075,0.1275,0.8725,0.8880407124681934,705,400,False
model,0.49,0.3,3.0,0.2,score_point,0.0524822695035461,0.6307499999999999,0.1225,0.8775,0.8908629441624365,705,400,False
model,0.58,0.3,2.5,0.2,score_point,0.0524822695035461,0.6355,0.1525,0.8475,0.8737113402061856,705,400,False
model,0.53,0.2,3.5,0.2,score_point,0.0524822695035461,0.63725,0.1325,0.8675,0.8852040816326532,705,400,False
model,0.3,0.5,2.5,0.2,score_point,0.0524822695035461,0.64,0.07,0.93,0.9196538936959209,705,400,False
model,0.37,0.4,3.0,0.2,score_point,0.0524822695035461,0.6405000000000001,0.0925,0.9075,0.9075,705,400,False
model,0.38,0.4,3.0,0.2,score_point,0.0524822695035461,0.6405000000000001,0.0925,0.9075,0.9075,705,400,False
model,0.54,0.2,3.5,0.2,score_point,0.0524822695035461,0.6455,0.135,0.865,0.8837803320561941,705,400,False
model,0.33,0.4,3.5,0.2,score_point,0.0524822695035461,0.6480000000000001,0.08,0.92,0.9142857142857144,705,400,False
model,0.34,0.4,3.5,0.2,score_point,0.0524822695035461,0.6480000000000001,0.08,0.92,0.9142857142857144,705,400,False
model,0.26,0.5,3.0,0.2,score_point,0.0524822695035461,0.65,0.06,0.94,0.9249692496924968,705,400,False
model,0.31,0.5,2.5,0.2,score_point,0.0524822695035461,0.65,0.075,0.925,0.9169764560099133,705,400,False
model,0.39,0.4,3.0,0.2,score_point,0.0524822695035461,0.6535000000000001,0.0975,0.9025,0.9047619047619048,705,400,False
model,0.55,0.2,3.5,0.2,score_point,0.0524822695035461,0.65375,0.1375,0.8625,0.8823529411764706,705,400,False
model,0.59,0.2,3.0,0.2,score_point,0.0524822695035461,0.655,0.1625,0.8375,0.8678756476683938,705,400,False
model,0.5,0.4,2.5,0.2,score_point,0.0524822695035461,0.6572500000000001,0.1225,0.8775,0.8908629441624365,705,400,False
model,0.35,0.4,3.5,0.2,score_point,0.0524822695035461,0.6712500000000001,0.0875,0.9125,0.9102244389027432,705,400,False
model,0.63,0.4,2.0,0.2,score_point,0.0524822695035461,0.6880000000000002,0.18,0.82,0.857516339869281,705,400,False
model,0.67,0.2,2.5,0.2,score_point,0.0524822695035461,0.6944999999999999,0.215,0.785,0.8362183754993342,705,400,False
model,0.22,0.6,2.5,0.2,score_point,0.0524822695035461,0.69975,0.0525,0.9475,0.928921568627451,705,400,False
model,0.17,0.6,3.0,0.2,score_point,0.0524822695035461,0.7019999999999998,0.0425,0.9575,0.9341463414634146,705,400,False
model,0.18,0.6,3.0,0.2,score_point,0.0524822695035461,0.714,0.0475,0.9525,0.9315403422982885,705,400,False
model,0.16,0.6,3.5,0.2,score_point,0.0524822695035461,0.716,0.04,0.96,0.9354445797807552,705,400,False
model,0.37,0.6,2.0,0.2,score_point,0.0524822695035461,0.7294999999999999,0.0925,0.9075,0.9075,705,400,False
model,0.38,0.6,2.0,0.2,score_point,0.0524822695035461,0.7294999999999999,0.0925,0.9075,0.9075,705,400,False
model,0.39,0.6,2.0,0.2,score_point,0.0524822695035461,0.7364999999999999,0.0975,0.9025,0.9047619047619048,705,400,False
model,0.4,0.6,2.0,0.2,score_point,0.0524822695035461,0.7364999999999999,0.0975,0.9025,0.9047619047619048,705,400,False
model,0.41,0.6,2.0,0.2,score_point,0.0524822695035461,0.7364999999999999,0.0975,0.9025,0.9047619047619048,705,400,False
model,0.42,0.6,2.0,0.2,score_point,0.0524822695035461,0.74,0.1,0.9,0.903387703889586,705,400,False
model,0.08,0.7,3.0,0.2,score_point,0.0524822695035461,0.746,0.02,0.98,0.9457177322074789,705,400,False
model,0.07,0.7,3.5,0.2,score_point,0.0524822695035461,0.7490000000000001,0.0175,0.9825,0.9469879518072288,705,400,False
model,0.13,0.7,2.5,0.2,score_point,0.0524822695035461,0.754,0.03,0.97,0.9406060606060607,705,400,False
model,0.2,0.7,2.0,0.2,score_point,0.0524822695035461,0.7617500000000001,0.0475,0.9525,0.9315403422982885,705,400,False
model,0.21,0.7,2.0,0.2,score_point,0.0524822695035461,0.7617500000000001,0.0475,0.9525,0.9315403422982885,705,400,False
model,0.06,0.8,2.5,0.2,score_point,0.0524822695035461,0.8255000000000001,0.015,0.985,0.9482551143200962,705,400,False
model,0.07,0.8,2.5,0.2,score_point,0.0524822695035461,0.82975,0.0175,0.9825,0.9469879518072288,705,400,False
model,0.15,0.8,2.0,0.2,score_point,0.0524822695035461,0.845,0.0375,0.9625,0.9367396593673967,705,400,False
model,0.16,0.8,2.0,0.2,score_point,0.0524822695035461,0.8480000000000001,0.04,0.96,0.9354445797807552,705,400,False
model,0.17,0.8,2.0,0.2,score_point,0.0524822695035461,0.851,0.0425,0.9575,0.9341463414634146,705,400,False
model,0.18,0.8,2.0,0.2,score_point,0.0524822695035461,0.857,0.0475,0.9525,0.9315403422982885,705,400,False
model,0.02,0.9,3.5,0.2,score_point,0.0524822695035461,0.9130000000000001,0.005,0.995,0.9532934131736527,705,400,False
model,0.02,1.0,2.5,0.2,score_point,0.0524822695035461,1.0075,0.005,0.995,0.9532934131736527,705,400,False
model,0.04,1.0,2.0,0.2,score_point,0.0524822695035461,1.01,0.01,0.99,0.9507803121248499,705,400,False
model,0.05,1.0,2.0,0.2,score_point,0.0524822695035461,1.0125,0.0125,0.9875,0.9495192307692307,705,400,False
model,0.06,1.0,2.0,0.2,score_point,0.0524822695035461,1.015,0.015,0.985,0.9482551143200962,705,400,False
model,0.07,1.0,2.0,0.2,score_point,0.0524822695035461,1.0175,0.0175,0.9825,0.9469879518072288,705,400,False
model,0.08,1.0,2.0,0.2,score_point,0.0524822695035461,1.02,0.02,0.98,0.9457177322074789,705,400,False
model,0.09,1.0,2.0,0.2,score_point,0.0524822695035461,1.02,0.02,0.98,0.9457177322074789,705,400,False
model,0.45,0.3,3.0,0.2,score_point,0.05390070921985816,0.597,0.11,0.89,0.8967254408060454,705,400,True
model,0.56,0.3,2.5,0.2,score_point,0.05390070921985816,0.6024999999999999,0.1375,0.8625,0.8812260536398467,705,400,False
model,0.46,0.3,3.0,0.2,score_point,0.05390070921985816,0.60375,0.1125,0.8875,0.8953341740226985,705,400,False
model,0.57,0.2,3.0,0.2,score_point,0.05390070921985816,0.6060000000000001,0.145,0.855,0.8769230769230769,705,400,False
model,0.4,0.3,3.5,0.2,score_point,0.05390070921985816,0.612,0.0975,0.9025,0.9036295369211514,705,400,False
model,0.51,0.2,3.5,0.2,score_point,0.05390070921985816,0.62075,0.1275,0.8725,0.8869123252858958,705,400,False
model,0.58,0.2,3.0,0.2,score_point,0.05390070921985816,0.627,0.1525,0.8475,0.8725868725868726,705,400,False
model,0.45,0.4,2.5,0.2,score_point,0.05390070921985816,0.6310000000000001,0.11,0.89,0.8967254408060454,705,400,False
model,0.29,0.5,2.5,0.2,score_point,0.05390070921985816,0.635,0.0675,0.9325,0.9198520345252774,705,400,False
model,0.46,0.4,2.5,0.2,score_point,0.05390070921985816,0.6362500000000001,0.1125,0.8875,0.8953341740226985,705,400,False
model,0.23,0.5,3.0,0.2,score_point,0.05390070921985816,0.6375,0.055,0.945,0.926470588235294,705,400,False
model,0.32,0.4,3.5,0.2,score_point,0.05390070921985816,0.6402500000000001,0.0775,0.9225,0.9144981412639404,705,400,False
model,0.47,0.4,2.5,0.2,score_point,0.05390070921985816,0.6415000000000001,0.115,0.885,0.8939393939393939,705,400,False
model,0.24,0.5,3.0,0.2,score_point,0.05390070921985816,0.64375,0.0575,0.9425,0.9251533742331288,705,400,False
model,0.25,0.5,3.0,0.2,score_point,0.05390070921985816,0.64375,0.0575,0.9425,0.9251533742331288,705,400,False
model,0.48,0.4,2.5,0.2,score_point,0.05390070921985816,0.6467500000000002,0.1175,0.8825,0.8925410872313527,705,400,False
model,0.64,0.2,2.5,0.2,score_point,0.05390070921985816,0.6485,0.195,0.805,0.8473684210526315,705,400,False
model,0.49,0.4,2.5,0.2,score_point,0.05390070921985816,0.6572500000000001,0.1225,0.8775,0.8897338403041825,705,400,False
model,0.22,0.5,3.5,0.2,score_point,0.05390070921985816,0.6575,0.0525,0.9475,0.9277845777233783,705,400,False
model,0.65,0.2,2.5,0.2,score_point,0.05390070921985816,0.6772499999999999,0.2075,0.7925,0.8397350993377483,705,400,False
model,0.61,0.4,2.0,0.2,score_point,0.05390070921985816,0.6800000000000002,0.175,0.825,0.859375,705,400,False
model,0.66,0.2,2.5,0.2,score_point,0.05390070921985816,0.6829999999999999,0.21,0.79,0.8381962864721486,705,400,False
model,0.5,0.5,2.0,0.2,score_point,0.05390070921985816,0.68375,0.1225,0.8775,0.8897338403041825,705,400,False
model,0.62,0.4,2.0,0.2,score_point,0.05390070921985816,0.6840000000000002,0.1775,0.8225,0.8578878748370273,705,400,False
model,0.73,0.2,2.0,0.2,score_point,0.05390070921985816,0.6995,0.2775,0.7225,0.795048143053645,705,400,False
model,0.69,0.3,2.0,0.2,score_point,0.05390070921985816,0.70375,0.2375,0.7625,0.8209959623149394,705,400,False
model,0.15,0.6,3.5,0.2,score_point,0.05390070921985816,0.7087499999999999,0.0375,0.9625,0.9356014580801945,705,400,False
model,0.36,0.6,2.0,0.2,score_point,0.05390070921985816,0.7224999999999998,0.0875,0.9125,0.9090909090909092,705,400,False
model,0.11,0.7,2.5,0.2,score_point,0.05390070921985816,0.7404999999999999,0.0225,0.9775,0.9433051869722556,705,400,False
model,0.12,0.7,2.5,0.2,score_point,0.05390070921985816,0.7404999999999999,0.0225,0.9775,0.9433051869722556,705,400,False
model,0.06,0.7,3.5,0.2,score_point,0.05390070921985816,0.7419999999999999,0.015,0.985,0.9471153846153846,705,400,False
model,0.19,0.7,2.0,0.2,score_point,0.05390070921985816,0.7617500000000001,0.0475,0.9525,0.9304029304029304,705,400,False
model,0.03,0.8,3.0,0.2,score_point,0.05390070921985816,0.8165,0.0075,0.9925,0.9508982035928143,705,400,False
model,0.04,0.8,2.5,0.2,score_point,0.05390070921985816,0.8169999999999998,0.01,0.99,0.9496402877697843,705,400,False
model,0.05,0.8,2.5,0.2,score_point,0.05390070921985816,0.82125,0.0125,0.9875,0.9483793517406963,705,400,False
model,0.03,0.9,2.5,0.2,score_point,0.05390070921985816,0.9120000000000001,0.0075,0.9925,0.9508982035928143,705,400,False
model,0.14,0.9,2.0,0.2,score_point,0.05390070921985816,0.9357500000000003,0.0325,0.9675,0.9381818181818182,705,400,False
model,0.86,0.8,1.5,0.2,score_point,0.05390070921985816,1.2007500000000002,0.5725,0.4275,0.561576354679803,705,400,False
model,0.87,0.8,1.5,0.2,score_point,0.05390070921985816,1.2235000000000003,0.605,0.395,0.5302013422818792,705,400,False
model,0.86,0.9,1.5,0.2,score_point,0.05390070921985816,1.2435,0.5725,0.4275,0.561576354679803,705,400,False
model,0.88,0.8,1.5,0.2,score_point,0.05390070921985816,1.2585,0.655,0.345,0.47916666666666663,705,400,False
model,0.87,0.9,1.5,0.2,score_point,0.05390070921985816,1.2630000000000001,0.605,0.395,0.5302013422818792,705,400,False
model,0.89,0.8,1.5,0.2,score_point,0.05390070921985816,1.2847500000000003,0.6925,0.3075,0.4385026737967915,705,400,False
model,0.86,1.0,1.5,0.2,score_point,0.05390070921985816,1.28625,0.5725,0.4275,0.561576354679803,705,400,False
model,0.88,0.9,1.5,0.2,score_point,0.05390070921985816,1.2930000000000001,0.655,0.345,0.47916666666666663,705,400,False
model,0.92,0.5,1.5,0.2,score_point,0.05390070921985816,1.2975,0.7975,0.2025,0.3121387283236995,705,400,False
model,0.87,1.0,1.5,0.2,score_point,0.05390070921985816,1.3025,0.605,0.395,0.5302013422818792,705,400,False
model,0.9,0.8,1.5,0.2,score_point,0.05390070921985816,1.3075,0.725,0.275,0.4014598540145985,705,400,False
model,0.89,0.9,1.5,0.2,score_point,0.05390070921985816,1.3155000000000001,0.6925,0.3075,0.4385026737967915,705,400,False
model,0.92,0.6,1.5,0.2,score_point,0.05390070921985816,1.3177499999999998,0.7975,0.2025,0.3121387283236995,705,400,False
model,0.88,1.0,1.5,0.2,score_point,0.05390070921985816,1.3275,0.655,0.345,0.47916666666666663,705,400,False
model,0.93,0.5,1.5,0.2,score_point,0.05390070921985816,1.3275,0.8275,0.1725,0.27218934911242604,705,400,False
model,0.91,0.8,1.5,0.2,score_point,0.05390070921985816,1.3319999999999999,0.76,0.24,0.3595505617977528,705,400,False
model,0.9,0.9,1.5,0.2,score_point,0.05390070921985816,1.335,0.725,0.275,0.4014598540145985,705,400,False
model,0.92,0.7,1.5,0.2,score_point,0.05390070921985816,1.3379999999999999,0.7975,0.2025,0.3121387283236995,705,400,False
model,0.93,0.6,1.5,0.2,score_point,0.05390070921985816,1.34475,0.8275,0.1725,0.27218934911242604,705,400,False
model,0.89,1.0,1.5,0.2,score_point,0.05390070921985816,1.34625,0.6925,0.3075,0.4385026737967915,705,400,False
model,0.91,0.9,1.5,0.2,score_point,0.05390070921985816,1.3560000000000003,0.76,0.24,0.3595505617977528,705,400,False
model,0.92,0.8,1.5,0.2,score_point,0.05390070921985816,1.3582500000000002,0.7975,0.2025,0.3121387283236995,705,400,False
model,0.93,0.7,1.5,0.2,score_point,0.05390070921985816,1.3619999999999999,0.8275,0.1725,0.27218934911242604,705,400,False
model,0.9,1.0,1.5,0.2,score_point,0.05390070921985816,1.3625,0.725,0.275,0.4014598540145985,705,400,False
model,0.94,0.5,1.5,0.2,score_point,0.05390070921985816,1.375,0.875,0.125,0.20491803278688525,705,400,False
model,0.92,0.9,1.5,0.2,score_point,0.05390070921985816,1.3785000000000003,0.7975,0.2025,0.3121387283236995,705,400,False
model,0.93,0.8,1.5,0.2,score_point,0.05390070921985816,1.37925,0.8275,0.1725,0.27218934911242604,705,400,False
model,0.91,1.0,1.5,0.2,score_point,0.05390070921985816,1.38,0.76,0.24,0.3595505617977528,705,400,False
model,0.94,0.6,1.5,0.2,score_point,0.05390070921985816,1.3875,0.875,0.125,0.20491803278688525,705,400,False
model,0.93,0.9,1.5,0.2,score_point,0.05390070921985816,1.3965,0.8275,0.1725,0.27218934911242604,705,400,False
model,0.92,1.0,1.5,0.2,score_point,0.05390070921985816,1.39875,0.7975,0.2025,0.3121387283236995,705,400,False
model,0.94,0.7,1.5,0.2,score_point,0.05390070921985816,1.4,0.875,0.125,0.20491803278688525,705,400,False
model,0.94,0.8,1.5,0.2,score_point,0.05390070921985816,1.4125,0.875,0.125,0.20491803278688525,705,400,False
model,0.93,1.0,1.5,0.2,score_point,0.05390070921985816,1.41375,0.8275,0.1725,0.27218934911242604,705,400,False
model,0.94,0.9,1.5,0.2,score_point,0.05390070921985816,1.425,0.875,0.125,0.20491803278688525,705,400,False
model,0.95,0.2,1.5,0.2,score_point,0.05390070921985816,1.4285000000000003,0.945,0.055,0.09565217391304348,705,400,False
model,0.95,0.3,1.5,0.2,score_point,0.05390070921985816,1.4339999999999997,0.945,0.055,0.09565217391304348,705,400,False
model,0.94,1.0,1.5,0.2,score_point,0.05390070921985816,1.4375,0.875,0.125,0.20491803278688525,705,400,False
model,0.95,0.4,1.5,0.2,score_point,0.05390070921985816,1.4394999999999998,0.945,0.055,0.09565217391304348,705,400,False
model,0.95,0.5,1.5,0.2,score_point,0.05390070921985816,1.445,0.945,0.055,0.09565217391304348,705,400,False
model,0.95,0.6,1.5,0.2,score_point,0.05390070921985816,1.4505000000000001,0.945,0.055,0.09565217391304348,705,400,False
model,0.95,0.7,1.5,0.2,score_point,0.05390070921985816,1.4560000000000002,0.945,0.055,0.09565217391304348,705,400,False
model,0.96,0.2,1.5,0.2,score_point,0.05390070921985816,1.4610000000000003,0.97,0.03,0.05333333333333333,705,400,False
model,0.95,0.8,1.5,0.2,score_point,0.05390070921985816,1.4614999999999998,0.945,0.055,0.09565217391304348,705,400,False
model,0.96,0.3,1.5,0.2,score_point,0.05390070921985816,1.4639999999999997,0.97,0.03,0.05333333333333333,705,400,False
model,0.95,0.9,1.5,0.2,score_point,0.05390070921985816,1.4669999999999999,0.945,0.055,0.09565217391304348,705,400,False
model,0.96,0.4,1.5,0.2,score_point,0.05390070921985816,1.4669999999999999,0.97,0.03,0.05333333333333333,705,400,False
model,0.96,0.5,1.5,0.2,score_point,0.05390070921985816,1.47,0.97,0.03,0.05333333333333333,705,400,False
model,0.95,1.0,1.5,0.2,score_point,0.05390070921985816,1.4725,0.945,0.055,0.09565217391304348,705,400,False
model,0.96,0.6,1.5,0.2,score_point,0.05390070921985816,1.473,0.97,0.03,0.05333333333333333,705,400,False
model,0.97,0.2,1.5,0.2,score_point,0.05390070921985816,1.474,0.98,0.02,0.035874439461883414,705,400,False
model,0.97,0.3,1.5,0.2,score_point,0.05390070921985816,1.476,0.98,0.02,0.035874439461883414,705,400,False
model,0.96,0.7,1.5,0.2,score_point,0.05390070921985816,1.4760000000000002,0.97,0.03,0.05333333333333333,705,400,False
model,0.97,0.4,1.5,0.2,score_point,0.05390070921985816,1.4780000000000002,0.98,0.02,0.035874439461883414,705,400,False
model,0.96,0.8,1.5,0.2,score_point,0.05390070921985816,1.4789999999999999,0.97,0.03,0.05333333333333333,705,400,False
model,0.97,0.5,1.5,0.2,score_point,0.05390070921985816,1.48,0.98,0.02,0.035874439461883414,705,400,False
model,0.96,0.9,1.5,0.2,score_point,0.05390070921985816,1.482,0.97,0.03,0.05333333333333333,705,400,False
model,0.97,0.6,1.5,0.2,score_point,0.05390070921985816,1.482,0.98,0.02,0.035874439461883414,705,400,False
model,0.97,0.7,1.5,0.2,score_point,0.05390070921985816,1.484,0.98,0.02,0.035874439461883414,705,400,False
model,0.96,1.0,1.5,0.2,score_point,0.05390070921985816,1.485,0.97,0.03,0.05333333333333333,705,400,False
model,0.97,0.8,1.5,0.2,score_point,0.05390070921985816,1.486,0.98,0.02,0.035874439461883414,705,400,False
model,0.97,0.9,1.5,0.2,score_point,0.05390070921985816,1.4880000000000002,0.98,0.02,0.035874439461883414,705,400,False
model,0.97,1.0,1.5,0.2,score_point,0.05390070921985816,1.49,0.98,0.02,0.035874439461883414,705,400,False
model,0.98,0.2,1.5,0.2,score_point,0.05390070921985816,1.49675,0.9975,0.0025,0.004555808656036447,705,400,False
model,0.98,0.3,1.5,0.2,score_point,0.05390070921985816,1.4969999999999999,0.9975,0.0025,0.004555808656036447,705,400,False
model,0.98,0.4,1.5,0.2,score_point,0.05390070921985816,1.49725,0.9975,0.0025,0.004555808656036447,705,400,False
model,0.98,0.5,1.5,0.2,score_point,0.05390070921985816,1.4975,0.9975,0.0025,0.004555808656036447,705,400,False
model,0.98,0.6,1.5,0.2,score_point,0.05390070921985816,1.4977500000000001,0.9975,0.0025,0.004555808656036447,705,400,False
model,0.98,0.7,1.5,0.2,score_point,0.05390070921985816,1.4980000000000002,0.9975,0.0025,0.004555808656036447,705,400,False
model,0.98,0.8,1.5,0.2,score_point,0.05390070921985816,1.4982499999999999,0.9975,0.0025,0.004555808656036447,705,400,False
model,0.98,0.9,1.5,0.2,score_point,0.05390070921985816,1.4985,0.9975,0.0025,0.004555808656036447,705,400,False
model,0.98,1.0,1.5,0.2,score_point,0.05390070921985816,1.49875,0.9975,0.0025,0.004555808656036447,705,400,False
model,0.99,0.2,1.5,0.2,score_point,0.05390070921985816,1.5,1.0,0.0,0.0,705,400,False
model,1.0,0.2,1.5,0.2,score_point,0.05390070921985816,1.5,1.0,0.0,0.0,705,400,False
model,0.99,0.3,1.5,0.2,score_point,0.05390070921985816,1.5,1.0,0.0,0.0,705,400,False
model,1.0,0.3,1.5,0.2,score_point,0.05390070921985816,1.5,1.0,0.0,0.0,705,400,False
model,0.99,0.4,1.5,0.2,score_point,0.05390070921985816,1.5,1.0,0.0,0.0,705,400,False
model,1.0,0.4,1.5,0.2,score_point,0.05390070921985816,1.5,1.0,0.0,0.0,705,400,False
model,0.99,0.5,1.5,0.2,score_point,0.05390070921985816,1.5,1.0,0.0,0.0,705,400,False
model,1.0,0.5,1.5,0.2,score_point,0.05390070921985816,1.5,1.0,0.0,0.0,705,400,False
model,0.99,0.6,1.5,0.2,score_point,0.05390070921985816,1.5,1.0,0.0,0.0,705,400,False
model,1.0,0.6,1.5,0.2,score_point,0.05390070921985816,1.5,1.0,0.0,0.0,705,400,False
model,0.99,0.7,1.5,0.2,score_point,0.05390070921985816,1.5,1.0,0.0,0.0,705,400,False
model,1.0,0.7,1.5,0.2,score_point,0.05390070921985816,1.5,1.0,0.0,0.0,705,400,False
model,0.99,0.8,1.5,0.2,score_point,0.05390070921985816,1.5,1.0,0.0,0.0,705,400,False
model,1.0,0.8,1.5,0.2,score_point,0.05390070921985816,1.5,1.0,0.0,0.0,705,400,False
model,0.99,0.9,1.5,0.2,score_point,0.05390070921985816,1.5,1.0,0.0,0.0,705,400,False
model,1.0,0.9,1.5,0.2,score_point,0.05390070921985816,1.5,1.0,0.0,0.0,705,400,False
model,0.99,1.0,1.5,0.2,score_point,0.05390070921985816,1.5,1.0,0.0,0.0,705,400,False
model,1.0,1.0,1.5,0.2,score_point,0.05390070921985816,1.5,1.0,0.0,0.0,705,400,False
model,0.43,0.3,3.0,0.2,score_point,0.05531914893617021,0.57,0.1,0.9,0.9011264080100125,705,400,False
model,0.44,0.3,3.0,0.2,score_point,0.05531914893617021,0.57,0.1,0.9,0.9011264080100125,705,400,True
model,0.51,0.3,2.5,0.2,score_point,0.05531914893617021,0.5805,0.1275,0.8725,0.8857868020304569,705,400,False
model,0.52,0.3,2.5,0.2,score_point,0.05531914893617021,0.5805,0.1275,0.8725,0.8857868020304569,705,400,False
model,0.56,0.2,3.0,0.2,score_point,0.05531914893617021,0.585,0.1375,0.8625,0.8801020408163265,705,400,False
model,0.53,0.3,2.5,0.2,score_point,0.05531914893617021,0.5914999999999999,0.1325,0.8675,0.8829516539440204,705,400,False
model,0.37,0.3,3.5,0.2,score_point,0.05531914893617021,0.596,0.0925,0.9075,0.9052369077306732,705,400,False
model,0.38,0.3,3.5,0.2,score_point,0.05531914893617021,0.596,0.0925,0.9075,0.9052369077306732,705,400,False
model,0.54,0.3,2.5,0.2,score_point,0.05531914893617021,0.5969999999999999,0.135,0.865,0.8815286624203823,705,400,False
model,0.55,0.3,2.5,0.2,score_point,0.05531914893617021,0.6024999999999999,0.1375,0.8625,0.8801020408163265,705,400,False
model,0.43,0.4,2.5,0.2,score_point,0.05531914893617021,0.6100000000000001,0.1,0.9,0.9011264080100125,705,400,False
model,0.44,0.4,2.5,0.2,score_point,0.05531914893617021,0.6100000000000001,0.1,0.9,0.9011264080100125,705,400,False
model,0.39,0.3,3.5,0.2,score_point,0.05531914893617021,0.612,0.0975,0.9025,0.9025,705,400,False
model,0.63,0.2,2.5,0.2,score_point,0.05531914893617021,0.614,0.18,0.82,0.8552803129074316,705,400,False
model,0.3,0.4,3.5,0.2,score_point,0.05531914893617021,0.6170000000000001,0.07,0.93,0.9173859432799014,705,400,False
model,0.36,0.4,3.0,0.2,score_point,0.05531914893617021,0.6275000000000002,0.0875,0.9125,0.9079601990049752,705,400,False
model,0.31,0.4,3.5,0.2,score_point,0.05531914893617021,0.6325000000000001,0.075,0.925,0.9147095179233622,705,400,False
model,0.45,0.5,2.0,0.2,score_point,0.05531914893617021,0.665,0.11,0.89,0.8955974842767297,705,400,False
model,0.67,0.3,2.0,0.2,score_point,0.05531914893617021,0.6654999999999999,0.215,0.785,0.8339973439575034,705,400,False
model,0.46,0.5,2.0,0.2,score_point,0.05531914893617021,0.66875,0.1125,0.8875,0.8942065491183878,705,400,False
model,0.6,0.4,2.0,0.2,score_point,0.05531914893617021,0.6720000000000002,0.17,0.83,0.861219195849546,705,400,False
model,0.47,0.5,2.0,0.2,score_point,0.05531914893617021,0.6725,0.115,0.885,0.89281210592686,705,400,False
model,0.48,0.5,2.0,0.2,score_point,0.05531914893617021,0.67625,0.1175,0.8825,0.8914141414141414,705,400,False
model,0.49,0.5,2.0,0.2,score_point,0.05531914893617021,0.68375,0.1225,0.8775,0.8886075949367089,705,400,False
model,0.72,0.2,2.0,0.2,score_point,0.05531914893617021,0.686,0.27,0.73,0.79890560875513,705,400,False
model,0.68,0.3,2.0,0.2,score_point,0.05531914893617021,0.68675,0.2275,0.7725,0.8262032085561498,705,400,False
model,0.2,0.6,2.5,0.2,score_point,0.05531914893617021,0.6902499999999999,0.0475,0.9525,0.9292682926829268,705,400,False
model,0.21,0.6,2.5,0.2,score_point,0.05531914893617021,0.6902499999999999,0.0475,0.9525,0.9292682926829268,705,400,False
model,0.16,0.6,3.0,0.2,score_point,0.05531914893617021,0.696,0.04,0.96,0.9331713244228432,705,400,False
model,0.32,0.6,2.0,0.2,score_point,0.05531914893617021,0.7084999999999999,0.0775,0.9225,0.9133663366336634,705,400,False
model,0.33,0.6,2.0,0.2,score_point,0.05531914893617021,0.7119999999999999,0.08,0.92,0.9120198265179679,705,400,False
model,0.34,0.6,2.0,0.2,score_point,0.05531914893617021,0.7119999999999999,0.08,0.92,0.9120198265179679,705,400,False
model,0.35,0.6,2.0,0.2,score_point,0.05531914893617021,0.7224999999999998,0.0875,0.9125,0.9079601990049752,705,400,False
model,0.07,0.7,3.0,0.2,score_point,0.05531914893617021,0.7402500000000001,0.0175,0.9825,0.9447115384615384,705,400,False
model,0.1,0.7,2.5,0.2,score_point,0.05531914893617021,0.7404999999999999,0.0225,0.9775,0.9421686746987952,705,400,False
model,0.17,0.7,2.0,0.2,score_point,0.05531914893617021,0.7552500000000001,0.0425,0.9575,0.9318734793187348,705,400,False
model,0.18,0.7,2.0,0.2,score_point,0.05531914893617021,0.7617500000000001,0.0475,0.9525,0.9292682926829268,705,400,False
model,0.02,0.9,3.0,0.2,score_point,0.05531914893617021,0.9105000000000001,0.005,0.995,0.9510155316606929,705,400,False
model,0.13,0.9,2.0,0.2,score_point,0.05531914893617021,0.9330000000000003,0.03,0.97,0.9383313180169287,705,400,False
model,0.75,0.8,1.5,0.2,score_point,0.05531914893617021,1.0117500000000001,0.3025,0.6975,0.777158774373259,705,400,False
model,0.76,0.8,1.5,0.2,score_point,0.05531914893617021,1.0275,0.325,0.675,0.7616361071932299,705,400,False
model,0.77,0.8,1.5,0.2,score_point,0.05531914893617021,1.0345000000000002,0.335,0.665,0.7546099290780143,705,400,False
model,0.78,0.8,1.5,0.2,score_point,0.05531914893617021,1.04675,0.3525,0.6475,0.7421203438395416,705,400,False
model,0.79,0.8,1.5,0.2,score_point,0.05531914893617021,1.0520000000000003,0.36,0.64,0.7366906474820144,705,400,False
model,0.8,0.8,1.5,0.2,score_point,0.05531914893617021,1.0782500000000002,0.3975,0.6025,0.7088235294117647,705,400,False
model,0.75,0.9,1.5,0.2,score_point,0.05531914893617021,1.0815000000000001,0.3025,0.6975,0.777158774373259,705,400,False
model,0.76,0.9,1.5,0.2,score_point,0.05531914893617021,1.0950000000000002,0.325,0.675,0.7616361071932299,705,400,False
model,0.77,0.9,1.5,0.2,score_point,0.05531914893617021,1.1010000000000002,0.335,0.665,0.7546099290780143,705,400,False
model,0.81,0.8,1.5,0.2,score_point,0.05531914893617021,1.1010000000000002,0.43,0.57,0.6836581709145426,705,400,False
model,0.78,0.9,1.5,0.2,score_point,0.05531914893617021,1.1115000000000002,0.3525,0.6475,0.7421203438395416,705,400,False
model,0.79,0.9,1.5,0.2,score_point,0.05531914893617021,1.1160000000000003,0.36,0.64,0.7366906474820144,705,400,False
model,0.82,0.8,1.5,0.2,score_point,0.05531914893617021,1.1167500000000001,0.4525,0.5475,0.6656534954407294,705,400,False
model,0.83,0.8,1.5,0.2,score_point,0.05531914893617021,1.1325,0.475,0.525,0.6471494607087828,705,400,False
model,0.8,0.9,1.5,0.2,score_point,0.05531914893617021,1.1385,0.3975,0.6025,0.7088235294117647,705,400,False
model,0.75,1.0,1.5,0.2,score_point,0.05531914893617021,1.15125,0.3025,0.6975,0.777158774373259,705,400,False
model,0.84,0.8,1.5,0.2,score_point,0.05531914893617021,1.15525,0.5075,0.4925,0.6194968553459119,705,400,False
model,0.86,0.7,1.5,0.2,score_point,0.05531914893617021,1.158,0.5725,0.4275,0.5606557377049181,705,400,False
model,0.81,0.9,1.5,0.2,score_point,0.05531914893617021,1.1580000000000001,0.43,0.57,0.6836581709145426,705,400,False
model,0.76,1.0,1.5,0.2,score_point,0.05531914893617021,1.1625,0.325,0.675,0.7616361071932299,705,400,False
model,0.77,1.0,1.5,0.2,score_point,0.05531914893617021,1.1675,0.335,0.665,0.7546099290780143,705,400,False
model,0.82,0.9,1.5,0.2,score_point,0.05531914893617021,1.1715,0.4525,0.5475,0.6656534954407294,705,400,False
model,0.78,1.0,1.5,0.2,score_point,0.05531914893617021,1.17625,0.3525,0.6475,0.7421203438395416,705,400,False
model,0.85,0.8,1.5,0.2,score_point,0.05531914893617021,1.1797500000000003,0.5425,0.4575,0.5884244372990354,705,400,False
model,0.79,1.0,1.5,0.2,score_point,0.05531914893617021,1.18,0.36,0.64,0.7366906474820144,705,400,False
model,0.87,0.7,1.5,0.2,score_point,0.05531914893617021,1.1839999999999997,0.605,0.395,0.5293132328308208,705,400,False
model,0.83,0.9,1.5,0.2,score_point,0.05531914893617021,1.185,0.475,0.525,0.6471494607087828,705,400,False
model,0.8,1.0,1.5,0.2,score_point,0.05531914893617021,1.19875,0.3975,0.6025,0.7088235294117647,705,400,False
model,0.84,0.9,1.5,0.2,score_point,0.05531914893617021,1.2045000000000001,0.5075,0.4925,0.6194968553459119,705,400,False
model,0.81,1.0,1.5,0.2,score_point,0.05531914893617021,1.215,0.43,0.57,0.6836581709145426,705,400,False
model,0.88,0.7,1.5,0.2,score_point,0.05531914893617021,1.224,0.655,0.345,0.4783362218370884,705,400,False
model,0.85,0.9,1.5,0.2,score_point,0.05531914893617021,1.2255,0.5425,0.4575,0.5884244372990354,705,400,False
model,0.82,1.0,1.5,0.2,score_point,0.05531914893617021,1.22625,0.4525,0.5475,0.6656534954407294,705,400,False
model,0.83,1.0,1.5,0.2,score_point,0.05531914893617021,1.2375,0.475,0.525,0.6471494607087828,705,400,False
model,0.84,1.0,1.5,0.2,score_point,0.05531914893617021,1.25375,0.5075,0.4925,0.6194968553459119,705,400,False
model,0.89,0.7,1.5,0.2,score_point,0.05531914893617021,1.254,0.6925,0.3075,0.43772241992882566,705,400,False
model,0.92,0.3,1.5,0.2,score_point,0.05531914893617021,1.2570000000000001,0.7975,0.2025,0.31153846153846154,705,400,False
model,0.91,0.5,1.5,0.2,score_point,0.05531914893617021,1.26,0.76,0.24,0.35887850467289717,705,400,False
model,0.85,1.0,1.5,0.2,score_point,0.05531914893617021,1.27125,0.5425,0.4575,0.5884244372990354,705,400,False
model,0.92,0.4,1.5,0.2,score_point,0.05531914893617021,1.27725,0.7975,0.2025,0.31153846153846154,705,400,False
model,0.9,0.7,1.5,0.2,score_point,0.05531914893617021,1.28,0.725,0.275,0.400728597449909,705,400,False
model,0.91,0.6,1.5,0.2,score_point,0.05531914893617021,1.2839999999999998,0.76,0.24,0.35887850467289717,705,400,False
model,0.93,0.3,1.5,0.2,score_point,0.05531914893617021,1.2930000000000001,0.8275,0.1725,0.2716535433070866,705,400,False
model,0.91,0.7,1.5,0.2,score_point,0.05531914893617021,1.3079999999999998,0.76,0.24,0.35887850467289717,705,400,False
model,0.93,0.4,1.5,0.2,score_point,0.05531914893617021,1.3102500000000001,0.8275,0.1725,0.2716535433070866,705,400,False
model,0.94,0.2,1.5,0.2,score_point,0.05531914893617021,1.3375,0.875,0.125,0.20449897750511248,705,400,False
model,0.94,0.3,1.5,0.2,score_point,0.05531914893617021,1.35,0.875,0.125,0.20449897750511248,705,400,False
model,0.94,0.4,1.5,0.2,score_point,0.05531914893617021,1.3625,0.875,0.125,0.20449897750511248,705,400,False
model,0.52,0.2,3.0,0.2,score_point,0.05673758865248227,0.557,0.1275,0.8725,0.8846641318124209,705,400,True
model,0.41,0.3,3.0,0.2,score_point,0.05673758865248227,0.5632499999999999,0.0975,0.9025,0.9013732833957553,705,400,False
model,0.42,0.3,3.0,0.2,score_point,0.05673758865248227,0.57,0.1,0.9,0.9,705,400,False
model,0.53,0.2,3.0,0.2,score_point,0.05673758865248227,0.5710000000000001,0.1325,0.8675,0.8818297331639136,705,400,False
model,0.54,0.2,3.0,0.2,score_point,0.05673758865248227,0.578,0.135,0.865,0.8804071246819338,705,400,False
model,0.55,0.2,3.0,0.2,score_point,0.05673758865248227,0.585,0.1375,0.8625,0.8789808917197451,705,400,False
model,0.61,0.2,2.5,0.2,score_point,0.05673758865248227,0.6025,0.175,0.825,0.8571428571428571,705,400,False
model,0.5,0.2,3.5,0.2,score_point,0.05673758865248227,0.6042500000000001,0.1225,0.8775,0.8874841972187104,705,400,False
model,0.41,0.4,2.5,0.2,score_point,0.05673758865248227,0.6047500000000001,0.0975,0.9025,0.9013732833957553,705,400,False
model,0.33,0.4,3.0,0.2,score_point,0.05673758865248227,0.6080000000000001,0.08,0.92,0.9108910891089109,705,400,False
model,0.34,0.4,3.0,0.2,score_point,0.05673758865248227,0.6080000000000001,0.08,0.92,0.9108910891089109,705,400,False
model,0.62,0.2,2.5,0.2,score_point,0.05673758865248227,0.6082500000000001,0.1775,0.8225,0.8556566970091026,705,400,False
model,0.42,0.4,2.5,0.2,score_point,0.05673758865248227,0.6100000000000001,0.1,0.9,0.9,705,400,False
model,0.27,0.5,2.5,0.2,score_point,0.05673758865248227,0.625,0.0625,0.9375,0.920245398773006,705,400,False
model,0.35,0.4,3.0,0.2,score_point,0.05673758865248227,0.6275000000000002,0.0875,0.9125,0.9068322981366459,705,400,False
model,0.64,0.3,2.0,0.2,score_point,0.05673758865248227,0.6315,0.195,0.805,0.8451443569553806,705,400,False
model,0.28,0.5,2.5,0.2,score_point,0.05673758865248227,0.635,0.0675,0.9325,0.9175891758917589,705,400,False
model,0.2,0.5,3.5,0.2,score_point,0.05673758865248227,0.6425,0.0475,0.9525,0.9281364190012181,705,400,False
model,0.21,0.5,3.5,0.2,score_point,0.05673758865248227,0.6425,0.0475,0.9525,0.9281364190012181,705,400,False
model,0.43,0.5,2.0,0.2,score_point,0.05673758865248227,0.65,0.1,0.9,0.9,705,400,False
model,0.44,0.5,2.0,0.2,score_point,0.05673758865248227,0.65,0.1,0.9,0.9,705,400,False
model,0.65,0.3,2.0,0.2,score_point,0.05673758865248227,0.6527499999999999,0.2075,0.7925,0.8375165125495376,705,400,False
model,0.66,0.3,2.0,0.2,score_point,0.05673758865248227,0.6569999999999999,0.21,0.79,0.8359788359788359,705,400,False
model,0.59,0.4,2.0,0.2,score_point,0.05673758865248227,0.66,0.1625,0.8375,0.8645161290322579,705,400,False
model,0.15,0.6,3.0,0.2,score_point,0.05673758865248227,0.6899999999999998,0.0375,0.9625,0.9333333333333333,705,400,False
model,0.19,0.6,2.5,0.2,score_point,0.05673758865248227,0.6902499999999999,0.0475,0.9525,0.9281364190012181,705,400,False
model,0.3,0.6,2.0,0.2,score_point,0.05673758865248227,0.6979999999999998,0.07,0.93,0.916256157635468,705,400,False
model,0.31,0.6,2.0,0.2,score_point,0.05673758865248227,0.705,0.075,0.925,0.9135802469135802,705,400,False
model,0.06,0.7,3.0,0.2,score_point,0.05673758865248227,0.7344999999999999,0.015,0.985,0.9448441247002398,705,400,False
model,0.05,0.7,3.5,0.2,score_point,0.05673758865248227,0.735,0.0125,0.9875,0.9461077844311377,705,400,False
model,0.09,0.7,2.5,0.2,score_point,0.05673758865248227,0.736,0.02,0.98,0.9423076923076924,705,400,False
model,0.15,0.7,2.0,0.2,score_point,0.05673758865248227,0.74875,0.0375,0.9625,0.9333333333333333,705,400,False
model,0.16,0.7,2.0,0.2,score_point,0.05673758865248227,0.752,0.04,0.96,0.9320388349514563,705,400,False
model,0.14,0.8,2.0,0.2,score_point,0.05673758865248227,0.8390000000000001,0.0325,0.9675,0.9359129383313181,705,400,False
model,0.1,0.9,2.0,0.2,score_point,0.05673758865248227,0.9247500000000002,0.0225,0.9775,0.9410348977135982,705,400,False
model,0.11,0.9,2.0,0.2,score_point,0.05673758865248227,0.9247500000000002,0.0225,0.9775,0.9410348977135982,705,400,False
model,0.12,0.9,2.0,0.2,score_point,0.05673758865248227,0.9247500000000002,0.0225,0.9775,0.9410348977135982,705,400,False
model,0.75,0.7,1.5,0.2,score_point,0.05673758865248227,0.9419999999999998,0.3025,0.6975,0.7760778859527121,705,400,False
model,0.76,0.7,1.5,0.2,score_point,0.05673758865248227,0.9599999999999999,0.325,0.675,0.7605633802816901,705,400,False
model,0.77,0.7,1.5,0.2,score_point,0.05673758865248227,0.9679999999999999,0.335,0.665,0.7535410764872521,705,400,False
model,0.78,0.7,1.5,0.2,score_point,0.05673758865248227,0.9819999999999999,0.3525,0.6475,0.7410586552217453,705,400,False
model,0.79,0.7,1.5,0.2,score_point,0.05673758865248227,0.9879999999999999,0.36,0.64,0.7356321839080459,705,400,False
model,0.72,0.8,1.5,0.2,score_point,0.05673758865248227,0.9890000000000002,0.27,0.73,0.7978142076502732,705,400,False
model,0.73,0.8,1.5,0.2,score_point,0.05673758865248227,0.9942500000000001,0.2775,0.7225,0.7928669410150893,705,400,False
model,0.01,1.0,2.5,0.2,score_point,0.05673758865248227,1.00375,0.0025,0.9975,0.9511323003575686,705,400,False
model,0.74,0.8,1.5,0.2,score_point,0.05673758865248227,1.00475,0.2925,0.7075,0.7828492392807747,705,400,False
model,0.03,1.0,2.0,0.2,score_point,0.05673758865248227,1.0075,0.0075,0.9925,0.948626045400239,705,400,False
model,0.8,0.7,1.5,0.2,score_point,0.05673758865248227,1.0179999999999998,0.3975,0.6025,0.7077826725403817,705,400,False
model,0.81,0.7,1.5,0.2,score_point,0.05673758865248227,1.0439999999999998,0.43,0.57,0.6826347305389222,705,400,False
model,0.82,0.7,1.5,0.2,score_point,0.05673758865248227,1.0619999999999998,0.4525,0.5475,0.6646433990895296,705,400,False
model,0.72,0.9,1.5,0.2,score_point,0.05673758865248227,1.0620000000000003,0.27,0.73,0.7978142076502732,705,400,False
model,0.73,0.9,1.5,0.2,score_point,0.05673758865248227,1.0665000000000002,0.2775,0.7225,0.7928669410150893,705,400,False
model,0.74,0.9,1.5,0.2,score_point,0.05673758865248227,1.0755000000000001,0.2925,0.7075,0.7828492392807747,705,400,False
model,0.83,0.7,1.5,0.2,score_point,0.05673758865248227,1.0799999999999998,0.475,0.525,0.6461538461538462,705,400,False
model,0.84,0.7,1.5,0.2,score_point,0.05673758865248227,1.1059999999999999,0.5075,0.4925,0.618524332810047,705,400,False
model,0.86,0.6,1.5,0.2,score_point,0.05673758865248227,1.11525,0.5725,0.4275,0.5597381342062193,705,400,False
model,0.85,0.7,1.5,0.2,score_point,0.05673758865248227,1.1339999999999997,0.5425,0.4575,0.5874799357945426,705,400,False
model,0.72,1.0,1.5,0.2,score_point,0.05673758865248227,1.135,0.27,0.73,0.7978142076502732,705,400,False
model,0.73,1.0,1.5,0.2,score_point,0.05673758865248227,1.13875,0.2775,0.7225,0.7928669410150893,705,400,False
model,0.87,0.6,1.5,0.2,score_point,0.05673758865248227,1.1444999999999999,0.605,0.395,0.5284280936454849,705,400,False
model,0.74,1.0,1.5,0.2,score_point,0.05673758865248227,1.14625,0.2925,0.7075,0.7828492392807747,705,400,False
model,0.88,0.6,1.5,0.2,score_point,0.05673758865248227,1.1894999999999998,0.655,0.345,0.4775086505190311,705,400,False
model,0.91,0.3,1.5,0.2,score_point,0.05673758865248227,1.2120000000000002,0.76,0.24,0.3582089552238806,705,400,False
model,0.89,0.6,1.5,0.2,score_point,0.05673758865248227,1.22325,0.6925,0.3075,0.4369449378330373,705,400,False
model,0.9,0.5,1.5,0.2,score_point,0.05673758865248227,1.225,0.725,0.275,0.4,705,400,False
model,0.91,0.4,1.5,0.2,score_point,0.05673758865248227,1.236,0.76,0.24,0.3582089552238806,705,400,False
model,0.9,0.6,1.5,0.2,score_point,0.05673758865248227,1.2525,0.725,0.275,0.4,705,400,False
model,0.93,0.2,1.5,0.2,score_point,0.05673758865248227,1.27575,0.8275,0.1725,0.2711198428290766,705,400,False
model,0.51,0.2,3.0,0.2,score_point,0.05815602836879433,0.557,0.1275,0.8725,0.8835443037974685,705,400,False
model,0.4,0.3,3.0,0.2,score_point,0.05815602836879433,0.5632499999999999,0.0975,0.9025,0.9002493765586035,705,400,False
model,0.5,0.3,2.5,0.2,score_point,0.05815602836879433,0.5695,0.1225,0.8775,0.8863636363636364,705,400,False
model,0.47,0.2,3.5,0.2,score_point,0.05815602836879433,0.5794999999999999,0.115,0.885,0.890566037735849,705,400,False
model,0.36,0.3,3.5,0.2,score_point,0.05815602836879433,0.58,0.0875,0.9125,0.9057071960297767,705,400,False
model,0.48,0.2,3.5,0.2,score_point,0.05815602836879433,0.58775,0.1175,0.8825,0.889168765743073,705,400,False
model,0.6,0.2,2.5,0.2,score_point,0.05815602836879433,0.591,0.17,0.83,0.8589909443725744,705,400,False
model,0.32,0.4,3.0,0.2,score_point,0.05815602836879433,0.6015000000000001,0.0775,0.9225,0.9111111111111112,705,400,False
model,0.49,0.2,3.5,0.2,score_point,0.05815602836879433,0.6042500000000001,0.1225,0.8775,0.8863636363636364,705,400,False
model,0.4,0.4,2.5,0.2,score_point,0.05815602836879433,0.6047500000000001,0.0975,0.9025,0.9002493765586035,705,400,False
model,0.63,0.3,2.0,0.2,score_point,0.05815602836879433,0.606,0.18,0.82,0.8530559167750326,705,400,False
model,0.29,0.4,3.5,0.2,score_point,0.05815602836879433,0.6092500000000001,0.0675,0.9325,0.9164619164619164,705,400,False
model,0.26,0.5,2.5,0.2,score_point,0.05815602836879433,0.62,0.06,0.94,0.9204406364749081,705,400,False
model,0.22,0.5,3.0,0.2,score_point,0.05815602836879433,0.63125,0.0525,0.9475,0.9243902439024391,705,400,False
model,0.57,0.4,2.0,0.2,score_point,0.05815602836879433,0.6320000000000001,0.145,0.855,0.8735632183908046,705,400,False
model,0.37,0.5,2.0,0.2,score_point,0.05815602836879433,0.63875,0.0925,0.9075,0.9029850746268657,705,400,False
model,0.38,0.5,2.0,0.2,score_point,0.05815602836879433,0.63875,0.0925,0.9075,0.9029850746268657,705,400,False
model,0.19,0.5,3.5,0.2,score_point,0.05815602836879433,0.6425,0.0475,0.9525,0.9270072992700731,705,400,False
model,0.58,0.4,2.0,0.2,score_point,0.05815602836879433,0.644,0.1525,0.8475,0.8692307692307694,705,400,False
model,0.39,0.5,2.0,0.2,score_point,0.05815602836879433,0.64625,0.0975,0.9025,0.9002493765586035,705,400,False
model,0.4,0.5,2.0,0.2,score_point,0.05815602836879433,0.64625,0.0975,0.9025,0.9002493765586035,705,400,False
model,0.41,0.5,2.0,0.2,score_point,0.05815602836879433,0.64625,0.0975,0.9025,0.9002493765586035,705,400,False
model,0.42,0.5,2.0,0.2,score_point,0.05815602836879433,0.65,0.1,0.9,0.8988764044943821,705,400,False
model,0.71,0.2,2.0,0.2,score_point,0.05815602836879433,0.6680000000000001,0.26,0.74,0.8032564450474899,705,400,False
model,0.17,0.6,2.5,0.2,score_point,0.05815602836879433,0.6807499999999999,0.0425,0.9575,0.9296116504854369,705,400,False
model,0.18,0.6,2.5,0.2,score_point,0.05815602836879433,0.6902499999999999,0.0475,0.9525,0.9270072992700731,705,400,False
model,0.14,0.6,3.5,0.2,score_point,0.05815602836879433,0.6942499999999998,0.0325,0.9675,0.9347826086956521,705,400,False
model,0.29,0.6,2.0,0.2,score_point,0.05815602836879433,0.6944999999999999,0.0675,0.9325,0.9164619164619164,705,400,False
model,0.04,0.7,3.5,0.2,score_point,0.05815602836879433,0.7280000000000001,0.01,0.99,0.946236559139785,705,400,False
model,0.08,0.7,2.5,0.2,score_point,0.05815602836879433,0.736,0.02,0.98,0.9411764705882352,705,400,False
model,0.13,0.8,2.0,0.2,score_point,0.05815602836879433,0.836,0.03,0.97,0.9360675512665863,705,400,False
model,0.75,0.6,1.5,0.2,score_point,0.05815602836879433,0.8722499999999997,0.3025,0.6975,0.7749999999999999,705,400,False
model,0.76,0.6,1.5,0.2,score_point,0.05815602836879433,0.8925,0.325,0.675,0.7594936708860759,705,400,False
model,0.77,0.6,1.5,0.2,score_point,0.05815602836879433,0.9014999999999997,0.335,0.665,0.7524752475247526,705,400,False
model,0.72,0.7,1.5,0.2,score_point,0.05815602836879433,0.9159999999999998,0.27,0.73,0.7967257844474761,705,400,False
model,0.78,0.6,1.5,0.2,score_point,0.05815602836879433,0.9172499999999998,0.3525,0.6475,0.7399999999999999,705,400,False
model,0.73,0.7,1.5,0.2,score_point,0.05815602836879433,0.9219999999999999,0.2775,0.7225,0.7917808219178083,705,400,False
model,0.08,0.9,2.0,0.2,score_point,0.05815602836879433,0.9220000000000002,0.02,0.98,0.9411764705882352,705,400,False
model,0.09,0.9,2.0,0.2,score_point,0.05815602836879433,0.9220000000000002,0.02,0.98,0.9411764705882352,705,400,False
model,0.79,0.6,1.5,0.2,score_point,0.05815602836879433,0.9239999999999998,0.36,0.64,0.7345767575322811,705,400,False
model,0.74,0.7,1.5,0.2,score_point,0.05815602836879433,0.9339999999999999,0.2925,0.7075,0.7817679558011049,705,400,False
model,0.8,0.6,1.5,0.2,score_point,0.05815602836879433,0.9577499999999999,0.3975,0.6025,0.7067448680351907,705,400,False
model,0.81,0.6,1.5,0.2,score_point,0.05815602836879433,0.9869999999999999,0.43,0.57,0.6816143497757847,705,400,False
model,0.82,0.6,1.5,0.2,score_point,0.05815602836879433,1.00725,0.4525,0.5475,0.6636363636363637,705,400,False
model,0.83,0.6,1.5,0.2,score_point,0.05815602836879433,1.0275,0.475,0.525,0.6451612903225807,705,400,False
model,0.84,0.6,1.5,0.2,score_point,0.05815602836879433,1.0567499999999999,0.5075,0.4925,0.6175548589341693,705,400,False
model,0.85,0.6,1.5,0.2,score_point,0.05815602836879433,1.08825,0.5425,0.4575,0.5865384615384616,705,400,False
model,0.9,0.3,1.5,0.2,score_point,0.05815602836879433,1.17,0.725,0.275,0.3992740471869328,705,400,False
model,0.89,0.5,1.5,0.2,score_point,0.05815602836879433,1.1925,0.6925,0.3075,0.4361702127659574,705,400,False
model,0.9,0.4,1.5,0.2,score_point,0.05815602836879433,1.1975,0.725,0.275,0.3992740471869328,705,400,False
model,0.92,0.2,1.5,0.2,score_point,0.05815602836879433,1.2367499999999998,0.7975,0.2025,0.3103448275862069,705,400,False
model,0.37,0.3,3.0,0.2,score_point,0.059574468085106386,0.54975,0.0925,0.9075,0.9018633540372671,705,400,False
model,0.38,0.3,3.0,0.2,score_point,0.059574468085106386,0.54975,0.0925,0.9075,0.9018633540372671,705,400,True
model,0.47,0.3,2.5,0.2,score_point,0.059574468085106386,0.5529999999999999,0.115,0.885,0.8894472361809046,705,400,False
model,0.34,0.3,3.5,0.2,score_point,0.059574468085106386,0.5559999999999999,0.08,0.92,0.908641975308642,705,400,False
model,0.48,0.3,2.5,0.2,score_point,0.059574468085106386,0.5585,0.1175,0.8825,0.8880503144654088,705,400,False
model,0.45,0.2,3.5,0.2,score_point,0.059574468085106386,0.563,0.11,0.89,0.8922305764411028,705,400,False
model,0.39,0.3,3.0,0.2,score_point,0.059574468085106386,0.5632499999999999,0.0975,0.9025,0.8991282689912826,705,400,False
model,0.49,0.3,2.5,0.2,score_point,0.059574468085106386,0.5695,0.1225,0.8775,0.8852459016393442,705,400,False
model,0.46,0.2,3.5,0.2,score_point,0.059574468085106386,0.57125,0.1125,0.8875,0.890840652446675,705,400,False
model,0.59,0.2,2.5,0.2,score_point,0.059574468085106386,0.57375,0.1625,0.8375,0.8622908622908624,705,400,False
model,0.35,0.3,3.5,0.2,score_point,0.059574468085106386,0.58,0.0875,0.9125,0.9045848822800495,705,400,False
model,0.3,0.4,3.0,0.2,score_point,0.059574468085106386,0.5820000000000001,0.07,0.93,0.9140049140049139,705,400,False
model,0.37,0.4,2.5,0.2,score_point,0.059574468085106386,0.5942500000000002,0.0925,0.9075,0.9018633540372671,705,400,False
model,0.38,0.4,2.5,0.2,score_point,0.059574468085106386,0.5942500000000002,0.0925,0.9075,0.9018633540372671,705,400,False
model,0.31,0.4,3.0,0.2,score_point,0.059574468085106386,0.5950000000000001,0.075,0.925,0.9113300492610837,705,400,False
model,0.61,0.3,2.0,0.2,score_point,0.059574468085106386,0.5975,0.175,0.825,0.8549222797927462,705,400,False
model,0.62,0.3,2.0,0.2,score_point,0.059574468085106386,0.60175,0.1775,0.8225,0.853437094682231,705,400,False
model,0.39,0.4,2.5,0.2,score_point,0.059574468085106386,0.6047500000000001,0.0975,0.9025,0.8991282689912826,705,400,False
model,0.23,0.5,2.5,0.2,score_point,0.059574468085106386,0.61,0.055,0.945,0.921951219512195,705,400,False
model,0.24,0.5,2.5,0.2,score_point,0.059574468085106386,0.615,0.0575,0.9425,0.9206349206349207,705,400,False
model,0.25,0.5,2.5,0.2,score_point,0.059574468085106386,0.615,0.0575,0.9425,0.9206349206349207,705,400,False
model,0.56,0.4,2.0,0.2,score_point,0.059574468085106386,0.62,0.1375,0.8625,0.8767471410419314,705,400,False
model,0.7,0.2,2.0,0.2,score_point,0.059574468085106386,0.65,0.25,0.75,0.8086253369272236,705,400,False
model,0.26,0.6,2.0,0.2,score_point,0.059574468085106386,0.6839999999999997,0.06,0.94,0.9193154034229829,705,400,False
model,0.13,0.6,3.5,0.2,score_point,0.059574468085106386,0.6869999999999998,0.03,0.97,0.9349397590361446,705,400,False
model,0.27,0.6,2.0,0.2,score_point,0.059574468085106386,0.6874999999999999,0.0625,0.9375,0.9179926560587515,705,400,False
model,0.28,0.6,2.0,0.2,score_point,0.059574468085106386,0.6944999999999999,0.0675,0.9325,0.9153374233128834,705,400,False
model,0.05,0.7,3.0,0.2,score_point,0.059574468085106386,0.72875,0.0125,0.9875,0.943847072879331,705,400,False
model,0.03,0.8,2.5,0.2,score_point,0.059574468085106386,0.8127500000000001,0.0075,0.9925,0.9463647199046484,705,400,False
model,0.02,0.8,3.5,0.2,score_point,0.059574468085106386,0.8134999999999999,0.005,0.995,0.9476190476190477,705,400,False
model,0.1,0.8,2.0,0.2,score_point,0.059574468085106386,0.8270000000000001,0.0225,0.9775,0.9387755102040816,705,400,False
model,0.11,0.8,2.0,0.2,score_point,0.059574468085106386,0.8270000000000001,0.0225,0.9775,0.9387755102040816,705,400,False
model,0.12,0.8,2.0,0.2,score_point,0.059574468085106386,0.8270000000000001,0.0225,0.9775,0.9387755102040816,705,400,False
model,0.72,0.6,1.5,0.2,score_point,0.059574468085106386,0.8429999999999999,0.27,0.73,0.7956403269754768,705,400,False
model,0.73,0.6,1.5,0.2,score_point,0.059574468085106386,0.8497499999999998,0.2775,0.7225,0.7906976744186045,705,400,False
model,0.74,0.6,1.5,0.2,score_point,0.059574468085106386,0.8632499999999999,0.2925,0.7075,0.7806896551724138,705,400,False
model,0.04,0.9,2.0,0.2,score_point,0.059574468085106386,0.9110000000000003,0.01,0.99,0.9451073985680191,705,400,False
model,0.05,0.9,2.0,0.2,score_point,0.059574468085106386,0.9137500000000002,0.0125,0.9875,0.943847072879331,705,400,False
model,0.06,0.9,2.0,0.2,score_point,0.059574468085106386,0.9165000000000002,0.015,0.985,0.9425837320574162,705,400,False
model,0.07,0.9,2.0,0.2,score_point,0.059574468085106386,0.9192500000000001,0.0175,0.9825,0.9413173652694611,705,400,False
model,0.69,0.8,1.5,0.2,score_point,0.059574468085106386,0.9662500000000002,0.2375,0.7625,0.8165997322623828,705,400,False
model,0.7,0.8,1.5,0.2,score_point,0.059574468085106386,0.9750000000000001,0.25,0.75,0.8086253369272236,705,400,False
model,0.71,0.8,1.5,0.2,score_point,0.059574468085106386,0.9820000000000002,0.26,0.74,0.8021680216802167,705,400,False
model,0.69,0.9,1.5,0.2,score_point,0.059574468085106386,1.0425000000000002,0.2375,0.7625,0.8165997322623828,705,400,False
model,0.7,0.9,1.5,0.2,score_point,0.059574468085106386,1.05,0.25,0.75,0.8086253369272236,705,400,False
model,0.71,0.9,1.5,0.2,score_point,0.059574468085106386,1.056,0.26,0.74,0.8021680216802167,705,400,False
model,0.86,0.5,1.5,0.2,score_point,0.059574468085106386,1.0725,0.5725,0.4275,0.5579119086460033,705,400,False
model,0.87,0.5,1.5,0.2,score_point,0.059574468085106386,1.105,0.605,0.395,0.5266666666666667,705,400,False
model,0.69,1.0,1.5,0.2,score_point,0.059574468085106386,1.11875,0.2375,0.7625,0.8165997322623828,705,400,False
model,0.7,1.0,1.5,0.2,score_point,0.059574468085106386,1.125,0.25,0.75,0.8086253369272236,705,400,False
model,0.71,1.0,1.5,0.2,score_point,0.059574468085106386,1.13,0.26,0.74,0.8021680216802167,705,400,False
model,0.88,0.5,1.5,0.2,score_point,0.059574468085106386,1.155,0.655,0.345,0.4758620689655172,705,400,False
model,0.89,0.4,1.5,0.2,score_point,0.059574468085106386,1.16175,0.6925,0.3075,0.43539823008849554,705,400,False
model,0.91,0.2,1.5,0.2,score_point,0.059574468085106386,1.1879999999999997,0.76,0.24,0.35687732342007433,705,400,False
model,0.43,0.2,3.5,0.2,score_point,0.06099290780141844,0.53,0.1,0.9,0.8966376089663762,705,400,False
model,0.44,0.2,3.5,0.2,score_point,0.06099290780141844,0.53,0.1,0.9,0.8966376089663762,705,400,True
model,0.57,0.2,2.5,0.2,score_point,0.06099290780141844,0.5335000000000001,0.145,0.855,0.8713375796178343,705,400,False
model,0.45,0.3,2.5,0.2,score_point,0.06099290780141844,0.5419999999999999,0.11,0.89,0.8911138923654568,705,400,False
model,0.5,0.2,3.0,0.2,score_point,0.06099290780141844,0.543,0.1225,0.8775,0.8841309823677581,705,400,False
model,0.46,0.3,2.5,0.2,score_point,0.06099290780141844,0.5474999999999999,0.1125,0.8875,0.8897243107769425,705,400,False
model,0.58,0.2,2.5,0.2,score_point,0.06099290780141844,0.5507500000000001,0.1525,0.8475,0.867007672634271,705,400,False
model,0.33,0.3,3.5,0.2,score_point,0.06099290780141844,0.5559999999999999,0.08,0.92,0.907521578298397,705,400,False
model,0.6,0.3,2.0,0.2,score_point,0.06099290780141844,0.589,0.17,0.83,0.8567741935483871,705,400,False
model,0.27,0.4,3.5,0.2,score_point,0.06099290780141844,0.5937500000000001,0.0625,0.9375,0.9168704156479217,705,400,False
model,0.51,0.4,2.0,0.2,score_point,0.06099290780141844,0.6040000000000001,0.1275,0.8725,0.8813131313131313,705,400,False
model,0.52,0.4,2.0,0.2,score_point,0.06099290780141844,0.6040000000000001,0.1275,0.8725,0.8813131313131313,705,400,False
model,0.28,0.4,3.5,0.2,score_point,0.06099290780141844,0.6092500000000001,0.0675,0.9325,0.9142156862745098,705,400,False
model,0.53,0.4,2.0,0.2,score_point,0.06099290780141844,0.6120000000000001,0.1325,0.8675,0.8784810126582278,705,400,False
model,0.54,0.4,2.0,0.2,score_point,0.06099290780141844,0.6160000000000001,0.135,0.865,0.8770595690747782,705,400,False
model,0.2,0.5,3.0,0.2,score_point,0.06099290780141844,0.61875,0.0475,0.9525,0.924757281553398,705,400,False
model,0.21,0.5,3.0,0.2,score_point,0.06099290780141844,0.61875,0.0475,0.9525,0.924757281553398,705,400,False
model,0.55,0.4,2.0,0.2,score_point,0.06099290780141844,0.62,0.1375,0.8625,0.8756345177664975,705,400,False
model,0.17,0.5,3.5,0.2,score_point,0.06099290780141844,0.6275,0.0425,0.9575,0.927360774818402,705,400,False
model,0.36,0.5,2.0,0.2,score_point,0.06099290780141844,0.63125,0.0875,0.9125,0.9034653465346535,705,400,False
model,0.18,0.5,3.5,0.2,score_point,0.06099290780141844,0.6425,0.0475,0.9525,0.924757281553398,705,400,False
model,0.11,0.6,3.5,0.2,score_point,0.06099290780141844,0.6652499999999998,0.0225,0.9775,0.9376498800959233,705,400,False
model,0.12,0.6,3.5,0.2,score_point,0.06099290780141844,0.6652499999999998,0.0225,0.9775,0.9376498800959233,705,400,False
model,0.16,0.6,2.5,0.2,score_point,0.06099290780141844,0.6759999999999999,0.04,0.96,0.9286577992744861,705,400,False
model,0.23,0.6,2.0,0.2,score_point,0.06099290780141844,0.6769999999999999,0.055,0.945,0.9208282582216808,705,400,False
model,0.14,0.6,3.0,0.2,score_point,0.06099290780141844,0.6779999999999998,0.0325,0.9675,0.9325301204819276,705,400,False
model,0.24,0.6,2.0,0.2,score_point,0.06099290780141844,0.6804999999999999,0.0575,0.9425,0.9195121951219513,705,400,False
model,0.25,0.6,2.0,0.2,score_point,0.06099290780141844,0.6804999999999999,0.0575,0.9425,0.9195121951219513,705,400,False
model,0.04,0.7,3.0,0.2,score_point,0.06099290780141844,0.7230000000000001,0.01,0.99,0.9439809296781884,705,400,False
model,0.07,0.7,2.5,0.2,score_point,0.06099290780141844,0.7315,0.0175,0.9825,0.9401913875598086,705,400,False
model,0.14,0.7,2.0,0.2,score_point,0.06099290780141844,0.74225,0.0325,0.9675,0.9325301204819276,705,400,False
model,0.08,0.8,2.0,0.2,score_point,0.06099290780141844,0.8240000000000001,0.02,0.98,0.9389221556886228,705,400,False
model,0.09,0.8,2.0,0.2,score_point,0.06099290780141844,0.8240000000000001,0.02,0.98,0.9389221556886228,705,400,False
model,0.78,0.5,1.5,0.2,score_point,0.06099290780141844,0.8525,0.3525,0.6475,0.7378917378917379,705,400,False
model,0.79,0.5,1.5,0.2,score_point,0.06099290780141844,0.86,0.36,0.64,0.7324749642346209,705,400,False
model,0.69,0.7,1.5,0.2,score_point,0.06099290780141844,0.8899999999999999,0.2375,0.7625,0.8155080213903743,705,400,False
model,0.8,0.5,1.5,0.2,score_point,0.06099290780141844,0.8975,0.3975,0.6025,0.7046783625730995,705,400,False
model,0.7,0.7,1.5,0.2,score_point,0.06099290780141844,0.8999999999999999,0.25,0.75,0.8075370121130551,705,400,False
model,0.01,0.9,3.0,0.2,score_point,0.06099290780141844,0.9052500000000002,0.0025,0.9975,0.9477434679334918,705,400,False
model,0.01,0.9,3.5,0.2,score_point,0.06099290780141844,0.9065000000000002,0.0025,0.9975,0.9477434679334918,705,400,False
model,0.71,0.7,1.5,0.2,score_point,0.06099290780141844,0.9079999999999998,0.26,0.74,0.8010825439783491,705,400,False
model,0.02,0.9,2.5,0.2,score_point,0.06099290780141844,0.9080000000000001,0.005,0.995,0.9464922711058263,705,400,False
model,0.63,0.8,1.5,0.2,score_point,0.06099290780141844,0.926,0.18,0.82,0.8508430609597925,705,400,False
model,0.81,0.5,1.5,0.2,score_point,0.06099290780141844,0.93,0.43,0.57,0.6795827123695976,705,400,False
model,0.64,0.8,1.5,0.2,score_point,0.06099290780141844,0.9365000000000001,0.195,0.805,0.8418300653594771,705,400,False
model,0.65,0.8,1.5,0.2,score_point,0.06099290780141844,0.94525,0.2075,0.7925,0.8342105263157895,705,400,False
model,0.66,0.8,1.5,0.2,score_point,0.06099290780141844,0.9470000000000002,0.21,0.79,0.8326745718050066,705,400,False
model,0.67,0.8,1.5,0.2,score_point,0.06099290780141844,0.9505000000000001,0.215,0.785,0.8295904887714662,705,400,False
model,0.82,0.5,1.5,0.2,score_point,0.06099290780141844,0.9525,0.4525,0.5475,0.6616314199395771,705,400,False
model,0.68,0.8,1.5,0.2,score_point,0.06099290780141844,0.9592500000000002,0.2275,0.7725,0.8218085106382979,705,400,False
model,0.83,0.5,1.5,0.2,score_point,0.06099290780141844,0.975,0.475,0.525,0.6431852986217458,705,400,False
model,0.02,1.0,2.0,0.2,score_point,0.06099290780141844,1.005,0.005,0.995,0.9464922711058263,705,400,False
model,0.84,0.5,1.5,0.2,score_point,0.06099290780141844,1.0075,0.5075,0.4925,0.615625,705,400,False
model,0.63,0.9,1.5,0.2,score_point,0.06099290780141844,1.0080000000000002,0.18,0.82,0.8508430609597925,705,400,False
model,0.64,0.9,1.5,0.2,score_point,0.06099290780141844,1.0170000000000001,0.195,0.805,0.8418300653594771,705,400,False
model,0.65,0.9,1.5,0.2,score_point,0.06099290780141844,1.0245000000000002,0.2075,0.7925,0.8342105263157895,705,400,False
model,0.66,0.9,1.5,0.2,score_point,0.06099290780141844,1.026,0.21,0.79,0.8326745718050066,705,400,False
model,0.67,0.9,1.5,0.2,score_point,0.06099290780141844,1.0290000000000001,0.215,0.785,0.8295904887714662,705,400,False
model,0.68,0.9,1.5,0.2,score_point,0.06099290780141844,1.0365,0.2275,0.7725,0.8218085106382979,705,400,False
model,0.85,0.5,1.5,0.2,score_point,0.06099290780141844,1.0425,0.5425,0.4575,0.5846645367412141,705,400,False
model,0.63,1.0,1.5,0.2,score_point,0.06099290780141844,1.09,0.18,0.82,0.8508430609597925,705,400,False
model,0.64,1.0,1.5,0.2,score_point,0.06099290780141844,1.0975,0.195,0.805,0.8418300653594771,705,400,False
model,0.65,1.0,1.5,0.2,score_point,0.06099290780141844,1.10375,0.2075,0.7925,0.8342105263157895,705,400,False
model,0.66,1.0,1.5,0.2,score_point,0.06099290780141844,1.105,0.21,0.79,0.8326745718050066,705,400,False
model,0.67,1.0,1.5,0.2,score_point,0.06099290780141844,1.1075,0.215,0.785,0.8295904887714662,705,400,False
model,0.68,1.0,1.5,0.2,score_point,0.06099290780141844,1.11375,0.2275,0.7725,0.8218085106382979,705,400,False
model,0.88,0.4,1.5,0.2,score_point,0.06099290780141844,1.1205,0.655,0.345,0.4750430292598967,705,400,False
model,0.89,0.3,1.5,0.2,score_point,0.06099290780141844,1.131,0.6925,0.3075,0.4346289752650177,705,400,False
model,0.9,0.2,1.5,0.2,score_point,0.06099290780141844,1.1425,0.725,0.275,0.3978300180831827,705,400,False
model,0.56,0.2,2.5,0.2,score_point,0.062411347517730496,0.5162500000000001,0.1375,0.8625,0.8745247148288974,705,400,True
model,0.43,0.3,2.5,0.2,score_point,0.062411347517730496,0.52,0.1,0.9,0.8955223880597015,705,400,False
model,0.44,0.3,2.5,0.2,score_point,0.062411347517730496,0.52,0.1,0.9,0.8955223880597015,705,400,False
model,0.41,0.2,3.5,0.2,score_point,0.062411347517730496,0.5217499999999999,0.0975,0.9025,0.8968944099378882,705,400,False
model,0.47,0.2,3.0,0.2,score_point,0.062411347517730496,0.522,0.115,0.885,0.8872180451127819,705,400,False
model,0.48,0.2,3.0,0.2,score_point,0.062411347517730496,0.529,0.1175,0.8825,0.8858218318695107,705,400,False
model,0.42,0.2,3.5,0.2,score_point,0.062411347517730496,0.53,0.1,0.9,0.8955223880597015,705,400,False
model,0.36,0.3,3.0,0.2,score_point,0.062411347517730496,0.53625,0.0875,0.9125,0.9023485784919654,705,400,False
model,0.49,0.2,3.0,0.2,score_point,0.062411347517730496,0.543,0.1225,0.8775,0.8830188679245283,705,400,False
model,0.32,0.3,3.5,0.2,score_point,0.062411347517730496,0.5479999999999999,0.0775,0.9225,0.9077490774907748,705,400,False
model,0.29,0.4,3.0,0.2,score_point,0.062411347517730496,0.5755000000000001,0.0675,0.9325,0.9130966952264382,705,400,False
model,0.59,0.3,2.0,0.2,score_point,0.062411347517730496,0.57625,0.1625,0.8375,0.8600770218228498,705,400,False
model,0.36,0.4,2.5,0.2,score_point,0.062411347517730496,0.5837500000000001,0.0875,0.9125,0.9023485784919654,705,400,False
model,0.32,0.5,2.0,0.2,score_point,0.062411347517730496,0.61625,0.0775,0.9225,0.9077490774907748,705,400,False
model,0.19,0.5,3.0,0.2,score_point,0.062411347517730496,0.61875,0.0475,0.9525,0.9236363636363637,705,400,False
model,0.33,0.5,2.0,0.2,score_point,0.062411347517730496,0.62,0.08,0.92,0.9064039408866995,705,400,False
model,0.34,0.5,2.0,0.2,score_point,0.062411347517730496,0.62,0.08,0.92,0.9064039408866995,705,400,False
model,0.69,0.2,2.0,0.2,score_point,0.062411347517730496,0.6275,0.2375,0.7625,0.8144192256341789,705,400,False
model,0.35,0.5,2.0,0.2,score_point,0.062411347517730496,0.63125,0.0875,0.9125,0.9023485784919654,705,400,False
model,0.1,0.6,3.5,0.2,score_point,0.062411347517730496,0.6652499999999998,0.0225,0.9775,0.9365269461077843,705,400,False
model,0.15,0.6,2.5,0.2,score_point,0.062411347517730496,0.67125,0.0375,0.9625,0.9288299155609168,705,400,False
model,0.13,0.6,3.0,0.2,score_point,0.062411347517730496,0.6719999999999999,0.03,0.97,0.9326923076923077,705,400,False
model,0.22,0.6,2.0,0.2,score_point,0.062411347517730496,0.6735,0.0525,0.9475,0.9210206561360874,705,400,False
model,0.06,0.7,2.5,0.2,score_point,0.062411347517730496,0.7269999999999999,0.015,0.985,0.9403341288782816,705,400,False
model,0.13,0.7,2.0,0.2,score_point,0.062411347517730496,0.7390000000000001,0.03,0.97,0.9326923076923077,705,400,False
model,0.75,0.5,1.5,0.2,score_point,0.062411347517730496,0.8025,0.3025,0.6975,0.7717842323651453,705,400,False
model,0.02,0.8,3.0,0.2,score_point,0.062411347517730496,0.8109999999999999,0.005,0.995,0.9453681710213777,705,400,False
model,0.69,0.6,1.5,0.2,score_point,0.062411347517730496,0.8137499999999999,0.2375,0.7625,0.8144192256341789,705,400,False
model,0.06,0.8,2.0,0.2,score_point,0.062411347517730496,0.8180000000000001,0.015,0.985,0.9403341288782816,705,400,False
model,0.07,0.8,2.0,0.2,score_point,0.062411347517730496,0.821,0.0175,0.9825,0.9390681003584229,705,400,False
model,0.7,0.6,1.5,0.2,score_point,0.062411347517730496,0.825,0.25,0.75,0.8064516129032259,705,400,False
model,0.76,0.5,1.5,0.2,score_point,0.062411347517730496,0.825,0.325,0.675,0.7563025210084033,705,400,False
model,0.71,0.6,1.5,0.2,score_point,0.062411347517730496,0.834,0.26,0.74,0.7999999999999999,705,400,False
model,0.77,0.5,1.5,0.2,score_point,0.062411347517730496,0.835,0.335,0.665,0.7492957746478874,705,400,False
model,0.64,0.7,1.5,0.2,score_point,0.062411347517730496,0.856,0.195,0.805,0.8407310704960835,705,400,False
model,0.65,0.7,1.5,0.2,score_point,0.062411347517730496,0.866,0.2075,0.7925,0.8331143232588699,705,400,False
model,0.66,0.7,1.5,0.2,score_point,0.062411347517730496,0.8679999999999999,0.21,0.79,0.831578947368421,705,400,False
model,0.67,0.7,1.5,0.2,score_point,0.062411347517730496,0.8719999999999999,0.215,0.785,0.8284960422163589,705,400,False
model,0.68,0.7,1.5,0.2,score_point,0.062411347517730496,0.8819999999999999,0.2275,0.7725,0.8207171314741035,705,400,False
model,0.59,0.8,1.5,0.2,score_point,0.062411347517730496,0.91375,0.1625,0.8375,0.8600770218228498,705,400,False
model,0.6,0.8,1.5,0.2,score_point,0.062411347517730496,0.919,0.17,0.83,0.8556701030927835,705,400,False
model,0.61,0.8,1.5,0.2,score_point,0.062411347517730496,0.9225,0.175,0.825,0.8527131782945736,705,400,False
model,0.62,0.8,1.5,0.2,score_point,0.062411347517730496,0.9242500000000001,0.1775,0.8225,0.851228978007762,705,400,False
model,0.59,0.9,1.5,0.2,score_point,0.062411347517730496,0.9975000000000002,0.1625,0.8375,0.8600770218228498,705,400,False
model,0.6,0.9,1.5,0.2,score_point,0.062411347517730496,1.0020000000000002,0.17,0.83,0.8556701030927835,705,400,False
model,0.61,0.9,1.5,0.2,score_point,0.062411347517730496,1.0050000000000001,0.175,0.825,0.8527131782945736,705,400,False
model,0.62,0.9,1.5,0.2,score_point,0.062411347517730496,1.0065000000000002,0.1775,0.8225,0.851228978007762,705,400,False
model,0.86,0.4,1.5,0.2,score_point,0.062411347517730496,1.02975,0.5725,0.4275,0.5560975609756097,705,400,False
model,0.87,0.4,1.5,0.2,score_point,0.062411347517730496,1.0655000000000001,0.605,0.395,0.5249169435215948,705,400,False
model,0.59,1.0,1.5,0.2,score_point,0.062411347517730496,1.08125,0.1625,0.8375,0.8600770218228498,705,400,False
model,0.6,1.0,1.5,0.2,score_point,0.062411347517730496,1.085,0.17,0.83,0.8556701030927835,705,400,False
model,0.88,0.3,1.5,0.2,score_point,0.062411347517730496,1.0859999999999999,0.655,0.345,0.4742268041237113,705,400,False
model,0.61,1.0,1.5,0.2,score_point,0.062411347517730496,1.0875,0.175,0.825,0.8527131782945736,705,400,False
model,0.62,1.0,1.5,0.2,score_point,0.062411347517730496,1.08875,0.1775,0.8225,0.851228978007762,705,400,False
model,0.52,0.2,2.5,0.2,score_point,0.06382978723404255,0.49325,0.1275,0.8725,0.8790931989924434,705,400,True
model,0.53,0.2,2.5,0.2,score_point,0.06382978723404255,0.50475,0.1325,0.8675,0.8762626262626263,705,400,False
model,0.45,0.2,3.0,0.2,score_point,0.06382978723404255,0.508,0.11,0.89,0.888888888888889,705,400,False
model,0.54,0.2,2.5,0.2,score_point,0.06382978723404255,0.5105000000000001,0.135,0.865,0.8748419721871048,705,400,False
model,0.41,0.3,2.5,0.2,score_point,0.06382978723404255,0.5145,0.0975,0.9025,0.8957816377171216,705,400,False
model,0.46,0.2,3.0,0.2,score_point,0.06382978723404255,0.515,0.1125,0.8875,0.8875,705,400,False
model,0.34,0.3,3.0,0.2,score_point,0.06382978723404255,0.5159999999999999,0.08,0.92,0.905289052890529,705,400,False
model,0.55,0.2,2.5,0.2,score_point,0.06382978723404255,0.5162500000000001,0.1375,0.8625,0.8734177215189874,705,400,False
model,0.42,0.3,2.5,0.2,score_point,0.06382978723404255,0.52,0.1,0.9,0.8944099378881988,705,400,False
model,0.4,0.2,3.5,0.2,score_point,0.06382978723404255,0.5217499999999999,0.0975,0.9025,0.8957816377171216,705,400,False
model,0.3,0.3,3.5,0.2,score_point,0.06382978723404255,0.524,0.07,0.93,0.9106487148102816,705,400,False
model,0.35,0.3,3.0,0.2,score_point,0.06382978723404255,0.53625,0.0875,0.9125,0.9012345679012346,705,400,False
model,0.31,0.3,3.5,0.2,score_point,0.06382978723404255,0.54,0.075,0.925,0.9079754601226994,705,400,False
model,0.57,0.3,2.0,0.2,score_point,0.06382978723404255,0.5464999999999999,0.145,0.855,0.869123252858958,705,400,False
model,0.58,0.3,2.0,0.2,score_point,0.06382978723404255,0.5592499999999999,0.1525,0.8475,0.8647959183673468,705,400,False
model,0.33,0.4,2.5,0.2,score_point,0.06382978723404255,0.5680000000000001,0.08,0.92,0.905289052890529,705,400,False
model,0.34,0.4,2.5,0.2,score_point,0.06382978723404255,0.5680000000000001,0.08,0.92,0.905289052890529,705,400,False
model,0.35,0.4,2.5,0.2,score_point,0.06382978723404255,0.5837500000000001,0.0875,0.9125,0.9012345679012346,705,400,False
model,0.26,0.4,3.5,0.2,score_point,0.06382978723404255,0.5860000000000001,0.06,0.94,0.9159561510353228,705,400,False
model,0.67,0.2,2.0,0.2,score_point,0.06382978723404255,0.5870000000000002,0.215,0.785,0.8274044795783927,705,400,False
model,0.5,0.4,2.0,0.2,score_point,0.06382978723404255,0.5960000000000001,0.1225,0.8775,0.8819095477386935,705,400,False
model,0.22,0.5,2.5,0.2,score_point,0.06382978723404255,0.605,0.0525,0.9475,0.9199029126213593,705,400,False
model,0.3,0.5,2.0,0.2,score_point,0.06382978723404255,0.605,0.07,0.93,0.9106487148102816,705,400,False
model,0.17,0.5,3.0,0.2,score_point,0.06382978723404255,0.60625,0.0425,0.9575,0.9251207729468599,705,400,False
model,0.68,0.2,2.0,0.2,score_point,0.06382978723404255,0.6095000000000002,0.2275,0.7725,0.8196286472148542,705,400,False
model,0.31,0.5,2.0,0.2,score_point,0.06382978723404255,0.6125,0.075,0.925,0.9079754601226994,705,400,False
model,0.18,0.5,3.0,0.2,score_point,0.06382978723404255,0.61875,0.0475,0.9525,0.9225181598062955,705,400,False
model,0.16,0.5,3.5,0.2,score_point,0.06382978723404255,0.62,0.04,0.96,0.9264173703256937,705,400,False
model,0.11,0.6,3.0,0.2,score_point,0.06382978723404255,0.6539999999999998,0.0225,0.9775,0.9354066985645932,705,400,False
model,0.12,0.6,3.0,0.2,score_point,0.06382978723404255,0.6539999999999998,0.0225,0.9775,0.9354066985645932,705,400,False
model,0.09,0.6,3.5,0.2,score_point,0.06382978723404255,0.6579999999999998,0.02,0.98,0.9366786140979689,705,400,False
model,0.11,0.7,2.0,0.2,score_point,0.06382978723404255,0.72925,0.0225,0.9775,0.9354066985645932,705,400,False
model,0.12,0.7,2.0,0.2,score_point,0.06382978723404255,0.72925,0.0225,0.9775,0.9354066985645932,705,400,False
model,0.72,0.5,1.5,0.2,score_point,0.06382978723404255,0.77,0.27,0.73,0.7924016282225238,705,400,False
model,0.64,0.6,1.5,0.2,score_point,0.06382978723404255,0.7754999999999999,0.195,0.805,0.8396349413298566,705,400,False
model,0.73,0.5,1.5,0.2,score_point,0.06382978723404255,0.7775,0.2775,0.7225,0.787465940054496,705,400,False
model,0.65,0.6,1.5,0.2,score_point,0.06382978723404255,0.7867499999999998,0.2075,0.7925,0.8320209973753282,705,400,False
model,0.66,0.6,1.5,0.2,score_point,0.06382978723404255,0.7889999999999999,0.21,0.79,0.8304862023653088,705,400,False
model,0.74,0.5,1.5,0.2,score_point,0.06382978723404255,0.7925,0.2925,0.7075,0.7774725274725275,705,400,False
model,0.67,0.6,1.5,0.2,score_point,0.06382978723404255,0.7935,0.215,0.785,0.8274044795783927,705,400,False
model,0.79,0.4,1.5,0.2,score_point,0.06382978723404255,0.7960000000000003,0.36,0.64,0.7303851640513553,705,400,False
model,0.68,0.6,1.5,0.2,score_point,0.06382978723404255,0.80475,0.2275,0.7725,0.8196286472148542,705,400,False
model,0.04,0.8,2.0,0.2,score_point,0.06382978723404255,0.8119999999999998,0.01,0.99,0.9417360285374555,705,400,False
model,0.05,0.8,2.0,0.2,score_point,0.06382978723404255,0.815,0.0125,0.9875,0.9404761904761905,705,400,False
model,0.8,0.4,1.5,0.2,score_point,0.06382978723404255,0.83725,0.3975,0.6025,0.7026239067055394,705,400,False
model,0.63,0.7,1.5,0.2,score_point,0.06382978723404255,0.8439999999999999,0.18,0.82,0.8486416558861577,705,400,False
model,0.43,0.8,1.5,0.2,score_point,0.06382978723404255,0.8700000000000001,0.1,0.9,0.8944099378881988,705,400,False
model,0.44,0.8,1.5,0.2,score_point,0.06382978723404255,0.8700000000000001,0.1,0.9,0.8944099378881988,705,400,False
model,0.81,0.4,1.5,0.2,score_point,0.06382978723404255,0.8730000000000001,0.43,0.57,0.6775631500742941,705,400,False
model,0.45,0.8,1.5,0.2,score_point,0.06382978723404255,0.8770000000000002,0.11,0.89,0.888888888888889,705,400,False
model,0.46,0.8,1.5,0.2,score_point,0.06382978723404255,0.87875,0.1125,0.8875,0.8875,705,400,False
model,0.47,0.8,1.5,0.2,score_point,0.06382978723404255,0.8805000000000001,0.115,0.885,0.8861076345431789,705,400,False
model,0.48,0.8,1.5,0.2,score_point,0.06382978723404255,0.8822500000000002,0.1175,0.8825,0.8847117794486216,705,400,False
model,0.49,0.8,1.5,0.2,score_point,0.06382978723404255,0.8857500000000001,0.1225,0.8775,0.8819095477386935,705,400,False
model,0.5,0.8,1.5,0.2,score_point,0.06382978723404255,0.8857500000000001,0.1225,0.8775,0.8819095477386935,705,400,False
model,0.51,0.8,1.5,0.2,score_point,0.06382978723404255,0.8892500000000001,0.1275,0.8725,0.8790931989924434,705,400,False
model,0.52,0.8,1.5,0.2,score_point,0.06382978723404255,0.8892500000000001,0.1275,0.8725,0.8790931989924434,705,400,False
model,0.53,0.8,1.5,0.2,score_point,0.06382978723404255,0.89275,0.1325,0.8675,0.8762626262626263,705,400,False
model,0.54,0.8,1.5,0.2,score_point,0.06382978723404255,0.8945000000000001,0.135,0.865,0.8748419721871048,705,400,False
model,0.55,0.8,1.5,0.2,score_point,0.06382978723404255,0.89625,0.1375,0.8625,0.8734177215189874,705,400,False
model,0.56,0.8,1.5,0.2,score_point,0.06382978723404255,0.89625,0.1375,0.8625,0.8734177215189874,705,400,False
model,0.82,0.4,1.5,0.2,score_point,0.06382978723404255,0.89775,0.4525,0.5475,0.6596385542168675,705,400,False
model,0.57,0.8,1.5,0.2,score_point,0.06382978723404255,0.9015000000000001,0.145,0.855,0.869123252858958,705,400,False
model,0.58,0.8,1.5,0.2,score_point,0.06382978723404255,0.9067500000000002,0.1525,0.8475,0.8647959183673468,705,400,False
model,0.03,0.9,2.0,0.2,score_point,0.06382978723404255,0.9082500000000002,0.0075,0.9925,0.9429928741092637,705,400,False
model,0.83,0.4,1.5,0.2,score_point,0.06382978723404255,0.9225000000000001,0.475,0.525,0.6412213740458015,705,400,False
model,0.26,0.9,1.5,0.2,score_point,0.06382978723404255,0.9360000000000003,0.06,0.94,0.9159561510353228,705,400,False
model,0.27,0.9,1.5,0.2,score_point,0.06382978723404255,0.9375000000000003,0.0625,0.9375,0.9146341463414636,705,400,False
model,0.28,0.9,1.5,0.2,score_point,0.06382978723404255,0.9405000000000002,0.0675,0.9325,0.9119804400977995,705,400,False
model,0.29,0.9,1.5,0.2,score_point,0.06382978723404255,0.9405000000000002,0.0675,0.9325,0.9119804400977995,705,400,False
model,0.3,0.9,1.5,0.2,score_point,0.06382978723404255,0.9420000000000002,0.07,0.93,0.9106487148102816,705,400,False
model,0.31,0.9,1.5,0.2,score_point,0.06382978723404255,0.9450000000000003,0.075,0.925,0.9079754601226994,705,400,False
model,0.32,0.9,1.5,0.2,score_point,0.06382978723404255,0.9465000000000002,0.0775,0.9225,0.9066339066339066,705,400,False
model,0.33,0.9,1.5,0.2,score_point,0.06382978723404255,0.9480000000000001,0.08,0.92,0.905289052890529,705,400,False
model,0.34,0.9,1.5,0.2,score_point,0.06382978723404255,0.9480000000000001,0.08,0.92,0.905289052890529,705,400,False
model,0.35,0.9,1.5,0.2,score_point,0.06382978723404255,0.9525000000000001,0.0875,0.9125,0.9012345679012346,705,400,False
model,0.36,0.9,1.5,0.2,score_point,0.06382978723404255,0.9525000000000001,0.0875,0.9125,0.9012345679012346,705,400,False
model,0.37,0.9,1.5,0.2,score_point,0.06382978723404255,0.9555000000000001,0.0925,0.9075,0.8985148514851485,705,400,False
model,0.38,0.9,1.5,0.2,score_point,0.06382978723404255,0.9555000000000001,0.0925,0.9075,0.8985148514851485,705,400,False
model,0.84,0.4,1.5,0.2,score_point,0.06382978723404255,0.9582500000000002,0.5075,0.4925,0.6137071651090342,705,400,False
model,0.39,0.9,1.5,0.2,score_point,0.06382978723404255,0.9585000000000002,0.0975,0.9025,0.8957816377171216,705,400,False
model,0.4,0.9,1.5,0.2,score_point,0.06382978723404255,0.9585000000000002,0.0975,0.9025,0.8957816377171216,705,400,False
model,0.41,0.9,1.5,0.2,score_point,0.06382978723404255,0.9585000000000002,0.0975,0.9025,0.8957816377171216,705,400,False
model,0.42,0.9,1.5,0.2,score_point,0.06382978723404255,0.9600000000000003,0.1,0.9,0.8944099378881988,705,400,False
model,0.43,0.9,1.5,0.2,score_point,0.06382978723404255,0.9600000000000003,0.1,0.9,0.8944099378881988,705,400,False
model,0.44,0.9,1.5,0.2,score_point,0.06382978723404255,0.9600000000000003,0.1,0.9,0.8944099378881988,705,400,False
model,0.45,0.9,1.5,0.2,score_point,0.06382978723404255,0.9660000000000002,0.11,0.89,0.888888888888889,705,400,False
model,0.46,0.9,1.5,0.2,score_point,0.06382978723404255,0.9675000000000002,0.1125,0.8875,0.8875,705,400,False
model,0.47,0.9,1.5,0.2,score_point,0.06382978723404255,0.9690000000000003,0.115,0.885,0.8861076345431789,705,400,False
model,0.48,0.9,1.5,0.2,score_point,0.06382978723404255,0.9705000000000003,0.1175,0.8825,0.8847117794486216,705,400,False
model,0.49,0.9,1.5,0.2,score_point,0.06382978723404255,0.9735000000000003,0.1225,0.8775,0.8819095477386935,705,400,False
model,0.5,0.9,1.5,0.2,score_point,0.06382978723404255,0.9735000000000003,0.1225,0.8775,0.8819095477386935,705,400,False
model,0.51,0.9,1.5,0.2,score_point,0.06382978723404255,0.9765000000000001,0.1275,0.8725,0.8790931989924434,705,400,False
model,0.52,0.9,1.5,0.2,score_point,0.06382978723404255,0.9765000000000001,0.1275,0.8725,0.8790931989924434,705,400,False
model,0.53,0.9,1.5,0.2,score_point,0.06382978723404255,0.9795000000000001,0.1325,0.8675,0.8762626262626263,705,400,False
model,0.54,0.9,1.5,0.2,score_point,0.06382978723404255,0.9810000000000002,0.135,0.865,0.8748419721871048,705,400,False
model,0.55,0.9,1.5,0.2,score_point,0.06382978723404255,0.9825000000000003,0.1375,0.8625,0.8734177215189874,705,400,False
model,0.56,0.9,1.5,0.2,score_point,0.06382978723404255,0.9825000000000003,0.1375,0.8625,0.8734177215189874,705,400,False
model,0.57,0.9,1.5,0.2,score_point,0.06382978723404255,0.9870000000000002,0.145,0.855,0.869123252858958,705,400,False
model,0.58,0.9,1.5,0.2,score_point,0.06382978723404255,0.9915000000000002,0.1525,0.8475,0.8647959183673468,705,400,False
model,0.85,0.4,1.5,0.2,score_point,0.06382978723404255,0.9967500000000002,0.5425,0.4575,0.5828025477707006,705,400,False
model,0.22,1.0,1.5,0.2,score_point,0.06382978723404255,1.02625,0.0525,0.9475,0.9199029126213593,705,400,False
model,0.23,1.0,1.5,0.2,score_point,0.06382978723404255,1.0275,0.055,0.945,0.9185905224787363,705,400,False
model,0.24,1.0,1.5,0.2,score_point,0.06382978723404255,1.02875,0.0575,0.9425,0.9172749391727495,705,400,False
model,0.25,1.0,1.5,0.2,score_point,0.06382978723404255,1.02875,0.0575,0.9425,0.9172749391727495,705,400,False
model,0.26,1.0,1.5,0.2,score_point,0.06382978723404255,1.03,0.06,0.94,0.9159561510353228,705,400,False
model,0.27,1.0,1.5,0.2,score_point,0.06382978723404255,1.03125,0.0625,0.9375,0.9146341463414636,705,400,False
model,0.28,1.0,1.5,0.2,score_point,0.06382978723404255,1.03375,0.0675,0.9325,0.9119804400977995,705,400,False
model,0.29,1.0,1.5,0.2,score_point,0.06382978723404255,1.03375,0.0675,0.9325,0.9119804400977995,705,400,False
model,0.3,1.0,1.5,0.2,score_point,0.06382978723404255,1.035,0.07,0.93,0.9106487148102816,705,400,False
model,0.31,1.0,1.5,0.2,score_point,0.06382978723404255,1.0375,0.075,0.925,0.9079754601226994,705,400,False
model,0.32,1.0,1.5,0.2,score_point,0.06382978723404255,1.03875,0.0775,0.9225,0.9066339066339066,705,400,False
model,0.33,1.0,1.5,0.2,score_point,0.06382978723404255,1.04,0.08,0.92,0.905289052890529,705,400,False
model,0.34,1.0,1.5,0.2,score_point,0.06382978723404255,1.04,0.08,0.92,0.905289052890529,705,400,False
model,0.35,1.0,1.5,0.2,score_point,0.06382978723404255,1.04375,0.0875,0.9125,0.9012345679012346,705,400,False
model,0.36,1.0,1.5,0.2,score_point,0.06382978723404255,1.04375,0.0875,0.9125,0.9012345679012346,705,400,False
model,0.37,1.0,1.5,0.2,score_point,0.06382978723404255,1.04625,0.0925,0.9075,0.8985148514851485,705,400,False
model,0.38,1.0,1.5,0.2,score_point,0.06382978723404255,1.04625,0.0925,0.9075,0.8985148514851485,705,400,False
model,0.39,1.0,1.5,0.2,score_point,0.06382978723404255,1.04875,0.0975,0.9025,0.8957816377171216,705,400,False
model,0.4,1.0,1.5,0.2,score_point,0.06382978723404255,1.04875,0.0975,0.9025,0.8957816377171216,705,400,False
model,0.41,1.0,1.5,0.2,score_point,0.06382978723404255,1.04875,0.0975,0.9025,0.8957816377171216,705,400,False
model,0.42,1.0,1.5,0.2,score_point,0.06382978723404255,1.05,0.1,0.9,0.8944099378881988,705,400,False
model,0.43,1.0,1.5,0.2,score_point,0.06382978723404255,1.05,0.1,0.9,0.8944099378881988,705,400,False
model,0.44,1.0,1.5,0.2,score_point,0.06382978723404255,1.05,0.1,0.9,0.8944099378881988,705,400,False
model,0.45,1.0,1.5,0.2,score_point,0.06382978723404255,1.055,0.11,0.89,0.888888888888889,705,400,False
model,0.46,1.0,1.5,0.2,score_point,0.06382978723404255,1.05625,0.1125,0.8875,0.8875,705,400,False
model,0.47,1.0,1.5,0.2,score_point,0.06382978723404255,1.0575,0.115,0.885,0.8861076345431789,705,400,False
model,0.48,1.0,1.5,0.2,score_point,0.06382978723404255,1.05875,0.1175,0.8825,0.8847117794486216,705,400,False
model,0.49,1.0,1.5,0.2,score_point,0.06382978723404255,1.06125,0.1225,0.8775,0.8819095477386935,705,400,False
model,0.5,1.0,1.5,0.2,score_point,0.06382978723404255,1.06125,0.1225,0.8775,0.8819095477386935,705,400,False
model,0.51,1.0,1.5,0.2,score_point,0.06382978723404255,1.06375,0.1275,0.8725,0.8790931989924434,705,400,False
model,0.52,1.0,1.5,0.2,score_point,0.06382978723404255,1.06375,0.1275,0.8725,0.8790931989924434,705,400,False
model,0.53,1.0,1.5,0.2,score_point,0.06382978723404255,1.06625,0.1325,0.8675,0.8762626262626263,705,400,False
model,0.54,1.0,1.5,0.2,score_point,0.06382978723404255,1.0675,0.135,0.865,0.8748419721871048,705,400,False
model,0.55,1.0,1.5,0.2,score_point,0.06382978723404255,1.06875,0.1375,0.8625,0.8734177215189874,705,400,False
model,0.56,1.0,1.5,0.2,score_point,0.06382978723404255,1.06875,0.1375,0.8625,0.8734177215189874,705,400,False
model,0.57,1.0,1.5,0.2,score_point,0.06382978723404255,1.0725,0.145,0.855,0.869123252858958,705,400,False
model,0.58,1.0,1.5,0.2,score_point,0.06382978723404255,1.07625,0.1525,0.8475,0.8647959183673468,705,400,False
model,0.89,0.2,1.5,0.2,score_point,0.06382978723404255,1.10025,0.6925,0.3075,0.43309859154929575,705,400,False
model,0.43,0.2,3.0,0.2,score_point,0.06524822695035461,0.48,0.1,0.9,0.8933002481389578,705,400,False
model,0.44,0.2,3.0,0.2,score_point,0.06524822695035461,0.48,0.1,0.9,0.8933002481389578,705,400,True
model,0.51,0.2,2.5,0.2,score_point,0.06524822695035461,0.49325,0.1275,0.8725,0.8779874213836479,705,400,False
model,0.38,0.2,3.5,0.2,score_point,0.06524822695035461,0.5052500000000001,0.0925,0.9075,0.8974042027194067,705,400,False
model,0.4,0.3,2.5,0.2,score_point,0.06524822695035461,0.5145,0.0975,0.9025,0.8946716232961586,705,400,False
model,0.33,0.3,3.0,0.2,score_point,0.06524822695035461,0.5159999999999999,0.08,0.92,0.9041769041769042,705,400,False
model,0.39,0.2,3.5,0.2,score_point,0.06524822695035461,0.5217499999999999,0.0975,0.9025,0.8946716232961586,705,400,False
model,0.56,0.3,2.0,0.2,score_point,0.06524822695035461,0.53375,0.1375,0.8625,0.8723135271807839,705,400,False
model,0.64,0.2,2.0,0.2,score_point,0.06524822695035461,0.551,0.195,0.805,0.8385416666666667,705,400,False
model,0.27,0.4,3.0,0.2,score_point,0.06524822695035461,0.5625000000000001,0.0625,0.9375,0.9135200974421437,705,400,False
model,0.32,0.4,2.5,0.2,score_point,0.06524822695035461,0.5627500000000001,0.0775,0.9225,0.9055214723926381,705,400,False
model,0.65,0.2,2.0,0.2,score_point,0.06524822695035461,0.5735000000000001,0.2075,0.7925,0.8309305373525557,705,400,False
model,0.28,0.4,3.0,0.2,score_point,0.06524822695035461,0.5755000000000001,0.0675,0.9325,0.9108669108669109,705,400,False
model,0.45,0.4,2.0,0.2,score_point,0.06524822695035461,0.5760000000000001,0.11,0.89,0.887780548628429,705,400,False
model,0.66,0.2,2.0,0.2,score_point,0.06524822695035461,0.5780000000000001,0.21,0.79,0.8293963254593175,705,400,False
model,0.25,0.4,3.5,0.2,score_point,0.06524822695035461,0.57825,0.0575,0.9425,0.9161603888213852,705,400,False
model,0.46,0.4,2.0,0.2,score_point,0.06524822695035461,0.5800000000000002,0.1125,0.8875,0.8863920099875157,705,400,False
model,0.47,0.4,2.0,0.2,score_point,0.06524822695035461,0.5840000000000001,0.115,0.885,0.885,705,400,False
model,0.48,0.4,2.0,0.2,score_point,0.06524822695035461,0.5880000000000001,0.1175,0.8825,0.8836045056320401,705,400,False
model,0.49,0.4,2.0,0.2,score_point,0.06524822695035461,0.5960000000000001,0.1225,0.8775,0.8808030112923464,705,400,False
model,0.29,0.5,2.0,0.2,score_point,0.06524822695035461,0.60125,0.0675,0.9325,0.9108669108669109,705,400,False
model,0.15,0.5,3.5,0.2,score_point,0.06524822695035461,0.6125,0.0375,0.9625,0.9265944645006017,705,400,False
model,0.1,0.6,3.0,0.2,score_point,0.06524822695035461,0.6539999999999998,0.0225,0.9775,0.9342891278375149,705,400,False
model,0.08,0.6,3.5,0.2,score_point,0.06524822695035461,0.6579999999999998,0.02,0.98,0.9355608591885441,705,400,False
model,0.2,0.6,2.0,0.2,score_point,0.06524822695035461,0.6664999999999999,0.0475,0.9525,0.9214026602176542,705,400,False
model,0.21,0.6,2.0,0.2,score_point,0.06524822695035461,0.6664999999999999,0.0475,0.9525,0.9214026602176542,705,400,False
model,0.03,0.7,3.5,0.2,score_point,0.06524822695035461,0.721,0.0075,0.9925,0.9418742586002373,705,400,False
model,0.05,0.7,2.5,0.2,score_point,0.06524822695035461,0.7225,0.0125,0.9875,0.9393579072532698,705,400,False
model,0.1,0.7,2.0,0.2,score_point,0.06524822695035461,0.72925,0.0225,0.9775,0.9342891278375149,705,400,False
model,0.63,0.6,1.5,0.2,score_point,0.06524822695035461,0.7619999999999998,0.18,0.82,0.8475452196382428,705,400,False
model,0.78,0.4,1.5,0.2,score_point,0.06524822695035461,0.7877500000000002,0.3525,0.6475,0.7347517730496452,705,400,False
model,0.59,0.7,1.5,0.2,score_point,0.06524822695035461,0.83,0.1625,0.8375,0.8578745198463509,705,400,False
model,0.6,0.7,1.5,0.2,score_point,0.06524822695035461,0.836,0.17,0.83,0.8534704370179949,705,400,False
model,0.61,0.7,1.5,0.2,score_point,0.06524822695035461,0.84,0.175,0.825,0.8505154639175257,705,400,False
model,0.62,0.7,1.5,0.2,score_point,0.06524822695035461,0.8419999999999999,0.1775,0.8225,0.8490322580645161,705,400,False
model,0.3,0.8,1.5,0.2,score_point,0.06524822695035461,0.8490000000000001,0.07,0.93,0.9095354523227384,705,400,False
model,0.31,0.8,1.5,0.2,score_point,0.06524822695035461,0.8525,0.075,0.925,0.9068627450980392,705,400,False
model,0.32,0.8,1.5,0.2,score_point,0.06524822695035461,0.8542500000000001,0.0775,0.9225,0.9055214723926381,705,400,False
model,0.33,0.8,1.5,0.2,score_point,0.06524822695035461,0.8560000000000001,0.08,0.92,0.9041769041769042,705,400,False
model,0.34,0.8,1.5,0.2,score_point,0.06524822695035461,0.8560000000000001,0.08,0.92,0.9041769041769042,705,400,False
model,0.35,0.8,1.5,0.2,score_point,0.06524822695035461,0.86125,0.0875,0.9125,0.9001233045622689,705,400,False
model,0.36,0.8,1.5,0.2,score_point,0.06524822695035461,0.86125,0.0875,0.9125,0.9001233045622689,705,400,False
model,0.37,0.8,1.5,0.2,score_point,0.06524822695035461,0.8647500000000001,0.0925,0.9075,0.8974042027194067,705,400,False
model,0.38,0.8,1.5,0.2,score_point,0.06524822695035461,0.8647500000000001,0.0925,0.9075,0.8974042027194067,705,400,False
model,0.39,0.8,1.5,0.2,score_point,0.06524822695035461,0.8682500000000002,0.0975,0.9025,0.8946716232961586,705,400,False
model,0.4,0.8,1.5,0.2,score_point,0.06524822695035461,0.8682500000000002,0.0975,0.9025,0.8946716232961586,705,400,False
model,0.41,0.8,1.5,0.2,score_point,0.06524822695035461,0.8682500000000002,0.0975,0.9025,0.8946716232961586,705,400,False
model,0.42,0.8,1.5,0.2,score_point,0.06524822695035461,0.8700000000000001,0.1,0.9,0.8933002481389578,705,400,False
model,0.22,0.9,1.5,0.2,score_point,0.06524822695035461,0.9315000000000003,0.0525,0.9475,0.9187878787878787,705,400,False
model,0.23,0.9,1.5,0.2,score_point,0.06524822695035461,0.9330000000000003,0.055,0.945,0.9174757281553398,705,400,False
model,0.24,0.9,1.5,0.2,score_point,0.06524822695035461,0.9345000000000002,0.0575,0.9425,0.9161603888213852,705,400,False
model,0.25,0.9,1.5,0.2,score_point,0.06524822695035461,0.9345000000000002,0.0575,0.9425,0.9161603888213852,705,400,False
model,0.86,0.3,1.5,0.2,score_point,0.06524822695035461,0.9870000000000002,0.5725,0.4275,0.5542949756888168,705,400,False
model,0.01,1.0,2.0,0.2,score_point,0.06524822695035461,1.0025,0.0025,0.9975,0.944378698224852,705,400,False
model,0.2,1.0,1.5,0.2,score_point,0.06524822695035461,1.02375,0.0475,0.9525,0.9214026602176542,705,400,False
model,0.21,1.0,1.5,0.2,score_point,0.06524822695035461,1.02375,0.0475,0.9525,0.9214026602176542,705,400,False
model,0.87,0.3,1.5,0.2,score_point,0.06524822695035461,1.026,0.605,0.395,0.52317880794702,705,400,False
model,0.88,0.2,1.5,0.2,score_point,0.06524822695035461,1.0515,0.655,0.345,0.4726027397260274,705,400,False
model,0.41,0.2,3.0,0.2,score_point,0.06666666666666667,0.473,0.0975,0.9025,0.8935643564356436,705,400,True
model,0.42,0.2,3.0,0.2,score_point,0.06666666666666667,0.48,0.1,0.9,0.8921933085501859,705,400,False
model,0.37,0.3,2.5,0.2,score_point,0.06666666666666667,0.5035,0.0925,0.9075,0.8962962962962963,705,400,False
model,0.38,0.3,2.5,0.2,score_point,0.06666666666666667,0.5035,0.0925,0.9075,0.8962962962962963,705,400,False
model,0.37,0.2,3.5,0.2,score_point,0.06666666666666667,0.5052500000000001,0.0925,0.9075,0.8962962962962963,705,400,False
model,0.32,0.3,3.0,0.2,score_point,0.06666666666666667,0.50925,0.0775,0.9225,0.9044117647058822,705,400,False
model,0.39,0.3,2.5,0.2,score_point,0.06666666666666667,0.5145,0.0975,0.9025,0.8935643564356436,705,400,False
model,0.29,0.3,3.5,0.2,score_point,0.06666666666666667,0.5159999999999999,0.0675,0.9325,0.9097560975609754,705,400,False
model,0.51,0.3,2.0,0.2,score_point,0.06666666666666667,0.5167499999999999,0.1275,0.8725,0.8768844221105527,705,400,False
model,0.52,0.3,2.0,0.2,score_point,0.06666666666666667,0.5167499999999999,0.1275,0.8725,0.8768844221105527,705,400,False
model,0.63,0.2,2.0,0.2,score_point,0.06666666666666667,0.524,0.18,0.82,0.8464516129032259,705,400,False
model,0.53,0.3,2.0,0.2,score_point,0.06666666666666667,0.5252499999999999,0.1325,0.8675,0.8740554156171285,705,400,False
model,0.54,0.3,2.0,0.2,score_point,0.06666666666666667,0.5294999999999999,0.135,0.865,0.8726355611601513,705,400,False
model,0.55,0.3,2.0,0.2,score_point,0.06666666666666667,0.53375,0.1375,0.8625,0.8712121212121212,705,400,False
model,0.3,0.4,2.5,0.2,score_point,0.06666666666666667,0.547,0.07,0.93,0.9084249084249084,705,400,False
model,0.31,0.4,2.5,0.2,score_point,0.06666666666666667,0.5575000000000001,0.075,0.925,0.9057527539779683,705,400,False
model,0.43,0.4,2.0,0.2,score_point,0.06666666666666667,0.56,0.1,0.9,0.8921933085501859,705,400,False
model,0.44,0.4,2.0,0.2,score_point,0.06666666666666667,0.56,0.1,0.9,0.8921933085501859,705,400,False
model,0.24,0.4,3.5,0.2,score_point,0.06666666666666667,0.57825,0.0575,0.9425,0.9150485436893203,705,400,False
model,0.2,0.5,2.5,0.2,score_point,0.06666666666666667,0.595,0.0475,0.9525,0.9202898550724639,705,400,False
model,0.21,0.5,2.5,0.2,score_point,0.06666666666666667,0.595,0.0475,0.9525,0.9202898550724639,705,400,False
model,0.16,0.5,3.0,0.2,score_point,0.06666666666666667,0.6,0.04,0.96,0.9241877256317689,705,400,False
model,0.09,0.6,3.0,0.2,score_point,0.06666666666666667,0.6479999999999998,0.02,0.98,0.934445768772348,705,400,False
model,0.14,0.6,2.5,0.2,score_point,0.06666666666666667,0.6617499999999998,0.0325,0.9675,0.9280575539568345,705,400,False
model,0.19,0.6,2.0,0.2,score_point,0.06666666666666667,0.6664999999999999,0.0475,0.9525,0.9202898550724639,705,400,False
model,0.04,0.7,2.5,0.2,score_point,0.06666666666666667,0.7180000000000001,0.01,0.99,0.9395017793594306,705,400,False
model,0.09,0.7,2.0,0.2,score_point,0.06666666666666667,0.726,0.02,0.98,0.934445768772348,705,400,False
model,0.79,0.3,1.5,0.2,score_point,0.06666666666666667,0.732,0.36,0.64,0.7283072546230441,705,400,False
model,0.75,0.4,1.5,0.2,score_point,0.06666666666666667,0.7327500000000002,0.3025,0.6975,0.7685950413223142,705,400,False
model,0.6,0.6,1.5,0.2,score_point,0.06666666666666667,0.7529999999999998,0.17,0.83,0.8523748395378691,705,400,False
model,0.61,0.6,1.5,0.2,score_point,0.06666666666666667,0.7574999999999998,0.175,0.825,0.8494208494208494,705,400,False
model,0.76,0.4,1.5,0.2,score_point,0.06666666666666667,0.7575,0.325,0.675,0.7531380753138076,705,400,False
model,0.62,0.6,1.5,0.2,score_point,0.06666666666666667,0.7597499999999998,0.1775,0.8225,0.8479381443298969,705,400,False
model,0.71,0.5,1.5,0.2,score_point,0.06666666666666667,0.76,0.26,0.74,0.7967698519515478,705,400,False
model,0.77,0.4,1.5,0.2,score_point,0.06666666666666667,0.7685000000000002,0.335,0.665,0.7461430575035063,705,400,False
model,0.8,0.3,1.5,0.2,score_point,0.06666666666666667,0.777,0.3975,0.6025,0.7005813953488372,705,400,False
model,0.43,0.7,1.5,0.2,score_point,0.06666666666666667,0.7799999999999998,0.1,0.9,0.8921933085501859,705,400,False
model,0.44,0.7,1.5,0.2,score_point,0.06666666666666667,0.7799999999999998,0.1,0.9,0.8921933085501859,705,400,False
model,0.45,0.7,1.5,0.2,score_point,0.06666666666666667,0.7879999999999998,0.11,0.89,0.8866749688667497,705,400,False
model,0.46,0.7,1.5,0.2,score_point,0.06666666666666667,0.79,0.1125,0.8875,0.8852867830423942,705,400,False
model,0.47,0.7,1.5,0.2,score_point,0.06666666666666667,0.7919999999999999,0.115,0.885,0.8838951310861423,705,400,False
model,0.48,0.7,1.5,0.2,score_point,0.06666666666666667,0.7939999999999999,0.1175,0.8825,0.8825,705,400,False
model,0.49,0.7,1.5,0.2,score_point,0.06666666666666667,0.7979999999999998,0.1225,0.8775,0.8796992481203008,705,400,False
model,0.5,0.7,1.5,0.2,score_point,0.06666666666666667,0.7979999999999998,0.1225,0.8775,0.8796992481203008,705,400,False
model,0.51,0.7,1.5,0.2,score_point,0.06666666666666667,0.8019999999999999,0.1275,0.8725,0.8768844221105527,705,400,False
model,0.52,0.7,1.5,0.2,score_point,0.06666666666666667,0.8019999999999999,0.1275,0.8725,0.8768844221105527,705,400,False
model,0.53,0.7,1.5,0.2,score_point,0.06666666666666667,0.8059999999999999,0.1325,0.8675,0.8740554156171285,705,400,False
model,0.54,0.7,1.5,0.2,score_point,0.06666666666666667,0.8079999999999999,0.135,0.865,0.8726355611601513,705,400,False
model,0.55,0.7,1.5,0.2,score_point,0.06666666666666667,0.81,0.1375,0.8625,0.8712121212121212,705,400,False
model,0.56,0.7,1.5,0.2,score_point,0.06666666666666667,0.81,0.1375,0.8625,0.8712121212121212,705,400,False
model,0.57,0.7,1.5,0.2,score_point,0.06666666666666667,0.816,0.145,0.855,0.8669201520912547,705,400,False
model,0.81,0.3,1.5,0.2,score_point,0.06666666666666667,0.8160000000000001,0.43,0.57,0.6755555555555556,705,400,False
model,0.58,0.7,1.5,0.2,score_point,0.06666666666666667,0.8220000000000001,0.1525,0.8475,0.8625954198473282,705,400,False
model,0.26,0.8,1.5,0.2,score_point,0.06666666666666667,0.8420000000000001,0.06,0.94,0.913730255164034,705,400,False
model,0.82,0.3,1.5,0.2,score_point,0.06666666666666667,0.8430000000000001,0.4525,0.5475,0.6576576576576576,705,400,False
model,0.27,0.8,1.5,0.2,score_point,0.06666666666666667,0.84375,0.0625,0.9375,0.9124087591240876,705,400,False
model,0.28,0.8,1.5,0.2,score_point,0.06666666666666667,0.84725,0.0675,0.9325,0.9097560975609754,705,400,False
model,0.29,0.8,1.5,0.2,score_point,0.06666666666666667,0.84725,0.0675,0.9325,0.9097560975609754,705,400,False
model,0.83,0.3,1.5,0.2,score_point,0.06666666666666667,0.87,0.475,0.525,0.639269406392694,705,400,False
model,0.01,0.9,2.5,0.2,score_point,0.06666666666666667,0.9040000000000002,0.0025,0.9975,0.9432624113475178,705,400,False
model,0.84,0.3,1.5,0.2,score_point,0.06666666666666667,0.909,0.5075,0.4925,0.6118012422360248,705,400,False
model,0.2,0.9,1.5,0.2,score_point,0.06666666666666667,0.9285000000000002,0.0475,0.9525,0.9202898550724639,705,400,False
model,0.21,0.9,1.5,0.2,score_point,0.06666666666666667,0.9285000000000002,0.0475,0.9525,0.9202898550724639,705,400,False
model,0.85,0.3,1.5,0.2,score_point,0.06666666666666667,0.9510000000000001,0.5425,0.4575,0.5809523809523809,705,400,False
model,0.19,1.0,1.5,0.2,score_point,0.06666666666666667,1.02375,0.0475,0.9525,0.9202898550724639,705,400,False
model,0.4,0.2,3.0,0.2,score_point,0.06808510638297872,0.473,0.0975,0.9025,0.892459826946848,705,400,False
model,0.5,0.2,2.5,0.2,score_point,0.06808510638297872,0.48175000000000007,0.1225,0.8775,0.8785982478097621,705,400,False
model,0.3,0.3,3.0,0.2,score_point,0.06808510638297872,0.489,0.07,0.93,0.9073170731707316,705,400,False
model,0.31,0.3,3.0,0.2,score_point,0.06808510638297872,0.5025,0.075,0.925,0.9046454767726161,705,400,False
model,0.61,0.2,2.0,0.2,score_point,0.06808510638297872,0.5150000000000001,0.175,0.825,0.8483290488431877,705,400,False
model,0.62,0.2,2.0,0.2,score_point,0.06808510638297872,0.5195000000000001,0.1775,0.8225,0.8468468468468467,705,400,False
model,0.29,0.4,2.5,0.2,score_point,0.06808510638297872,0.5417500000000001,0.0675,0.9325,0.9086479902557856,705,400,False
model,0.26,0.4,3.0,0.2,score_point,0.06808510638297872,0.556,0.06,0.94,0.912621359223301,705,400,False
model,0.41,0.4,2.0,0.2,score_point,0.06808510638297872,0.556,0.0975,0.9025,0.892459826946848,705,400,False
model,0.42,0.4,2.0,0.2,score_point,0.06808510638297872,0.56,0.1,0.9,0.8910891089108911,705,400,False
model,0.23,0.4,3.5,0.2,score_point,0.06808510638297872,0.5705000000000001,0.055,0.945,0.9152542372881356,705,400,False
model,0.26,0.5,2.0,0.2,score_point,0.06808510638297872,0.59,0.06,0.94,0.912621359223301,705,400,False
model,0.15,0.5,3.0,0.2,score_point,0.06808510638297872,0.59375,0.0375,0.9625,0.9243697478991597,705,400,False
model,0.27,0.5,2.0,0.2,score_point,0.06808510638297872,0.59375,0.0625,0.9375,0.9113001215066829,705,400,False
model,0.19,0.5,2.5,0.2,score_point,0.06808510638297872,0.595,0.0475,0.9525,0.9191797346200241,705,400,False
model,0.28,0.5,2.0,0.2,score_point,0.06808510638297872,0.60125,0.0675,0.9325,0.9086479902557856,705,400,False
model,0.08,0.6,3.0,0.2,score_point,0.06808510638297872,0.6479999999999998,0.02,0.98,0.9333333333333333,705,400,False
model,0.13,0.6,2.5,0.2,score_point,0.06808510638297872,0.6569999999999999,0.03,0.97,0.9282296650717704,705,400,False
model,0.17,0.6,2.0,0.2,score_point,0.06808510638297872,0.6594999999999999,0.0425,0.9575,0.9217809867629362,705,400,False
model,0.18,0.6,2.0,0.2,score_point,0.06808510638297872,0.6664999999999999,0.0475,0.9525,0.9191797346200241,705,400,False
model,0.73,0.4,1.5,0.2,score_point,0.06808510638297872,0.7052500000000002,0.2775,0.7225,0.7842605156037992,705,400,False
model,0.03,0.7,3.0,0.2,score_point,0.06808510638297872,0.7172499999999999,0.0075,0.9925,0.9396449704142011,705,400,False
model,0.74,0.4,1.5,0.2,score_point,0.06808510638297872,0.7217500000000001,0.2925,0.7075,0.774281805745554,705,400,False
model,0.78,0.3,1.5,0.2,score_point,0.06808510638297872,0.7230000000000001,0.3525,0.6475,0.7326732673267327,705,400,False
model,0.08,0.7,2.0,0.2,score_point,0.06808510638297872,0.726,0.02,0.98,0.9333333333333333,705,400,False
model,0.69,0.5,1.5,0.2,score_point,0.06808510638297872,0.7375,0.2375,0.7625,0.8100929614873839,705,400,False
model,0.59,0.6,1.5,0.2,score_point,0.06808510638297872,0.74625,0.1625,0.8375,0.8556832694763729,705,400,False
model,0.7,0.5,1.5,0.2,score_point,0.06808510638297872,0.75,0.25,0.75,0.8021390374331552,705,400,False
model,0.3,0.7,1.5,0.2,score_point,0.06808510638297872,0.7559999999999999,0.07,0.93,0.9073170731707316,705,400,False
model,0.31,0.7,1.5,0.2,score_point,0.06808510638297872,0.76,0.075,0.925,0.9046454767726161,705,400,False
model,0.32,0.7,1.5,0.2,score_point,0.06808510638297872,0.7619999999999999,0.0775,0.9225,0.9033047735618115,705,400,False
model,0.33,0.7,1.5,0.2,score_point,0.06808510638297872,0.7639999999999999,0.08,0.92,0.9019607843137256,705,400,False
model,0.34,0.7,1.5,0.2,score_point,0.06808510638297872,0.7639999999999999,0.08,0.92,0.9019607843137256,705,400,False
model,0.35,0.7,1.5,0.2,score_point,0.06808510638297872,0.77,0.0875,0.9125,0.8979089790897908,705,400,False
model,0.36,0.7,1.5,0.2,score_point,0.06808510638297872,0.77,0.0875,0.9125,0.8979089790897908,705,400,False
model,0.37,0.7,1.5,0.2,score_point,0.06808510638297872,0.7739999999999999,0.0925,0.9075,0.8951911220715166,705,400,False
model,0.38,0.7,1.5,0.2,score_point,0.06808510638297872,0.7739999999999999,0.0925,0.9075,0.8951911220715166,705,400,False
model,0.39,0.7,1.5,0.2,score_point,0.06808510638297872,0.7779999999999998,0.0975,0.9025,0.892459826946848,705,400,False
model,0.4,0.7,1.5,0.2,score_point,0.06808510638297872,0.7779999999999998,0.0975,0.9025,0.892459826946848,705,400,False
model,0.41,0.7,1.5,0.2,score_point,0.06808510638297872,0.7779999999999998,0.0975,0.9025,0.892459826946848,705,400,False
model,0.42,0.7,1.5,0.2,score_point,0.06808510638297872,0.7799999999999998,0.1,0.9,0.8910891089108911,705,400,False
model,0.01,0.8,3.0,0.2,score_point,0.06808510638297872,0.8055,0.0025,0.9975,0.9421487603305785,705,400,False
model,0.01,0.8,3.5,0.2,score_point,0.06808510638297872,0.80675,0.0025,0.9975,0.9421487603305785,705,400,False
model,0.02,0.8,2.5,0.2,score_point,0.06808510638297872,0.8085,0.005,0.995,0.9408983451536643,705,400,False
model,0.22,0.8,1.5,0.2,score_point,0.06808510638297872,0.83675,0.0525,0.9475,0.9165659008464327,705,400,False
model,0.23,0.8,1.5,0.2,score_point,0.06808510638297872,0.8384999999999999,0.055,0.945,0.9152542372881356,705,400,False
model,0.24,0.8,1.5,0.2,score_point,0.06808510638297872,0.84025,0.0575,0.9425,0.913939393939394,705,400,False
model,0.25,0.8,1.5,0.2,score_point,0.06808510638297872,0.84025,0.0575,0.9425,0.913939393939394,705,400,False
model,0.19,0.9,1.5,0.2,score_point,0.06808510638297872,0.9285000000000002,0.0475,0.9525,0.9191797346200241,705,400,False
model,0.87,0.2,1.5,0.2,score_point,0.06808510638297872,0.9865,0.605,0.395,0.5214521452145214,705,400,False
model,0.15,1.0,1.5,0.2,score_point,0.06808510638297872,1.01875,0.0375,0.9625,0.9243697478991597,705,400,False
model,0.16,1.0,1.5,0.2,score_point,0.06808510638297872,1.02,0.04,0.96,0.923076923076923,705,400,False
model,0.17,1.0,1.5,0.2,score_point,0.06808510638297872,1.02125,0.0425,0.9575,0.9217809867629362,705,400,False
model,0.18,1.0,1.5,0.2,score_point,0.06808510638297872,1.02375,0.0475,0.9525,0.9191797346200241,705,400,False
model,0.38,0.2,3.0,0.2,score_point,0.06950354609929078,0.4590000000000001,0.0925,0.9075,0.894088669950739,705,400,True
model,0.47,0.2,2.5,0.2,score_point,0.06950354609929078,0.4645,0.115,0.885,0.8816936488169366,705,400,False
model,0.48,0.2,2.5,0.2,score_point,0.06950354609929078,0.47025000000000006,0.1175,0.8825,0.8802992518703242,705,400,False
model,0.39,0.2,3.0,0.2,score_point,0.06950354609929078,0.473,0.0975,0.9025,0.891358024691358,705,400,False
model,0.49,0.2,2.5,0.2,score_point,0.06950354609929078,0.48175000000000007,0.1225,0.8775,0.8775,705,400,False
model,0.36,0.2,3.5,0.2,score_point,0.06950354609929078,0.48875,0.0875,0.9125,0.8968058968058968,705,400,False
model,0.36,0.3,2.5,0.2,score_point,0.06950354609929078,0.49249999999999994,0.0875,0.9125,0.8968058968058968,705,400,False
model,0.27,0.3,3.5,0.2,score_point,0.06950354609929078,0.49999999999999994,0.0625,0.9375,0.9101941747572815,705,400,False
model,0.6,0.2,2.0,0.2,score_point,0.06950354609929078,0.5060000000000001,0.17,0.83,0.8501920614596671,705,400,False
model,0.5,0.3,2.0,0.2,score_point,0.06950354609929078,0.5082499999999999,0.1225,0.8775,0.8775,705,400,False
model,0.28,0.3,3.5,0.2,score_point,0.06950354609929078,0.5159999999999999,0.0675,0.9325,0.9075425790754257,705,400,False
model,0.25,0.4,3.0,0.2,score_point,0.06950354609929078,0.5495,0.0575,0.9425,0.9128329297820823,705,400,False
model,0.4,0.4,2.0,0.2,score_point,0.06950354609929078,0.556,0.0975,0.9025,0.891358024691358,705,400,False
model,0.23,0.5,2.0,0.2,score_point,0.06950354609929078,0.5825,0.055,0.945,0.9141475211608223,705,400,False
model,0.17,0.5,2.5,0.2,score_point,0.06950354609929078,0.585,0.0425,0.9575,0.920673076923077,705,400,False
model,0.24,0.5,2.0,0.2,score_point,0.06950354609929078,0.58625,0.0575,0.9425,0.9128329297820823,705,400,False
model,0.25,0.5,2.0,0.2,score_point,0.06950354609929078,0.58625,0.0575,0.9425,0.9128329297820823,705,400,False
model,0.18,0.5,2.5,0.2,score_point,0.06950354609929078,0.595,0.0475,0.9525,0.9180722891566265,705,400,False
model,0.14,0.5,3.5,0.2,score_point,0.06950354609929078,0.5975,0.0325,0.9675,0.9258373205741626,705,400,False
model,0.11,0.6,2.5,0.2,score_point,0.06950354609929078,0.6427499999999998,0.0225,0.9775,0.930952380952381,705,400,False
model,0.12,0.6,2.5,0.2,score_point,0.06950354609929078,0.6427499999999998,0.0225,0.9775,0.930952380952381,705,400,False
model,0.76,0.3,1.5,0.2,score_point,0.06950354609929078,0.69,0.325,0.675,0.7510431154381085,705,400,False
model,0.64,0.5,1.5,0.2,score_point,0.06950354609929078,0.695,0.195,0.805,0.8352788586251623,705,400,False
model,0.72,0.4,1.5,0.2,score_point,0.06950354609929078,0.6970000000000002,0.27,0.73,0.7881241565452092,705,400,False
model,0.77,0.3,1.5,0.2,score_point,0.06950354609929078,0.7019999999999998,0.335,0.665,0.744055944055944,705,400,False
model,0.65,0.5,1.5,0.2,score_point,0.06950354609929078,0.7075,0.2075,0.7925,0.8276762402088772,705,400,False
model,0.66,0.5,1.5,0.2,score_point,0.06950354609929078,0.71,0.21,0.79,0.8261437908496732,705,400,False
model,0.51,0.6,1.5,0.2,score_point,0.06950354609929078,0.71475,0.1275,0.8725,0.8746867167919801,705,400,False
model,0.52,0.6,1.5,0.2,score_point,0.06950354609929078,0.71475,0.1275,0.8725,0.8746867167919801,705,400,False
model,0.67,0.5,1.5,0.2,score_point,0.06950354609929078,0.715,0.215,0.785,0.8230668414154653,705,400,False
model,0.53,0.6,1.5,0.2,score_point,0.06950354609929078,0.7192499999999998,0.1325,0.8675,0.8718592964824121,705,400,False
model,0.54,0.6,1.5,0.2,score_point,0.06950354609929078,0.7214999999999998,0.135,0.865,0.8704402515723271,705,400,False
model,0.55,0.6,1.5,0.2,score_point,0.06950354609929078,0.7237499999999997,0.1375,0.8625,0.8690176322418136,705,400,False
model,0.56,0.6,1.5,0.2,score_point,0.06950354609929078,0.7237499999999997,0.1375,0.8625,0.8690176322418136,705,400,False
model,0.68,0.5,1.5,0.2,score_point,0.06950354609929078,0.7275,0.2275,0.7725,0.8153034300791556,705,400,False
model,0.57,0.6,1.5,0.2,score_point,0.06950354609929078,0.7304999999999998,0.145,0.855,0.8647281921618205,705,400,False
model,0.58,0.6,1.5,0.2,score_point,0.06950354609929078,0.7372499999999998,0.1525,0.8475,0.8604060913705583,705,400,False
model,0.26,0.7,1.5,0.2,score_point,0.06950354609929078,0.748,0.06,0.94,0.9115151515151516,705,400,False
model,0.27,0.7,1.5,0.2,score_point,0.06950354609929078,0.75,0.0625,0.9375,0.9101941747572815,705,400,False
model,0.28,0.7,1.5,0.2,score_point,0.06950354609929078,0.754,0.0675,0.9325,0.9075425790754257,705,400,False
model,0.29,0.7,1.5,0.2,score_point,0.06950354609929078,0.754,0.0675,0.9325,0.9075425790754257,705,400,False
model,0.03,0.8,2.0,0.2,score_point,0.06950354609929078,0.809,0.0075,0.9925,0.9385342789598108,705,400,False
model,0.2,0.8,1.5,0.2,score_point,0.06950354609929078,0.8332499999999999,0.0475,0.9525,0.9180722891566265,705,400,False
model,0.21,0.8,1.5,0.2,score_point,0.06950354609929078,0.8332499999999999,0.0475,0.9525,0.9180722891566265,705,400,False
model,0.02,0.9,2.0,0.2,score_point,0.06950354609929078,0.9055000000000001,0.005,0.995,0.9397874852420307,705,400,False
model,0.15,0.9,1.5,0.2,score_point,0.06950354609929078,0.9225000000000003,0.0375,0.9625,0.9232613908872902,705,400,False
model,0.16,0.9,1.5,0.2,score_point,0.06950354609929078,0.9240000000000004,0.04,0.96,0.921968787515006,705,400,False
model,0.17,0.9,1.5,0.2,score_point,0.06950354609929078,0.9255000000000002,0.0425,0.9575,0.920673076923077,705,400,False
model,0.18,0.9,1.5,0.2,score_point,0.06950354609929078,0.9285000000000002,0.0475,0.9525,0.9180722891566265,705,400,False
model,0.86,0.2,1.5,0.2,score_point,0.06950354609929078,0.9442499999999998,0.5725,0.4275,0.5516129032258065,705,400,False
model,0.14,1.0,1.5,0.2,score_point,0.06950354609929078,1.01625,0.0325,0.9675,0.9258373205741626,705,400,False
model,0.45,0.2,2.5,0.2,score_point,0.07092198581560284,0.45300000000000007,0.11,0.89,0.8833746898263026,705,400,True
model,0.46,0.2,2.5,0.2,score_point,0.07092198581560284,0.45875000000000005,0.1125,0.8875,0.8819875776397514,705,400,False
model,0.37,0.2,3.0,0.2,score_point,0.07092198581560284,0.4590000000000001,0.0925,0.9075,0.8929889298892989,705,400,False
model,0.34,0.3,2.5,0.2,score_point,0.07092198581560284,0.4759999999999999,0.08,0.92,0.8997555012224938,705,400,False
model,0.29,0.3,3.0,0.2,score_point,0.07092198581560284,0.48224999999999996,0.0675,0.9325,0.9064398541919805,705,400,False
model,0.35,0.3,2.5,0.2,score_point,0.07092198581560284,0.49249999999999994,0.0875,0.9125,0.8957055214723926,705,400,False
model,0.59,0.2,2.0,0.2,score_point,0.07092198581560284,0.4925,0.1625,0.8375,0.8535031847133757,705,400,False
model,0.47,0.3,2.0,0.2,score_point,0.07092198581560284,0.4955,0.115,0.885,0.880597014925373,705,400,False
model,0.48,0.3,2.0,0.2,score_point,0.07092198581560284,0.4997499999999999,0.1175,0.8825,0.8792029887920298,705,400,False
model,0.49,0.3,2.0,0.2,score_point,0.07092198581560284,0.5082499999999999,0.1225,0.8775,0.8764044943820225,705,400,False
model,0.27,0.4,2.5,0.2,score_point,0.07092198581560284,0.53125,0.0625,0.9375,0.9090909090909091,705,400,False
model,0.28,0.4,2.5,0.2,score_point,0.07092198581560284,0.5417500000000001,0.0675,0.9325,0.9064398541919805,705,400,False
model,0.37,0.4,2.0,0.2,score_point,0.07092198581560284,0.5480000000000002,0.0925,0.9075,0.8929889298892989,705,400,False
model,0.38,0.4,2.0,0.2,score_point,0.07092198581560284,0.5480000000000002,0.0925,0.9075,0.8929889298892989,705,400,False
model,0.24,0.4,3.0,0.2,score_point,0.07092198581560284,0.5495,0.0575,0.9425,0.9117291414752116,705,400,False
model,0.39,0.4,2.0,0.2,score_point,0.07092198581560284,0.556,0.0975,0.9025,0.8902589395807644,705,400,False
model,0.13,0.5,3.5,0.2,score_point,0.07092198581560284,0.59,0.03,0.97,0.9260143198090691,705,400,False
model,0.1,0.6,2.5,0.2,score_point,0.07092198581560284,0.6427499999999998,0.0225,0.9775,0.929845422116528,705,400,False
model,0.07,0.6,3.5,0.2,score_point,0.07092198581560284,0.6507499999999999,0.0175,0.9825,0.9323843416370107,705,400,False
model,0.16,0.6,2.0,0.2,score_point,0.07092198581560284,0.6559999999999999,0.04,0.96,0.9208633093525179,705,400,False
model,0.75,0.3,1.5,0.2,score_point,0.07092198581560284,0.6629999999999999,0.3025,0.6975,0.7654320987654321,705,400,False
model,0.63,0.5,1.5,0.2,score_point,0.07092198581560284,0.68,0.18,0.82,0.8431876606683804,705,400,False
model,0.07,0.7,2.0,0.2,score_point,0.07092198581560284,0.72275,0.0175,0.9825,0.9323843416370107,705,400,False
model,0.22,0.7,1.5,0.2,score_point,0.07092198581560284,0.742,0.0525,0.9475,0.9143546441495778,705,400,False
model,0.23,0.7,1.5,0.2,score_point,0.07092198581560284,0.7440000000000001,0.055,0.945,0.9130434782608695,705,400,False
model,0.24,0.7,1.5,0.2,score_point,0.07092198581560284,0.746,0.0575,0.9425,0.9117291414752116,705,400,False
model,0.25,0.7,1.5,0.2,score_point,0.07092198581560284,0.746,0.0575,0.9425,0.9117291414752116,705,400,False
model,0.81,0.2,1.5,0.2,score_point,0.07092198581560284,0.7589999999999999,0.43,0.57,0.6725663716814159,705,400,False
model,0.82,0.2,1.5,0.2,score_point,0.07092198581560284,0.7882499999999999,0.4525,0.5475,0.6547085201793722,705,400,False
model,0.83,0.2,1.5,0.2,score_point,0.07092198581560284,0.8175,0.475,0.525,0.6363636363636364,705,400,False
model,0.19,0.8,1.5,0.2,score_point,0.07092198581560284,0.8332499999999999,0.0475,0.9525,0.9169675090252708,705,400,False
model,0.84,0.2,1.5,0.2,score_point,0.07092198581560284,0.8597499999999999,0.5075,0.4925,0.6089644513137558,705,400,False
model,0.85,0.2,1.5,0.2,score_point,0.07092198581560284,0.9052499999999999,0.5425,0.4575,0.5781990521327014,705,400,False
model,0.03,1.0,1.5,0.2,score_point,0.07092198581560284,1.00375,0.0075,0.9925,0.9374262101534829,705,400,False
model,0.04,1.0,1.5,0.2,score_point,0.07092198581560284,1.005,0.01,0.99,0.9361702127659574,705,400,False
model,0.05,1.0,1.5,0.2,score_point,0.07092198581560284,1.00625,0.0125,0.9875,0.9349112426035503,705,400,False
model,0.06,1.0,1.5,0.2,score_point,0.07092198581560284,1.0075,0.015,0.985,0.933649289099526,705,400,False
model,0.07,1.0,1.5,0.2,score_point,0.07092198581560284,1.00875,0.0175,0.9825,0.9323843416370107,705,400,False
model,0.08,1.0,1.5,0.2,score_point,0.07092198581560284,1.01,0.02,0.98,0.9311163895486936,705,400,False
model,0.09,1.0,1.5,0.2,score_point,0.07092198581560284,1.01,0.02,0.98,0.9311163895486936,705,400,False
model,0.1,1.0,1.5,0.2,score_point,0.07092198581560284,1.01125,0.0225,0.9775,0.929845422116528,705,400,False
model,0.11,1.0,1.5,0.2,score_point,0.07092198581560284,1.01125,0.0225,0.9775,0.929845422116528,705,400,False
model,0.12,1.0,1.5,0.2,score_point,0.07092198581560284,1.01125,0.0225,0.9775,0.929845422116528,705,400,False
model,0.13,1.0,1.5,0.2,score_point,0.07092198581560284,1.015,0.03,0.97,0.9260143198090691,705,400,False
model,0.43,0.2,2.5,0.2,score_point,0.07234042553191489,0.43,0.1,0.9,0.8877928483353884,705,400,False
model,0.44,0.2,2.5,0.2,score_point,0.07234042553191489,0.43,0.1,0.9,0.8877928483353884,705,400,True
model,0.57,0.2,2.0,0.2,score_point,0.07234042553191489,0.4610000000000001,0.145,0.855,0.862547288776797,705,400,False
model,0.34,0.2,3.5,0.2,score_point,0.07234042553191489,0.46399999999999997,0.08,0.92,0.8986568986568987,705,400,False
model,0.58,0.2,2.0,0.2,score_point,0.07234042553191489,0.47450000000000003,0.1525,0.8475,0.8582278481012657,705,400,False
model,0.33,0.3,2.5,0.2,score_point,0.07234042553191489,0.4759999999999999,0.08,0.92,0.8986568986568987,705,400,False
model,0.45,0.3,2.0,0.2,score_point,0.07234042553191489,0.48699999999999993,0.11,0.89,0.8822800495662949,705,400,False
model,0.35,0.2,3.5,0.2,score_point,0.07234042553191489,0.48875,0.0875,0.9125,0.8946078431372548,705,400,False
model,0.46,0.3,2.0,0.2,score_point,0.07234042553191489,0.4912499999999999,0.1125,0.8875,0.8808933002481389,705,400,False
model,0.26,0.3,3.5,0.2,score_point,0.07234042553191489,0.49199999999999994,0.06,0.94,0.9093107617896009,705,400,False
model,0.23,0.4,3.0,0.2,score_point,0.07234042553191489,0.543,0.055,0.945,0.9119420989143546,705,400,False
model,0.22,0.4,3.5,0.2,score_point,0.07234042553191489,0.5627500000000001,0.0525,0.9475,0.9132530120481928,705,400,False
model,0.11,0.5,3.5,0.2,score_point,0.07234042553191489,0.5675,0.0225,0.9775,0.9287410926365796,705,400,False
model,0.12,0.5,3.5,0.2,score_point,0.07234042553191489,0.5675,0.0225,0.9775,0.9287410926365796,705,400,False
model,0.16,0.5,2.5,0.2,score_point,0.07234042553191489,0.58,0.04,0.96,0.9197604790419162,705,400,False
model,0.14,0.5,3.0,0.2,score_point,0.07234042553191489,0.58125,0.0325,0.9675,0.9236276849642006,705,400,False
model,0.73,0.3,1.5,0.2,score_point,0.07234042553191489,0.633,0.2775,0.7225,0.7810810810810811,705,400,False
model,0.09,0.6,2.5,0.2,score_point,0.07234042553191489,0.6379999999999998,0.02,0.98,0.9300118623962039,705,400,False
model,0.74,0.3,1.5,0.2,score_point,0.07234042553191489,0.6509999999999999,0.2925,0.7075,0.771117166212534,705,400,False
model,0.15,0.6,2.0,0.2,score_point,0.07234042553191489,0.6525,0.0375,0.9625,0.9210526315789475,705,400,False
model,0.79,0.2,1.5,0.2,score_point,0.07234042553191489,0.6680000000000001,0.36,0.64,0.7241867043847242,705,400,False
model,0.6,0.5,1.5,0.2,score_point,0.07234042553191489,0.67,0.17,0.83,0.8480204342273308,705,400,False
model,0.61,0.5,1.5,0.2,score_point,0.07234042553191489,0.675,0.175,0.825,0.8450704225352113,705,400,False
model,0.62,0.5,1.5,0.2,score_point,0.07234042553191489,0.6775,0.1775,0.8225,0.8435897435897436,705,400,False
model,0.71,0.4,1.5,0.2,score_point,0.07234042553191489,0.686,0.26,0.74,0.7925033467202142,705,400,False
model,0.5,0.6,1.5,0.2,score_point,0.07234042553191489,0.7102499999999999,0.1225,0.8775,0.8753117206982542,705,400,False
model,0.8,0.2,1.5,0.2,score_point,0.07234042553191489,0.71675,0.3975,0.6025,0.6965317919075144,705,400,False
model,0.06,0.7,2.0,0.2,score_point,0.07234042553191489,0.7194999999999999,0.015,0.985,0.9325443786982248,705,400,False
model,0.2,0.7,1.5,0.2,score_point,0.07234042553191489,0.7380000000000001,0.0475,0.9525,0.9158653846153847,705,400,False
model,0.21,0.7,1.5,0.2,score_point,0.07234042553191489,0.7380000000000001,0.0475,0.9525,0.9158653846153847,705,400,False
model,0.15,0.8,1.5,0.2,score_point,0.07234042553191489,0.82625,0.0375,0.9625,0.9210526315789475,705,400,False
model,0.16,0.8,1.5,0.2,score_point,0.07234042553191489,0.828,0.04,0.96,0.9197604790419162,705,400,False
model,0.17,0.8,1.5,0.2,score_point,0.07234042553191489,0.82975,0.0425,0.9575,0.9184652278177458,705,400,False
model,0.18,0.8,1.5,0.2,score_point,0.07234042553191489,0.8332499999999999,0.0475,0.9525,0.9158653846153847,705,400,False
model,0.41,0.2,2.5,0.2,score_point,0.07375886524822695,0.42425,0.0975,0.9025,0.8880688806888068,705,400,True
model,0.42,0.2,2.5,0.2,score_point,0.07375886524822695,0.43,0.1,0.9,0.8866995073891626,705,400,False
model,0.36,0.2,3.0,0.2,score_point,0.07375886524822695,0.445,0.0875,0.9125,0.8935128518971848,705,400,False
model,0.56,0.2,2.0,0.2,score_point,0.07375886524822695,0.44750000000000006,0.1375,0.8625,0.8657465495608532,705,400,False
model,0.33,0.2,3.5,0.2,score_point,0.07375886524822695,0.46399999999999997,0.08,0.92,0.8975609756097561,705,400,False
model,0.27,0.3,3.0,0.2,score_point,0.07375886524822695,0.46874999999999994,0.0625,0.9375,0.9068923821039904,705,400,False
model,0.43,0.3,2.0,0.2,score_point,0.07375886524822695,0.4699999999999999,0.1,0.9,0.8866995073891626,705,400,False
model,0.44,0.3,2.0,0.2,score_point,0.07375886524822695,0.4699999999999999,0.1,0.9,0.8866995073891626,705,400,False
model,0.32,0.3,2.5,0.2,score_point,0.07375886524822695,0.4705,0.0775,0.9225,0.8989037758830695,705,400,False
model,0.28,0.3,3.0,0.2,score_point,0.07375886524822695,0.48224999999999996,0.0675,0.9325,0.9042424242424243,705,400,False
model,0.25,0.3,3.5,0.2,score_point,0.07375886524822695,0.48399999999999993,0.0575,0.9425,0.9095295536791315,705,400,False
model,0.26,0.4,2.5,0.2,score_point,0.07375886524822695,0.5260000000000001,0.06,0.94,0.9082125603864735,705,400,False
model,0.36,0.4,2.0,0.2,score_point,0.07375886524822695,0.5400000000000001,0.0875,0.9125,0.8935128518971848,705,400,False
model,0.1,0.5,3.5,0.2,score_point,0.07375886524822695,0.5675,0.0225,0.9775,0.9276393831553974,705,400,False
model,0.13,0.5,3.0,0.2,score_point,0.07375886524822695,0.575,0.03,0.97,0.9238095238095237,705,400,False
model,0.15,0.5,2.5,0.2,score_point,0.07375886524822695,0.575,0.0375,0.9625,0.9199522102747909,705,400,False
model,0.22,0.5,2.0,0.2,score_point,0.07375886524822695,0.57875,0.0525,0.9475,0.9121540312876053,705,400,False
model,0.72,0.3,1.5,0.2,score_point,0.07375886524822695,0.624,0.27,0.73,0.7849462365591398,705,400,False
model,0.08,0.6,2.5,0.2,score_point,0.07375886524822695,0.6379999999999998,0.02,0.98,0.9289099526066351,705,400,False
model,0.07,0.6,3.0,0.2,score_point,0.07375886524822695,0.6419999999999999,0.0175,0.9825,0.9301775147928995,705,400,False
model,0.78,0.2,1.5,0.2,score_point,0.07375886524822695,0.65825,0.3525,0.6475,0.7285513361462729,705,400,False
model,0.59,0.5,1.5,0.2,score_point,0.07375886524822695,0.6625,0.1625,0.8375,0.8513341804320204,705,400,False
model,0.7,0.4,1.5,0.2,score_point,0.07375886524822695,0.6750000000000002,0.25,0.75,0.7978723404255319,705,400,False
model,0.45,0.6,1.5,0.2,score_point,0.07375886524822695,0.699,0.11,0.89,0.8811881188118812,705,400,False
model,0.46,0.6,1.5,0.2,score_point,0.07375886524822695,0.70125,0.1125,0.8875,0.8798017348203222,705,400,False
model,0.47,0.6,1.5,0.2,score_point,0.07375886524822695,0.7034999999999999,0.115,0.885,0.8784119106699751,705,400,False
model,0.48,0.6,1.5,0.2,score_point,0.07375886524822695,0.7057499999999999,0.1175,0.8825,0.8770186335403727,705,400,False
model,0.49,0.6,1.5,0.2,score_point,0.07375886524822695,0.7102499999999999,0.1225,0.8775,0.8742216687422166,705,400,False
model,0.03,0.7,2.5,0.2,score_point,0.07375886524822695,0.7134999999999999,0.0075,0.9925,0.9352179034157833,705,400,False
model,0.02,0.7,3.5,0.2,score_point,0.07375886524822695,0.7140000000000001,0.005,0.995,0.9364705882352942,705,400,False
model,0.19,0.7,1.5,0.2,score_point,0.07375886524822695,0.7380000000000001,0.0475,0.9525,0.9147659063625451,705,400,False
model,0.01,0.8,2.5,0.2,score_point,0.07375886524822695,0.80425,0.0025,0.9975,0.9377203290246767,705,400,False
model,0.14,0.9,1.5,0.2,score_point,0.07375886524822695,0.9195000000000003,0.0325,0.9675,0.9225268176400477,705,400,False
model,0.02,1.0,1.5,0.2,score_point,0.07375886524822695,1.0025,0.005,0.995,0.9364705882352942,705,400,False
model,0.4,0.2,2.5,0.2,score_point,0.075177304964539,0.42425,0.0975,0.9025,0.8869778869778869,705,400,False
model,0.52,0.2,2.0,0.2,score_point,0.075177304964539,0.42950000000000005,0.1275,0.8725,0.8703241895261846,705,400,False
model,0.53,0.2,2.0,0.2,score_point,0.075177304964539,0.4385000000000001,0.1325,0.8675,0.8675,705,400,False
model,0.54,0.2,2.0,0.2,score_point,0.075177304964539,0.4430000000000001,0.135,0.865,0.8660826032540675,705,400,False
model,0.55,0.2,2.0,0.2,score_point,0.075177304964539,0.44750000000000006,0.1375,0.8625,0.8646616541353385,705,400,False
model,0.3,0.3,2.5,0.2,score_point,0.075177304964539,0.4539999999999999,0.07,0.93,0.9018181818181819,705,400,False
model,0.32,0.2,3.5,0.2,score_point,0.075177304964539,0.45575000000000004,0.0775,0.9225,0.8978102189781021,705,400,False
model,0.31,0.3,2.5,0.2,score_point,0.075177304964539,0.465,0.075,0.925,0.8991494532199272,705,400,False
model,0.41,0.3,2.0,0.2,score_point,0.075177304964539,0.4657499999999999,0.0975,0.9025,0.8869778869778869,705,400,False
model,0.42,0.3,2.0,0.2,score_point,0.075177304964539,0.4699999999999999,0.1,0.9,0.8856088560885608,705,400,False
model,0.24,0.3,3.5,0.2,score_point,0.075177304964539,0.48399999999999993,0.0575,0.9425,0.908433734939759,705,400,False
model,0.25,0.4,2.5,0.2,score_point,0.075177304964539,0.52075,0.0575,0.9425,0.908433734939759,705,400,False
model,0.33,0.4,2.0,0.2,score_point,0.075177304964539,0.5280000000000001,0.08,0.92,0.8964677222898904,705,400,False
model,0.34,0.4,2.0,0.2,score_point,0.075177304964539,0.5280000000000001,0.08,0.92,0.8964677222898904,705,400,False
model,0.35,0.4,2.0,0.2,score_point,0.075177304964539,0.5400000000000001,0.0875,0.9125,0.8924205378973104,705,400,False
model,0.2,0.4,3.5,0.2,score_point,0.075177304964539,0.5472500000000001,0.0475,0.9525,0.9136690647482015,705,400,False
model,0.21,0.4,3.5,0.2,score_point,0.075177304964539,0.5472500000000001,0.0475,0.9525,0.9136690647482015,705,400,False
model,0.11,0.5,3.0,0.2,score_point,0.075177304964539,0.55625,0.0225,0.9775,0.9265402843601895,705,400,False
model,0.12,0.5,3.0,0.2,score_point,0.075177304964539,0.55625,0.0225,0.9775,0.9265402843601895,705,400,False
model,0.09,0.5,3.5,0.2,score_point,0.075177304964539,0.56,0.02,0.98,0.9278106508875739,705,400,False
model,0.51,0.5,1.5,0.2,score_point,0.075177304964539,0.6275,0.1275,0.8725,0.8703241895261846,705,400,False
model,0.52,0.5,1.5,0.2,score_point,0.075177304964539,0.6275,0.1275,0.8725,0.8703241895261846,705,400,False
model,0.53,0.5,1.5,0.2,score_point,0.075177304964539,0.6325,0.1325,0.8675,0.8675,705,400,False
model,0.54,0.5,1.5,0.2,score_point,0.075177304964539,0.635,0.135,0.865,0.8660826032540675,705,400,False
model,0.77,0.2,1.5,0.2,score_point,0.075177304964539,0.6355,0.335,0.665,0.7399165507649512,705,400,False
model,0.55,0.5,1.5,0.2,score_point,0.075177304964539,0.6375,0.1375,0.8625,0.8646616541353385,705,400,False
model,0.56,0.5,1.5,0.2,score_point,0.075177304964539,0.6375,0.1375,0.8625,0.8646616541353385,705,400,False
model,0.06,0.6,3.5,0.2,score_point,0.075177304964539,0.6434999999999998,0.015,0.985,0.9303423848878395,705,400,False
model,0.57,0.5,1.5,0.2,score_point,0.075177304964539,0.645,0.145,0.855,0.860377358490566,705,400,False
model,0.58,0.5,1.5,0.2,score_point,0.075177304964539,0.6525,0.1525,0.8475,0.8560606060606061,705,400,False
model,0.69,0.4,1.5,0.2,score_point,0.075177304964539,0.66125,0.2375,0.7625,0.804749340369393,705,400,False
model,0.43,0.6,1.5,0.2,score_point,0.075177304964539,0.69,0.1,0.9,0.8856088560885608,705,400,False
model,0.44,0.6,1.5,0.2,score_point,0.075177304964539,0.69,0.1,0.9,0.8856088560885608,705,400,False
model,0.05,0.7,2.0,0.2,score_point,0.075177304964539,0.71625,0.0125,0.9875,0.9316037735849058,705,400,False
model,0.17,0.7,1.5,0.2,score_point,0.075177304964539,0.7340000000000001,0.0425,0.9575,0.916267942583732,705,400,False
model,0.18,0.7,1.5,0.2,score_point,0.075177304964539,0.7380000000000001,0.0475,0.9525,0.9136690647482015,705,400,False
model,0.01,0.9,2.0,0.2,score_point,0.075177304964539,0.9027500000000002,0.0025,0.9975,0.9366197183098592,705,400,False
model,0.13,0.9,1.5,0.2,score_point,0.075177304964539,0.9180000000000003,0.03,0.97,0.9227110582639715,705,400,False
model,0.38,0.2,2.5,0.2,score_point,0.07659574468085106,0.41275000000000006,0.0925,0.9075,0.8886168910648715,705,400,True
model,0.34,0.2,3.0,0.2,score_point,0.07659574468085106,0.42400000000000004,0.08,0.92,0.8953771289537714,705,400,False
model,0.39,0.2,2.5,0.2,score_point,0.07659574468085106,0.42425,0.0975,0.9025,0.8858895705521472,705,400,False
model,0.51,0.2,2.0,0.2,score_point,0.07659574468085106,0.42950000000000005,0.1275,0.8725,0.8692403486924035,705,400,False
model,0.3,0.2,3.5,0.2,score_point,0.07659574468085106,0.43099999999999994,0.07,0.93,0.9007263922518159,705,400,False
model,0.35,0.2,3.0,0.2,score_point,0.07659574468085106,0.445,0.0875,0.9125,0.8913308913308914,705,400,False
model,0.31,0.2,3.5,0.2,score_point,0.07659574468085106,0.4475,0.075,0.925,0.8980582524271845,705,400,False
model,0.29,0.3,2.5,0.2,score_point,0.07659574468085106,0.44849999999999995,0.0675,0.9325,0.902055622732769,705,400,False
model,0.26,0.3,3.0,0.2,score_point,0.07659574468085106,0.46199999999999997,0.06,0.94,0.9060240963855422,705,400,False
model,0.4,0.3,2.0,0.2,score_point,0.07659574468085106,0.4657499999999999,0.0975,0.9025,0.8858895705521472,705,400,False
model,0.23,0.3,3.5,0.2,score_point,0.07659574468085106,0.4759999999999999,0.055,0.945,0.9086538461538461,705,400,False
model,0.24,0.4,2.5,0.2,score_point,0.07659574468085106,0.52075,0.0575,0.9425,0.9073405535499399,705,400,False
model,0.32,0.4,2.0,0.2,score_point,0.07659574468085106,0.524,0.0775,0.9225,0.896719319562576,705,400,False
model,0.22,0.4,3.0,0.2,score_point,0.07659574468085106,0.5365000000000001,0.0525,0.9475,0.9099639855942377,705,400,False
model,0.19,0.4,3.5,0.2,score_point,0.07659574468085106,0.5472500000000001,0.0475,0.9525,0.9125748502994012,705,400,False
model,0.1,0.5,3.0,0.2,score_point,0.07659574468085106,0.55625,0.0225,0.9775,0.9254437869822485,705,400,False
model,0.2,0.5,2.0,0.2,score_point,0.07659574468085106,0.57125,0.0475,0.9525,0.9125748502994012,705,400,False
model,0.21,0.5,2.0,0.2,score_point,0.07659574468085106,0.57125,0.0475,0.9525,0.9125748502994012,705,400,False
model,0.71,0.3,1.5,0.2,score_point,0.07659574468085106,0.612,0.26,0.74,0.7893333333333332,705,400,False
model,0.64,0.4,1.5,0.2,score_point,0.07659574468085106,0.6145,0.195,0.805,0.8298969072164949,705,400,False
model,0.76,0.2,1.5,0.2,score_point,0.07659574468085106,0.6225,0.325,0.675,0.7458563535911604,705,400,False
model,0.65,0.4,1.5,0.2,score_point,0.07659574468085106,0.6282500000000001,0.2075,0.7925,0.8223086900129702,705,400,False
model,0.66,0.4,1.5,0.2,score_point,0.07659574468085106,0.6310000000000001,0.21,0.79,0.8207792207792207,705,400,False
model,0.67,0.4,1.5,0.2,score_point,0.07659574468085106,0.6365000000000001,0.215,0.785,0.8177083333333334,705,400,False
model,0.14,0.6,2.0,0.2,score_point,0.07659574468085106,0.6454999999999999,0.0325,0.9675,0.9203329369797859,705,400,False
model,0.68,0.4,1.5,0.2,score_point,0.07659574468085106,0.6502500000000001,0.2275,0.7725,0.8099606815203146,705,400,False
model,0.37,0.6,1.5,0.2,score_point,0.07659574468085106,0.6832499999999999,0.0925,0.9075,0.8886168910648715,705,400,False
model,0.38,0.6,1.5,0.2,score_point,0.07659574468085106,0.6832499999999999,0.0925,0.9075,0.8886168910648715,705,400,False
model,0.39,0.6,1.5,0.2,score_point,0.07659574468085106,0.6877499999999999,0.0975,0.9025,0.8858895705521472,705,400,False
model,0.4,0.6,1.5,0.2,score_point,0.07659574468085106,0.6877499999999999,0.0975,0.9025,0.8858895705521472,705,400,False
model,0.41,0.6,1.5,0.2,score_point,0.07659574468085106,0.6877499999999999,0.0975,0.9025,0.8858895705521472,705,400,False
model,0.42,0.6,1.5,0.2,score_point,0.07659574468085106,0.69,0.1,0.9,0.8845208845208845,705,400,False
model,0.02,0.7,3.0,0.2,score_point,0.07659574468085106,0.7115,0.005,0.995,0.9342723004694836,705,400,False
model,0.04,0.7,2.0,0.2,score_point,0.07659574468085106,0.7130000000000001,0.01,0.99,0.9317647058823528,705,400,False
model,0.15,0.7,1.5,0.2,score_point,0.07659574468085106,0.73,0.0375,0.9625,0.9177592371871275,705,400,False
model,0.16,0.7,1.5,0.2,score_point,0.07659574468085106,0.732,0.04,0.96,0.9164677804295942,705,400,False
model,0.02,0.8,2.0,0.2,score_point,0.07659574468085106,0.8059999999999999,0.005,0.995,0.9342723004694836,705,400,False
model,0.14,0.8,1.5,0.2,score_point,0.07659574468085106,0.8227500000000001,0.0325,0.9675,0.9203329369797859,705,400,False
model,0.08,0.9,1.5,0.2,score_point,0.07659574468085106,0.9120000000000001,0.02,0.98,0.9267139479905439,705,400,False
model,0.09,0.9,1.5,0.2,score_point,0.07659574468085106,0.9120000000000001,0.02,0.98,0.9267139479905439,705,400,False
model,0.1,0.9,1.5,0.2,score_point,0.07659574468085106,0.9135000000000002,0.0225,0.9775,0.9254437869822485,705,400,False
model,0.11,0.9,1.5,0.2,score_point,0.07659574468085106,0.9135000000000002,0.0225,0.9775,0.9254437869822485,705,400,False
model,0.12,0.9,1.5,0.2,score_point,0.07659574468085106,0.9135000000000002,0.0225,0.9775,0.9254437869822485,705,400,False
model,0.37,0.2,2.5,0.2,score_point,0.07801418439716312,0.41275000000000006,0.0925,0.9075,0.8875305623471882,705,400,False
model,0.33,0.2,3.0,0.2,score_point,0.07801418439716312,0.42400000000000004,0.08,0.92,0.8942891859052249,705,400,False
model,0.25,0.3,3.0,0.2,score_point,0.07801418439716312,0.45524999999999993,0.0575,0.9425,0.90625,705,400,False
model,0.37,0.3,2.0,0.2,score_point,0.07801418439716312,0.45724999999999993,0.0925,0.9075,0.8875305623471882,705,400,False
model,0.38,0.3,2.0,0.2,score_point,0.07801418439716312,0.45724999999999993,0.0925,0.9075,0.8875305623471882,705,400,False
model,0.39,0.3,2.0,0.2,score_point,0.07801418439716312,0.4657499999999999,0.0975,0.9025,0.8848039215686275,705,400,False
model,0.3,0.4,2.0,0.2,score_point,0.07801418439716312,0.512,0.07,0.93,0.8996372430471584,705,400,False
model,0.23,0.4,2.5,0.2,score_point,0.07801418439716312,0.5155000000000001,0.055,0.945,0.907563025210084,705,400,False
model,0.31,0.4,2.0,0.2,score_point,0.07801418439716312,0.52,0.075,0.925,0.896969696969697,705,400,False
model,0.09,0.5,3.0,0.2,score_point,0.07801418439716312,0.55,0.02,0.98,0.9256198347107438,705,400,False
model,0.08,0.5,3.5,0.2,score_point,0.07801418439716312,0.56,0.02,0.98,0.9256198347107438,705,400,False
model,0.14,0.5,2.5,0.2,score_point,0.07801418439716312,0.565,0.0325,0.9675,0.9192399049881235,705,400,False
model,0.19,0.5,2.0,0.2,score_point,0.07801418439716312,0.57125,0.0475,0.9525,0.9114832535885168,705,400,False
model,0.75,0.2,1.5,0.2,score_point,0.07801418439716312,0.59325,0.3025,0.6975,0.7602179836512262,705,400,False
model,0.63,0.4,1.5,0.2,score_point,0.07801418439716312,0.5980000000000001,0.18,0.82,0.8378033205619412,705,400,False
model,0.7,0.3,1.5,0.2,score_point,0.07801418439716312,0.6,0.25,0.75,0.794701986754967,705,400,False
model,0.5,0.5,1.5,0.2,score_point,0.07801418439716312,0.6225,0.1225,0.8775,0.8709677419354839,705,400,False
model,0.06,0.6,3.0,0.2,score_point,0.07801418439716312,0.6359999999999998,0.015,0.985,0.928150765606596,705,400,False
model,0.13,0.6,2.0,0.2,score_point,0.07801418439716312,0.6419999999999999,0.03,0.97,0.9205219454329773,705,400,False
model,0.3,0.6,1.5,0.2,score_point,0.07801418439716312,0.6629999999999998,0.07,0.93,0.8996372430471584,705,400,False
model,0.31,0.6,1.5,0.2,score_point,0.07801418439716312,0.6675,0.075,0.925,0.896969696969697,705,400,False
model,0.32,0.6,1.5,0.2,score_point,0.07801418439716312,0.66975,0.0775,0.9225,0.8956310679611649,705,400,False
model,0.33,0.6,1.5,0.2,score_point,0.07801418439716312,0.6719999999999999,0.08,0.92,0.8942891859052249,705,400,False
model,0.34,0.6,1.5,0.2,score_point,0.07801418439716312,0.6719999999999999,0.08,0.92,0.8942891859052249,705,400,False
model,0.35,0.6,1.5,0.2,score_point,0.07801418439716312,0.6787499999999999,0.0875,0.9125,0.8902439024390244,705,400,False
model,0.36,0.6,1.5,0.2,score_point,0.07801418439716312,0.6787499999999999,0.0875,0.9125,0.8902439024390244,705,400,False
model,0.13,0.8,1.5,0.2,score_point,0.07801418439716312,0.821,0.03,0.97,0.9205219454329773,705,400,False
model,0.03,0.9,1.5,0.2,score_point,0.07801418439716312,0.9045000000000002,0.0075,0.9925,0.931924882629108,705,400,False
model,0.04,0.9,1.5,0.2,score_point,0.07801418439716312,0.9060000000000002,0.01,0.99,0.9306698002350176,705,400,False
model,0.05,0.9,1.5,0.2,score_point,0.07801418439716312,0.9075000000000002,0.0125,0.9875,0.9294117647058824,705,400,False
model,0.06,0.9,1.5,0.2,score_point,0.07801418439716312,0.9090000000000003,0.015,0.985,0.928150765606596,705,400,False
model,0.07,0.9,1.5,0.2,score_point,0.07801418439716312,0.9105000000000001,0.0175,0.9825,0.9268867924528302,705,400,False
model,0.01,1.0,1.5,0.2,score_point,0.07801418439716312,1.00125,0.0025,0.9975,0.9344262295081968,705,400,False
model,0.32,0.2,3.0,0.2,score_point,0.07943262411347518,0.41700000000000004,0.0775,0.9225,0.8945454545454545,705,400,False
model,0.5,0.2,2.0,0.2,score_point,0.07943262411347518,0.42050000000000004,0.1225,0.8775,0.8698884758364311,705,400,False
model,0.29,0.2,3.5,0.2,score_point,0.07943262411347518,0.42274999999999996,0.0675,0.9325,0.8998793727382388,705,400,False
model,0.27,0.3,2.5,0.2,score_point,0.07943262411347518,0.43749999999999994,0.0625,0.9375,0.9025270758122743,705,400,False
model,0.28,0.3,2.5,0.2,score_point,0.07943262411347518,0.44849999999999995,0.0675,0.9325,0.8998793727382388,705,400,False
model,0.24,0.3,3.0,0.2,score_point,0.07943262411347518,0.45524999999999993,0.0575,0.9425,0.9051620648259304,705,400,False
model,0.29,0.4,2.0,0.2,score_point,0.07943262411347518,0.508,0.0675,0.9325,0.8998793727382388,705,400,False
model,0.2,0.4,3.0,0.2,score_point,0.07943262411347518,0.5235000000000001,0.0475,0.9525,0.910394265232975,705,400,False
model,0.21,0.4,3.0,0.2,score_point,0.07943262411347518,0.5235000000000001,0.0475,0.9525,0.910394265232975,705,400,False
model,0.17,0.4,3.5,0.2,score_point,0.07943262411347518,0.5317500000000001,0.0425,0.9575,0.9129916567342073,705,400,False
model,0.18,0.4,3.5,0.2,score_point,0.07943262411347518,0.5472500000000001,0.0475,0.9525,0.910394265232975,705,400,False
model,0.13,0.5,2.5,0.2,score_point,0.07943262411347518,0.56,0.03,0.97,0.919431279620853,705,400,False
model,0.17,0.5,2.0,0.2,score_point,0.07943262411347518,0.56375,0.0425,0.9575,0.9129916567342073,705,400,False
model,0.18,0.5,2.0,0.2,score_point,0.07943262411347518,0.57125,0.0475,0.9525,0.910394265232975,705,400,False
model,0.74,0.2,1.5,0.2,score_point,0.07943262411347518,0.58025,0.2925,0.7075,0.7658998646820028,705,400,False
model,0.69,0.3,1.5,0.2,score_point,0.07943262411347518,0.585,0.2375,0.7625,0.8015768725361367,705,400,False
model,0.6,0.4,1.5,0.2,score_point,0.07943262411347518,0.5870000000000001,0.17,0.83,0.8426395939086294,705,400,False
model,0.61,0.4,1.5,0.2,score_point,0.07943262411347518,0.5925000000000001,0.175,0.825,0.8396946564885495,705,400,False
model,0.62,0.4,1.5,0.2,score_point,0.07943262411347518,0.5952500000000002,0.1775,0.8225,0.8382165605095542,705,400,False
model,0.45,0.5,1.5,0.2,score_point,0.07943262411347518,0.61,0.11,0.89,0.8768472906403941,705,400,False
model,0.46,0.5,1.5,0.2,score_point,0.07943262411347518,0.6125,0.1125,0.8875,0.8754623921085081,705,400,False
model,0.47,0.5,1.5,0.2,score_point,0.07943262411347518,0.615,0.115,0.885,0.874074074074074,705,400,False
model,0.48,0.5,1.5,0.2,score_point,0.07943262411347518,0.6175,0.1175,0.8825,0.872682323856613,705,400,False
model,0.49,0.5,1.5,0.2,score_point,0.07943262411347518,0.6225,0.1225,0.8775,0.8698884758364311,705,400,False
model,0.11,0.6,2.0,0.2,score_point,0.07943262411347518,0.6314999999999998,0.0225,0.9775,0.923258559622196,705,400,False
model,0.12,0.6,2.0,0.2,score_point,0.07943262411347518,0.6314999999999998,0.0225,0.9775,0.923258559622196,705,400,False
model,0.07,0.6,2.5,0.2,score_point,0.07943262411347518,0.6332499999999999,0.0175,0.9825,0.9257950530035336,705,400,False
model,0.26,0.6,1.5,0.2,score_point,0.07943262411347518,0.6539999999999998,0.06,0.94,0.9038461538461539,705,400,False
model,0.27,0.6,1.5,0.2,score_point,0.07943262411347518,0.6562499999999999,0.0625,0.9375,0.9025270758122743,705,400,False
model,0.28,0.6,1.5,0.2,score_point,0.07943262411347518,0.6607499999999998,0.0675,0.9325,0.8998793727382388,705,400,False
model,0.29,0.6,1.5,0.2,score_point,0.07943262411347518,0.6607499999999998,0.0675,0.9325,0.8998793727382388,705,400,False
model,0.08,0.8,1.5,0.2,score_point,0.07943262411347518,0.8140000000000001,0.02,0.98,0.9245283018867924,705,400,False
model,0.09,0.8,1.5,0.2,score_point,0.07943262411347518,0.8140000000000001,0.02,0.98,0.9245283018867924,705,400,False
model,0.1,0.8,1.5,0.2,score_point,0.07943262411347518,0.81575,0.0225,0.9775,0.923258559622196,705,400,False
model,0.11,0.8,1.5,0.2,score_point,0.07943262411347518,0.81575,0.0225,0.9775,0.923258559622196,705,400,False
model,0.12,0.8,1.5,0.2,score_point,0.07943262411347518,0.81575,0.0225,0.9775,0.923258559622196,705,400,False
model,0.3,0.2,3.0,0.2,score_point,0.08085106382978724,0.3960000000000001,0.07,0.93,0.8974668275030157,705,400,True
model,0.36,0.2,2.5,0.2,score_point,0.08085106382978724,0.40125,0.0875,0.9125,0.8880778588807785,705,400,False
model,0.47,0.2,2.0,0.2,score_point,0.08085106382978724,0.40700000000000003,0.115,0.885,0.8729963008631321,705,400,False
model,0.31,0.2,3.0,0.2,score_point,0.08085106382978724,0.41,0.075,0.925,0.8948004836759372,705,400,False
model,0.48,0.2,2.0,0.2,score_point,0.08085106382978724,0.41150000000000003,0.1175,0.8825,0.8716049382716049,705,400,False
model,0.49,0.2,2.0,0.2,score_point,0.08085106382978724,0.42050000000000004,0.1225,0.8775,0.8688118811881188,705,400,False
model,0.23,0.3,3.0,0.2,score_point,0.08085106382978724,0.44849999999999995,0.055,0.945,0.9053892215568862,705,400,False
model,0.36,0.3,2.0,0.2,score_point,0.08085106382978724,0.4487499999999999,0.0875,0.9125,0.8880778588807785,705,400,False
model,0.22,0.3,3.5,0.2,score_point,0.08085106382978724,0.46799999999999997,0.0525,0.9475,0.9066985645933013,705,400,False
model,0.19,0.4,3.0,0.2,score_point,0.08085106382978724,0.5235000000000001,0.0475,0.9525,0.9093078758949881,705,400,False
model,0.11,0.5,2.5,0.2,score_point,0.08085106382978724,0.545,0.0225,0.9775,0.9221698113207547,705,400,False
model,0.12,0.5,2.5,0.2,score_point,0.08085106382978724,0.545,0.0225,0.9775,0.9221698113207547,705,400,False
model,0.08,0.5,3.0,0.2,score_point,0.08085106382978724,0.55,0.02,0.98,0.9234393404004712,705,400,False
model,0.67,0.3,1.5,0.2,score_point,0.08085106382978724,0.5579999999999999,0.215,0.785,0.814526588845655,705,400,False
model,0.73,0.2,1.5,0.2,score_point,0.08085106382978724,0.5607500000000001,0.2775,0.7225,0.7747989276139411,705,400,False
model,0.68,0.3,1.5,0.2,score_point,0.08085106382978724,0.573,0.2275,0.7725,0.8067885117493472,705,400,False
model,0.59,0.4,1.5,0.2,score_point,0.08085106382978724,0.5787500000000001,0.1625,0.8375,0.8459595959595959,705,400,False
model,0.43,0.5,1.5,0.2,score_point,0.08085106382978724,0.6,0.1,0.9,0.8812729498164015,705,400,False
model,0.44,0.5,1.5,0.2,score_point,0.08085106382978724,0.6,0.1,0.9,0.8812729498164015,705,400,False
model,0.1,0.6,2.0,0.2,score_point,0.08085106382978724,0.6314999999999998,0.0225,0.9775,0.9221698113207547,705,400,False
model,0.05,0.6,3.5,0.2,score_point,0.08085106382978724,0.6362499999999999,0.0125,0.9875,0.9272300469483569,705,400,False
model,0.23,0.6,1.5,0.2,score_point,0.08085106382978724,0.6494999999999999,0.055,0.945,0.9053892215568862,705,400,False
model,0.24,0.6,1.5,0.2,score_point,0.08085106382978724,0.6517499999999998,0.0575,0.9425,0.9040767386091126,705,400,False
model,0.25,0.6,1.5,0.2,score_point,0.08085106382978724,0.6517499999999998,0.0575,0.9425,0.9040767386091126,705,400,False
model,0.14,0.7,1.5,0.2,score_point,0.08085106382978724,0.726,0.0325,0.9675,0.9170616113744076,705,400,False
model,0.06,0.8,1.5,0.2,score_point,0.08085106382978724,0.8105000000000001,0.015,0.985,0.9259694477085783,705,400,False
model,0.07,0.8,1.5,0.2,score_point,0.08085106382978724,0.8122499999999999,0.0175,0.9825,0.924705882352941,705,400,False
model,0.45,0.2,2.0,0.2,score_point,0.08226950354609928,0.398,0.11,0.89,0.8746928746928748,705,400,False
model,0.46,0.2,2.0,0.2,score_point,0.08226950354609928,0.4025000000000001,0.1125,0.8875,0.8733087330873308,705,400,False
model,0.26,0.3,2.5,0.2,score_point,0.08226950354609928,0.43199999999999994,0.06,0.94,0.9016786570743405,705,400,False
model,0.34,0.3,2.0,0.2,score_point,0.08226950354609928,0.43599999999999994,0.08,0.92,0.8910411622276031,705,400,False
model,0.35,0.3,2.0,0.2,score_point,0.08226950354609928,0.4487499999999999,0.0875,0.9125,0.8869987849331712,705,400,False
model,0.27,0.4,2.0,0.2,score_point,0.08226950354609928,0.5,0.0625,0.9375,0.9003601440576231,705,400,False
model,0.28,0.4,2.0,0.2,score_point,0.08226950354609928,0.508,0.0675,0.9325,0.8977135980746089,705,400,False
model,0.22,0.4,2.5,0.2,score_point,0.08226950354609928,0.5102500000000001,0.0525,0.9475,0.9056152927120669,705,400,False
model,0.17,0.4,3.0,0.2,score_point,0.08226950354609928,0.5105000000000001,0.0425,0.9575,0.9108204518430439,705,400,False
model,0.18,0.4,3.0,0.2,score_point,0.08226950354609928,0.5235000000000001,0.0475,0.9525,0.9082240762812872,705,400,False
model,0.16,0.4,3.5,0.2,score_point,0.08226950354609928,0.524,0.04,0.96,0.9121140142517815,705,400,False
model,0.64,0.3,1.5,0.2,score_point,0.08226950354609928,0.5339999999999999,0.195,0.805,0.8256410256410257,705,400,False
model,0.1,0.5,2.5,0.2,score_point,0.08226950354609928,0.545,0.0225,0.9775,0.9210836277974087,705,400,False
model,0.65,0.3,1.5,0.2,score_point,0.08226950354609928,0.5489999999999999,0.2075,0.7925,0.8180645161290322,705,400,False
model,0.72,0.2,1.5,0.2,score_point,0.08226950354609928,0.551,0.27,0.73,0.7786666666666667,705,400,False
model,0.66,0.3,1.5,0.2,score_point,0.08226950354609928,0.5519999999999999,0.21,0.79,0.8165374677002585,705,400,False
model,0.57,0.4,1.5,0.2,score_point,0.08226950354609928,0.5595000000000001,0.145,0.855,0.855,705,400,False
model,0.16,0.5,2.0,0.2,score_point,0.08226950354609928,0.56,0.04,0.96,0.9121140142517815,705,400,False
model,0.58,0.4,1.5,0.2,score_point,0.08226950354609928,0.5677500000000001,0.1525,0.8475,0.8506900878293601,705,400,False
model,0.37,0.5,1.5,0.2,score_point,0.08226950354609928,0.5925,0.0925,0.9075,0.8842874543239951,705,400,False
model,0.38,0.5,1.5,0.2,score_point,0.08226950354609928,0.5925,0.0925,0.9075,0.8842874543239951,705,400,False
model,0.39,0.5,1.5,0.2,score_point,0.08226950354609928,0.5975,0.0975,0.9025,0.8815628815628815,705,400,False
model,0.4,0.5,1.5,0.2,score_point,0.08226950354609928,0.5975,0.0975,0.9025,0.8815628815628815,705,400,False
model,0.41,0.5,1.5,0.2,score_point,0.08226950354609928,0.5975,0.0975,0.9025,0.8815628815628815,705,400,False
model,0.42,0.5,1.5,0.2,score_point,0.08226950354609928,0.6,0.1,0.9,0.880195599022005,705,400,False
model,0.09,0.6,2.0,0.2,score_point,0.08226950354609928,0.6279999999999998,0.02,0.98,0.9223529411764706,705,400,False
model,0.22,0.6,1.5,0.2,score_point,0.08226950354609928,0.64725,0.0525,0.9475,0.9056152927120669,705,400,False
model,0.02,0.7,2.5,0.2,score_point,0.08226950354609928,0.7090000000000001,0.005,0.995,0.9299065420560748,705,400,False
model,0.13,0.7,1.5,0.2,score_point,0.08226950354609928,0.7240000000000001,0.03,0.97,0.9172576832151299,705,400,False
model,0.01,0.8,2.0,0.2,score_point,0.08226950354609928,0.8029999999999999,0.0025,0.9975,0.9311551925320887,705,400,False
model,0.04,0.8,1.5,0.2,score_point,0.08226950354609928,0.8069999999999999,0.01,0.99,0.9274004683840751,705,400,False
model,0.05,0.8,1.5,0.2,score_point,0.08226950354609928,0.80875,0.0125,0.9875,0.9261430246189918,705,400,False
model,0.02,0.9,1.5,0.2,score_point,0.08226950354609928,0.9030000000000001,0.005,0.995,0.9299065420560748,705,400,False
model,0.43,0.2,2.0,0.2,score_point,0.08368794326241134,0.38,0.1,0.9,0.8791208791208791,705,400,False
model,0.44,0.2,2.0,0.2,score_point,0.08368794326241134,0.38,0.1,0.9,0.8791208791208791,705,400,True
model,0.34,0.2,2.5,0.2,score_point,0.08368794326241134,0.38400000000000006,0.08,0.92,0.8899637243047159,705,400,False
model,0.29,0.2,3.0,0.2,score_point,0.08368794326241134,0.38900000000000007,0.0675,0.9325,0.8966346153846154,705,400,False
model,0.35,0.2,2.5,0.2,score_point,0.08368794326241134,0.40125,0.0875,0.9125,0.8859223300970873,705,400,False
model,0.28,0.2,3.5,0.2,score_point,0.08368794326241134,0.42274999999999996,0.0675,0.9325,0.8966346153846154,705,400,False
model,0.25,0.3,2.5,0.2,score_point,0.08368794326241134,0.42649999999999993,0.0575,0.9425,0.9019138755980861,705,400,False
model,0.33,0.3,2.0,0.2,score_point,0.08368794326241134,0.43599999999999994,0.08,0.92,0.8899637243047159,705,400,False
model,0.2,0.3,3.5,0.2,score_point,0.08368794326241134,0.4519999999999999,0.0475,0.9525,0.9071428571428573,705,400,False
model,0.21,0.3,3.5,0.2,score_point,0.08368794326241134,0.4519999999999999,0.0475,0.9525,0.9071428571428573,705,400,False
model,0.26,0.4,2.0,0.2,score_point,0.08368794326241134,0.4960000000000001,0.06,0.94,0.9005988023952095,705,400,False
model,0.63,0.3,1.5,0.2,score_point,0.08368794326241134,0.5159999999999999,0.18,0.82,0.8335451080050826,705,400,False
model,0.15,0.4,3.5,0.2,score_point,0.08368794326241134,0.5162500000000001,0.0375,0.9625,0.9123222748815166,705,400,False
model,0.09,0.5,2.5,0.2,score_point,0.08368794326241134,0.54,0.02,0.98,0.9212690951821386,705,400,False
model,0.56,0.4,1.5,0.2,score_point,0.08368794326241134,0.5512500000000001,0.1375,0.8625,0.8582089552238806,705,400,False
model,0.07,0.5,3.5,0.2,score_point,0.08368794326241134,0.5525,0.0175,0.9825,0.9225352112676056,705,400,False
model,0.15,0.5,2.0,0.2,score_point,0.08368794326241134,0.55625,0.0375,0.9625,0.9123222748815166,705,400,False
model,0.08,0.6,2.0,0.2,score_point,0.08368794326241134,0.6279999999999998,0.02,0.98,0.9212690951821386,705,400,False
model,0.06,0.6,2.5,0.2,score_point,0.08368794326241134,0.6284999999999998,0.015,0.985,0.9237983587338805,705,400,False
model,0.04,0.6,3.5,0.2,score_point,0.08368794326241134,0.6289999999999999,0.01,0.99,0.9263157894736842,705,400,False
model,0.05,0.6,3.0,0.2,score_point,0.08368794326241134,0.6299999999999999,0.0125,0.9875,0.9250585480093677,705,400,False
model,0.03,0.7,2.0,0.2,score_point,0.08368794326241134,0.70975,0.0075,0.9925,0.927570093457944,705,400,False
model,0.11,0.7,1.5,0.2,score_point,0.08368794326241134,0.718,0.0225,0.9775,0.9200000000000002,705,400,False
model,0.12,0.7,1.5,0.2,score_point,0.08368794326241134,0.718,0.0225,0.9775,0.9200000000000002,705,400,False
model,0.03,0.8,1.5,0.2,score_point,0.08368794326241134,0.80525,0.0075,0.9925,0.927570093457944,705,400,False
model,0.41,0.2,2.0,0.2,score_point,0.0851063829787234,0.37550000000000006,0.0975,0.9025,0.879415347137637,705,400,True
model,0.42,0.2,2.0,0.2,score_point,0.0851063829787234,0.38,0.1,0.9,0.8780487804878048,705,400,False
model,0.33,0.2,2.5,0.2,score_point,0.0851063829787234,0.38400000000000006,0.08,0.92,0.888888888888889,705,400,False
model,0.27,0.2,3.5,0.2,score_point,0.0851063829787234,0.40625,0.0625,0.9375,0.8982035928143712,705,400,False
model,0.24,0.3,2.5,0.2,score_point,0.0851063829787234,0.42649999999999993,0.0575,0.9425,0.900836320191159,705,400,False
model,0.32,0.3,2.0,0.2,score_point,0.0851063829787234,0.4317499999999999,0.0775,0.9225,0.8902291917973462,705,400,False
model,0.22,0.3,3.0,0.2,score_point,0.0851063829787234,0.44175,0.0525,0.9475,0.9034564958283672,705,400,False
model,0.19,0.3,3.5,0.2,score_point,0.0851063829787234,0.4519999999999999,0.0475,0.9525,0.906064209274673,705,400,False
model,0.25,0.4,2.0,0.2,score_point,0.0851063829787234,0.49200000000000005,0.0575,0.9425,0.900836320191159,705,400,False
model,0.2,0.4,2.5,0.2,score_point,0.0851063829787234,0.4997500000000001,0.0475,0.9525,0.906064209274673,705,400,False
model,0.21,0.4,2.5,0.2,score_point,0.0851063829787234,0.4997500000000001,0.0475,0.9525,0.906064209274673,705,400,False
model,0.6,0.3,1.5,0.2,score_point,0.0851063829787234,0.5039999999999999,0.17,0.83,0.8383838383838385,705,400,False
model,0.16,0.4,3.0,0.2,score_point,0.0851063829787234,0.504,0.04,0.96,0.9099526066350712,705,400,False
model,0.61,0.3,1.5,0.2,score_point,0.0851063829787234,0.5099999999999999,0.175,0.825,0.8354430379746836,705,400,False
model,0.62,0.3,1.5,0.2,score_point,0.0851063829787234,0.5129999999999999,0.1775,0.8225,0.8339670468948035,705,400,False
model,0.71,0.2,1.5,0.2,score_point,0.0851063829787234,0.5379999999999999,0.26,0.74,0.783068783068783,705,400,False
model,0.51,0.4,1.5,0.2,score_point,0.0851063829787234,0.54025,0.1275,0.8725,0.8627935723114958,705,400,False
model,0.52,0.4,1.5,0.2,score_point,0.0851063829787234,0.54025,0.1275,0.8725,0.8627935723114958,705,400,False
model,0.53,0.4,1.5,0.2,score_point,0.0851063829787234,0.5457500000000001,0.1325,0.8675,0.8599752168525403,705,400,False
model,0.54,0.4,1.5,0.2,score_point,0.0851063829787234,0.5485000000000001,0.135,0.865,0.858560794044665,705,400,False
model,0.55,0.4,1.5,0.2,score_point,0.0851063829787234,0.5512500000000001,0.1375,0.8625,0.8571428571428572,705,400,False
model,0.3,0.5,1.5,0.2,score_point,0.0851063829787234,0.57,0.07,0.93,0.8942307692307692,705,400,False
model,0.31,0.5,1.5,0.2,score_point,0.0851063829787234,0.575,0.075,0.925,0.891566265060241,705,400,False
model,0.32,0.5,1.5,0.2,score_point,0.0851063829787234,0.5775,0.0775,0.9225,0.8902291917973462,705,400,False
model,0.33,0.5,1.5,0.2,score_point,0.0851063829787234,0.58,0.08,0.92,0.888888888888889,705,400,False
model,0.34,0.5,1.5,0.2,score_point,0.0851063829787234,0.58,0.08,0.92,0.888888888888889,705,400,False
model,0.35,0.5,1.5,0.2,score_point,0.0851063829787234,0.5875,0.0875,0.9125,0.8848484848484848,705,400,False
model,0.36,0.5,1.5,0.2,score_point,0.0851063829787234,0.5875,0.0875,0.9125,0.8848484848484848,705,400,False
model,0.2,0.6,1.5,0.2,score_point,0.0851063829787234,0.6427499999999999,0.0475,0.9525,0.906064209274673,705,400,False
model,0.21,0.6,1.5,0.2,score_point,0.0851063829787234,0.6427499999999999,0.0475,0.9525,0.906064209274673,705,400,False
model,0.09,0.7,1.5,0.2,score_point,0.0851063829787234,0.716,0.02,0.98,0.9201877934272301,705,400,False
model,0.1,0.7,1.5,0.2,score_point,0.0851063829787234,0.718,0.0225,0.9775,0.9189189189189189,705,400,False
model,0.4,0.2,2.0,0.2,score_point,0.08652482269503546,0.37550000000000006,0.0975,0.9025,0.878345498783455,705,400,False
model,0.32,0.2,2.5,0.2,score_point,0.08652482269503546,0.37825000000000003,0.0775,0.9225,0.8891566265060241,705,400,False
model,0.3,0.3,2.0,0.2,score_point,0.08652482269503546,0.41899999999999993,0.07,0.93,0.8931572629051622,705,400,False
model,0.23,0.3,2.5,0.2,score_point,0.08652482269503546,0.42099999999999993,0.055,0.945,0.901072705601907,705,400,False
model,0.31,0.3,2.0,0.2,score_point,0.08652482269503546,0.4274999999999999,0.075,0.925,0.8904933814681107,705,400,False
model,0.24,0.4,2.0,0.2,score_point,0.08652482269503546,0.49200000000000005,0.0575,0.9425,0.899761336515513,705,400,False
model,0.59,0.3,1.5,0.2,score_point,0.08652482269503546,0.49499999999999994,0.1625,0.8375,0.8417085427135678,705,400,False
model,0.15,0.4,3.0,0.2,score_point,0.08652482269503546,0.49750000000000005,0.0375,0.9625,0.9101654846335698,705,400,False
model,0.19,0.4,2.5,0.2,score_point,0.08652482269503546,0.4997500000000001,0.0475,0.9525,0.9049881235154394,705,400,False
model,0.7,0.2,1.5,0.2,score_point,0.08652482269503546,0.525,0.25,0.75,0.788436268068331,705,400,False
model,0.08,0.5,2.5,0.2,score_point,0.08652482269503546,0.54,0.02,0.98,0.9191090269636577,705,400,False
model,0.07,0.5,3.0,0.2,score_point,0.08652482269503546,0.54375,0.0175,0.9825,0.9203747072599533,705,400,False
model,0.29,0.5,1.5,0.2,score_point,0.08652482269503546,0.5675,0.0675,0.9325,0.8944844124700239,705,400,False
model,0.04,0.6,3.0,0.2,score_point,0.08652482269503546,0.6239999999999999,0.01,0.99,0.9241540256709452,705,400,False
model,0.19,0.6,1.5,0.2,score_point,0.08652482269503546,0.6427499999999999,0.0475,0.9525,0.9049881235154394,705,400,False
model,0.01,0.7,3.0,0.2,score_point,0.08652482269503546,0.70575,0.0025,0.9975,0.9279069767441861,705,400,False
model,0.01,0.7,3.5,0.2,score_point,0.08652482269503546,0.7070000000000001,0.0025,0.9975,0.9279069767441861,705,400,False
model,0.08,0.7,1.5,0.2,score_point,0.08652482269503546,0.716,0.02,0.98,0.9191090269636577,705,400,False
model,0.3,0.2,2.5,0.2,score_point,0.08794326241134752,0.3610000000000001,0.07,0.93,0.8920863309352518,705,400,True
model,0.38,0.2,2.0,0.2,score_point,0.08794326241134752,0.36650000000000005,0.0925,0.9075,0.88,705,400,False
model,0.31,0.2,2.5,0.2,score_point,0.08794326241134752,0.3725,0.075,0.925,0.889423076923077,705,400,False
model,0.39,0.2,2.0,0.2,score_point,0.08794326241134752,0.37550000000000006,0.0975,0.9025,0.8772782503037667,705,400,False
model,0.28,0.2,3.0,0.2,score_point,0.08794326241134752,0.38900000000000007,0.0675,0.9325,0.8934131736526946,705,400,False
model,0.26,0.2,3.5,0.2,score_point,0.08794326241134752,0.39799999999999996,0.06,0.94,0.8973747016706444,705,400,False
model,0.29,0.3,2.0,0.2,score_point,0.08794326241134752,0.4147499999999999,0.0675,0.9325,0.8934131736526946,705,400,False
model,0.2,0.3,3.0,0.2,score_point,0.08794326241134752,0.4282499999999999,0.0475,0.9525,0.903914590747331,705,400,False
model,0.21,0.3,3.0,0.2,score_point,0.08794326241134752,0.4282499999999999,0.0475,0.9525,0.903914590747331,705,400,False
model,0.18,0.3,3.5,0.2,score_point,0.08794326241134752,0.4519999999999999,0.0475,0.9525,0.903914590747331,705,400,False
model,0.57,0.3,1.5,0.2,score_point,0.08794326241134752,0.4739999999999999,0.145,0.855,0.8507462686567164,705,400,False
model,0.58,0.3,1.5,0.2,score_point,0.08794326241134752,0.4829999999999999,0.1525,0.8475,0.846441947565543,705,400,False
model,0.23,0.4,2.0,0.2,score_point,0.08794326241134752,0.48800000000000004,0.055,0.945,0.9,705,400,False
model,0.17,0.4,2.5,0.2,score_point,0.08794326241134752,0.48925,0.0425,0.9575,0.9065088757396451,705,400,False
model,0.18,0.4,2.5,0.2,score_point,0.08794326241134752,0.4997500000000001,0.0475,0.9525,0.903914590747331,705,400,False
model,0.14,0.4,3.5,0.2,score_point,0.08794326241134752,0.50075,0.0325,0.9675,0.911660777385159,705,400,False
model,0.69,0.2,1.5,0.2,score_point,0.08794326241134752,0.50875,0.2375,0.7625,0.7953063885267274,705,400,False
model,0.5,0.4,1.5,0.2,score_point,0.08794326241134752,0.5347500000000001,0.1225,0.8775,0.8634686346863468,705,400,False
model,0.14,0.5,2.0,0.2,score_point,0.08794326241134752,0.54875,0.0325,0.9675,0.911660777385159,705,400,False
model,0.26,0.5,1.5,0.2,score_point,0.08794326241134752,0.56,0.06,0.94,0.8973747016706444,705,400,False
model,0.27,0.5,1.5,0.2,score_point,0.08794326241134752,0.5625,0.0625,0.9375,0.8960573476702508,705,400,False
model,0.28,0.5,1.5,0.2,score_point,0.08794326241134752,0.5675,0.0675,0.9325,0.8934131736526946,705,400,False
model,0.17,0.6,1.5,0.2,score_point,0.08794326241134752,0.6382499999999999,0.0425,0.9575,0.9065088757396451,705,400,False
model,0.18,0.6,1.5,0.2,score_point,0.08794326241134752,0.6427499999999999,0.0475,0.9525,0.903914590747331,705,400,False
model,0.01,0.9,1.5,0.2,score_point,0.08794326241134752,0.9015000000000002,0.0025,0.9975,0.9268292682926829,705,400,False
model,0.29,0.2,2.5,0.2,score_point,0.08936170212765958,0.35525000000000007,0.0675,0.9325,0.8923444976076554,705,400,True
model,0.37,0.2,2.0,0.2,score_point,0.08936170212765958,0.36650000000000005,0.0925,0.9075,0.8789346246973365,705,400,False
model,0.27,0.2,3.0,0.2,score_point,0.08936170212765958,0.375,0.0625,0.9375,0.8949880668257756,705,400,False
model,0.19,0.3,3.0,0.2,score_point,0.08936170212765958,0.4282499999999999,0.0475,0.9525,0.9028436018957346,705,400,False
model,0.17,0.3,3.5,0.2,score_point,0.08936170212765958,0.43599999999999994,0.0425,0.9575,0.9054373522458629,705,400,False
model,0.56,0.3,1.5,0.2,score_point,0.08936170212765958,0.4649999999999999,0.1375,0.8625,0.853960396039604,705,400,False
model,0.67,0.2,1.5,0.2,score_point,0.08936170212765958,0.47950000000000004,0.215,0.785,0.8082368082368083,705,400,False
model,0.68,0.2,1.5,0.2,score_point,0.08936170212765958,0.4957500000000001,0.2275,0.7725,0.800518134715026,705,400,False
model,0.45,0.4,1.5,0.2,score_point,0.08936170212765958,0.5210000000000001,0.11,0.89,0.8693528693528694,705,400,False
model,0.46,0.4,1.5,0.2,score_point,0.08936170212765958,0.52375,0.1125,0.8875,0.8679706601466993,705,400,False
model,0.47,0.4,1.5,0.2,score_point,0.08936170212765958,0.5265000000000001,0.115,0.885,0.8665850673194615,705,400,False
model,0.48,0.4,1.5,0.2,score_point,0.08936170212765958,0.5292500000000001,0.1175,0.8825,0.8651960784313725,705,400,False
model,0.49,0.4,1.5,0.2,score_point,0.08936170212765958,0.5347500000000001,0.1225,0.8775,0.8624078624078624,705,400,False
model,0.13,0.5,2.0,0.2,score_point,0.08936170212765958,0.545,0.03,0.97,0.9118683901292597,705,400,False
model,0.23,0.5,1.5,0.2,score_point,0.08936170212765958,0.555,0.055,0.945,0.8989298454221165,705,400,False
model,0.24,0.5,1.5,0.2,score_point,0.08936170212765958,0.5575,0.0575,0.9425,0.8976190476190476,705,400,False
model,0.25,0.5,1.5,0.2,score_point,0.08936170212765958,0.5575,0.0575,0.9425,0.8976190476190476,705,400,False
model,0.05,0.6,2.5,0.2,score_point,0.08936170212765958,0.6237499999999998,0.0125,0.9875,0.9207459207459209,705,400,False
model,0.07,0.6,2.0,0.2,score_point,0.08936170212765958,0.6244999999999998,0.0175,0.9825,0.9182242990654206,705,400,False
model,0.07,0.7,1.5,0.2,score_point,0.08936170212765958,0.7140000000000001,0.0175,0.9825,0.9182242990654206,705,400,False
model,0.02,0.8,1.5,0.2,score_point,0.08936170212765958,0.8035,0.005,0.995,0.924506387921022,705,400,False
model,0.25,0.2,3.5,0.2,score_point,0.09078014184397164,0.38975000000000004,0.0575,0.9425,0.896551724137931,705,400,False
model,0.27,0.3,2.0,0.2,score_point,0.09078014184397164,0.40624999999999994,0.0625,0.9375,0.8939213349225268,705,400,False
model,0.28,0.3,2.0,0.2,score_point,0.09078014184397164,0.4147499999999999,0.0675,0.9325,0.8912783751493428,705,400,False
model,0.22,0.3,2.5,0.2,score_point,0.09078014184397164,0.4155,0.0525,0.9475,0.8991696322657177,705,400,False
model,0.18,0.3,3.0,0.2,score_point,0.09078014184397164,0.4282499999999999,0.0475,0.9525,0.9017751479289942,705,400,False
model,0.51,0.3,1.5,0.2,score_point,0.09078014184397164,0.45299999999999996,0.1275,0.8725,0.8585485854858549,705,400,False
model,0.52,0.3,1.5,0.2,score_point,0.09078014184397164,0.45299999999999996,0.1275,0.8725,0.8585485854858549,705,400,False
model,0.64,0.2,1.5,0.2,score_point,0.09078014184397164,0.45350000000000007,0.195,0.805,0.8193384223918575,705,400,False
model,0.53,0.3,1.5,0.2,score_point,0.09078014184397164,0.4589999999999999,0.1325,0.8675,0.8557336621454994,705,400,False
model,0.54,0.3,1.5,0.2,score_point,0.09078014184397164,0.4619999999999999,0.135,0.865,0.854320987654321,705,400,False
model,0.55,0.3,1.5,0.2,score_point,0.09078014184397164,0.4649999999999999,0.1375,0.8625,0.8529048207663782,705,400,False
model,0.65,0.2,1.5,0.2,score_point,0.09078014184397164,0.4697500000000001,0.2075,0.7925,0.8117797695262484,705,400,False
model,0.66,0.2,1.5,0.2,score_point,0.09078014184397164,0.47300000000000003,0.21,0.79,0.8102564102564104,705,400,False
model,0.16,0.4,2.5,0.2,score_point,0.09078014184397164,0.48400000000000004,0.04,0.96,0.9056603773584904,705,400,False
model,0.14,0.4,3.0,0.2,score_point,0.09078014184397164,0.48450000000000004,0.0325,0.9675,0.9095182138660399,705,400,False
model,0.13,0.4,3.5,0.2,score_point,0.09078014184397164,0.4930000000000001,0.03,0.97,0.9107981220657277,705,400,False
model,0.43,0.4,1.5,0.2,score_point,0.09078014184397164,0.5100000000000001,0.1,0.9,0.8737864077669903,705,400,False
model,0.44,0.4,1.5,0.2,score_point,0.09078014184397164,0.5100000000000001,0.1,0.9,0.8737864077669903,705,400,False
model,0.11,0.5,2.0,0.2,score_point,0.09078014184397164,0.53375,0.0225,0.9775,0.9146198830409356,705,400,False
model,0.12,0.5,2.0,0.2,score_point,0.09078014184397164,0.53375,0.0225,0.9775,0.9146198830409356,705,400,False
model,0.06,0.5,3.5,0.2,score_point,0.09078014184397164,0.545,0.015,0.985,0.9184149184149185,705,400,False
model,0.16,0.6,1.5,0.2,score_point,0.09078014184397164,0.6359999999999999,0.04,0.96,0.9056603773584904,705,400,False
model,0.02,0.7,2.0,0.2,score_point,0.09078014184397164,0.7065,0.005,0.995,0.923433874709977,705,400,False
model,0.06,0.7,1.5,0.2,score_point,0.09078014184397164,0.7119999999999999,0.015,0.985,0.9184149184149185,705,400,False
model,0.36,0.2,2.0,0.2,score_point,0.09219858156028368,0.3575000000000001,0.0875,0.9125,0.8795180722891567,705,400,False
model,0.26,0.2,3.0,0.2,score_point,0.09219858156028368,0.368,0.06,0.94,0.8941736028537456,705,400,False
model,0.26,0.3,2.0,0.2,score_point,0.09219858156028368,0.40199999999999997,0.06,0.94,0.8941736028537456,705,400,False
model,0.17,0.3,3.0,0.2,score_point,0.09219858156028368,0.41474999999999995,0.0425,0.9575,0.9033018867924527,705,400,False
model,0.16,0.3,3.5,0.2,score_point,0.09219858156028368,0.428,0.04,0.96,0.9045936395759718,705,400,False
model,0.63,0.2,1.5,0.2,score_point,0.09219858156028368,0.43400000000000005,0.18,0.82,0.8272383354350568,705,400,False
model,0.15,0.4,2.5,0.2,score_point,0.09219858156028368,0.47875000000000006,0.0375,0.9625,0.9058823529411764,705,400,False
model,0.22,0.4,2.0,0.2,score_point,0.09219858156028368,0.48400000000000004,0.0525,0.9475,0.8981042654028436,705,400,False
model,0.41,0.4,1.5,0.2,score_point,0.09219858156028368,0.5072500000000001,0.0975,0.9025,0.87409200968523,705,400,False
model,0.42,0.4,1.5,0.2,score_point,0.09219858156028368,0.5100000000000001,0.1,0.9,0.8727272727272727,705,400,False
model,0.1,0.5,2.0,0.2,score_point,0.09219858156028368,0.53375,0.0225,0.9775,0.9135514018691588,705,400,False
model,0.07,0.5,2.5,0.2,score_point,0.09219858156028368,0.535,0.0175,0.9825,0.916083916083916,705,400,False
model,0.04,0.6,2.5,0.2,score_point,0.09219858156028368,0.6189999999999999,0.01,0.99,0.9198606271777002,705,400,False
model,0.15,0.6,1.5,0.2,score_point,0.09219858156028368,0.6337499999999999,0.0375,0.9625,0.9058823529411764,705,400,False
model,0.01,0.7,2.5,0.2,score_point,0.09219858156028368,0.7045,0.0025,0.9975,0.923611111111111,705,400,False
model,0.28,0.2,2.5,0.2,score_point,0.09361702127659574,0.35525000000000007,0.0675,0.9325,0.8891537544696066,705,400,False
model,0.24,0.2,3.5,0.2,score_point,0.09361702127659574,0.38975000000000004,0.0575,0.9425,0.8944246737841045,705,400,False
model,0.25,0.3,2.0,0.2,score_point,0.09361702127659574,0.39774999999999994,0.0575,0.9425,0.8944246737841045,705,400,False
model,0.2,0.3,2.5,0.2,score_point,0.09361702127659574,0.40449999999999986,0.0475,0.9525,0.8996458087367177,705,400,False
model,0.21,0.3,2.5,0.2,score_point,0.09361702127659574,0.40449999999999986,0.0475,0.9525,0.8996458087367177,705,400,False
model,0.15,0.3,3.5,0.2,score_point,0.09361702127659574,0.41999999999999993,0.0375,0.9625,0.9048178613396005,705,400,False
model,0.6,0.2,1.5,0.2,score_point,0.09361702127659574,0.4210000000000001,0.17,0.83,0.8320802005012531,705,400,False
model,0.61,0.2,1.5,0.2,score_point,0.09361702127659574,0.42750000000000005,0.175,0.825,0.8291457286432161,705,400,False
model,0.62,0.2,1.5,0.2,score_point,0.09361702127659574,0.4307500000000001,0.1775,0.8225,0.8276729559748427,705,400,False
model,0.5,0.3,1.5,0.2,score_point,0.09361702127659574,0.4469999999999999,0.1225,0.8775,0.8592411260709913,705,400,False
model,0.11,0.4,3.5,0.2,score_point,0.09361702127659574,0.46975,0.0225,0.9775,0.912485414235706,705,400,False
model,0.12,0.4,3.5,0.2,score_point,0.09361702127659574,0.46975,0.0225,0.9775,0.912485414235706,705,400,False
model,0.13,0.4,3.0,0.2,score_point,0.09361702127659574,0.47800000000000004,0.03,0.97,0.9086651053864169,705,400,False
model,0.4,0.4,1.5,0.2,score_point,0.09361702127659574,0.5072500000000001,0.0975,0.9025,0.8730350665054414,705,400,False
model,0.09,0.5,2.0,0.2,score_point,0.09361702127659574,0.53,0.02,0.98,0.9137529137529138,705,400,False
model,0.06,0.5,3.0,0.2,score_point,0.09361702127659574,0.5375,0.015,0.985,0.9162790697674419,705,400,False
model,0.22,0.5,1.5,0.2,score_point,0.09361702127659574,0.5525,0.0525,0.9475,0.8970414201183432,705,400,False
model,0.06,0.6,2.0,0.2,score_point,0.09361702127659574,0.6209999999999998,0.015,0.985,0.9162790697674419,705,400,False
model,0.05,0.7,1.5,0.2,score_point,0.09361702127659574,0.71,0.0125,0.9875,0.9175377468060395,705,400,False
model,0.27,0.2,2.5,0.2,score_point,0.0950354609929078,0.34375,0.0625,0.9375,0.8907363420427552,705,400,True
model,0.34,0.2,2.0,0.2,score_point,0.0950354609929078,0.3440000000000001,0.08,0.92,0.881437125748503,705,400,False
model,0.35,0.2,2.0,0.2,score_point,0.0950354609929078,0.3575000000000001,0.0875,0.9125,0.8774038461538461,705,400,False
model,0.25,0.2,3.0,0.2,score_point,0.0950354609929078,0.361,0.0575,0.9425,0.8933649289099526,705,400,False
model,0.24,0.3,2.0,0.2,score_point,0.0950354609929078,0.39774999999999994,0.0575,0.9425,0.8933649289099526,705,400,False
model,0.19,0.3,2.5,0.2,score_point,0.0950354609929078,0.40449999999999986,0.0475,0.9525,0.8985849056603774,705,400,False
model,0.16,0.3,3.0,0.2,score_point,0.0950354609929078,0.408,0.04,0.96,0.9024676850763806,705,400,False
model,0.59,0.2,1.5,0.2,score_point,0.0950354609929078,0.41125000000000006,0.1625,0.8375,0.8354114713216958,705,400,False
model,0.47,0.3,1.5,0.2,score_point,0.0950354609929078,0.43799999999999994,0.115,0.885,0.8623629719853838,705,400,False
model,0.48,0.3,1.5,0.2,score_point,0.0950354609929078,0.44099999999999995,0.1175,0.8825,0.8609756097560974,705,400,False
model,0.49,0.3,1.5,0.2,score_point,0.0950354609929078,0.4469999999999999,0.1225,0.8775,0.8581907090464548,705,400,False
model,0.2,0.4,2.0,0.2,score_point,0.0950354609929078,0.4760000000000001,0.0475,0.9525,0.8985849056603774,705,400,False
model,0.21,0.4,2.0,0.2,score_point,0.0950354609929078,0.4760000000000001,0.0475,0.9525,0.8985849056603774,705,400,False
model,0.37,0.4,1.5,0.2,score_point,0.0950354609929078,0.5017500000000001,0.0925,0.9075,0.8746987951807229,705,400,False
model,0.38,0.4,1.5,0.2,score_point,0.0950354609929078,0.5017500000000001,0.0925,0.9075,0.8746987951807229,705,400,False
model,0.39,0.4,1.5,0.2,score_point,0.0950354609929078,0.5072500000000001,0.0975,0.9025,0.8719806763285023,705,400,False
model,0.03,0.6,3.5,0.2,score_point,0.0950354609929078,0.6217499999999998,0.0075,0.9925,0.9189814814814814,705,400,False
model,0.04,0.7,1.5,0.2,score_point,0.0950354609929078,0.7080000000000001,0.01,0.99,0.917728852838934,705,400,False
model,0.01,0.8,1.5,0.2,score_point,0.0950354609929078,0.80175,0.0025,0.9975,0.9214780600461895,705,400,False
model,0.33,0.2,2.0,0.2,score_point,0.09645390070921986,0.3440000000000001,0.08,0.92,0.8803827751196172,705,400,False
model,0.23,0.2,3.5,0.2,score_point,0.09645390070921986,0.38150000000000006,0.055,0.945,0.8936170212765957,705,400,False
model,0.57,0.2,1.5,0.2,score_point,0.09645390070921986,0.38850000000000007,0.145,0.855,0.8444444444444444,705,400,False
model,0.23,0.3,2.0,0.2,score_point,0.09645390070921986,0.39349999999999996,0.055,0.945,0.8936170212765957,705,400,False
model,0.58,0.2,1.5,0.2,score_point,0.09645390070921986,0.39825000000000005,0.1525,0.8475,0.8401486988847584,705,400,False
model,0.15,0.3,3.0,0.2,score_point,0.09645390070921986,0.40124999999999994,0.0375,0.9625,0.902696365767878,705,400,False
model,0.18,0.3,2.5,0.2,score_point,0.09645390070921986,0.40449999999999986,0.0475,0.9525,0.8975265017667845,705,400,False
model,0.45,0.3,1.5,0.2,score_point,0.09645390070921986,0.43199999999999994,0.11,0.89,0.8640776699029127,705,400,False
model,0.46,0.3,1.5,0.2,score_point,0.09645390070921986,0.43499999999999994,0.1125,0.8875,0.8626974483596598,705,400,False
model,0.11,0.4,3.0,0.2,score_point,0.09645390070921986,0.4585,0.0225,0.9775,0.910360884749709,705,400,False
model,0.12,0.4,3.0,0.2,score_point,0.09645390070921986,0.4585,0.0225,0.9775,0.910360884749709,705,400,False
model,0.14,0.4,2.5,0.2,score_point,0.09645390070921986,0.46825000000000006,0.0325,0.9675,0.905263157894737,705,400,False
model,0.1,0.4,3.5,0.2,score_point,0.09645390070921986,0.46975,0.0225,0.9775,0.910360884749709,705,400,False
model,0.19,0.4,2.0,0.2,score_point,0.09645390070921986,0.4760000000000001,0.0475,0.9525,0.8975265017667845,705,400,False
model,0.08,0.5,2.0,0.2,score_point,0.09645390070921986,0.53,0.02,0.98,0.9116279069767441,705,400,False
model,0.05,0.5,3.5,0.2,score_point,0.09645390070921986,0.5375,0.0125,0.9875,0.9154113557358055,705,400,False
model,0.2,0.5,1.5,0.2,score_point,0.09645390070921986,0.5475,0.0475,0.9525,0.8975265017667845,705,400,False
model,0.21,0.5,1.5,0.2,score_point,0.09645390070921986,0.5475,0.0475,0.9525,0.8975265017667845,705,400,False
model,0.14,0.6,1.5,0.2,score_point,0.09645390070921986,0.6292499999999999,0.0325,0.9675,0.905263157894737,705,400,False
model,0.43,0.8,1.0,0.2,score_point,0.09645390070921986,0.8200000000000002,0.1,0.9,0.8695652173913043,705,400,False
model,0.44,0.8,1.0,0.2,score_point,0.09645390070921986,0.8200000000000002,0.1,0.9,0.8695652173913043,705,400,False
model,0.45,0.8,1.0,0.2,score_point,0.09645390070921986,0.8220000000000002,0.11,0.89,0.8640776699029127,705,400,False
model,0.46,0.8,1.0,0.2,score_point,0.09645390070921986,0.8225,0.1125,0.8875,0.8626974483596598,705,400,False
model,0.47,0.8,1.0,0.2,score_point,0.09645390070921986,0.8230000000000001,0.115,0.885,0.8613138686131386,705,400,False
model,0.48,0.8,1.0,0.2,score_point,0.09645390070921986,0.8235000000000002,0.1175,0.8825,0.8599269183922047,705,400,False
model,0.49,0.8,1.0,0.2,score_point,0.09645390070921986,0.8245000000000001,0.1225,0.8775,0.8571428571428571,705,400,False
model,0.5,0.8,1.0,0.2,score_point,0.09645390070921986,0.8245000000000001,0.1225,0.8775,0.8571428571428571,705,400,False
model,0.51,0.8,1.0,0.2,score_point,0.09645390070921986,0.8255000000000001,0.1275,0.8725,0.854345165238678,705,400,False
model,0.52,0.8,1.0,0.2,score_point,0.09645390070921986,0.8255000000000001,0.1275,0.8725,0.854345165238678,705,400,False
model,0.53,0.8,1.0,0.2,score_point,0.09645390070921986,0.8265,0.1325,0.8675,0.8515337423312884,705,400,False
model,0.54,0.8,1.0,0.2,score_point,0.09645390070921986,0.8270000000000001,0.135,0.865,0.8501228501228502,705,400,False
model,0.55,0.8,1.0,0.2,score_point,0.09645390070921986,0.8275,0.1375,0.8625,0.8487084870848709,705,400,False
model,0.56,0.8,1.0,0.2,score_point,0.09645390070921986,0.8275,0.1375,0.8625,0.8487084870848709,705,400,False
model,0.57,0.8,1.0,0.2,score_point,0.09645390070921986,0.8290000000000001,0.145,0.855,0.8444444444444444,705,400,False
model,0.58,0.8,1.0,0.2,score_point,0.09645390070921986,0.8305000000000001,0.1525,0.8475,0.8401486988847584,705,400,False
model,0.59,0.8,1.0,0.2,score_point,0.09645390070921986,0.8325,0.1625,0.8375,0.8343711083437111,705,400,False
model,0.6,0.8,1.0,0.2,score_point,0.09645390070921986,0.8340000000000001,0.17,0.83,0.83,705,400,False
model,0.61,0.8,1.0,0.2,score_point,0.09645390070921986,0.835,0.175,0.825,0.8270676691729322,705,400,False
model,0.62,0.8,1.0,0.2,score_point,0.09645390070921986,0.8355000000000001,0.1775,0.8225,0.8255959849435383,705,400,False
model,0.63,0.8,1.0,0.2,score_point,0.09645390070921986,0.836,0.18,0.82,0.8241206030150754,705,400,False
model,0.64,0.8,1.0,0.2,score_point,0.09645390070921986,0.8390000000000001,0.195,0.805,0.8151898734177216,705,400,False
model,0.65,0.8,1.0,0.2,score_point,0.09645390070921986,0.8415,0.2075,0.7925,0.8076433121019109,705,400,False
model,0.66,0.8,1.0,0.2,score_point,0.09645390070921986,0.8420000000000002,0.21,0.79,0.806122448979592,705,400,False
model,0.67,0.8,1.0,0.2,score_point,0.09645390070921986,0.8430000000000001,0.215,0.785,0.80306905370844,705,400,False
model,0.68,0.8,1.0,0.2,score_point,0.09645390070921986,0.8455000000000001,0.2275,0.7725,0.7953667953667954,705,400,False
model,0.69,0.8,1.0,0.2,score_point,0.09645390070921986,0.8475,0.2375,0.7625,0.7891332470892626,705,400,False
model,0.7,0.8,1.0,0.2,score_point,0.09645390070921986,0.85,0.25,0.75,0.7812500000000001,705,400,False
model,0.71,0.8,1.0,0.2,score_point,0.09645390070921986,0.8520000000000002,0.26,0.74,0.774869109947644,705,400,False
model,0.72,0.8,1.0,0.2,score_point,0.09645390070921986,0.8540000000000002,0.27,0.73,0.768421052631579,705,400,False
model,0.73,0.8,1.0,0.2,score_point,0.09645390070921986,0.8555000000000001,0.2775,0.7225,0.7635402906208719,705,400,False
model,0.74,0.8,1.0,0.2,score_point,0.09645390070921986,0.8585,0.2925,0.7075,0.7536617842876164,705,400,False
model,0.75,0.8,1.0,0.2,score_point,0.09645390070921986,0.8605000000000002,0.3025,0.6975,0.746987951807229,705,400,False
model,0.76,0.8,1.0,0.2,score_point,0.09645390070921986,0.8650000000000001,0.325,0.675,0.7317073170731707,705,400,False
model,0.77,0.8,1.0,0.2,score_point,0.09645390070921986,0.8670000000000002,0.335,0.665,0.7247956403269755,705,400,False
model,0.78,0.8,1.0,0.2,score_point,0.09645390070921986,0.8705000000000002,0.3525,0.6475,0.7125171939477303,705,400,False
model,0.79,0.8,1.0,0.2,score_point,0.09645390070921986,0.8720000000000002,0.36,0.64,0.7071823204419889,705,400,False
model,0.8,0.8,1.0,0.2,score_point,0.09645390070921986,0.8795000000000002,0.3975,0.6025,0.6798307475317349,705,400,False
model,0.81,0.8,1.0,0.2,score_point,0.09645390070921986,0.8860000000000001,0.43,0.57,0.6551724137931034,705,400,False
model,0.82,0.8,1.0,0.2,score_point,0.09645390070921986,0.8905000000000001,0.4525,0.5475,0.6375545851528384,705,400,False
model,0.83,0.8,1.0,0.2,score_point,0.09645390070921986,0.895,0.475,0.525,0.6194690265486725,705,400,False
model,0.92,0.5,1.0,0.2,score_point,0.09645390070921986,0.89875,0.7975,0.2025,0.29508196721311475,705,400,False
model,0.84,0.8,1.0,0.2,score_point,0.09645390070921986,0.9015000000000001,0.5075,0.4925,0.5924812030075187,705,400,False
model,0.26,0.9,1.0,0.2,score_point,0.09645390070921986,0.9060000000000002,0.06,0.94,0.8909952606635071,705,400,False
model,0.27,0.9,1.0,0.2,score_point,0.09645390070921986,0.9062500000000003,0.0625,0.9375,0.889679715302491,705,400,False
model,0.28,0.9,1.0,0.2,score_point,0.09645390070921986,0.9067500000000003,0.0675,0.9325,0.887039239001189,705,400,False
model,0.29,0.9,1.0,0.2,score_point,0.09645390070921986,0.9067500000000003,0.0675,0.9325,0.887039239001189,705,400,False
model,0.3,0.9,1.0,0.2,score_point,0.09645390070921986,0.9070000000000001,0.07,0.93,0.8857142857142858,705,400,False
model,0.31,0.9,1.0,0.2,score_point,0.09645390070921986,0.9075000000000003,0.075,0.925,0.883054892601432,705,400,False
model,0.32,0.9,1.0,0.2,score_point,0.09645390070921986,0.9077500000000002,0.0775,0.9225,0.8817204301075269,705,400,False
model,0.33,0.9,1.0,0.2,score_point,0.09645390070921986,0.9080000000000001,0.08,0.92,0.8803827751196172,705,400,False
model,0.34,0.9,1.0,0.2,score_point,0.09645390070921986,0.9080000000000001,0.08,0.92,0.8803827751196172,705,400,False
model,0.85,0.8,1.0,0.2,score_point,0.09645390070921986,0.9085000000000001,0.5425,0.4575,0.5622119815668203,705,400,False
model,0.35,0.9,1.0,0.2,score_point,0.09645390070921986,0.9087500000000002,0.0875,0.9125,0.8763505402160864,705,400,False
model,0.36,0.9,1.0,0.2,score_point,0.09645390070921986,0.9087500000000002,0.0875,0.9125,0.8763505402160864,705,400,False
model,0.37,0.9,1.0,0.2,score_point,0.09645390070921986,0.9092500000000001,0.0925,0.9075,0.8736462093862816,705,400,False
model,0.38,0.9,1.0,0.2,score_point,0.09645390070921986,0.9092500000000001,0.0925,0.9075,0.8736462093862816,705,400,False
model,0.39,0.9,1.0,0.2,score_point,0.09645390070921986,0.9097500000000003,0.0975,0.9025,0.870928829915561,705,400,False
model,0.4,0.9,1.0,0.2,score_point,0.09645390070921986,0.9097500000000003,0.0975,0.9025,0.870928829915561,705,400,False
model,0.41,0.9,1.0,0.2,score_point,0.09645390070921986,0.9097500000000003,0.0975,0.9025,0.870928829915561,705,400,False
model,0.42,0.9,1.0,0.2,score_point,0.09645390070921986,0.9100000000000003,0.1,0.9,0.8695652173913043,705,400,False
model,0.43,0.9,1.0,0.2,score_point,0.09645390070921986,0.9100000000000003,0.1,0.9,0.8695652173913043,705,400,False
model,0.44,0.9,1.0,0.2,score_point,0.09645390070921986,0.9100000000000003,0.1,0.9,0.8695652173913043,705,400,False
model,0.45,0.9,1.0,0.2,score_point,0.09645390070921986,0.9110000000000003,0.11,0.89,0.8640776699029127,705,400,False
model,0.46,0.9,1.0,0.2,score_point,0.09645390070921986,0.9112500000000003,0.1125,0.8875,0.8626974483596598,705,400,False
model,0.47,0.9,1.0,0.2,score_point,0.09645390070921986,0.9115000000000003,0.115,0.885,0.8613138686131386,705,400,False
model,0.48,0.9,1.0,0.2,score_point,0.09645390070921986,0.9117500000000003,0.1175,0.8825,0.8599269183922047,705,400,False
model,0.49,0.9,1.0,0.2,score_point,0.09645390070921986,0.9122500000000002,0.1225,0.8775,0.8571428571428571,705,400,False
model,0.5,0.9,1.0,0.2,score_point,0.09645390070921986,0.9122500000000002,0.1225,0.8775,0.8571428571428571,705,400,False
model,0.51,0.9,1.0,0.2,score_point,0.09645390070921986,0.9127500000000002,0.1275,0.8725,0.854345165238678,705,400,False
model,0.52,0.9,1.0,0.2,score_point,0.09645390070921986,0.9127500000000002,0.1275,0.8725,0.854345165238678,705,400,False
model,0.53,0.9,1.0,0.2,score_point,0.09645390070921986,0.9132500000000001,0.1325,0.8675,0.8515337423312884,705,400,False
model,0.54,0.9,1.0,0.2,score_point,0.09645390070921986,0.9135000000000002,0.135,0.865,0.8501228501228502,705,400,False
model,0.93,0.5,1.0,0.2,score_point,0.09645390070921986,0.91375,0.8275,0.1725,0.2569832402234637,705,400,False
model,0.55,0.9,1.0,0.2,score_point,0.09645390070921986,0.9137500000000003,0.1375,0.8625,0.8487084870848709,705,400,False
model,0.56,0.9,1.0,0.2,score_point,0.09645390070921986,0.9137500000000003,0.1375,0.8625,0.8487084870848709,705,400,False
model,0.57,0.9,1.0,0.2,score_point,0.09645390070921986,0.9145000000000002,0.145,0.855,0.8444444444444444,705,400,False
model,0.86,0.8,1.0,0.2,score_point,0.09645390070921986,0.9145000000000002,0.5725,0.4275,0.5352112676056338,705,400,False
model,0.58,0.9,1.0,0.2,score_point,0.09645390070921986,0.9152500000000002,0.1525,0.8475,0.8401486988847584,705,400,False
model,0.59,0.9,1.0,0.2,score_point,0.09645390070921986,0.91625,0.1625,0.8375,0.8343711083437111,705,400,False
model,0.6,0.9,1.0,0.2,score_point,0.09645390070921986,0.9170000000000001,0.17,0.83,0.83,705,400,False
model,0.61,0.9,1.0,0.2,score_point,0.09645390070921986,0.9175000000000001,0.175,0.825,0.8270676691729322,705,400,False
model,0.62,0.9,1.0,0.2,score_point,0.09645390070921986,0.9177500000000002,0.1775,0.8225,0.8255959849435383,705,400,False
model,0.63,0.9,1.0,0.2,score_point,0.09645390070921986,0.9180000000000003,0.18,0.82,0.8241206030150754,705,400,False
model,0.92,0.6,1.0,0.2,score_point,0.09645390070921986,0.9189999999999999,0.7975,0.2025,0.29508196721311475,705,400,False
model,0.64,0.9,1.0,0.2,score_point,0.09645390070921986,0.9195000000000002,0.195,0.805,0.8151898734177216,705,400,False
model,0.65,0.9,1.0,0.2,score_point,0.09645390070921986,0.9207500000000002,0.2075,0.7925,0.8076433121019109,705,400,False
model,0.66,0.9,1.0,0.2,score_point,0.09645390070921986,0.921,0.21,0.79,0.806122448979592,705,400,False
model,0.87,0.8,1.0,0.2,score_point,0.09645390070921986,0.921,0.605,0.395,0.5047923322683706,705,400,False
model,0.67,0.9,1.0,0.2,score_point,0.09645390070921986,0.9215000000000001,0.215,0.785,0.80306905370844,705,400,False
model,0.68,0.9,1.0,0.2,score_point,0.09645390070921986,0.9227500000000001,0.2275,0.7725,0.7953667953667954,705,400,False
model,0.69,0.9,1.0,0.2,score_point,0.09645390070921986,0.9237500000000002,0.2375,0.7625,0.7891332470892626,705,400,False
model,0.7,0.9,1.0,0.2,score_point,0.09645390070921986,0.925,0.25,0.75,0.7812500000000001,705,400,False
model,0.71,0.9,1.0,0.2,score_point,0.09645390070921986,0.926,0.26,0.74,0.774869109947644,705,400,False
model,0.72,0.9,1.0,0.2,score_point,0.09645390070921986,0.9270000000000002,0.27,0.73,0.768421052631579,705,400,False
model,0.73,0.9,1.0,0.2,score_point,0.09645390070921986,0.9277500000000002,0.2775,0.7225,0.7635402906208719,705,400,False
model,0.74,0.9,1.0,0.2,score_point,0.09645390070921986,0.9292500000000001,0.2925,0.7075,0.7536617842876164,705,400,False
model,0.75,0.9,1.0,0.2,score_point,0.09645390070921986,0.9302500000000002,0.3025,0.6975,0.746987951807229,705,400,False
model,0.88,0.8,1.0,0.2,score_point,0.09645390070921986,0.9309999999999999,0.655,0.345,0.4554455445544555,705,400,False
model,0.93,0.6,1.0,0.2,score_point,0.09645390070921986,0.9309999999999999,0.8275,0.1725,0.2569832402234637,705,400,False
model,0.76,0.9,1.0,0.2,score_point,0.09645390070921986,0.9325,0.325,0.675,0.7317073170731707,705,400,False
model,0.77,0.9,1.0,0.2,score_point,0.09645390070921986,0.9335000000000002,0.335,0.665,0.7247956403269755,705,400,False
model,0.78,0.9,1.0,0.2,score_point,0.09645390070921986,0.93525,0.3525,0.6475,0.7125171939477303,705,400,False
model,0.79,0.9,1.0,0.2,score_point,0.09645390070921986,0.9360000000000003,0.36,0.64,0.7071823204419889,705,400,False
model,0.94,0.5,1.0,0.2,score_point,0.09645390070921986,0.9375,0.875,0.125,0.19305019305019305,705,400,False
model,0.89,0.8,1.0,0.2,score_point,0.09645390070921986,0.9385000000000001,0.6925,0.3075,0.41624365482233505,705,400,False
model,0.92,0.7,1.0,0.2,score_point,0.09645390070921986,0.9392499999999999,0.7975,0.2025,0.29508196721311475,705,400,False
model,0.8,0.9,1.0,0.2,score_point,0.09645390070921986,0.9397500000000001,0.3975,0.6025,0.6798307475317349,705,400,False
model,0.81,0.9,1.0,0.2,score_point,0.09645390070921986,0.9430000000000001,0.43,0.57,0.6551724137931034,705,400,False
model,0.9,0.8,1.0,0.2,score_point,0.09645390070921986,0.945,0.725,0.275,0.3806228373702422,705,400,False
model,0.82,0.9,1.0,0.2,score_point,0.09645390070921986,0.94525,0.4525,0.5475,0.6375545851528384,705,400,False
model,0.83,0.9,1.0,0.2,score_point,0.09645390070921986,0.9475,0.475,0.525,0.6194690265486725,705,400,False
model,0.93,0.7,1.0,0.2,score_point,0.09645390070921986,0.94825,0.8275,0.1725,0.2569832402234637,705,400,False
model,0.94,0.6,1.0,0.2,score_point,0.09645390070921986,0.95,0.875,0.125,0.19305019305019305,705,400,False
model,0.84,0.9,1.0,0.2,score_point,0.09645390070921986,0.9507500000000002,0.5075,0.4925,0.5924812030075187,705,400,False
model,0.91,0.8,1.0,0.2,score_point,0.09645390070921986,0.9520000000000001,0.76,0.24,0.3404255319148936,705,400,False
model,0.85,0.9,1.0,0.2,score_point,0.09645390070921986,0.9542500000000002,0.5425,0.4575,0.5622119815668203,705,400,False
model,0.95,0.2,1.0,0.2,score_point,0.09645390070921986,0.956,0.945,0.055,0.08979591836734693,705,400,False
model,0.86,0.9,1.0,0.2,score_point,0.09645390070921986,0.9572499999999999,0.5725,0.4275,0.5352112676056338,705,400,False
model,0.92,0.8,1.0,0.2,score_point,0.09645390070921986,0.9595,0.7975,0.2025,0.29508196721311475,705,400,False
model,0.87,0.9,1.0,0.2,score_point,0.09645390070921986,0.9605000000000001,0.605,0.395,0.5047923322683706,705,400,False
model,0.95,0.3,1.0,0.2,score_point,0.09645390070921986,0.9615,0.945,0.055,0.08979591836734693,705,400,False
model,0.94,0.7,1.0,0.2,score_point,0.09645390070921986,0.9625,0.875,0.125,0.19305019305019305,705,400,False
model,0.93,0.8,1.0,0.2,score_point,0.09645390070921986,0.9655,0.8275,0.1725,0.2569832402234637,705,400,False
model,0.88,0.9,1.0,0.2,score_point,0.09645390070921986,0.9655000000000001,0.655,0.345,0.4554455445544555,705,400,False
model,0.95,0.4,1.0,0.2,score_point,0.09645390070921986,0.9669999999999999,0.945,0.055,0.08979591836734693,705,400,False
model,0.89,0.9,1.0,0.2,score_point,0.09645390070921986,0.9692500000000002,0.6925,0.3075,0.41624365482233505,705,400,False
model,0.9,0.9,1.0,0.2,score_point,0.09645390070921986,0.9725,0.725,0.275,0.3806228373702422,705,400,False
model,0.95,0.5,1.0,0.2,score_point,0.09645390070921986,0.9725,0.945,0.055,0.08979591836734693,705,400,False
model,0.94,0.8,1.0,0.2,score_point,0.09645390070921986,0.975,0.875,0.125,0.19305019305019305,705,400,False
model,0.96,0.2,1.0,0.2,score_point,0.09645390070921986,0.976,0.97,0.03,0.049999999999999996,705,400,False
model,0.91,0.9,1.0,0.2,score_point,0.09645390070921986,0.9760000000000001,0.76,0.24,0.3404255319148936,705,400,False
model,0.95,0.6,1.0,0.2,score_point,0.09645390070921986,0.9780000000000001,0.945,0.055,0.08979591836734693,705,400,False
model,0.96,0.3,1.0,0.2,score_point,0.09645390070921986,0.9790000000000001,0.97,0.03,0.049999999999999996,705,400,False
model,0.92,0.9,1.0,0.2,score_point,0.09645390070921986,0.9797500000000001,0.7975,0.2025,0.29508196721311475,705,400,False
model,0.96,0.4,1.0,0.2,score_point,0.09645390070921986,0.9819999999999999,0.97,0.03,0.049999999999999996,705,400,False
model,0.93,0.9,1.0,0.2,score_point,0.09645390070921986,0.98275,0.8275,0.1725,0.2569832402234637,705,400,False
model,0.95,0.7,1.0,0.2,score_point,0.09645390070921986,0.9834999999999999,0.945,0.055,0.08979591836734693,705,400,False
model,0.97,0.2,1.0,0.2,score_point,0.09645390070921986,0.9840000000000001,0.98,0.02,0.033613445378151266,705,400,False
model,0.96,0.5,1.0,0.2,score_point,0.09645390070921986,0.985,0.97,0.03,0.049999999999999996,705,400,False
model,0.97,0.3,1.0,0.2,score_point,0.09645390070921986,0.986,0.98,0.02,0.033613445378151266,705,400,False
model,0.94,0.9,1.0,0.2,score_point,0.09645390070921986,0.9875,0.875,0.125,0.19305019305019305,705,400,False
model,0.97,0.4,1.0,0.2,score_point,0.09645390070921986,0.988,0.98,0.02,0.033613445378151266,705,400,False
model,0.96,0.6,1.0,0.2,score_point,0.09645390070921986,0.9880000000000001,0.97,0.03,0.049999999999999996,705,400,False
model,0.95,0.8,1.0,0.2,score_point,0.09645390070921986,0.9890000000000001,0.945,0.055,0.08979591836734693,705,400,False
model,0.97,0.5,1.0,0.2,score_point,0.09645390070921986,0.99,0.98,0.02,0.033613445378151266,705,400,False
model,0.96,0.7,1.0,0.2,score_point,0.09645390070921986,0.991,0.97,0.03,0.049999999999999996,705,400,False
model,0.97,0.6,1.0,0.2,score_point,0.09645390070921986,0.992,0.98,0.02,0.033613445378151266,705,400,False
model,0.96,0.8,1.0,0.2,score_point,0.09645390070921986,0.9940000000000001,0.97,0.03,0.049999999999999996,705,400,False
model,0.97,0.7,1.0,0.2,score_point,0.09645390070921986,0.9940000000000001,0.98,0.02,0.033613445378151266,705,400,False
model,0.95,0.9,1.0,0.2,score_point,0.09645390070921986,0.9944999999999999,0.945,0.055,0.08979591836734693,705,400,False
model,0.97,0.8,1.0,0.2,score_point,0.09645390070921986,0.996,0.98,0.02,0.033613445378151266,705,400,False
model,0.96,0.9,1.0,0.2,score_point,0.09645390070921986,0.9969999999999999,0.97,0.03,0.049999999999999996,705,400,False
model,0.97,0.9,1.0,0.2,score_point,0.09645390070921986,0.998,0.98,0.02,0.033613445378151266,705,400,False
model,0.98,0.2,1.0,0.2,score_point,0.09645390070921986,0.998,0.9975,0.0025,0.0042643923240938165,705,400,False
model,0.98,0.3,1.0,0.2,score_point,0.09645390070921986,0.9982500000000001,0.9975,0.0025,0.0042643923240938165,705,400,False
model,0.98,0.4,1.0,0.2,score_point,0.09645390070921986,0.9984999999999999,0.9975,0.0025,0.0042643923240938165,705,400,False
model,0.98,0.5,1.0,0.2,score_point,0.09645390070921986,0.99875,0.9975,0.0025,0.0042643923240938165,705,400,False
model,0.98,0.6,1.0,0.2,score_point,0.09645390070921986,0.9990000000000001,0.9975,0.0025,0.0042643923240938165,705,400,False
model,0.98,0.7,1.0,0.2,score_point,0.09645390070921986,0.99925,0.9975,0.0025,0.0042643923240938165,705,400,False
model,0.98,0.8,1.0,0.2,score_point,0.09645390070921986,0.9995,0.9975,0.0025,0.0042643923240938165,705,400,False
model,0.98,0.9,1.0,0.2,score_point,0.09645390070921986,0.9997499999999999,0.9975,0.0025,0.0042643923240938165,705,400,False
model,0.0,1.0,1.0,0.2,score_point,0.09645390070921986,1.0,0.0,1.0,0.9216589861751151,705,400,False
model,0.0,1.0,1.5,0.2,score_point,0.09645390070921986,1.0,0.0,1.0,0.9216589861751151,705,400,False
model,0.0,1.0,2.0,0.2,score_point,0.09645390070921986,1.0,0.0,1.0,0.9216589861751151,705,400,False
model,0.0,1.0,2.5,0.2,score_point,0.09645390070921986,1.0,0.0,1.0,0.9216589861751151,705,400,False
model,0.0,1.0,3.0,0.2,score_point,0.09645390070921986,1.0,0.0,1.0,0.9216589861751151,705,400,False
model,0.0,1.0,3.5,0.2,score_point,0.09645390070921986,1.0,0.0,1.0,0.9216589861751151,705,400,False
model,0.01,1.0,1.0,0.2,score_point,0.09645390070921986,1.0,0.0025,0.9975,0.9204152249134949,705,400,False
model,0.02,1.0,1.0,0.2,score_point,0.09645390070921986,1.0,0.005,0.995,0.9191685912240185,705,400,False
model,0.03,1.0,1.0,0.2,score_point,0.09645390070921986,1.0,0.0075,0.9925,0.9179190751445088,705,400,False
model,0.04,1.0,1.0,0.2,score_point,0.09645390070921986,1.0,0.01,0.99,0.9166666666666666,705,400,False
model,0.05,1.0,1.0,0.2,score_point,0.09645390070921986,1.0,0.0125,0.9875,0.9154113557358055,705,400,False
model,0.06,1.0,1.0,0.2,score_point,0.09645390070921986,1.0,0.015,0.985,0.91415313225058,705,400,False
model,0.07,1.0,1.0,0.2,score_point,0.09645390070921986,1.0,0.0175,0.9825,0.9128919860627178,705,400,False
model,0.08,1.0,1.0,0.2,score_point,0.09645390070921986,1.0,0.02,0.98,0.9116279069767441,705,400,False
model,0.09,1.0,1.0,0.2,score_point,0.09645390070921986,1.0,0.02,0.98,0.9116279069767441,705,400,False
model,0.1,1.0,1.0,0.2,score_point,0.09645390070921986,1.0,0.0225,0.9775,0.910360884749709,705,400,False
model,0.11,1.0,1.0,0.2,score_point,0.09645390070921986,1.0,0.0225,0.9775,0.910360884749709,705,400,False
model,0.12,1.0,1.0,0.2,score_point,0.09645390070921986,1.0,0.0225,0.9775,0.910360884749709,705,400,False
model,0.13,1.0,1.0,0.2,score_point,0.09645390070921986,1.0,0.03,0.97,0.9065420560747663,705,400,False
model,0.14,1.0,1.0,0.2,score_point,0.09645390070921986,1.0,0.0325,0.9675,0.905263157894737,705,400,False
model,0.15,1.0,1.0,0.2,score_point,0.09645390070921986,1.0,0.0375,0.9625,0.902696365767878,705,400,False
model,0.16,1.0,1.0,0.2,score_point,0.09645390070921986,1.0,0.04,0.96,0.9014084507042253,705,400,False
model,0.17,1.0,1.0,0.2,score_point,0.09645390070921986,1.0,0.0425,0.9575,0.900117508813161,705,400,False
model,0.18,1.0,1.0,0.2,score_point,0.09645390070921986,1.0,0.0475,0.9525,0.8975265017667845,705,400,False
model,0.19,1.0,1.0,0.2,score_point,0.09645390070921986,1.0,0.0475,0.9525,0.8975265017667845,705,400,False
model,0.2,1.0,1.0,0.2,score_point,0.09645390070921986,1.0,0.0475,0.9525,0.8975265017667845,705,400,False
model,0.21,1.0,1.0,0.2,score_point,0.09645390070921986,1.0,0.0475,0.9525,0.8975265017667845,705,400,False
model,0.22,1.0,1.0,0.2,score_point,0.09645390070921986,1.0,0.0525,0.9475,0.8949232585596222,705,400,False
model,0.23,1.0,1.0,0.2,score_point,0.09645390070921986,1.0,0.055,0.945,0.8936170212765957,705,400,False
model,0.24,1.0,1.0,0.2,score_point,0.09645390070921986,1.0,0.0575,0.9425,0.8923076923076924,705,400,False
model,0.25,1.0,1.0,0.2,score_point,0.09645390070921986,1.0,0.0575,0.9425,0.8923076923076924,705,400,False
model,0.26,1.0,1.0,0.2,score_point,0.09645390070921986,1.0,0.06,0.94,0.8909952606635071,705,400,False
model,0.27,1.0,1.0,0.2,score_point,0.09645390070921986,1.0,0.0625,0.9375,0.889679715302491,705,400,False
model,0.28,1.0,1.0,0.2,score_point,0.09645390070921986,1.0,0.0675,0.9325,0.887039239001189,705,400,False
model,0.29,1.0,1.0,0.2,score_point,0.09645390070921986,1.0,0.0675,0.9325,0.887039239001189,705,400,False
model,0.3,1.0,1.0,0.2,score_point,0.09645390070921986,1.0,0.07,0.93,0.8857142857142858,705,400,False
model,0.31,1.0,1.0,0.2,score_point,0.09645390070921986,1.0,0.075,0.925,0.883054892601432,705,400,False
model,0.32,1.0,1.0,0.2,score_point,0.09645390070921986,1.0,0.0775,0.9225,0.8817204301075269,705,400,False
model,0.33,1.0,1.0,0.2,score_point,0.09645390070921986,1.0,0.08,0.92,0.8803827751196172,705,400,False
model,0.34,1.0,1.0,0.2,score_point,0.09645390070921986,1.0,0.08,0.92,0.8803827751196172,705,400,False
model,0.35,1.0,1.0,0.2,score_point,0.09645390070921986,1.0,0.0875,0.9125,0.8763505402160864,705,400,False
model,0.36,1.0,1.0,0.2,score_point,0.09645390070921986,1.0,0.0875,0.9125,0.8763505402160864,705,400,False
model,0.37,1.0,1.0,0.2,score_point,0.09645390070921986,1.0,0.0925,0.9075,0.8736462093862816,705,400,False
model,0.38,1.0,1.0,0.2,score_point,0.09645390070921986,1.0,0.0925,0.9075,0.8736462093862816,705,400,False
model,0.39,1.0,1.0,0.2,score_point,0.09645390070921986,1.0,0.0975,0.9025,0.870928829915561,705,400,False
model,0.4,1.0,1.0,0.2,score_point,0.09645390070921986,1.0,0.0975,0.9025,0.870928829915561,705,400,False
model,0.41,1.0,1.0,0.2,score_point,0.09645390070921986,1.0,0.0975,0.9025,0.870928829915561,705,400,False
model,0.42,1.0,1.0,0.2,score_point,0.09645390070921986,1.0,0.1,0.9,0.8695652173913043,705,400,False
model,0.43,1.0,1.0,0.2,score_point,0.09645390070921986,1.0,0.1,0.9,0.8695652173913043,705,400,False
model,0.44,1.0,1.0,0.2,score_point,0.09645390070921986,1.0,0.1,0.9,0.8695652173913043,705,400,False
model,0.45,1.0,1.0,0.2,score_point,0.09645390070921986,1.0,0.11,0.89,0.8640776699029127,705,400,False
model,0.46,1.0,1.0,0.2,score_point,0.09645390070921986,1.0,0.1125,0.8875,0.8626974483596598,705,400,False
model,0.47,1.0,1.0,0.2,score_point,0.09645390070921986,1.0,0.115,0.885,0.8613138686131386,705,400,False
model,0.48,1.0,1.0,0.2,score_point,0.09645390070921986,1.0,0.1175,0.8825,0.8599269183922047,705,400,False
model,0.49,1.0,1.0,0.2,score_point,0.09645390070921986,1.0,0.1225,0.8775,0.8571428571428571,705,400,False
model,0.5,1.0,1.0,0.2,score_point,0.09645390070921986,1.0,0.1225,0.8775,0.8571428571428571,705,400,False
model,0.51,1.0,1.0,0.2,score_point,0.09645390070921986,1.0,0.1275,0.8725,0.854345165238678,705,400,False
model,0.52,1.0,1.0,0.2,score_point,0.09645390070921986,1.0,0.1275,0.8725,0.854345165238678,705,400,False
model,0.53,1.0,1.0,0.2,score_point,0.09645390070921986,1.0,0.1325,0.8675,0.8515337423312884,705,400,False
model,0.54,1.0,1.0,0.2,score_point,0.09645390070921986,1.0,0.135,0.865,0.8501228501228502,705,400,False
model,0.55,1.0,1.0,0.2,score_point,0.09645390070921986,1.0,0.1375,0.8625,0.8487084870848709,705,400,False
model,0.56,1.0,1.0,0.2,score_point,0.09645390070921986,1.0,0.1375,0.8625,0.8487084870848709,705,400,False
model,0.57,1.0,1.0,0.2,score_point,0.09645390070921986,1.0,0.145,0.855,0.8444444444444444,705,400,False
model,0.58,1.0,1.0,0.2,score_point,0.09645390070921986,1.0,0.1525,0.8475,0.8401486988847584,705,400,False
model,0.59,1.0,1.0,0.2,score_point,0.09645390070921986,1.0,0.1625,0.8375,0.8343711083437111,705,400,False
model,0.6,1.0,1.0,0.2,score_point,0.09645390070921986,1.0,0.17,0.83,0.83,705,400,False
model,0.61,1.0,1.0,0.2,score_point,0.09645390070921986,1.0,0.175,0.825,0.8270676691729322,705,400,False
model,0.62,1.0,1.0,0.2,score_point,0.09645390070921986,1.0,0.1775,0.8225,0.8255959849435383,705,400,False
model,0.63,1.0,1.0,0.2,score_point,0.09645390070921986,1.0,0.18,0.82,0.8241206030150754,705,400,False
model,0.64,1.0,1.0,0.2,score_point,0.09645390070921986,1.0,0.195,0.805,0.8151898734177216,705,400,False
model,0.65,1.0,1.0,0.2,score_point,0.09645390070921986,1.0,0.2075,0.7925,0.8076433121019109,705,400,False
model,0.66,1.0,1.0,0.2,score_point,0.09645390070921986,1.0,0.21,0.79,0.806122448979592,705,400,False
model,0.67,1.0,1.0,0.2,score_point,0.09645390070921986,1.0,0.215,0.785,0.80306905370844,705,400,False
model,0.68,1.0,1.0,0.2,score_point,0.09645390070921986,1.0,0.2275,0.7725,0.7953667953667954,705,400,False
model,0.69,1.0,1.0,0.2,score_point,0.09645390070921986,1.0,0.2375,0.7625,0.7891332470892626,705,400,False
model,0.7,1.0,1.0,0.2,score_point,0.09645390070921986,1.0,0.25,0.75,0.7812500000000001,705,400,False
model,0.71,1.0,1.0,0.2,score_point,0.09645390070921986,1.0,0.26,0.74,0.774869109947644,705,400,False
model,0.72,1.0,1.0,0.2,score_point,0.09645390070921986,1.0,0.27,0.73,0.768421052631579,705,400,False
model,0.73,1.0,1.0,0.2,score_point,0.09645390070921986,1.0,0.2775,0.7225,0.7635402906208719,705,400,False
model,0.74,1.0,1.0,0.2,score_point,0.09645390070921986,1.0,0.2925,0.7075,0.7536617842876164,705,400,False
model,0.75,1.0,1.0,0.2,score_point,0.09645390070921986,1.0,0.3025,0.6975,0.746987951807229,705,400,False
model,0.76,1.0,1.0,0.2,score_point,0.09645390070921986,1.0,0.325,0.675,0.7317073170731707,705,400,False
model,0.77,1.0,1.0,0.2,score_point,0.09645390070921986,1.0,0.335,0.665,0.7247956403269755,705,400,False
model,0.78,1.0,1.0,0.2,score_point,0.09645390070921986,1.0,0.3525,0.6475,0.7125171939477303,705,400,False
model,0.79,1.0,1.0,0.2,score_point,0.09645390070921986,1.0,0.36,0.64,0.7071823204419889,705,400,False
model,0.8,1.0,1.0,0.2,score_point,0.09645390070921986,1.0,0.3975,0.6025,0.6798307475317349,705,400,False
model,0.81,1.0,1.0,0.2,score_point,0.09645390070921986,1.0,0.43,0.57,0.6551724137931034,705,400,False
model,0.82,1.0,1.0,0.2,score_point,0.09645390070921986,1.0,0.4525,0.5475,0.6375545851528384,705,400,False
model,0.83,1.0,1.0,0.2,score_point,0.09645390070921986,1.0,0.475,0.525,0.6194690265486725,705,400,False
model,0.84,1.0,1.0,0.2,score_point,0.09645390070921986,1.0,0.5075,0.4925,0.5924812030075187,705,400,False
model,0.85,1.0,1.0,0.2,score_point,0.09645390070921986,1.0,0.5425,0.4575,0.5622119815668203,705,400,False
model,0.86,1.0,1.0,0.2,score_point,0.09645390070921986,1.0,0.5725,0.4275,0.5352112676056338,705,400,False
model,0.87,1.0,1.0,0.2,score_point,0.09645390070921986,1.0,0.605,0.395,0.5047923322683706,705,400,False
model,0.88,1.0,1.0,0.2,score_point,0.09645390070921986,1.0,0.655,0.345,0.4554455445544555,705,400,False
model,0.89,1.0,1.0,0.2,score_point,0.09645390070921986,1.0,0.6925,0.3075,0.41624365482233505,705,400,False
model,0.9,1.0,1.0,0.2,score_point,0.09645390070921986,1.0,0.725,0.275,0.3806228373702422,705,400,False
model,0.91,1.0,1.0,0.2,score_point,0.09645390070921986,1.0,0.76,0.24,0.3404255319148936,705,400,False
model,0.92,1.0,1.0,0.2,score_point,0.09645390070921986,1.0,0.7975,0.2025,0.29508196721311475,705,400,False
model,0.93,1.0,1.0,0.2,score_point,0.09645390070921986,1.0,0.8275,0.1725,0.2569832402234637,705,400,False
model,0.94,1.0,1.0,0.2,score_point,0.09645390070921986,1.0,0.875,0.125,0.19305019305019305,705,400,False
model,0.95,1.0,1.0,0.2,score_point,0.09645390070921986,1.0,0.945,0.055,0.08979591836734693,705,400,False
model,0.96,1.0,1.0,0.2,score_point,0.09645390070921986,1.0,0.97,0.03,0.049999999999999996,705,400,False
model,0.97,1.0,1.0,0.2,score_point,0.09645390070921986,1.0,0.98,0.02,0.033613445378151266,705,400,False
model,0.98,1.0,1.0,0.2,score_point,0.09645390070921986,1.0,0.9975,0.0025,0.0042643923240938165,705,400,False
model,0.99,0.2,1.0,0.2,score_point,0.09645390070921986,1.0,1.0,0.0,0.0,705,400,False
model,1.0,0.2,1.0,0.2,score_point,0.09645390070921986,1.0,1.0,0.0,0.0,705,400,False
model,0.99,0.3,1.0,0.2,score_point,0.09645390070921986,1.0,1.0,0.0,0.0,705,400,False
model,1.0,0.3,1.0,0.2,score_point,0.09645390070921986,1.0,1.0,0.0,0.0,705,400,False
model,0.99,0.4,1.0,0.2,score_point,0.09645390070921986,1.0,1.0,0.0,0.0,705,400,False
model,1.0,0.4,1.0,0.2,score_point,0.09645390070921986,1.0,1.0,0.0,0.0,705,400,False
model,0.99,0.5,1.0,0.2,score_point,0.09645390070921986,1.0,1.0,0.0,0.0,705,400,False
model,1.0,0.5,1.0,0.2,score_point,0.09645390070921986,1.0,1.0,0.0,0.0,705,400,False
model,0.99,0.6,1.0,0.2,score_point,0.09645390070921986,1.0,1.0,0.0,0.0,705,400,False
model,1.0,0.6,1.0,0.2,score_point,0.09645390070921986,1.0,1.0,0.0,0.0,705,400,False
model,0.99,0.7,1.0,0.2,score_point,0.09645390070921986,1.0,1.0,0.0,0.0,705,400,False
model,1.0,0.7,1.0,0.2,score_point,0.09645390070921986,1.0,1.0,0.0,0.0,705,400,False
model,0.99,0.8,1.0,0.2,score_point,0.09645390070921986,1.0,1.0,0.0,0.0,705,400,False
model,1.0,0.8,1.0,0.2,score_point,0.09645390070921986,1.0,1.0,0.0,0.0,705,400,False
model,0.99,0.9,1.0,0.2,score_point,0.09645390070921986,1.0,1.0,0.0,0.0,705,400,False
model,1.0,0.9,1.0,0.2,score_point,0.09645390070921986,1.0,1.0,0.0,0.0,705,400,False
model,0.99,1.0,1.0,0.2,score_point,0.09645390070921986,1.0,1.0,0.0,0.0,705,400,False
model,1.0,1.0,1.0,0.2,score_point,0.09645390070921986,1.0,1.0,0.0,0.0,705,400,False
model,0.26,0.2,2.5,0.2,score_point,0.09787234042553192,0.338,0.06,0.94,0.889940828402367,705,400,True
model,0.32,0.2,2.0,0.2,score_point,0.09787234042553192,0.3395,0.0775,0.9225,0.8806682577565633,705,400,False
model,0.24,0.2,3.0,0.2,score_point,0.09787234042553192,0.361,0.0575,0.9425,0.8912529550827423,705,400,False
model,0.56,0.2,1.5,0.2,score_point,0.09787234042553192,0.3787500000000001,0.1375,0.8625,0.8476658476658478,705,400,False
model,0.17,0.3,2.5,0.2,score_point,0.09787234042553192,0.39349999999999996,0.0425,0.9575,0.8990610328638499,705,400,False
model,0.14,0.3,3.5,0.2,score_point,0.09787234042553192,0.4039999999999999,0.0325,0.9675,0.9042056074766356,705,400,False
model,0.43,0.3,1.5,0.2,score_point,0.09787234042553192,0.42,0.1,0.9,0.8685162846803379,705,400,False
model,0.44,0.3,1.5,0.2,score_point,0.09787234042553192,0.42,0.1,0.9,0.8685162846803379,705,400,False
model,0.09,0.4,3.5,0.2,score_point,0.09787234042553192,0.462,0.02,0.98,0.9105691056910569,705,400,False
model,0.17,0.4,2.0,0.2,score_point,0.09787234042553192,0.46799999999999997,0.0425,0.9575,0.8990610328638499,705,400,False
model,0.18,0.4,2.0,0.2,score_point,0.09787234042553192,0.4760000000000001,0.0475,0.9525,0.896470588235294,705,400,False
model,0.33,0.4,1.5,0.2,score_point,0.09787234042553192,0.48800000000000004,0.08,0.92,0.879330943847073,705,400,False
model,0.34,0.4,1.5,0.2,score_point,0.09787234042553192,0.48800000000000004,0.08,0.92,0.879330943847073,705,400,False
model,0.35,0.4,1.5,0.2,score_point,0.09787234042553192,0.4962500000000001,0.0875,0.9125,0.8752997601918465,705,400,False
model,0.36,0.4,1.5,0.2,score_point,0.09787234042553192,0.4962500000000001,0.0875,0.9125,0.8752997601918465,705,400,False
model,0.19,0.5,1.5,0.2,score_point,0.09787234042553192,0.5475,0.0475,0.9525,0.896470588235294,705,400,False
model,0.03,0.6,3.0,0.2,score_point,0.09787234042553192,0.6179999999999999,0.0075,0.9925,0.9168591224018475,705,400,False
model,0.13,0.6,1.5,0.2,score_point,0.09787234042553192,0.6269999999999999,0.03,0.97,0.9054842473745625,705,400,False
model,0.03,0.7,1.5,0.2,score_point,0.09787234042553192,0.706,0.0075,0.9925,0.9168591224018475,705,400,False
model,0.64,0.7,1.0,0.2,score_point,0.09787234042553192,0.7585,0.195,0.805,0.8141592920353983,705,400,False
model,0.65,0.7,1.0,0.2,score_point,0.09787234042553192,0.76225,0.2075,0.7925,0.806615776081425,705,400,False
model,0.66,0.7,1.0,0.2,score_point,0.09787234042553192,0.7629999999999998,0.21,0.79,0.8050955414012739,705,400,False
model,0.67,0.7,1.0,0.2,score_point,0.09787234042553192,0.7644999999999998,0.215,0.785,0.8020434227330778,705,400,False
model,0.68,0.7,1.0,0.2,score_point,0.09787234042553192,0.76825,0.2275,0.7725,0.7943444730077122,705,400,False
model,0.69,0.7,1.0,0.2,score_point,0.09787234042553192,0.77125,0.2375,0.7625,0.7881136950904393,705,400,False
model,0.7,0.7,1.0,0.2,score_point,0.09787234042553192,0.775,0.25,0.75,0.7802340702210663,705,400,False
model,0.71,0.7,1.0,0.2,score_point,0.09787234042553192,0.7779999999999998,0.26,0.74,0.7738562091503268,705,400,False
model,0.72,0.7,1.0,0.2,score_point,0.09787234042553192,0.7809999999999999,0.27,0.73,0.7674113009198423,705,400,False
model,0.73,0.7,1.0,0.2,score_point,0.09787234042553192,0.7832499999999999,0.2775,0.7225,0.762532981530343,705,400,False
model,0.74,0.7,1.0,0.2,score_point,0.09787234042553192,0.78775,0.2925,0.7075,0.7526595744680852,705,400,False
model,0.75,0.7,1.0,0.2,score_point,0.09787234042553192,0.7907499999999998,0.3025,0.6975,0.7459893048128342,705,400,False
model,0.76,0.7,1.0,0.2,score_point,0.09787234042553192,0.7975,0.325,0.675,0.7307171853856562,705,400,False
model,0.77,0.7,1.0,0.2,score_point,0.09787234042553192,0.8004999999999999,0.335,0.665,0.7238095238095238,705,400,False
model,0.78,0.7,1.0,0.2,score_point,0.09787234042553192,0.8057499999999999,0.3525,0.6475,0.7115384615384616,705,400,False
model,0.79,0.7,1.0,0.2,score_point,0.09787234042553192,0.8079999999999998,0.36,0.64,0.7062068965517242,705,400,False
model,0.3,0.8,1.0,0.2,score_point,0.09787234042553192,0.8140000000000001,0.07,0.93,0.8846611177170035,705,400,False
model,0.31,0.8,1.0,0.2,score_point,0.09787234042553192,0.815,0.075,0.925,0.8820023837902266,705,400,False
model,0.32,0.8,1.0,0.2,score_point,0.09787234042553192,0.8155000000000001,0.0775,0.9225,0.8806682577565633,705,400,False
model,0.33,0.8,1.0,0.2,score_point,0.09787234042553192,0.8160000000000001,0.08,0.92,0.879330943847073,705,400,False
model,0.34,0.8,1.0,0.2,score_point,0.09787234042553192,0.8160000000000001,0.08,0.92,0.879330943847073,705,400,False
model,0.35,0.8,1.0,0.2,score_point,0.09787234042553192,0.8175,0.0875,0.9125,0.8752997601918465,705,400,False
model,0.36,0.8,1.0,0.2,score_point,0.09787234042553192,0.8175,0.0875,0.9125,0.8752997601918465,705,400,False
model,0.37,0.8,1.0,0.2,score_point,0.09787234042553192,0.8185000000000001,0.0925,0.9075,0.8725961538461539,705,400,False
model,0.38,0.8,1.0,0.2,score_point,0.09787234042553192,0.8185000000000001,0.0925,0.9075,0.8725961538461539,705,400,False
model,0.8,0.7,1.0,0.2,score_point,0.09787234042553192,0.8192499999999999,0.3975,0.6025,0.6788732394366198,705,400,False
model,0.39,0.8,1.0,0.2,score_point,0.09787234042553192,0.8195000000000001,0.0975,0.9025,0.8698795180722892,705,400,False
model,0.4,0.8,1.0,0.2,score_point,0.09787234042553192,0.8195000000000001,0.0975,0.9025,0.8698795180722892,705,400,False
model,0.41,0.8,1.0,0.2,score_point,0.09787234042553192,0.8195000000000001,0.0975,0.9025,0.8698795180722892,705,400,False
model,0.42,0.8,1.0,0.2,score_point,0.09787234042553192,0.8200000000000002,0.1,0.9,0.8685162846803379,705,400,False
model,0.81,0.7,1.0,0.2,score_point,0.09787234042553192,0.829,0.43,0.57,0.6542324246771879,705,400,False
model,0.82,0.7,1.0,0.2,score_point,0.09787234042553192,0.8357499999999999,0.4525,0.5475,0.6366279069767442,705,400,False
model,0.83,0.7,1.0,0.2,score_point,0.09787234042553192,0.8425,0.475,0.525,0.6185567010309279,705,400,False
model,0.84,0.7,1.0,0.2,score_point,0.09787234042553192,0.85225,0.5075,0.4925,0.5915915915915916,705,400,False
model,0.92,0.3,1.0,0.2,score_point,0.09787234042553192,0.8582499999999998,0.7975,0.2025,0.29454545454545455,705,400,False
model,0.85,0.7,1.0,0.2,score_point,0.09787234042553192,0.86275,0.5425,0.4575,0.5613496932515337,705,400,False
model,0.86,0.7,1.0,0.2,score_point,0.09787234042553192,0.8717499999999998,0.5725,0.4275,0.5343749999999999,705,400,False
model,0.92,0.4,1.0,0.2,score_point,0.09787234042553192,0.8785000000000001,0.7975,0.2025,0.29454545454545455,705,400,False
model,0.93,0.3,1.0,0.2,score_point,0.09787234042553192,0.87925,0.8275,0.1725,0.25650557620817843,705,400,False
model,0.91,0.5,1.0,0.2,score_point,0.09787234042553192,0.88,0.76,0.24,0.33982300884955746,705,400,False
model,0.87,0.7,1.0,0.2,score_point,0.09787234042553192,0.8815,0.605,0.395,0.503987240829346,705,400,False
model,0.88,0.7,1.0,0.2,score_point,0.09787234042553192,0.8965000000000001,0.655,0.345,0.45469522240527177,705,400,False
model,0.93,0.4,1.0,0.2,score_point,0.09787234042553192,0.8965000000000001,0.8275,0.1725,0.25650557620817843,705,400,False
model,0.94,0.2,1.0,0.2,score_point,0.09787234042553192,0.9,0.875,0.125,0.19267822736030826,705,400,False
model,0.15,0.9,1.0,0.2,score_point,0.09787234042553192,0.9037500000000003,0.0375,0.9625,0.9016393442622951,705,400,False
model,0.91,0.6,1.0,0.2,score_point,0.09787234042553192,0.9039999999999999,0.76,0.24,0.33982300884955746,705,400,False
model,0.16,0.9,1.0,0.2,score_point,0.09787234042553192,0.9040000000000004,0.04,0.96,0.9003516998827668,705,400,False
model,0.17,0.9,1.0,0.2,score_point,0.09787234042553192,0.9042500000000002,0.0425,0.9575,0.8990610328638499,705,400,False
model,0.18,0.9,1.0,0.2,score_point,0.09787234042553192,0.9047500000000003,0.0475,0.9525,0.896470588235294,705,400,False
model,0.19,0.9,1.0,0.2,score_point,0.09787234042553192,0.9047500000000003,0.0475,0.9525,0.896470588235294,705,400,False
model,0.2,0.9,1.0,0.2,score_point,0.09787234042553192,0.9047500000000003,0.0475,0.9525,0.896470588235294,705,400,False
model,0.21,0.9,1.0,0.2,score_point,0.09787234042553192,0.9047500000000003,0.0475,0.9525,0.896470588235294,705,400,False
model,0.22,0.9,1.0,0.2,score_point,0.09787234042553192,0.9052500000000003,0.0525,0.9475,0.8938679245283019,705,400,False
model,0.23,0.9,1.0,0.2,score_point,0.09787234042553192,0.9055000000000003,0.055,0.945,0.8925619834710744,705,400,False
model,0.24,0.9,1.0,0.2,score_point,0.09787234042553192,0.9057500000000002,0.0575,0.9425,0.8912529550827423,705,400,False
model,0.25,0.9,1.0,0.2,score_point,0.09787234042553192,0.9057500000000002,0.0575,0.9425,0.8912529550827423,705,400,False
model,0.89,0.7,1.0,0.2,score_point,0.09787234042553192,0.90775,0.6925,0.3075,0.4155405405405405,705,400,False
model,0.94,0.3,1.0,0.2,score_point,0.09787234042553192,0.9125,0.875,0.125,0.19267822736030826,705,400,False
model,0.9,0.7,1.0,0.2,score_point,0.09787234042553192,0.9175,0.725,0.275,0.379965457685665,705,400,False
model,0.94,0.4,1.0,0.2,score_point,0.09787234042553192,0.925,0.875,0.125,0.19267822736030826,705,400,False
model,0.91,0.7,1.0,0.2,score_point,0.09787234042553192,0.9279999999999999,0.76,0.24,0.33982300884955746,705,400,False
model,0.3,0.2,2.0,0.2,score_point,0.09929078014184398,0.32600000000000007,0.07,0.93,0.8836104513064132,705,400,True
model,0.31,0.2,2.0,0.2,score_point,0.09929078014184398,0.335,0.075,0.925,0.8809523809523809,705,400,False
model,0.52,0.2,1.5,0.2,score_point,0.09929078014184398,0.36575,0.1275,0.8725,0.8522588522588523,705,400,False
model,0.53,0.2,1.5,0.2,score_point,0.09929078014184398,0.3722500000000001,0.1325,0.8675,0.8494492044063647,705,400,False
model,0.54,0.2,1.5,0.2,score_point,0.09929078014184398,0.3755000000000001,0.135,0.865,0.8480392156862744,705,400,False
model,0.55,0.2,1.5,0.2,score_point,0.09929078014184398,0.3787500000000001,0.1375,0.8625,0.8466257668711658,705,400,False
model,0.41,0.3,1.5,0.2,score_point,0.09929078014184398,0.417,0.0975,0.9025,0.8688327316486161,705,400,False
model,0.42,0.3,1.5,0.2,score_point,0.09929078014184398,0.42,0.1,0.9,0.8674698795180723,705,400,False
model,0.1,0.4,3.0,0.2,score_point,0.09929078014184398,0.4585,0.0225,0.9775,0.9082462253193961,705,400,False
model,0.13,0.4,2.5,0.2,score_point,0.09929078014184398,0.463,0.03,0.97,0.9044289044289044,705,400,False
model,0.3,0.4,1.5,0.2,score_point,0.09929078014184398,0.47700000000000004,0.07,0.93,0.8836104513064132,705,400,False
model,0.31,0.4,1.5,0.2,score_point,0.09929078014184398,0.4825,0.075,0.925,0.8809523809523809,705,400,False
model,0.32,0.4,1.5,0.2,score_point,0.09929078014184398,0.48525000000000007,0.0775,0.9225,0.8796185935637664,705,400,False
model,0.04,0.5,3.5,0.2,score_point,0.09929078014184398,0.53,0.01,0.99,0.9145496535796765,705,400,False
model,0.06,0.5,2.5,0.2,score_point,0.09929078014184398,0.53,0.015,0.985,0.912037037037037,705,400,False
model,0.05,0.5,3.0,0.2,score_point,0.09929078014184398,0.53125,0.0125,0.9875,0.9132947976878614,705,400,False
model,0.17,0.5,1.5,0.2,score_point,0.09929078014184398,0.5425,0.0425,0.9575,0.8980070339976554,705,400,False
model,0.18,0.5,1.5,0.2,score_point,0.09929078014184398,0.5475,0.0475,0.9525,0.8954171562867215,705,400,False
model,0.05,0.6,2.0,0.2,score_point,0.09929078014184398,0.6174999999999998,0.0125,0.9875,0.9132947976878614,705,400,False
model,0.11,0.6,1.5,0.2,score_point,0.09929078014184398,0.6202499999999999,0.0225,0.9775,0.9082462253193961,705,400,False
model,0.12,0.6,1.5,0.2,score_point,0.09929078014184398,0.6202499999999999,0.0225,0.9775,0.9082462253193961,705,400,False
model,0.64,0.6,1.0,0.2,score_point,0.09929078014184398,0.6779999999999998,0.195,0.805,0.8131313131313131,705,400,False
model,0.65,0.6,1.0,0.2,score_point,0.09929078014184398,0.6829999999999998,0.2075,0.7925,0.8055908513341805,705,400,False
model,0.66,0.6,1.0,0.2,score_point,0.09929078014184398,0.6839999999999999,0.21,0.79,0.8040712468193384,705,400,False
model,0.67,0.6,1.0,0.2,score_point,0.09929078014184398,0.6859999999999999,0.215,0.785,0.8010204081632654,705,400,False
model,0.68,0.6,1.0,0.2,score_point,0.09929078014184398,0.691,0.2275,0.7725,0.7933247753530167,705,400,False
model,0.69,0.6,1.0,0.2,score_point,0.09929078014184398,0.6949999999999998,0.2375,0.7625,0.7870967741935484,705,400,False
model,0.7,0.6,1.0,0.2,score_point,0.09929078014184398,0.7,0.25,0.75,0.7792207792207791,705,400,False
model,0.71,0.6,1.0,0.2,score_point,0.09929078014184398,0.704,0.26,0.74,0.7728459530026109,705,400,False
model,0.72,0.6,1.0,0.2,score_point,0.09929078014184398,0.7079999999999999,0.27,0.73,0.7664041994750657,705,400,False
model,0.73,0.6,1.0,0.2,score_point,0.09929078014184398,0.711,0.2775,0.7225,0.7615283267457181,705,400,False
model,0.74,0.6,1.0,0.2,score_point,0.09929078014184398,0.7169999999999999,0.2925,0.7075,0.751660026560425,705,400,False
model,0.75,0.6,1.0,0.2,score_point,0.09929078014184398,0.7209999999999998,0.3025,0.6975,0.7449933244325767,705,400,False
model,0.43,0.7,1.0,0.2,score_point,0.09929078014184398,0.73,0.1,0.9,0.8674698795180723,705,400,False
model,0.44,0.7,1.0,0.2,score_point,0.09929078014184398,0.73,0.1,0.9,0.8674698795180723,705,400,False
model,0.76,0.6,1.0,0.2,score_point,0.09929078014184398,0.73,0.325,0.675,0.7297297297297296,705,400,False
model,0.45,0.7,1.0,0.2,score_point,0.09929078014184398,0.733,0.11,0.89,0.8619854721549637,705,400,False
model,0.46,0.7,1.0,0.2,score_point,0.09929078014184398,0.73375,0.1125,0.8875,0.8606060606060607,705,400,False
model,0.77,0.6,1.0,0.2,score_point,0.09929078014184398,0.7339999999999999,0.335,0.665,0.7228260869565218,705,400,False
model,0.47,0.7,1.0,0.2,score_point,0.09929078014184398,0.7344999999999999,0.115,0.885,0.8592233009708737,705,400,False
model,0.48,0.7,1.0,0.2,score_point,0.09929078014184398,0.73525,0.1175,0.8825,0.8578371810449575,705,400,False
model,0.49,0.7,1.0,0.2,score_point,0.09929078014184398,0.73675,0.1225,0.8775,0.8550548112058466,705,400,False
model,0.5,0.7,1.0,0.2,score_point,0.09929078014184398,0.73675,0.1225,0.8775,0.8550548112058466,705,400,False
model,0.51,0.7,1.0,0.2,score_point,0.09929078014184398,0.7382499999999999,0.1275,0.8725,0.8522588522588523,705,400,False
model,0.52,0.7,1.0,0.2,score_point,0.09929078014184398,0.7382499999999999,0.1275,0.8725,0.8522588522588523,705,400,False
model,0.53,0.7,1.0,0.2,score_point,0.09929078014184398,0.7397499999999999,0.1325,0.8675,0.8494492044063647,705,400,False
model,0.54,0.7,1.0,0.2,score_point,0.09929078014184398,0.7404999999999999,0.135,0.865,0.8480392156862744,705,400,False
model,0.78,0.6,1.0,0.2,score_point,0.09929078014184398,0.741,0.3525,0.6475,0.710562414266118,705,400,False
model,0.55,0.7,1.0,0.2,score_point,0.09929078014184398,0.74125,0.1375,0.8625,0.8466257668711658,705,400,False
model,0.56,0.7,1.0,0.2,score_point,0.09929078014184398,0.74125,0.1375,0.8625,0.8466257668711658,705,400,False
model,0.57,0.7,1.0,0.2,score_point,0.09929078014184398,0.7434999999999999,0.145,0.855,0.8423645320197045,705,400,False
model,0.79,0.6,1.0,0.2,score_point,0.09929078014184398,0.7439999999999998,0.36,0.64,0.7052341597796143,705,400,False
model,0.58,0.7,1.0,0.2,score_point,0.09929078014184398,0.74575,0.1525,0.8475,0.8380716934487021,705,400,False
model,0.59,0.7,1.0,0.2,score_point,0.09929078014184398,0.74875,0.1625,0.8375,0.8322981366459627,705,400,False
model,0.6,0.7,1.0,0.2,score_point,0.09929078014184398,0.7509999999999999,0.17,0.83,0.827930174563591,705,400,False
model,0.61,0.7,1.0,0.2,score_point,0.09929078014184398,0.7525,0.175,0.825,0.825,705,400,False
model,0.62,0.7,1.0,0.2,score_point,0.09929078014184398,0.7532499999999999,0.1775,0.8225,0.8235294117647058,705,400,False
model,0.63,0.7,1.0,0.2,score_point,0.09929078014184398,0.754,0.18,0.82,0.8220551378446116,705,400,False
model,0.8,0.6,1.0,0.2,score_point,0.09929078014184398,0.7589999999999998,0.3975,0.6025,0.6779184247538678,705,400,False
model,0.81,0.6,1.0,0.2,score_point,0.09929078014184398,0.7719999999999999,0.43,0.57,0.6532951289398281,705,400,False
model,0.82,0.6,1.0,0.2,score_point,0.09929078014184398,0.7809999999999999,0.4525,0.5475,0.6357039187227866,705,400,False
model,0.83,0.6,1.0,0.2,score_point,0.09929078014184398,0.79,0.475,0.525,0.6176470588235295,705,400,False
model,0.84,0.6,1.0,0.2,score_point,0.09929078014184398,0.8029999999999998,0.5075,0.4925,0.5907046476761619,705,400,False
model,0.26,0.8,1.0,0.2,score_point,0.09929078014184398,0.812,0.06,0.94,0.8888888888888888,705,400,False
model,0.27,0.8,1.0,0.2,score_point,0.09929078014184398,0.8125,0.0625,0.9375,0.8875739644970413,705,400,False
model,0.28,0.8,1.0,0.2,score_point,0.09929078014184398,0.8134999999999999,0.0675,0.9325,0.8849347568208779,705,400,False
model,0.29,0.8,1.0,0.2,score_point,0.09929078014184398,0.8134999999999999,0.0675,0.9325,0.8849347568208779,705,400,False
model,0.85,0.6,1.0,0.2,score_point,0.09929078014184398,0.8169999999999998,0.5425,0.4575,0.5604900459418071,705,400,False
model,0.86,0.6,1.0,0.2,score_point,0.09929078014184398,0.8290000000000001,0.5725,0.4275,0.5335413416536662,705,400,False
model,0.91,0.3,1.0,0.2,score_point,0.09929078014184398,0.8319999999999999,0.76,0.24,0.33922261484098937,705,400,False
model,0.87,0.6,1.0,0.2,score_point,0.09929078014184398,0.8419999999999999,0.605,0.395,0.5031847133757962,705,400,False
model,0.91,0.4,1.0,0.2,score_point,0.09929078014184398,0.8560000000000001,0.76,0.24,0.33922261484098937,705,400,False
model,0.88,0.6,1.0,0.2,score_point,0.09929078014184398,0.8619999999999999,0.655,0.345,0.45394736842105254,705,400,False
model,0.93,0.2,1.0,0.2,score_point,0.09929078014184398,0.862,0.8275,0.1725,0.25602968460111314,705,400,False
model,0.9,0.5,1.0,0.2,score_point,0.09929078014184398,0.8625,0.725,0.275,0.3793103448275862,705,400,False
model,0.89,0.6,1.0,0.2,score_point,0.09929078014184398,0.8769999999999999,0.6925,0.3075,0.4148397976391231,705,400,False
model,0.9,0.6,1.0,0.2,score_point,0.09929078014184398,0.89,0.725,0.275,0.3793103448275862,705,400,False
model,0.29,0.2,2.0,0.2,score_point,0.10070921985815603,0.32150000000000006,0.0675,0.9325,0.8838862559241705,705,400,True
model,0.25,0.2,2.5,0.2,score_point,0.10070921985815603,0.33225,0.0575,0.9425,0.8891509433962264,705,400,False
model,0.23,0.2,3.0,0.2,score_point,0.10070921985815603,0.35400000000000004,0.055,0.945,0.8904593639575971,705,400,False
model,0.51,0.2,1.5,0.2,score_point,0.10070921985815603,0.36575,0.1275,0.8725,0.8512195121951219,705,400,False
model,0.14,0.3,3.0,0.2,score_point,0.10070921985815603,0.38774999999999993,0.0325,0.9675,0.9020979020979021,705,400,False
model,0.16,0.3,2.5,0.2,score_point,0.10070921985815603,0.38799999999999996,0.04,0.96,0.8982456140350876,705,400,False
model,0.22,0.3,2.0,0.2,score_point,0.10070921985815603,0.38925,0.0525,0.9475,0.8917647058823529,705,400,False
model,0.13,0.3,3.5,0.2,score_point,0.10070921985815603,0.39599999999999996,0.03,0.97,0.9033760186263097,705,400,False
model,0.4,0.3,1.5,0.2,score_point,0.10070921985815603,0.417,0.0975,0.9025,0.8677884615384615,705,400,False
model,0.09,0.4,3.0,0.2,score_point,0.10070921985815603,0.452,0.02,0.98,0.9084588644264193,705,400,False
model,0.16,0.4,2.0,0.2,score_point,0.10070921985815603,0.4640000000000001,0.04,0.96,0.8982456140350876,705,400,False
model,0.29,0.4,1.5,0.2,score_point,0.10070921985815603,0.47424999999999995,0.0675,0.9325,0.8838862559241705,705,400,False
model,0.09,0.6,1.5,0.2,score_point,0.10070921985815603,0.6179999999999999,0.02,0.98,0.9084588644264193,705,400,False
model,0.1,0.6,1.5,0.2,score_point,0.10070921985815603,0.6202499999999999,0.0225,0.9775,0.9071925754060325,705,400,False
model,0.6,0.6,1.0,0.2,score_point,0.10070921985815603,0.6679999999999998,0.17,0.83,0.8268991282689914,705,400,False
model,0.61,0.6,1.0,0.2,score_point,0.10070921985815603,0.6699999999999998,0.175,0.825,0.8239700374531835,705,400,False
model,0.62,0.6,1.0,0.2,score_point,0.10070921985815603,0.6709999999999998,0.1775,0.8225,0.8225,705,400,False
model,0.63,0.6,1.0,0.2,score_point,0.10070921985815603,0.6719999999999997,0.18,0.82,0.821026282853567,705,400,False
model,0.01,0.7,2.0,0.2,score_point,0.10070921985815603,0.70325,0.0025,0.9975,0.9172413793103449,705,400,False
model,0.3,0.7,1.0,0.2,score_point,0.10070921985815603,0.721,0.07,0.93,0.8825622775800712,705,400,False
model,0.31,0.7,1.0,0.2,score_point,0.10070921985815603,0.7225,0.075,0.925,0.8799048751486325,705,400,False
model,0.32,0.7,1.0,0.2,score_point,0.10070921985815603,0.7232499999999998,0.0775,0.9225,0.8785714285714284,705,400,False
model,0.33,0.7,1.0,0.2,score_point,0.10070921985815603,0.7239999999999999,0.08,0.92,0.8772348033373064,705,400,False
model,0.34,0.7,1.0,0.2,score_point,0.10070921985815603,0.7239999999999999,0.08,0.92,0.8772348033373064,705,400,False
model,0.35,0.7,1.0,0.2,score_point,0.10070921985815603,0.72625,0.0875,0.9125,0.8732057416267942,705,400,False
model,0.36,0.7,1.0,0.2,score_point,0.10070921985815603,0.72625,0.0875,0.9125,0.8732057416267942,705,400,False
model,0.37,0.7,1.0,0.2,score_point,0.10070921985815603,0.7277499999999999,0.0925,0.9075,0.8705035971223021,705,400,False
model,0.38,0.7,1.0,0.2,score_point,0.10070921985815603,0.7277499999999999,0.0925,0.9075,0.8705035971223021,705,400,False
model,0.39,0.7,1.0,0.2,score_point,0.10070921985815603,0.7292499999999998,0.0975,0.9025,0.8677884615384615,705,400,False
model,0.4,0.7,1.0,0.2,score_point,0.10070921985815603,0.7292499999999998,0.0975,0.9025,0.8677884615384615,705,400,False
model,0.41,0.7,1.0,0.2,score_point,0.10070921985815603,0.7292499999999998,0.0975,0.9025,0.8677884615384615,705,400,False
model,0.42,0.7,1.0,0.2,score_point,0.10070921985815603,0.73,0.1,0.9,0.8664259927797834,705,400,False
model,0.15,0.8,1.0,0.2,score_point,0.10070921985815603,0.8075,0.0375,0.9625,0.8995327102803738,705,400,False
model,0.9,0.3,1.0,0.2,score_point,0.10070921985815603,0.8075,0.725,0.275,0.37865748709122204,705,400,False
model,0.16,0.8,1.0,0.2,score_point,0.10070921985815603,0.8079999999999999,0.04,0.96,0.8982456140350876,705,400,False
model,0.17,0.8,1.0,0.2,score_point,0.10070921985815603,0.8085,0.0425,0.9575,0.8969555035128806,705,400,False
model,0.18,0.8,1.0,0.2,score_point,0.10070921985815603,0.8094999999999999,0.0475,0.9525,0.8943661971830987,705,400,False
model,0.19,0.8,1.0,0.2,score_point,0.10070921985815603,0.8094999999999999,0.0475,0.9525,0.8943661971830987,705,400,False
model,0.2,0.8,1.0,0.2,score_point,0.10070921985815603,0.8094999999999999,0.0475,0.9525,0.8943661971830987,705,400,False
model,0.21,0.8,1.0,0.2,score_point,0.10070921985815603,0.8094999999999999,0.0475,0.9525,0.8943661971830987,705,400,False
model,0.22,0.8,1.0,0.2,score_point,0.10070921985815603,0.8105,0.0525,0.9475,0.8917647058823529,705,400,False
model,0.23,0.8,1.0,0.2,score_point,0.10070921985815603,0.8109999999999999,0.055,0.945,0.8904593639575971,705,400,False
model,0.24,0.8,1.0,0.2,score_point,0.10070921985815603,0.8115000000000001,0.0575,0.9425,0.8891509433962264,705,400,False
model,0.25,0.8,1.0,0.2,score_point,0.10070921985815603,0.8115000000000001,0.0575,0.9425,0.8891509433962264,705,400,False
model,0.9,0.4,1.0,0.2,score_point,0.10070921985815603,0.835,0.725,0.275,0.37865748709122204,705,400,False
model,0.92,0.2,1.0,0.2,score_point,0.10070921985815603,0.8380000000000001,0.7975,0.2025,0.29347826086956524,705,400,False
model,0.89,0.5,1.0,0.2,score_point,0.10070921985815603,0.84625,0.6925,0.3075,0.41414141414141414,705,400,False
model,0.13,0.9,1.0,0.2,score_point,0.10070921985815603,0.9030000000000002,0.03,0.97,0.9033760186263097,705,400,False
model,0.14,0.9,1.0,0.2,score_point,0.10070921985815603,0.9032500000000003,0.0325,0.9675,0.9020979020979021,705,400,False
model,0.22,0.2,3.5,0.2,score_point,0.10212765957446808,0.37325,0.0525,0.9475,0.8907168037602821,705,400,False
model,0.15,0.3,2.5,0.2,score_point,0.10212765957446808,0.38249999999999995,0.0375,0.9625,0.8984830805134189,705,400,False
model,0.37,0.3,1.5,0.2,score_point,0.10212765957446808,0.4109999999999999,0.0925,0.9075,0.8694610778443114,705,400,False
model,0.38,0.3,1.5,0.2,score_point,0.10212765957446808,0.4109999999999999,0.0925,0.9075,0.8694610778443114,705,400,False
model,0.39,0.3,1.5,0.2,score_point,0.10212765957446808,0.417,0.0975,0.9025,0.8667466986794717,705,400,False
model,0.11,0.4,2.5,0.2,score_point,0.10212765957446808,0.44725000000000004,0.0225,0.9775,0.9061413673232909,705,400,False
model,0.12,0.4,2.5,0.2,score_point,0.10212765957446808,0.44725000000000004,0.0225,0.9775,0.9061413673232909,705,400,False
model,0.15,0.4,2.0,0.2,score_point,0.10212765957446808,0.46,0.0375,0.9625,0.8984830805134189,705,400,False
model,0.27,0.4,1.5,0.2,score_point,0.10212765957446808,0.46875,0.0625,0.9375,0.885478158205431,705,400,False
model,0.28,0.4,1.5,0.2,score_point,0.10212765957446808,0.47424999999999995,0.0675,0.9325,0.8828402366863906,705,400,False
model,0.04,0.5,3.0,0.2,score_point,0.10212765957446808,0.525,0.01,0.99,0.912442396313364,705,400,False
model,0.07,0.5,2.0,0.2,score_point,0.10212765957446808,0.52625,0.0175,0.9825,0.908670520231214,705,400,False
model,0.16,0.5,1.5,0.2,score_point,0.10212765957446808,0.54,0.04,0.96,0.8971962616822429,705,400,False
model,0.04,0.6,2.0,0.2,score_point,0.10212765957446808,0.6139999999999999,0.01,0.99,0.912442396313364,705,400,False
model,0.08,0.6,1.5,0.2,score_point,0.10212765957446808,0.6179999999999999,0.02,0.98,0.9074074074074074,705,400,False
model,0.51,0.6,1.0,0.2,score_point,0.10212765957446808,0.6509999999999999,0.1275,0.8725,0.8501827040194885,705,400,False
model,0.52,0.6,1.0,0.2,score_point,0.10212765957446808,0.6509999999999999,0.1275,0.8725,0.8501827040194885,705,400,False
model,0.53,0.6,1.0,0.2,score_point,0.10212765957446808,0.6529999999999998,0.1325,0.8675,0.8473748473748474,705,400,False
model,0.54,0.6,1.0,0.2,score_point,0.10212765957446808,0.6539999999999998,0.135,0.865,0.8459657701711492,705,400,False
model,0.55,0.6,1.0,0.2,score_point,0.10212765957446808,0.6549999999999998,0.1375,0.8625,0.8445532435740515,705,400,False
model,0.56,0.6,1.0,0.2,score_point,0.10212765957446808,0.6549999999999998,0.1375,0.8625,0.8445532435740515,705,400,False
model,0.57,0.6,1.0,0.2,score_point,0.10212765957446808,0.6579999999999998,0.145,0.855,0.8402948402948403,705,400,False
model,0.58,0.6,1.0,0.2,score_point,0.10212765957446808,0.6609999999999999,0.1525,0.8475,0.8360049321824908,705,400,False
model,0.59,0.6,1.0,0.2,score_point,0.10212765957446808,0.665,0.1625,0.8375,0.8302354399008675,705,400,False
model,0.78,0.5,1.0,0.2,score_point,0.10212765957446808,0.67625,0.3525,0.6475,0.7086183310533515,705,400,False
model,0.79,0.5,1.0,0.2,score_point,0.10212765957446808,0.68,0.36,0.64,0.7032967032967035,705,400,False
model,0.8,0.5,1.0,0.2,score_point,0.10212765957446808,0.69875,0.3975,0.6025,0.6760168302945302,705,400,False
model,0.81,0.5,1.0,0.2,score_point,0.10212765957446808,0.715,0.43,0.57,0.6514285714285714,705,400,False
model,0.26,0.7,1.0,0.2,score_point,0.10212765957446808,0.718,0.06,0.94,0.8867924528301886,705,400,False
model,0.27,0.7,1.0,0.2,score_point,0.10212765957446808,0.71875,0.0625,0.9375,0.885478158205431,705,400,False
model,0.28,0.7,1.0,0.2,score_point,0.10212765957446808,0.7202500000000001,0.0675,0.9325,0.8828402366863906,705,400,False
model,0.29,0.7,1.0,0.2,score_point,0.10212765957446808,0.7202500000000001,0.0675,0.9325,0.8828402366863906,705,400,False
model,0.82,0.5,1.0,0.2,score_point,0.10212765957446808,0.72625,0.4525,0.5475,0.633863965267728,705,400,False
model,0.83,0.5,1.0,0.2,score_point,0.10212765957446808,0.7375,0.475,0.525,0.6158357771260997,705,400,False
model,0.84,0.5,1.0,0.2,score_point,0.10212765957446808,0.75375,0.5075,0.4925,0.5889387144992527,705,400,False
model,0.85,0.5,1.0,0.2,score_point,0.10212765957446808,0.77125,0.5425,0.4575,0.5587786259541985,705,400,False
model,0.86,0.5,1.0,0.2,score_point,0.10212765957446808,0.78625,0.5725,0.4275,0.5318818040435459,705,400,False
model,0.87,0.5,1.0,0.2,score_point,0.10212765957446808,0.8025,0.605,0.395,0.5015873015873017,705,400,False
model,0.91,0.2,1.0,0.2,score_point,0.10212765957446808,0.8080000000000002,0.76,0.24,0.33802816901408445,705,400,False
model,0.89,0.4,1.0,0.2,score_point,0.10212765957446808,0.8155000000000001,0.6925,0.3075,0.41344537815126053,705,400,False
model,0.88,0.5,1.0,0.2,score_point,0.10212765957446808,0.8275,0.655,0.345,0.45245901639344255,705,400,False
model,0.08,0.9,1.0,0.2,score_point,0.10212765957446808,0.9020000000000001,0.02,0.98,0.9074074074074074,705,400,False
model,0.09,0.9,1.0,0.2,score_point,0.10212765957446808,0.9020000000000001,0.02,0.98,0.9074074074074074,705,400,False
model,0.1,0.9,1.0,0.2,score_point,0.10212765957446808,0.9022500000000002,0.0225,0.9775,0.9061413673232909,705,400,False
model,0.11,0.9,1.0,0.2,score_point,0.10212765957446808,0.9022500000000002,0.0225,0.9775,0.9061413673232909,705,400,False
model,0.12,0.9,1.0,0.2,score_point,0.10212765957446808,0.9022500000000002,0.0225,0.9775,0.9061413673232909,705,400,False
model,0.24,0.2,2.5,0.2,score_point,0.10354609929078014,0.33225,0.0575,0.9425,0.8870588235294119,705,400,False
model,0.5,0.2,1.5,0.2,score_point,0.10354609929078014,0.35925000000000007,0.1225,0.8775,0.8519417475728156,705,400,False
model,0.12,0.3,3.5,0.2,score_point,0.10354609929078014,0.3719999999999999,0.0225,0.9775,0.9050925925925927,705,400,False
model,0.2,0.3,2.0,0.2,score_point,0.10354609929078014,0.38074999999999987,0.0475,0.9525,0.892271662763466,705,400,False
model,0.21,0.3,2.0,0.2,score_point,0.10354609929078014,0.38074999999999987,0.0475,0.9525,0.892271662763466,705,400,False
model,0.13,0.3,3.0,0.2,score_point,0.10354609929078014,0.38099999999999995,0.03,0.97,0.9012775842044135,705,400,False
model,0.08,0.4,3.5,0.2,score_point,0.10354609929078014,0.462,0.02,0.98,0.9063583815028902,705,400,False
model,0.26,0.4,1.5,0.2,score_point,0.10354609929078014,0.4660000000000001,0.06,0.94,0.8857479387514723,705,400,False
model,0.15,0.5,1.5,0.2,score_point,0.10354609929078014,0.5375,0.0375,0.9625,0.8974358974358975,705,400,False
model,0.03,0.6,2.5,0.2,score_point,0.10354609929078014,0.6142499999999999,0.0075,0.9925,0.9126436781609196,705,400,False
model,0.71,0.5,1.0,0.2,score_point,0.10354609929078014,0.63,0.26,0.74,0.7698309492847855,705,400,False
model,0.72,0.5,1.0,0.2,score_point,0.10354609929078014,0.635,0.27,0.73,0.7633986928104575,705,400,False
model,0.73,0.5,1.0,0.2,score_point,0.10354609929078014,0.63875,0.2775,0.7225,0.7585301837270342,705,400,False
model,0.74,0.5,1.0,0.2,score_point,0.10354609929078014,0.64625,0.2925,0.7075,0.7486772486772486,705,400,False
model,0.75,0.5,1.0,0.2,score_point,0.10354609929078014,0.65125,0.3025,0.6975,0.7420212765957447,705,400,False
model,0.76,0.5,1.0,0.2,score_point,0.10354609929078014,0.6625,0.325,0.675,0.7267833109017496,705,400,False
model,0.77,0.5,1.0,0.2,score_point,0.10354609929078014,0.6675,0.335,0.665,0.7198917456021651,705,400,False
model,0.02,0.7,1.5,0.2,score_point,0.10354609929078014,0.7040000000000001,0.005,0.995,0.9138920780711827,705,400,False
model,0.17,0.7,1.0,0.2,score_point,0.10354609929078014,0.7127500000000001,0.0425,0.9575,0.8948598130841122,705,400,False
model,0.18,0.7,1.0,0.2,score_point,0.10354609929078014,0.7142500000000002,0.0475,0.9525,0.892271662763466,705,400,False
model,0.19,0.7,1.0,0.2,score_point,0.10354609929078014,0.7142500000000002,0.0475,0.9525,0.892271662763466,705,400,False
model,0.2,0.7,1.0,0.2,score_point,0.10354609929078014,0.7142500000000002,0.0475,0.9525,0.892271662763466,705,400,False
model,0.21,0.7,1.0,0.2,score_point,0.10354609929078014,0.7142500000000002,0.0475,0.9525,0.892271662763466,705,400,False
model,0.22,0.7,1.0,0.2,score_point,0.10354609929078014,0.71575,0.0525,0.9475,0.8896713615023475,705,400,False
model,0.23,0.7,1.0,0.2,score_point,0.10354609929078014,0.7165,0.055,0.945,0.8883666274970622,705,400,False
model,0.24,0.7,1.0,0.2,score_point,0.10354609929078014,0.7172499999999999,0.0575,0.9425,0.8870588235294119,705,400,False
model,0.25,0.7,1.0,0.2,score_point,0.10354609929078014,0.7172499999999999,0.0575,0.9425,0.8870588235294119,705,400,False
model,0.9,0.2,1.0,0.2,score_point,0.10354609929078014,0.78,0.725,0.275,0.37735849056603776,705,400,False
model,0.89,0.3,1.0,0.2,score_point,0.10354609929078014,0.78475,0.6925,0.3075,0.412751677852349,705,400,False
model,0.88,0.4,1.0,0.2,score_point,0.10354609929078014,0.7930000000000001,0.655,0.345,0.45171849427168576,705,400,False
model,0.13,0.8,1.0,0.2,score_point,0.10354609929078014,0.8059999999999999,0.03,0.97,0.9012775842044135,705,400,False
model,0.14,0.8,1.0,0.2,score_point,0.10354609929078014,0.8065000000000001,0.0325,0.9675,0.9000000000000001,705,400,False
model,0.03,0.9,1.0,0.2,score_point,0.10354609929078014,0.9007500000000002,0.0075,0.9925,0.9126436781609196,705,400,False
model,0.04,0.9,1.0,0.2,score_point,0.10354609929078014,0.9010000000000002,0.01,0.99,0.9113924050632911,705,400,False
model,0.05,0.9,1.0,0.2,score_point,0.10354609929078014,0.9012500000000001,0.0125,0.9875,0.9101382488479264,705,400,False
model,0.06,0.9,1.0,0.2,score_point,0.10354609929078014,0.9015000000000002,0.015,0.985,0.908881199538639,705,400,False
model,0.07,0.9,1.0,0.2,score_point,0.10354609929078014,0.9017500000000002,0.0175,0.9825,0.907621247113164,705,400,False
model,0.28,0.2,2.0,0.2,score_point,0.1049645390070922,0.32150000000000006,0.0675,0.9325,0.8807556080283353,705,400,False
model,0.47,0.2,1.5,0.2,score_point,0.1049645390070922,0.3495000000000001,0.115,0.885,0.855072463768116,705,400,False
model,0.48,0.2,1.5,0.2,score_point,0.1049645390070922,0.35275000000000006,0.1175,0.8825,0.8536880290205561,705,400,False
model,0.2,0.2,3.5,0.2,score_point,0.1049645390070922,0.35674999999999996,0.0475,0.9525,0.8912280701754386,705,400,False
model,0.21,0.2,3.5,0.2,score_point,0.1049645390070922,0.35674999999999996,0.0475,0.9525,0.8912280701754386,705,400,False
model,0.49,0.2,1.5,0.2,score_point,0.1049645390070922,0.35925000000000007,0.1225,0.8775,0.850909090909091,705,400,False
model,0.11,0.3,3.5,0.2,score_point,0.1049645390070922,0.3719999999999999,0.0225,0.9775,0.9040462427745665,705,400,False
model,0.19,0.3,2.0,0.2,score_point,0.1049645390070922,0.38074999999999987,0.0475,0.9525,0.8912280701754386,705,400,False
model,0.34,0.3,1.5,0.2,score_point,0.1049645390070922,0.39599999999999996,0.08,0.92,0.8741092636579573,705,400,False
model,0.35,0.3,1.5,0.2,score_point,0.1049645390070922,0.4049999999999999,0.0875,0.9125,0.870083432657926,705,400,False
model,0.36,0.3,1.5,0.2,score_point,0.1049645390070922,0.4049999999999999,0.0875,0.9125,0.870083432657926,705,400,False
model,0.1,0.4,2.5,0.2,score_point,0.1049645390070922,0.44725000000000004,0.0225,0.9775,0.9040462427745665,705,400,False
model,0.25,0.4,1.5,0.2,score_point,0.1049645390070922,0.46325000000000005,0.0575,0.9425,0.8860164512338425,705,400,False
model,0.05,0.5,2.5,0.2,score_point,0.1049645390070922,0.525,0.0125,0.9875,0.9090909090909091,705,400,False
model,0.64,0.5,1.0,0.2,score_point,0.1049645390070922,0.5975,0.195,0.805,0.8090452261306532,705,400,False
model,0.65,0.5,1.0,0.2,score_point,0.1049645390070922,0.60375,0.2075,0.7925,0.8015170670037927,705,400,False
model,0.66,0.5,1.0,0.2,score_point,0.1049645390070922,0.605,0.21,0.79,0.8,705,400,False
model,0.67,0.5,1.0,0.2,score_point,0.1049645390070922,0.6075,0.215,0.785,0.7969543147208122,705,400,False
model,0.68,0.5,1.0,0.2,score_point,0.1049645390070922,0.61375,0.2275,0.7725,0.7892720306513409,705,400,False
model,0.79,0.4,1.0,0.2,score_point,0.1049645390070922,0.6160000000000001,0.36,0.64,0.7013698630136986,705,400,False
model,0.69,0.5,1.0,0.2,score_point,0.1049645390070922,0.61875,0.2375,0.7625,0.7830551989730423,705,400,False
model,0.7,0.5,1.0,0.2,score_point,0.1049645390070922,0.625,0.25,0.75,0.7751937984496123,705,400,False
model,0.8,0.4,1.0,0.2,score_point,0.1049645390070922,0.6385000000000001,0.3975,0.6025,0.6741258741258741,705,400,False
model,0.5,0.6,1.0,0.2,score_point,0.1049645390070922,0.6489999999999999,0.1225,0.8775,0.850909090909091,705,400,False
model,0.81,0.4,1.0,0.2,score_point,0.1049645390070922,0.6580000000000001,0.43,0.57,0.6495726495726495,705,400,False
model,0.82,0.4,1.0,0.2,score_point,0.1049645390070922,0.6715000000000001,0.4525,0.5475,0.632034632034632,705,400,False
model,0.83,0.4,1.0,0.2,score_point,0.1049645390070922,0.685,0.475,0.525,0.6140350877192983,705,400,False
model,0.84,0.4,1.0,0.2,score_point,0.1049645390070922,0.7045000000000001,0.5075,0.4925,0.5871833084947838,705,400,False
model,0.15,0.7,1.0,0.2,score_point,0.1049645390070922,0.71125,0.0375,0.9625,0.8963911525029103,705,400,False
model,0.16,0.7,1.0,0.2,score_point,0.1049645390070922,0.7120000000000001,0.04,0.96,0.895104895104895,705,400,False
model,0.85,0.4,1.0,0.2,score_point,0.1049645390070922,0.7255000000000001,0.5425,0.4575,0.5570776255707762,705,400,False
model,0.86,0.4,1.0,0.2,score_point,0.1049645390070922,0.7434999999999999,0.5725,0.4275,0.5302325581395348,705,400,False
model,0.88,0.3,1.0,0.2,score_point,0.1049645390070922,0.7585,0.655,0.345,0.4509803921568627,705,400,False
model,0.87,0.4,1.0,0.2,score_point,0.1049645390070922,0.7630000000000001,0.605,0.395,0.5000000000000001,705,400,False
model,0.08,0.8,1.0,0.2,score_point,0.1049645390070922,0.804,0.02,0.98,0.905311778290993,705,400,False
model,0.09,0.8,1.0,0.2,score_point,0.1049645390070922,0.804,0.02,0.98,0.905311778290993,705,400,False
model,0.1,0.8,1.0,0.2,score_point,0.1049645390070922,0.8045,0.0225,0.9775,0.9040462427745665,705,400,False
model,0.11,0.8,1.0,0.2,score_point,0.1049645390070922,0.8045,0.0225,0.9775,0.9040462427745665,705,400,False
model,0.12,0.8,1.0,0.2,score_point,0.1049645390070922,0.8045,0.0225,0.9775,0.9040462427745665,705,400,False
model,0.02,0.9,1.0,0.2,score_point,0.1049645390070922,0.9005000000000001,0.005,0.995,0.9128440366972478,705,400,False
model,0.27,0.2,2.0,0.2,score_point,0.10638297872340426,0.3125,0.0625,0.9375,0.8823529411764706,705,400,True
model,0.23,0.2,2.5,0.2,score_point,0.10638297872340426,0.32650000000000007,0.055,0.945,0.8862837045720984,705,400,False
model,0.45,0.2,1.5,0.2,score_point,0.10638297872340426,0.343,0.11,0.89,0.8567990373044526,705,400,False
model,0.46,0.2,1.5,0.2,score_point,0.10638297872340426,0.34625000000000006,0.1125,0.8875,0.8554216867469879,705,400,False
model,0.22,0.2,3.0,0.2,score_point,0.10638297872340426,0.34700000000000003,0.0525,0.9475,0.8875878220140515,705,400,False
model,0.19,0.2,3.5,0.2,score_point,0.10638297872340426,0.35674999999999996,0.0475,0.9525,0.8901869158878505,705,400,False
model,0.12,0.3,3.0,0.2,score_point,0.10638297872340426,0.3607499999999999,0.0225,0.9775,0.9030023094688221,705,400,False
model,0.14,0.3,2.5,0.2,score_point,0.10638297872340426,0.37149999999999994,0.0325,0.9675,0.8979118329466357,705,400,False
model,0.18,0.3,2.0,0.2,score_point,0.10638297872340426,0.38074999999999987,0.0475,0.9525,0.8901869158878505,705,400,False
model,0.33,0.3,1.5,0.2,score_point,0.10638297872340426,0.39599999999999996,0.08,0.92,0.8730723606168447,705,400,False
model,0.09,0.4,2.5,0.2,score_point,0.10638297872340426,0.442,0.02,0.98,0.9042675893886967,705,400,False
model,0.08,0.4,3.0,0.2,score_point,0.10638297872340426,0.452,0.02,0.98,0.9042675893886967,705,400,False
model,0.14,0.4,2.0,0.2,score_point,0.10638297872340426,0.452,0.0325,0.9675,0.8979118329466357,705,400,False
model,0.24,0.4,1.5,0.2,score_point,0.10638297872340426,0.46325000000000005,0.0575,0.9425,0.8849765258215962,705,400,False
model,0.6,0.5,1.0,0.2,score_point,0.10638297872340426,0.585,0.17,0.83,0.8228004956629492,705,400,False
model,0.61,0.5,1.0,0.2,score_point,0.10638297872340426,0.5875,0.175,0.825,0.8198757763975155,705,400,False
model,0.62,0.5,1.0,0.2,score_point,0.10638297872340426,0.58875,0.1775,0.8225,0.818407960199005,705,400,False
model,0.63,0.5,1.0,0.2,score_point,0.10638297872340426,0.59,0.18,0.82,0.8169364881693649,705,400,False
model,0.78,0.4,1.0,0.2,score_point,0.10638297872340426,0.6115,0.3525,0.6475,0.7057220708446866,705,400,False
model,0.02,0.6,3.5,0.2,score_point,0.10638297872340426,0.6144999999999999,0.005,0.995,0.9117983963344788,705,400,False
model,0.45,0.6,1.0,0.2,score_point,0.10638297872340426,0.6439999999999999,0.11,0.89,0.8567990373044526,705,400,False
model,0.46,0.6,1.0,0.2,score_point,0.10638297872340426,0.6449999999999999,0.1125,0.8875,0.8554216867469879,705,400,False
model,0.47,0.6,1.0,0.2,score_point,0.10638297872340426,0.6459999999999999,0.115,0.885,0.8540410132689988,705,400,False
model,0.48,0.6,1.0,0.2,score_point,0.10638297872340426,0.6469999999999999,0.1175,0.8825,0.852657004830918,705,400,False
model,0.49,0.6,1.0,0.2,score_point,0.10638297872340426,0.6489999999999999,0.1225,0.8775,0.8498789346246973,705,400,False
model,0.89,0.2,1.0,0.2,score_point,0.10638297872340426,0.754,0.6925,0.3075,0.41137123745819393,705,400,False
model,0.06,0.8,1.0,0.2,score_point,0.10638297872340426,0.8030000000000002,0.015,0.985,0.906789413118527,705,400,False
model,0.07,0.8,1.0,0.2,score_point,0.10638297872340426,0.8035,0.0175,0.9825,0.9055299539170508,705,400,False
model,0.01,0.9,1.0,0.2,score_point,0.10638297872340426,0.9002500000000002,0.0025,0.9975,0.9130434782608695,705,400,False
model,0.26,0.2,2.0,0.2,score_point,0.10780141843971631,0.30800000000000005,0.06,0.94,0.8826291079812206,705,400,True
model,0.43,0.2,1.5,0.2,score_point,0.10780141843971631,0.33000000000000007,0.1,0.9,0.861244019138756,705,400,False
model,0.44,0.2,1.5,0.2,score_point,0.10780141843971631,0.33000000000000007,0.1,0.9,0.861244019138756,705,400,False
model,0.11,0.3,3.0,0.2,score_point,0.10780141843971631,0.3607499999999999,0.0225,0.9775,0.9019607843137255,705,400,False
model,0.1,0.3,3.5,0.2,score_point,0.10780141843971631,0.3719999999999999,0.0225,0.9775,0.9019607843137255,705,400,False
model,0.17,0.3,2.0,0.2,score_point,0.10780141843971631,0.37224999999999997,0.0425,0.9575,0.8917345750873109,705,400,False
model,0.3,0.3,1.5,0.2,score_point,0.10780141843971631,0.3839999999999999,0.07,0.93,0.8773584905660378,705,400,False
model,0.31,0.3,1.5,0.2,score_point,0.10780141843971631,0.3899999999999999,0.075,0.925,0.8747044917257684,705,400,False
model,0.32,0.3,1.5,0.2,score_point,0.10780141843971631,0.39299999999999996,0.0775,0.9225,0.8733727810650889,705,400,False
model,0.23,0.4,1.5,0.2,score_point,0.10780141843971631,0.4605,0.055,0.945,0.8852459016393444,705,400,False
model,0.04,0.5,2.5,0.2,score_point,0.10780141843971631,0.52,0.01,0.99,0.9082568807339448,705,400,False
model,0.14,0.5,1.5,0.2,score_point,0.10780141843971631,0.5325,0.0325,0.9675,0.8968713789107764,705,400,False
model,0.79,0.3,1.0,0.2,score_point,0.10780141843971631,0.5519999999999999,0.36,0.64,0.6994535519125684,705,400,False
model,0.51,0.5,1.0,0.2,score_point,0.10780141843971631,0.56375,0.1275,0.8725,0.8460606060606061,705,400,False
model,0.52,0.5,1.0,0.2,score_point,0.10780141843971631,0.56375,0.1275,0.8725,0.8460606060606061,705,400,False
model,0.53,0.5,1.0,0.2,score_point,0.10780141843971631,0.56625,0.1325,0.8675,0.8432563791008506,705,400,False
model,0.73,0.4,1.0,0.2,score_point,0.10780141843971631,0.5665,0.2775,0.7225,0.7555555555555554,705,400,False
model,0.54,0.5,1.0,0.2,score_point,0.10780141843971631,0.5675,0.135,0.865,0.8418491484184916,705,400,False
model,0.55,0.5,1.0,0.2,score_point,0.10780141843971631,0.56875,0.1375,0.8625,0.8404384896467721,705,400,False
model,0.56,0.5,1.0,0.2,score_point,0.10780141843971631,0.56875,0.1375,0.8625,0.8404384896467721,705,400,False
model,0.57,0.5,1.0,0.2,score_point,0.10780141843971631,0.5725,0.145,0.855,0.8361858190709046,705,400,False
model,0.74,0.4,1.0,0.2,score_point,0.10780141843971631,0.5755,0.2925,0.7075,0.7457180500658761,705,400,False
model,0.58,0.5,1.0,0.2,score_point,0.10780141843971631,0.57625,0.1525,0.8475,0.8319018404907976,705,400,False
model,0.8,0.3,1.0,0.2,score_point,0.10780141843971631,0.57825,0.3975,0.6025,0.6722454672245467,705,400,False
model,0.59,0.5,1.0,0.2,score_point,0.10780141843971631,0.58125,0.1625,0.8375,0.8261405672009864,705,400,False
model,0.75,0.4,1.0,0.2,score_point,0.10780141843971631,0.5815,0.3025,0.6975,0.7390728476821191,705,400,False
model,0.76,0.4,1.0,0.2,score_point,0.10780141843971631,0.5950000000000001,0.325,0.675,0.7238605898123324,705,400,False
model,0.81,0.3,1.0,0.2,score_point,0.10780141843971631,0.601,0.43,0.57,0.6477272727272728,705,400,False
model,0.77,0.4,1.0,0.2,score_point,0.10780141843971631,0.6010000000000001,0.335,0.665,0.7169811320754718,705,400,False
model,0.07,0.6,1.5,0.2,score_point,0.10780141843971631,0.6157499999999999,0.0175,0.9825,0.904487917146145,705,400,False
model,0.82,0.3,1.0,0.2,score_point,0.10780141843971631,0.61675,0.4525,0.5475,0.6302158273381295,705,400,False
model,0.83,0.3,1.0,0.2,score_point,0.10780141843971631,0.6324999999999998,0.475,0.525,0.6122448979591837,705,400,False
model,0.43,0.6,1.0,0.2,score_point,0.10780141843971631,0.6399999999999999,0.1,0.9,0.861244019138756,705,400,False
model,0.44,0.6,1.0,0.2,score_point,0.10780141843971631,0.6399999999999999,0.1,0.9,0.861244019138756,705,400,False
model,0.84,0.3,1.0,0.2,score_point,0.10780141843971631,0.6552499999999999,0.5075,0.4925,0.5854383358098068,705,400,False
model,0.85,0.3,1.0,0.2,score_point,0.10780141843971631,0.67975,0.5425,0.4575,0.5553869499241274,705,400,False
model,0.86,0.3,1.0,0.2,score_point,0.10780141843971631,0.7007499999999999,0.5725,0.4275,0.5285935085007728,705,400,False
model,0.13,0.7,1.0,0.2,score_point,0.10780141843971631,0.7090000000000001,0.03,0.97,0.8981481481481481,705,400,False
model,0.14,0.7,1.0,0.2,score_point,0.10780141843971631,0.70975,0.0325,0.9675,0.8968713789107764,705,400,False
model,0.87,0.3,1.0,0.2,score_point,0.10780141843971631,0.7234999999999999,0.605,0.395,0.49842271293375395,705,400,False
model,0.88,0.2,1.0,0.2,score_point,0.10780141843971631,0.7240000000000001,0.655,0.345,0.4495114006514658,705,400,False
model,0.04,0.8,1.0,0.2,score_point,0.10780141843971631,0.8019999999999999,0.01,0.99,0.9082568807339448,705,400,False
model,0.05,0.8,1.0,0.2,score_point,0.10780141843971631,0.8025,0.0125,0.9875,0.9070034443168772,705,400,False
model,0.41,0.2,1.5,0.2,score_point,0.10921985815602837,0.32675000000000004,0.0975,0.9025,0.8615751789976133,705,400,False
model,0.42,0.2,1.5,0.2,score_point,0.10921985815602837,0.33000000000000007,0.1,0.9,0.860215053763441,705,400,False
model,0.2,0.2,3.0,0.2,score_point,0.10921985815602837,0.33299999999999996,0.0475,0.9525,0.8881118881118881,705,400,False
model,0.21,0.2,3.0,0.2,score_point,0.10921985815602837,0.33299999999999996,0.0475,0.9525,0.8881118881118881,705,400,False
model,0.18,0.2,3.5,0.2,score_point,0.10921985815602837,0.35674999999999996,0.0475,0.9525,0.8881118881118881,705,400,False
model,0.13,0.3,2.5,0.2,score_point,0.10921985815602837,0.36599999999999994,0.03,0.97,0.8971098265895954,705,400,False
model,0.29,0.3,1.5,0.2,score_point,0.10921985815602837,0.38099999999999995,0.0675,0.9325,0.8776470588235293,705,400,False
model,0.13,0.4,2.0,0.2,score_point,0.10921985815602837,0.44799999999999995,0.03,0.97,0.8971098265895954,705,400,False
model,0.06,0.5,2.0,0.2,score_point,0.10921985815602837,0.5225,0.015,0.985,0.904707233065442,705,400,False
model,0.13,0.5,1.5,0.2,score_point,0.10921985815602837,0.53,0.03,0.97,0.8971098265895954,705,400,False
model,0.78,0.3,1.0,0.2,score_point,0.10921985815602837,0.5467499999999998,0.3525,0.6475,0.7038043478260868,705,400,False
model,0.71,0.4,1.0,0.2,score_point,0.10921985815602837,0.556,0.26,0.74,0.7658473479948253,705,400,False
model,0.72,0.4,1.0,0.2,score_point,0.10921985815602837,0.562,0.27,0.73,0.7594278283485046,705,400,False
model,0.02,0.6,3.0,0.2,score_point,0.10921985815602837,0.6119999999999999,0.005,0.995,0.9097142857142858,705,400,False
model,0.37,0.6,1.0,0.2,score_point,0.10921985815602837,0.6369999999999999,0.0925,0.9075,0.8642857142857142,705,400,False
model,0.38,0.6,1.0,0.2,score_point,0.10921985815602837,0.6369999999999999,0.0925,0.9075,0.8642857142857142,705,400,False
model,0.39,0.6,1.0,0.2,score_point,0.10921985815602837,0.6389999999999999,0.0975,0.9025,0.8615751789976133,705,400,False
model,0.4,0.6,1.0,0.2,score_point,0.10921985815602837,0.6389999999999999,0.0975,0.9025,0.8615751789976133,705,400,False
model,0.41,0.6,1.0,0.2,score_point,0.10921985815602837,0.6389999999999999,0.0975,0.9025,0.8615751789976133,705,400,False
model,0.42,0.6,1.0,0.2,score_point,0.10921985815602837,0.6399999999999999,0.1,0.9,0.860215053763441,705,400,False
model,0.11,0.7,1.0,0.2,score_point,0.10921985815602837,0.70675,0.0225,0.9775,0.900921658986175,705,400,False
model,0.12,0.7,1.0,0.2,score_point,0.10921985815602837,0.70675,0.0225,0.9775,0.900921658986175,705,400,False
model,0.03,0.8,1.0,0.2,score_point,0.10921985815602837,0.8015000000000001,0.0075,0.9925,0.908466819221968,705,400,False
model,0.25,0.2,2.0,0.2,score_point,0.11063829787234042,0.3035,0.0575,0.9425,0.8818713450292398,705,400,True
model,0.4,0.2,1.5,0.2,score_point,0.11063829787234042,0.32675000000000004,0.0975,0.9025,0.8605482717520858,705,400,False
model,0.19,0.2,3.0,0.2,score_point,0.11063829787234042,0.33299999999999996,0.0475,0.9525,0.8870779976717112,705,400,False
model,0.1,0.3,3.0,0.2,score_point,0.11063829787234042,0.3607499999999999,0.0225,0.9775,0.899884925201381,705,400,False
model,0.09,0.3,3.5,0.2,score_point,0.11063829787234042,0.36399999999999993,0.02,0.98,0.9011494252873564,705,400,False
model,0.16,0.3,2.0,0.2,score_point,0.11063829787234042,0.368,0.04,0.96,0.8909512761020881,705,400,False
model,0.27,0.3,1.5,0.2,score_point,0.11063829787234042,0.37499999999999994,0.0625,0.9375,0.8792497069167644,705,400,False
model,0.28,0.3,1.5,0.2,score_point,0.11063829787234042,0.38099999999999995,0.0675,0.9325,0.8766157461809636,705,400,False
model,0.11,0.5,1.5,0.2,score_point,0.11063829787234042,0.5225,0.0225,0.9775,0.899884925201381,705,400,False
model,0.12,0.5,1.5,0.2,score_point,0.11063829787234042,0.5225,0.0225,0.9775,0.899884925201381,705,400,False
model,0.76,0.3,1.0,0.2,score_point,0.11063829787234042,0.5275,0.325,0.675,0.7219251336898397,705,400,False
model,0.77,0.3,1.0,0.2,score_point,0.11063829787234042,0.5344999999999999,0.335,0.665,0.7150537634408602,705,400,False
model,0.7,0.4,1.0,0.2,score_point,0.11063829787234042,0.55,0.25,0.75,0.7712082262210798,705,400,False
model,0.5,0.5,1.0,0.2,score_point,0.11063829787234042,0.56125,0.1225,0.8775,0.8468033775633292,705,400,False
model,0.3,0.6,1.0,0.2,score_point,0.11063829787234042,0.6279999999999998,0.07,0.93,0.8752941176470588,705,400,False
model,0.31,0.6,1.0,0.2,score_point,0.11063829787234042,0.6299999999999999,0.075,0.925,0.8726415094339623,705,400,False
model,0.32,0.6,1.0,0.2,score_point,0.11063829787234042,0.6309999999999998,0.0775,0.9225,0.8713105076741441,705,400,False
model,0.33,0.6,1.0,0.2,score_point,0.11063829787234042,0.6319999999999998,0.08,0.92,0.8699763593380615,705,400,False
model,0.34,0.6,1.0,0.2,score_point,0.11063829787234042,0.6319999999999998,0.08,0.92,0.8699763593380615,705,400,False
model,0.35,0.6,1.0,0.2,score_point,0.11063829787234042,0.6349999999999999,0.0875,0.9125,0.8659549228944246,705,400,False
model,0.36,0.6,1.0,0.2,score_point,0.11063829787234042,0.6349999999999999,0.0875,0.9125,0.8659549228944246,705,400,False
model,0.87,0.2,1.0,0.2,score_point,0.11063829787234042,0.684,0.605,0.395,0.4968553459119497,705,400,False
model,0.09,0.7,1.0,0.2,score_point,0.11063829787234042,0.706,0.02,0.98,0.9011494252873564,705,400,False
model,0.1,0.7,1.0,0.2,score_point,0.11063829787234042,0.70675,0.0225,0.9775,0.899884925201381,705,400,False
model,0.38,0.2,1.5,0.2,score_point,0.11205673758865248,0.32025000000000003,0.0925,0.9075,0.8622327790973872,705,400,False
model,0.22,0.2,2.5,0.2,score_point,0.11205673758865248,0.32075000000000004,0.0525,0.9475,0.8834498834498834,705,400,False
model,0.39,0.2,1.5,0.2,score_point,0.11205673758865248,0.32675000000000004,0.0975,0.9025,0.8595238095238095,705,400,False
model,0.18,0.2,3.0,0.2,score_point,0.11205673758865248,0.33299999999999996,0.0475,0.9525,0.8860465116279069,705,400,False
model,0.12,0.3,2.5,0.2,score_point,0.11205673758865248,0.34949999999999987,0.0225,0.9775,0.8988505747126437,705,400,False
model,0.15,0.3,2.0,0.2,score_point,0.11205673758865248,0.3637499999999999,0.0375,0.9625,0.8912037037037037,705,400,False
model,0.26,0.3,1.5,0.2,score_point,0.11205673758865248,0.3719999999999999,0.06,0.94,0.8795321637426899,705,400,False
model,0.11,0.4,2.0,0.2,score_point,0.11205673758865248,0.436,0.0225,0.9775,0.8988505747126437,705,400,False
model,0.12,0.4,2.0,0.2,score_point,0.11205673758865248,0.436,0.0225,0.9775,0.8988505747126437,705,400,False
model,0.08,0.4,2.5,0.2,score_point,0.11205673758865248,0.442,0.02,0.98,0.9001148105625717,705,400,False
model,0.07,0.4,3.5,0.2,score_point,0.11205673758865248,0.45425,0.0175,0.9825,0.9013761467889909,705,400,False
model,0.22,0.4,1.5,0.2,score_point,0.11205673758865248,0.45775000000000005,0.0525,0.9475,0.8834498834498834,705,400,False
model,0.73,0.3,1.0,0.2,score_point,0.11205673758865248,0.4942499999999999,0.2775,0.7225,0.7526041666666667,705,400,False
model,0.74,0.3,1.0,0.2,score_point,0.11205673758865248,0.5047499999999999,0.2925,0.7075,0.7427821522309712,705,400,False
model,0.75,0.3,1.0,0.2,score_point,0.11205673758865248,0.5117499999999999,0.3025,0.6975,0.7361477572559367,705,400,False
model,0.64,0.4,1.0,0.2,score_point,0.11205673758865248,0.517,0.195,0.805,0.8039950062421972,705,400,False
model,0.09,0.5,1.5,0.2,score_point,0.11205673758865248,0.52,0.02,0.98,0.9001148105625717,705,400,False
model,0.1,0.5,1.5,0.2,score_point,0.11205673758865248,0.5225,0.0225,0.9775,0.8988505747126437,705,400,False
model,0.65,0.4,1.0,0.2,score_point,0.11205673758865248,0.5245000000000001,0.2075,0.7925,0.7964824120603013,705,400,False
model,0.66,0.4,1.0,0.2,score_point,0.11205673758865248,0.5260000000000001,0.21,0.79,0.7949685534591197,705,400,False
model,0.67,0.4,1.0,0.2,score_point,0.11205673758865248,0.529,0.215,0.785,0.7919293820933165,705,400,False
model,0.68,0.4,1.0,0.2,score_point,0.11205673758865248,0.5365000000000001,0.2275,0.7725,0.7842639593908629,705,400,False
model,0.69,0.4,1.0,0.2,score_point,0.11205673758865248,0.5425000000000001,0.2375,0.7625,0.778061224489796,705,400,False
model,0.81,0.2,1.0,0.2,score_point,0.11205673758865248,0.544,0.43,0.57,0.6449787835926449,705,400,False
model,0.45,0.5,1.0,0.2,score_point,0.11205673758865248,0.555,0.11,0.89,0.8526946107784432,705,400,False
model,0.46,0.5,1.0,0.2,score_point,0.11205673758865248,0.55625,0.1125,0.8875,0.8513189448441246,705,400,False
model,0.47,0.5,1.0,0.2,score_point,0.11205673758865248,0.5575,0.115,0.885,0.8499399759903963,705,400,False
model,0.48,0.5,1.0,0.2,score_point,0.11205673758865248,0.55875,0.1175,0.8825,0.8485576923076923,705,400,False
model,0.49,0.5,1.0,0.2,score_point,0.11205673758865248,0.56125,0.1225,0.8775,0.8457831325301205,705,400,False
model,0.82,0.2,1.0,0.2,score_point,0.11205673758865248,0.562,0.4525,0.5475,0.6275071633237822,705,400,False
model,0.83,0.2,1.0,0.2,score_point,0.11205673758865248,0.5800000000000001,0.475,0.525,0.6095791001451379,705,400,False
model,0.84,0.2,1.0,0.2,score_point,0.11205673758865248,0.6060000000000001,0.5075,0.4925,0.5828402366863905,705,400,False
model,0.06,0.6,1.5,0.2,score_point,0.11205673758865248,0.6134999999999998,0.015,0.985,0.9026345933562429,705,400,False
model,0.26,0.6,1.0,0.2,score_point,0.11205673758865248,0.6239999999999999,0.06,0.94,0.8795321637426899,705,400,False
model,0.27,0.6,1.0,0.2,score_point,0.11205673758865248,0.6249999999999999,0.0625,0.9375,0.8782201405152225,705,400,False
model,0.28,0.6,1.0,0.2,score_point,0.11205673758865248,0.6269999999999999,0.0675,0.9325,0.8755868544600939,705,400,False
model,0.29,0.6,1.0,0.2,score_point,0.11205673758865248,0.6269999999999999,0.0675,0.9325,0.8755868544600939,705,400,False
model,0.85,0.2,1.0,0.2,score_point,0.11205673758865248,0.634,0.5425,0.4575,0.552870090634441,705,400,False
model,0.86,0.2,1.0,0.2,score_point,0.11205673758865248,0.6580000000000001,0.5725,0.4275,0.5261538461538462,705,400,False
model,0.08,0.7,1.0,0.2,score_point,0.11205673758865248,0.706,0.02,0.98,0.9001148105625717,705,400,False
model,0.02,0.8,1.0,0.2,score_point,0.11205673758865248,0.8009999999999999,0.005,0.995,0.9076396807297605,705,400,False
model,0.0,0.9,1.0,0.2,score_point,0.11205673758865248,0.9000000000000002,0.0,1.0,0.9101251422070534,705,400,False
model,0.0,0.9,1.5,0.2,score_point,0.11205673758865248,0.9000000000000002,0.0,1.0,0.9101251422070534,705,400,False
model,0.0,0.9,2.0,0.2,score_point,0.11205673758865248,0.9000000000000002,0.0,1.0,0.9101251422070534,705,400,False
model,0.0,0.9,2.5,0.2,score_point,0.11205673758865248,0.9000000000000002,0.0,1.0,0.9101251422070534,705,400,False
model,0.0,0.9,3.0,0.2,score_point,0.11205673758865248,0.9000000000000002,0.0,1.0,0.9101251422070534,705,400,False
model,0.0,0.9,3.5,0.2,score_point,0.11205673758865248,0.9000000000000002,0.0,1.0,0.9101251422070534,705,400,False
model,0.24,0.2,2.0,0.2,score_point,0.11347517730496454,0.3035,0.0575,0.9425,0.8798133022170362,705,400,False
model,0.37,0.2,1.5,0.2,score_point,0.11347517730496454,0.32025000000000003,0.0925,0.9075,0.8612099644128114,705,400,False
model,0.17,0.2,3.5,0.2,score_point,0.11347517730496454,0.34025000000000005,0.0425,0.9575,0.887601390498262,705,400,False
model,0.11,0.3,2.5,0.2,score_point,0.11347517730496454,0.34949999999999987,0.0225,0.9775,0.8978185993111367,705,400,False
model,0.09,0.3,3.0,0.2,score_point,0.11347517730496454,0.3539999999999999,0.02,0.98,0.8990825688073395,705,400,False
model,0.25,0.3,1.5,0.2,score_point,0.11347517730496454,0.36899999999999994,0.0575,0.9425,0.8798133022170362,705,400,False
model,0.71,0.3,1.0,0.2,score_point,0.11347517730496454,0.482,0.26,0.74,0.7628865979381443,705,400,False
model,0.79,0.2,1.0,0.2,score_point,0.11347517730496454,0.4880000000000001,0.36,0.64,0.6956521739130435,705,400,False
model,0.72,0.3,1.0,0.2,score_point,0.11347517730496454,0.48899999999999993,0.27,0.73,0.7564766839378239,705,400,False
model,0.6,0.4,1.0,0.2,score_point,0.11347517730496454,0.502,0.17,0.83,0.8177339901477833,705,400,False
model,0.61,0.4,1.0,0.2,score_point,0.11347517730496454,0.5050000000000001,0.175,0.825,0.8148148148148149,705,400,False
model,0.62,0.4,1.0,0.2,score_point,0.11347517730496454,0.5065000000000001,0.1775,0.8225,0.8133498145859085,705,400,False
model,0.63,0.4,1.0,0.2,score_point,0.11347517730496454,0.5080000000000001,0.18,0.82,0.8118811881188118,705,400,False
model,0.8,0.2,1.0,0.2,score_point,0.11347517730496454,0.518,0.3975,0.6025,0.6685159500693482,705,400,False
model,0.43,0.5,1.0,0.2,score_point,0.11347517730496454,0.55,0.1,0.9,0.8571428571428572,705,400,False
model,0.44,0.5,1.0,0.2,score_point,0.11347517730496454,0.55,0.1,0.9,0.8571428571428572,705,400,False
model,0.03,0.6,2.0,0.2,score_point,0.11347517730496454,0.6104999999999998,0.0075,0.9925,0.9053591790193843,705,400,False
model,0.23,0.6,1.0,0.2,score_point,0.11347517730496454,0.6219999999999999,0.055,0.945,0.8811188811188811,705,400,False
model,0.24,0.6,1.0,0.2,score_point,0.11347517730496454,0.6229999999999998,0.0575,0.9425,0.8798133022170362,705,400,False
model,0.25,0.6,1.0,0.2,score_point,0.11347517730496454,0.6229999999999998,0.0575,0.9425,0.8798133022170362,705,400,False
model,0.01,0.7,1.5,0.2,score_point,0.11347517730496454,0.7020000000000001,0.0025,0.9975,0.9078498293515359,705,400,False
model,0.01,0.8,1.0,0.2,score_point,0.11347517730496454,0.8005,0.0025,0.9975,0.9078498293515359,705,400,False
model,0.2,0.2,2.5,0.2,score_point,0.1148936170212766,0.30925,0.0475,0.9525,0.8839907192575407,705,400,False
model,0.21,0.2,2.5,0.2,score_point,0.1148936170212766,0.30925,0.0475,0.9525,0.8839907192575407,705,400,False
model,0.24,0.3,1.5,0.2,score_point,0.1148936170212766,0.36899999999999994,0.0575,0.9425,0.8787878787878788,705,400,False
model,0.1,0.4,2.0,0.2,score_point,0.1148936170212766,0.436,0.0225,0.9775,0.8967889908256882,705,400,False
model,0.07,0.4,3.0,0.2,score_point,0.1148936170212766,0.44549999999999995,0.0175,0.9825,0.8993135011441648,705,400,False
model,0.2,0.4,1.5,0.2,score_point,0.1148936170212766,0.45225000000000004,0.0475,0.9525,0.8839907192575407,705,400,False
model,0.21,0.4,1.5,0.2,score_point,0.1148936170212766,0.45225000000000004,0.0475,0.9525,0.8839907192575407,705,400,False
model,0.7,0.3,1.0,0.2,score_point,0.1148936170212766,0.4749999999999999,0.25,0.75,0.768245838668374,705,400,False
model,0.78,0.2,1.0,0.2,score_point,0.1148936170212766,0.4820000000000001,0.3525,0.6475,0.7,705,400,False
model,0.57,0.4,1.0,0.2,score_point,0.1148936170212766,0.4870000000000001,0.145,0.855,0.8311057108140947,705,400,False
model,0.58,0.4,1.0,0.2,score_point,0.1148936170212766,0.49150000000000005,0.1525,0.8475,0.826829268292683,705,400,False
model,0.59,0.4,1.0,0.2,score_point,0.1148936170212766,0.49750000000000005,0.1625,0.8375,0.821078431372549,705,400,False
model,0.05,0.5,2.0,0.2,score_point,0.1148936170212766,0.51875,0.0125,0.9875,0.9018264840182649,705,400,False
model,0.08,0.5,1.5,0.2,score_point,0.1148936170212766,0.52,0.02,0.98,0.8980526918671248,705,400,False
model,0.03,0.5,3.5,0.2,score_point,0.1148936170212766,0.5225,0.0075,0.9925,0.9043280182232345,705,400,False
model,0.37,0.5,1.0,0.2,score_point,0.1148936170212766,0.54625,0.0925,0.9075,0.8601895734597156,705,400,False
model,0.38,0.5,1.0,0.2,score_point,0.1148936170212766,0.54625,0.0925,0.9075,0.8601895734597156,705,400,False
model,0.39,0.5,1.0,0.2,score_point,0.1148936170212766,0.54875,0.0975,0.9025,0.857482185273159,705,400,False
model,0.4,0.5,1.0,0.2,score_point,0.1148936170212766,0.54875,0.0975,0.9025,0.857482185273159,705,400,False
model,0.41,0.5,1.0,0.2,score_point,0.1148936170212766,0.54875,0.0975,0.9025,0.857482185273159,705,400,False
model,0.42,0.5,1.0,0.2,score_point,0.1148936170212766,0.55,0.1,0.9,0.8561236623067777,705,400,False
model,0.02,0.6,2.5,0.2,score_point,0.1148936170212766,0.6094999999999999,0.005,0.995,0.9055745164960181,705,400,False
model,0.22,0.6,1.0,0.2,score_point,0.1148936170212766,0.621,0.0525,0.9475,0.8813953488372093,705,400,False
model,0.07,0.7,1.0,0.2,score_point,0.1148936170212766,0.70525,0.0175,0.9825,0.8993135011441648,705,400,False
model,0.23,0.2,2.0,0.2,score_point,0.11631205673758865,0.29900000000000004,0.055,0.945,0.8790697674418605,705,400,True
model,0.19,0.2,2.5,0.2,score_point,0.11631205673758865,0.30925,0.0475,0.9525,0.8829663962920046,705,400,False
model,0.36,0.2,1.5,0.2,score_point,0.11631205673758865,0.3137500000000001,0.0875,0.9125,0.8618654073199528,705,400,False
model,0.17,0.2,3.0,0.2,score_point,0.11631205673758865,0.319,0.0425,0.9575,0.8855491329479769,705,400,False
model,0.16,0.2,3.5,0.2,score_point,0.11631205673758865,0.332,0.04,0.96,0.8868360277136259,705,400,False
model,0.1,0.3,2.5,0.2,score_point,0.11631205673758865,0.34949999999999987,0.0225,0.9775,0.8957617411225658,705,400,False
model,0.14,0.3,2.0,0.2,score_point,0.11631205673758865,0.3552499999999999,0.0325,0.9675,0.8906789413118528,705,400,False
model,0.23,0.3,1.5,0.2,score_point,0.11631205673758865,0.36599999999999994,0.055,0.945,0.8790697674418605,705,400,False
model,0.09,0.4,2.0,0.2,score_point,0.11631205673758865,0.43200000000000005,0.02,0.98,0.897025171624714,705,400,False
model,0.67,0.3,1.0,0.2,score_point,0.11631205673758865,0.45049999999999996,0.215,0.785,0.7889447236180904,705,400,False
model,0.19,0.4,1.5,0.2,score_point,0.11631205673758865,0.45225000000000004,0.0475,0.9525,0.8829663962920046,705,400,False
model,0.68,0.3,1.0,0.2,score_point,0.11631205673758865,0.45925,0.2275,0.7725,0.7812895069532237,705,400,False
model,0.69,0.3,1.0,0.2,score_point,0.11631205673758865,0.46624999999999994,0.2375,0.7625,0.7750952986022871,705,400,False
model,0.77,0.2,1.0,0.2,score_point,0.11631205673758865,0.468,0.335,0.665,0.7112299465240641,705,400,False
model,0.56,0.4,1.0,0.2,score_point,0.11631205673758865,0.4825000000000001,0.1375,0.8625,0.8343409915356711,705,400,False
model,0.17,0.6,1.0,0.2,score_point,0.11631205673758865,0.6169999999999999,0.0425,0.9575,0.8855491329479769,705,400,False
model,0.18,0.6,1.0,0.2,score_point,0.11631205673758865,0.6189999999999999,0.0475,0.9525,0.8829663962920046,705,400,False
model,0.19,0.6,1.0,0.2,score_point,0.11631205673758865,0.6189999999999999,0.0475,0.9525,0.8829663962920046,705,400,False
model,0.2,0.6,1.0,0.2,score_point,0.11631205673758865,0.6189999999999999,0.0475,0.9525,0.8829663962920046,705,400,False
model,0.21,0.6,1.0,0.2,score_point,0.11631205673758865,0.6189999999999999,0.0475,0.9525,0.8829663962920046,705,400,False
model,0.06,0.7,1.0,0.2,score_point,0.11631205673758865,0.7044999999999999,0.015,0.985,0.8995433789954337,705,400,False
model,0.34,0.2,1.5,0.2,score_point,0.11773049645390071,0.30400000000000005,0.08,0.92,0.864864864864865,705,400,False
model,0.18,0.2,2.5,0.2,score_point,0.11773049645390071,0.30925,0.0475,0.9525,0.8819444444444444,705,400,False
model,0.35,0.2,1.5,0.2,score_point,0.11773049645390071,0.3137500000000001,0.0875,0.9125,0.8608490566037736,705,400,False
model,0.15,0.2,3.5,0.2,score_point,0.11773049645390071,0.32375,0.0375,0.9625,0.8870967741935484,705,400,False
model,0.08,0.3,3.5,0.2,score_point,0.11773049645390071,0.36399999999999993,0.02,0.98,0.8959999999999999,705,400,False
model,0.64,0.3,1.0,0.2,score_point,0.11773049645390071,0.4364999999999999,0.195,0.805,0.8,705,400,False
model,0.65,0.3,1.0,0.2,score_point,0.11773049645390071,0.4452499999999999,0.2075,0.7925,0.7925,705,400,False
model,0.17,0.4,1.5,0.2,score_point,0.11773049645390071,0.44675,0.0425,0.9575,0.8845265588914548,705,400,False
model,0.66,0.3,1.0,0.2,score_point,0.11773049645390071,0.44699999999999995,0.21,0.79,0.7909887359198998,705,400,False
model,0.18,0.4,1.5,0.2,score_point,0.11773049645390071,0.45225000000000004,0.0475,0.9525,0.8819444444444444,705,400,False
model,0.76,0.2,1.0,0.2,score_point,0.11773049645390071,0.46,0.325,0.675,0.7171314741035857,705,400,False
model,0.51,0.4,1.0,0.2,score_point,0.11773049645390071,0.47650000000000003,0.1275,0.8725,0.8389423076923078,705,400,False
model,0.52,0.4,1.0,0.2,score_point,0.11773049645390071,0.47650000000000003,0.1275,0.8725,0.8389423076923078,705,400,False
model,0.53,0.4,1.0,0.2,score_point,0.11773049645390071,0.47950000000000004,0.1325,0.8675,0.8361445783132532,705,400,False
model,0.54,0.4,1.0,0.2,score_point,0.11773049645390071,0.4810000000000001,0.135,0.865,0.8347406513872135,705,400,False
model,0.55,0.4,1.0,0.2,score_point,0.11773049645390071,0.4825000000000001,0.1375,0.8625,0.8333333333333334,705,400,False
model,0.04,0.5,2.0,0.2,score_point,0.11773049645390071,0.515,0.01,0.99,0.901023890784983,705,400,False
model,0.03,0.5,3.0,0.2,score_point,0.11773049645390071,0.51875,0.0075,0.9925,0.9022727272727272,705,400,False
model,0.3,0.5,1.0,0.2,score_point,0.11773049645390071,0.535,0.07,0.93,0.8701754385964913,705,400,False
model,0.31,0.5,1.0,0.2,score_point,0.11773049645390071,0.5375,0.075,0.925,0.8675263774912075,705,400,False
model,0.32,0.5,1.0,0.2,score_point,0.11773049645390071,0.53875,0.0775,0.9225,0.8661971830985915,705,400,False
model,0.33,0.5,1.0,0.2,score_point,0.11773049645390071,0.54,0.08,0.92,0.864864864864865,705,400,False
model,0.34,0.5,1.0,0.2,score_point,0.11773049645390071,0.54,0.08,0.92,0.864864864864865,705,400,False
model,0.35,0.5,1.0,0.2,score_point,0.11773049645390071,0.54375,0.0875,0.9125,0.8608490566037736,705,400,False
model,0.36,0.5,1.0,0.2,score_point,0.11773049645390071,0.54375,0.0875,0.9125,0.8608490566037736,705,400,False
model,0.05,0.6,1.5,0.2,score_point,0.11773049645390071,0.6112499999999998,0.0125,0.9875,0.8997722095671982,705,400,False
model,0.33,0.2,1.5,0.2,score_point,0.11914893617021277,0.30400000000000005,0.08,0.92,0.863849765258216,705,400,False
model,0.16,0.2,3.0,0.2,score_point,0.11914893617021277,0.31200000000000006,0.04,0.96,0.8847926267281105,705,400,False
model,0.09,0.3,2.5,0.2,score_point,0.11914893617021277,0.3439999999999999,0.02,0.98,0.8949771689497716,705,400,False
model,0.13,0.3,2.0,0.2,score_point,0.11914893617021277,0.3509999999999999,0.03,0.97,0.8899082568807339,705,400,False
model,0.6,0.3,1.0,0.2,score_point,0.11914893617021277,0.41899999999999993,0.17,0.83,0.8137254901960785,705,400,False
model,0.61,0.3,1.0,0.2,score_point,0.11914893617021277,0.4224999999999999,0.175,0.825,0.8108108108108107,705,400,False
model,0.62,0.3,1.0,0.2,score_point,0.11914893617021277,0.4242499999999999,0.1775,0.8225,0.809348093480935,705,400,False
model,0.63,0.3,1.0,0.2,score_point,0.11914893617021277,0.4259999999999999,0.18,0.82,0.8078817733990147,705,400,False
model,0.74,0.2,1.0,0.2,score_point,0.11914893617021277,0.43400000000000005,0.2925,0.7075,0.7379400260756193,705,400,False
model,0.75,0.2,1.0,0.2,score_point,0.11914893617021277,0.442,0.3025,0.6975,0.7313237221494101,705,400,False
model,0.06,0.4,3.5,0.2,score_point,0.11914893617021277,0.44650000000000006,0.015,0.985,0.89749430523918,705,400,False
model,0.29,0.5,1.0,0.2,score_point,0.11914893617021277,0.53375,0.0675,0.9325,0.8704784130688448,705,400,False
model,0.16,0.6,1.0,0.2,score_point,0.11914893617021277,0.6159999999999999,0.04,0.96,0.8847926267281105,705,400,False
model,0.05,0.7,1.0,0.2,score_point,0.11914893617021277,0.70375,0.0125,0.9875,0.8987485779294654,705,400,False
model,0.3,0.2,1.5,0.2,score_point,0.12056737588652482,0.29100000000000004,0.07,0.93,0.868144690781797,705,400,True
model,0.31,0.2,1.5,0.2,score_point,0.12056737588652482,0.29750000000000004,0.075,0.925,0.8654970760233918,705,400,False
model,0.32,0.2,1.5,0.2,score_point,0.12056737588652482,0.3007500000000001,0.0775,0.9225,0.8641686182669789,705,400,False
model,0.15,0.2,3.0,0.2,score_point,0.12056737588652482,0.30500000000000005,0.0375,0.9625,0.8850574712643678,705,400,False
model,0.08,0.3,3.0,0.2,score_point,0.12056737588652482,0.3539999999999999,0.02,0.98,0.8939566704675027,705,400,False
model,0.22,0.3,1.5,0.2,score_point,0.12056737588652482,0.363,0.0525,0.9475,0.8773148148148149,705,400,False
model,0.57,0.3,1.0,0.2,score_point,0.12056737588652482,0.4014999999999999,0.145,0.855,0.8270858524788393,705,400,False
model,0.58,0.3,1.0,0.2,score_point,0.12056737588652482,0.4067499999999999,0.1525,0.8475,0.8228155339805825,705,400,False
model,0.59,0.3,1.0,0.2,score_point,0.12056737588652482,0.41374999999999995,0.1625,0.8375,0.8170731707317073,705,400,False
model,0.73,0.2,1.0,0.2,score_point,0.12056737588652482,0.42200000000000004,0.2775,0.7225,0.7467700258397933,705,400,False
model,0.07,0.4,2.5,0.2,score_point,0.12056737588652482,0.43674999999999997,0.0175,0.9825,0.8952164009111617,705,400,False
model,0.16,0.4,1.5,0.2,score_point,0.12056737588652482,0.44400000000000006,0.04,0.96,0.8837744533947065,705,400,False
model,0.5,0.4,1.0,0.2,score_point,0.12056737588652482,0.4735000000000001,0.1225,0.8775,0.839712918660287,705,400,False
model,0.07,0.5,1.5,0.2,score_point,0.12056737588652482,0.5175,0.0175,0.9825,0.8952164009111617,705,400,False
model,0.26,0.5,1.0,0.2,score_point,0.12056737588652482,0.53,0.06,0.94,0.8734030197444831,705,400,False
model,0.27,0.5,1.0,0.2,score_point,0.12056737588652482,0.53125,0.0625,0.9375,0.872093023255814,705,400,False
model,0.28,0.5,1.0,0.2,score_point,0.12056737588652482,0.53375,0.0675,0.9325,0.8694638694638694,705,400,False
model,0.04,0.6,1.5,0.2,score_point,0.12056737588652482,0.6089999999999999,0.01,0.99,0.898978433598184,705,400,False
model,0.15,0.6,1.0,0.2,score_point,0.12056737588652482,0.6149999999999999,0.0375,0.9625,0.8850574712643678,705,400,False
model,0.04,0.7,1.0,0.2,score_point,0.12056737588652482,0.7030000000000001,0.01,0.99,0.898978433598184,705,400,False
model,0.29,0.2,1.5,0.2,score_point,0.12198581560283688,0.28775000000000006,0.0675,0.9325,0.8684516880093133,705,400,True
model,0.22,0.2,2.0,0.2,score_point,0.12198581560283688,0.29450000000000004,0.0525,0.9475,0.876300578034682,705,400,False
model,0.17,0.2,2.5,0.2,score_point,0.12198581560283688,0.29775,0.0425,0.9575,0.8814729574223246,705,400,False
model,0.14,0.2,3.5,0.2,score_point,0.12198581560283688,0.30725,0.0325,0.9675,0.88659793814433,705,400,False
model,0.12,0.3,2.0,0.2,score_point,0.12198581560283688,0.3382499999999999,0.0225,0.9775,0.8916761687571265,705,400,False
model,0.56,0.3,1.0,0.2,score_point,0.12198581560283688,0.3962499999999999,0.1375,0.8625,0.8303249097472926,705,400,False
model,0.71,0.2,1.0,0.2,score_point,0.12198581560283688,0.40800000000000003,0.26,0.74,0.7570332480818416,705,400,False
model,0.72,0.2,1.0,0.2,score_point,0.12198581560283688,0.4160000000000001,0.27,0.73,0.7506426735218509,705,400,False
model,0.08,0.4,2.0,0.2,score_point,0.12198581560283688,0.43200000000000005,0.02,0.98,0.8929384965831434,705,400,False
model,0.06,0.4,3.0,0.2,score_point,0.12198581560283688,0.43900000000000006,0.015,0.985,0.8954545454545454,705,400,False
model,0.15,0.4,1.5,0.2,score_point,0.12198581560283688,0.44125,0.0375,0.9625,0.8840413318025259,705,400,False
model,0.45,0.4,1.0,0.2,score_point,0.12198581560283688,0.4660000000000001,0.11,0.89,0.8456057007125891,705,400,False
model,0.46,0.4,1.0,0.2,score_point,0.12198581560283688,0.4675000000000001,0.1125,0.8875,0.8442330558858501,705,400,False
model,0.47,0.4,1.0,0.2,score_point,0.12198581560283688,0.4690000000000001,0.115,0.885,0.842857142857143,705,400,False
model,0.48,0.4,1.0,0.2,score_point,0.12198581560283688,0.47050000000000014,0.1175,0.8825,0.8414779499404054,705,400,False
model,0.49,0.4,1.0,0.2,score_point,0.12198581560283688,0.4735000000000001,0.1225,0.8775,0.8387096774193548,705,400,False
model,0.23,0.5,1.0,0.2,score_point,0.12198581560283688,0.5275,0.055,0.945,0.8750000000000001,705,400,False
model,0.24,0.5,1.0,0.2,score_point,0.12198581560283688,0.52875,0.0575,0.9425,0.8736964078794902,705,400,False
model,0.25,0.5,1.0,0.2,score_point,0.12198581560283688,0.52875,0.0575,0.9425,0.8736964078794902,705,400,False
model,0.01,0.6,3.0,0.2,score_point,0.12198581560283688,0.6059999999999999,0.0025,0.9975,0.9016949152542373,705,400,False
model,0.01,0.6,3.5,0.2,score_point,0.12198581560283688,0.6072499999999998,0.0025,0.9975,0.9016949152542373,705,400,False
model,0.11,0.3,2.0,0.2,score_point,0.12340425531914893,0.3382499999999999,0.0225,0.9775,0.8906605922551253,705,400,False
model,0.2,0.3,1.5,0.2,score_point,0.12340425531914893,0.357,0.0475,0.9525,0.8778801843317973,705,400,False
model,0.21,0.3,1.5,0.2,score_point,0.12340425531914893,0.357,0.0475,0.9525,0.8778801843317973,705,400,False
model,0.51,0.3,1.0,0.2,score_point,0.12340425531914893,0.38925,0.1275,0.8725,0.8349282296650717,705,400,False
model,0.52,0.3,1.0,0.2,score_point,0.12340425531914893,0.38925,0.1275,0.8725,0.8349282296650717,705,400,False
model,0.53,0.3,1.0,0.2,score_point,0.12340425531914893,0.39274999999999993,0.1325,0.8675,0.8321342925659473,705,400,False
model,0.54,0.3,1.0,0.2,score_point,0.12340425531914893,0.3944999999999999,0.135,0.865,0.8307322929171669,705,400,False
model,0.55,0.3,1.0,0.2,score_point,0.12340425531914893,0.3962499999999999,0.1375,0.8625,0.8293269230769231,705,400,False
model,0.7,0.2,1.0,0.2,score_point,0.12340425531914893,0.4000000000000001,0.25,0.75,0.7623888182973316,705,400,False
model,0.43,0.4,1.0,0.2,score_point,0.12340425531914893,0.4600000000000001,0.1,0.9,0.8500590318772135,705,400,False
model,0.44,0.4,1.0,0.2,score_point,0.12340425531914893,0.4600000000000001,0.1,0.9,0.8500590318772135,705,400,False
model,0.03,0.5,2.5,0.2,score_point,0.12340425531914893,0.515,0.0075,0.9925,0.8981900452488688,705,400,False
model,0.02,0.6,2.0,0.2,score_point,0.12340425531914893,0.6069999999999999,0.005,0.995,0.8994350282485876,705,400,False
model,0.13,0.6,1.0,0.2,score_point,0.12340425531914893,0.6119999999999999,0.03,0.97,0.8868571428571429,705,400,False
model,0.14,0.6,1.0,0.2,score_point,0.12340425531914893,0.6129999999999999,0.0325,0.9675,0.88558352402746,705,400,False
model,0.03,0.7,1.0,0.2,score_point,0.12340425531914893,0.7022499999999999,0.0075,0.9925,0.8981900452488688,705,400,False
model,0.2,0.2,2.0,0.2,score_point,0.12482269503546099,0.28550000000000003,0.0475,0.9525,0.8768699654775605,705,400,False
model,0.21,0.2,2.0,0.2,score_point,0.12482269503546099,0.28550000000000003,0.0475,0.9525,0.8768699654775605,705,400,True
model,0.28,0.2,1.5,0.2,score_point,0.12482269503546099,0.28775000000000006,0.0675,0.9325,0.8664343786295005,705,400,False
model,0.14,0.2,3.0,0.2,score_point,0.12482269503546099,0.29100000000000004,0.0325,0.9675,0.8845714285714286,705,400,False
model,0.16,0.2,2.5,0.2,score_point,0.12482269503546099,0.29200000000000004,0.04,0.96,0.8807339449541285,705,400,False
model,0.19,0.3,1.5,0.2,score_point,0.12482269503546099,0.357,0.0475,0.9525,0.8768699654775605,705,400,False
model,0.67,0.2,1.0,0.2,score_point,0.12482269503546099,0.37200000000000005,0.215,0.785,0.7830423940149626,705,400,False
model,0.68,0.2,1.0,0.2,score_point,0.12482269503546099,0.382,0.2275,0.7725,0.7754077791718946,705,400,False
model,0.69,0.2,1.0,0.2,score_point,0.12482269503546099,0.39000000000000007,0.2375,0.7625,0.7692307692307692,705,400,False
model,0.41,0.4,1.0,0.2,score_point,0.12482269503546099,0.4585000000000001,0.0975,0.9025,0.850412249705536,705,400,False
model,0.42,0.4,1.0,0.2,score_point,0.12482269503546099,0.4600000000000001,0.1,0.9,0.8490566037735849,705,400,False
model,0.11,0.6,1.0,0.2,score_point,0.12482269503546099,0.6089999999999999,0.0225,0.9775,0.8896473265073948,705,400,False
model,0.12,0.6,1.0,0.2,score_point,0.12482269503546099,0.6089999999999999,0.0225,0.9775,0.8896473265073948,705,400,False
model,0.27,0.2,1.5,0.2,score_point,0.12624113475177304,0.28125000000000006,0.0625,0.9375,0.8680555555555556,705,400,True
model,0.19,0.2,2.0,0.2,score_point,0.12624113475177304,0.28550000000000003,0.0475,0.9525,0.8758620689655172,705,400,False
model,0.15,0.2,2.5,0.2,score_point,0.12624113475177304,0.28625000000000006,0.0375,0.9625,0.8810068649885583,705,400,False
model,0.13,0.2,3.5,0.2,score_point,0.12624113475177304,0.29900000000000004,0.03,0.97,0.8848346636259977,705,400,False
model,0.1,0.3,2.0,0.2,score_point,0.12624113475177304,0.3382499999999999,0.0225,0.9775,0.8886363636363638,705,400,False
model,0.08,0.3,2.5,0.2,score_point,0.12624113475177304,0.3439999999999999,0.02,0.98,0.8898978433598185,705,400,False
model,0.07,0.3,3.5,0.2,score_point,0.12624113475177304,0.3559999999999999,0.0175,0.9825,0.891156462585034,705,400,False
model,0.64,0.2,1.0,0.2,score_point,0.12624113475177304,0.35600000000000004,0.195,0.805,0.7940813810110974,705,400,False
model,0.18,0.3,1.5,0.2,score_point,0.12624113475177304,0.357,0.0475,0.9525,0.8758620689655172,705,400,False
model,0.65,0.2,1.0,0.2,score_point,0.12624113475177304,0.3660000000000001,0.2075,0.7925,0.7866004962779156,705,400,False
model,0.66,0.2,1.0,0.2,score_point,0.12624113475177304,0.36800000000000005,0.21,0.79,0.7850931677018633,705,400,False
model,0.5,0.3,1.0,0.2,score_point,0.12624113475177304,0.38575,0.1225,0.8775,0.8357142857142856,705,400,False
model,0.14,0.4,1.5,0.2,score_point,0.12624113475177304,0.43575,0.0325,0.9675,0.8835616438356164,705,400,False
model,0.4,0.4,1.0,0.2,score_point,0.12624113475177304,0.4585000000000001,0.0975,0.9025,0.8494117647058822,705,400,False
model,0.22,0.5,1.0,0.2,score_point,0.12624113475177304,0.52625,0.0525,0.9475,0.8732718894009217,705,400,False
model,0.09,0.6,1.0,0.2,score_point,0.12624113475177304,0.6079999999999999,0.02,0.98,0.8898978433598185,705,400,False
model,0.1,0.6,1.0,0.2,score_point,0.12624113475177304,0.6089999999999999,0.0225,0.9775,0.8886363636363638,705,400,False
model,0.02,0.7,1.0,0.2,score_point,0.12624113475177304,0.7015,0.005,0.995,0.8974069898534386,705,400,False
model,0.26,0.2,1.5,0.2,score_point,0.1276595744680851,0.278,0.06,0.94,0.8683602771362587,705,400,True
model,0.18,0.2,2.0,0.2,score_point,0.1276595744680851,0.28550000000000003,0.0475,0.9525,0.8748564867967853,705,400,False
model,0.6,0.2,1.0,0.2,score_point,0.1276595744680851,0.3360000000000001,0.17,0.83,0.8077858880778588,705,400,False
model,0.61,0.2,1.0,0.2,score_point,0.1276595744680851,0.3400000000000001,0.175,0.825,0.8048780487804876,705,400,False
model,0.62,0.2,1.0,0.2,score_point,0.1276595744680851,0.3420000000000001,0.1775,0.8225,0.8034188034188035,705,400,False
model,0.63,0.2,1.0,0.2,score_point,0.1276595744680851,0.3440000000000001,0.18,0.82,0.8019559902200488,705,400,False
model,0.17,0.3,1.5,0.2,score_point,0.1276595744680851,0.3509999999999999,0.0425,0.9575,0.8774341351660939,705,400,False
model,0.47,0.3,1.0,0.2,score_point,0.1276595744680851,0.38049999999999995,0.115,0.885,0.8388625592417062,705,400,False
model,0.48,0.3,1.0,0.2,score_point,0.1276595744680851,0.3822499999999999,0.1175,0.8825,0.837485172004745,705,400,False
model,0.49,0.3,1.0,0.2,score_point,0.1276595744680851,0.38575,0.1225,0.8775,0.8347205707491082,705,400,False
model,0.06,0.4,2.5,0.2,score_point,0.1276595744680851,0.43150000000000005,0.015,0.985,0.8914027149321266,705,400,False
model,0.05,0.4,3.5,0.2,score_point,0.1276595744680851,0.43875,0.0125,0.9875,0.8926553672316384,705,400,False
model,0.37,0.4,1.0,0.2,score_point,0.1276595744680851,0.4555,0.0925,0.9075,0.8511137162954278,705,400,False
model,0.38,0.4,1.0,0.2,score_point,0.1276595744680851,0.4555,0.0925,0.9075,0.8511137162954278,705,400,False
model,0.39,0.4,1.0,0.2,score_point,0.1276595744680851,0.4585000000000001,0.0975,0.9025,0.8484136310223266,705,400,False
model,0.06,0.5,1.5,0.2,score_point,0.1276595744680851,0.515,0.015,0.985,0.8914027149321266,705,400,False
model,0.17,0.5,1.0,0.2,score_point,0.1276595744680851,0.52125,0.0425,0.9575,0.8774341351660939,705,400,False
model,0.18,0.5,1.0,0.2,score_point,0.1276595744680851,0.52375,0.0475,0.9525,0.8748564867967853,705,400,False
model,0.19,0.5,1.0,0.2,score_point,0.1276595744680851,0.52375,0.0475,0.9525,0.8748564867967853,705,400,False
model,0.2,0.5,1.0,0.2,score_point,0.1276595744680851,0.52375,0.0475,0.9525,0.8748564867967853,705,400,False
model,0.21,0.5,1.0,0.2,score_point,0.1276595744680851,0.52375,0.0475,0.9525,0.8748564867967853,705,400,False
model,0.01,0.6,2.5,0.2,score_point,0.1276595744680851,0.6047499999999999,0.0025,0.9975,0.8976377952755905,705,400,False
model,0.03,0.6,1.5,0.2,score_point,0.1276595744680851,0.6067499999999998,0.0075,0.9925,0.895152198421646,705,400,False
model,0.08,0.6,1.0,0.2,score_point,0.1276595744680851,0.6079999999999999,0.02,0.98,0.8888888888888888,705,400,False
model,0.13,0.2,3.0,0.2,score_point,0.12907801418439716,0.28400000000000003,0.03,0.97,0.8828213879408419,705,400,False
model,0.57,0.2,1.0,0.2,score_point,0.12907801418439716,0.31600000000000006,0.145,0.855,0.8211284513805521,705,400,False
model,0.58,0.2,1.0,0.2,score_point,0.12907801418439716,0.322,0.1525,0.8475,0.8168674698795181,705,400,False
model,0.59,0.2,1.0,0.2,score_point,0.12907801418439716,0.33,0.1625,0.8375,0.8111380145278451,705,400,False
model,0.09,0.3,2.0,0.2,score_point,0.12907801418439716,0.3339999999999999,0.02,0.98,0.8878822197055493,705,400,False
model,0.07,0.3,3.0,0.2,score_point,0.12907801418439716,0.34724999999999995,0.0175,0.9825,0.8891402714932127,705,400,False
model,0.45,0.3,1.0,0.2,score_point,0.12907801418439716,0.37699999999999995,0.11,0.89,0.8406139315230224,705,400,False
model,0.46,0.3,1.0,0.2,score_point,0.12907801418439716,0.37875,0.1125,0.8875,0.8392434988179668,705,400,False
model,0.13,0.4,1.5,0.2,score_point,0.12907801418439716,0.433,0.03,0.97,0.8828213879408419,705,400,False
model,0.12,0.2,3.5,0.2,score_point,0.13049645390070921,0.27425000000000005,0.0225,0.9775,0.8856172140430351,705,400,True
model,0.14,0.2,2.5,0.2,score_point,0.13049645390070921,0.27475,0.0325,0.9675,0.8805460750853242,705,400,False
model,0.25,0.2,1.5,0.2,score_point,0.13049645390070921,0.27475,0.0575,0.9425,0.8676639815880323,705,400,False
model,0.56,0.2,1.0,0.2,score_point,0.13049645390070921,0.31,0.1375,0.8625,0.8243727598566308,705,400,False
model,0.16,0.3,1.5,0.2,score_point,0.13049645390070921,0.348,0.04,0.96,0.8767123287671232,705,400,False
model,0.43,0.3,1.0,0.2,score_point,0.13049645390070921,0.37,0.1,0.9,0.8450704225352113,705,400,False
model,0.44,0.3,1.0,0.2,score_point,0.13049645390070921,0.37,0.1,0.9,0.8450704225352113,705,400,False
model,0.07,0.4,2.0,0.2,score_point,0.13049645390070921,0.428,0.0175,0.9825,0.888135593220339,705,400,False
model,0.05,0.4,3.0,0.2,score_point,0.13049645390070921,0.4325,0.0125,0.9875,0.8906426155580609,705,400,False
model,0.33,0.4,1.0,0.2,score_point,0.13049645390070921,0.44800000000000006,0.08,0.92,0.8558139534883721,705,400,False
model,0.34,0.4,1.0,0.2,score_point,0.13049645390070921,0.44800000000000006,0.08,0.92,0.8558139534883721,705,400,False
model,0.35,0.4,1.0,0.2,score_point,0.13049645390070921,0.4525,0.0875,0.9125,0.8518086347724622,705,400,False
model,0.36,0.4,1.0,0.2,score_point,0.13049645390070921,0.4525,0.0875,0.9125,0.8518086347724622,705,400,False
model,0.16,0.5,1.0,0.2,score_point,0.13049645390070921,0.52,0.04,0.96,0.8767123287671232,705,400,False
model,0.17,0.2,2.0,0.2,score_point,0.13191489361702127,0.2765,0.0425,0.9575,0.8744292237442922,705,400,False
model,0.52,0.2,1.0,0.2,score_point,0.13191489361702127,0.30200000000000005,0.1275,0.8725,0.828978622327791,705,400,False
model,0.53,0.2,1.0,0.2,score_point,0.13191489361702127,0.30600000000000005,0.1325,0.8675,0.8261904761904761,705,400,False
model,0.54,0.2,1.0,0.2,score_point,0.13191489361702127,0.30800000000000005,0.135,0.865,0.8247914183551847,705,400,False
model,0.55,0.2,1.0,0.2,score_point,0.13191489361702127,0.31,0.1375,0.8625,0.8233890214797137,705,400,False
model,0.15,0.3,1.5,0.2,score_point,0.13191489361702127,0.3449999999999999,0.0375,0.9625,0.8769931662870158,705,400,False
model,0.41,0.3,1.0,0.2,score_point,0.13191489361702127,0.36824999999999997,0.0975,0.9025,0.8454332552693209,705,400,False
model,0.42,0.3,1.0,0.2,score_point,0.13191489361702127,0.37,0.1,0.9,0.8440797186400938,705,400,False
model,0.11,0.4,1.5,0.2,score_point,0.13191489361702127,0.42475,0.0225,0.9775,0.8846153846153846,705,400,False
model,0.12,0.4,1.5,0.2,score_point,0.13191489361702127,0.42475,0.0225,0.9775,0.8846153846153846,705,400,False
model,0.3,0.4,1.0,0.2,score_point,0.13191489361702127,0.442,0.07,0.93,0.8601156069364163,705,400,False
model,0.31,0.4,1.0,0.2,score_point,0.13191489361702127,0.445,0.075,0.925,0.8574739281575898,705,400,False
model,0.32,0.4,1.0,0.2,score_point,0.13191489361702127,0.44650000000000006,0.0775,0.9225,0.8561484918793504,705,400,False
model,0.02,0.5,3.5,0.2,score_point,0.13191489361702127,0.515,0.005,0.995,0.8933782267115601,705,400,False
model,0.15,0.5,1.0,0.2,score_point,0.13191489361702127,0.51875,0.0375,0.9625,0.8769931662870158,705,400,False
model,0.01,0.7,1.0,0.2,score_point,0.13191489361702127,0.70075,0.0025,0.9975,0.8946188340807175,705,400,False
model,0.0,0.8,1.0,0.2,score_point,0.13191489361702127,0.8,0.0,1.0,0.8958566629339305,705,400,False
model,0.0,0.8,1.5,0.2,score_point,0.13191489361702127,0.8,0.0,1.0,0.8958566629339305,705,400,False
model,0.0,0.8,2.0,0.2,score_point,0.13191489361702127,0.8,0.0,1.0,0.8958566629339305,705,400,False
model,0.0,0.8,2.5,0.2,score_point,0.13191489361702127,0.8,0.0,1.0,0.8958566629339305,705,400,False
model,0.0,0.8,3.0,0.2,score_point,0.13191489361702127,0.8,0.0,1.0,0.8958566629339305,705,400,False
model,0.0,0.8,3.5,0.2,score_point,0.13191489361702127,0.8,0.0,1.0,0.8958566629339305,705,400,False
model,0.12,0.2,3.0,0.2,score_point,0.13333333333333333,0.26300000000000007,0.0225,0.9775,0.8836158192090396,705,400,True
model,0.11,0.2,3.5,0.2,score_point,0.13333333333333333,0.27425000000000005,0.0225,0.9775,0.8836158192090396,705,400,False
model,0.24,0.2,1.5,0.2,score_point,0.13333333333333333,0.27475,0.0575,0.9425,0.8656716417910448,705,400,False
model,0.51,0.2,1.0,0.2,score_point,0.13333333333333333,0.30200000000000005,0.1275,0.8725,0.8279952550415184,705,400,False
model,0.06,0.3,3.5,0.2,score_point,0.13333333333333333,0.3479999999999999,0.015,0.985,0.8873873873873872,705,400,False
model,0.4,0.3,1.0,0.2,score_point,0.13333333333333333,0.36824999999999997,0.0975,0.9025,0.8444444444444443,705,400,False
model,0.29,0.4,1.0,0.2,score_point,0.13333333333333333,0.44049999999999995,0.0675,0.9325,0.8604382929642446,705,400,False
model,0.03,0.5,2.0,0.2,score_point,0.13333333333333333,0.51125,0.0075,0.9925,0.8911335578002245,705,400,False
model,0.05,0.5,1.5,0.2,score_point,0.13333333333333333,0.5125,0.0125,0.9875,0.8886389201349831,705,400,False
model,0.07,0.6,1.0,0.2,score_point,0.13333333333333333,0.6069999999999999,0.0175,0.9825,0.8861330326944759,705,400,False
model,0.13,0.2,2.5,0.2,score_point,0.1347517730496454,0.2690000000000001,0.03,0.97,0.8788221970554925,705,400,False
model,0.16,0.2,2.0,0.2,score_point,0.1347517730496454,0.272,0.04,0.96,0.8737201365187713,705,400,False
model,0.07,0.3,2.5,0.2,score_point,0.1347517730496454,0.33849999999999997,0.0175,0.9825,0.8851351351351352,705,400,False
model,0.37,0.3,1.0,0.2,score_point,0.1347517730496454,0.36474999999999996,0.0925,0.9075,0.846153846153846,705,400,False
model,0.38,0.3,1.0,0.2,score_point,0.1347517730496454,0.36474999999999996,0.0925,0.9075,0.846153846153846,705,400,False
model,0.39,0.3,1.0,0.2,score_point,0.1347517730496454,0.36824999999999997,0.0975,0.9025,0.8434579439252335,705,400,False
model,0.09,0.4,1.5,0.2,score_point,0.1347517730496454,0.42200000000000004,0.02,0.98,0.8838782412626833,705,400,False
model,0.1,0.4,1.5,0.2,score_point,0.1347517730496454,0.42475,0.0225,0.9775,0.8826185101580135,705,400,False
model,0.27,0.4,1.0,0.2,score_point,0.1347517730496454,0.4375,0.0625,0.9375,0.8620689655172414,705,400,False
model,0.28,0.4,1.0,0.2,score_point,0.1347517730496454,0.44049999999999995,0.0675,0.9325,0.859447004608295,705,400,False
model,0.02,0.5,3.0,0.2,score_point,0.1347517730496454,0.5125,0.005,0.995,0.8913773796192609,705,400,False
model,0.13,0.5,1.0,0.2,score_point,0.1347517730496454,0.515,0.03,0.97,0.8788221970554925,705,400,False
model,0.14,0.5,1.0,0.2,score_point,0.1347517730496454,0.51625,0.0325,0.9675,0.8775510204081632,705,400,False
model,0.11,0.2,3.0,0.2,score_point,0.13617021276595745,0.26300000000000007,0.0225,0.9775,0.8816234498308906,705,400,False
model,0.15,0.2,2.0,0.2,score_point,0.13617021276595745,0.2675,0.0375,0.9625,0.8740068104426788,705,400,False
model,0.23,0.2,1.5,0.2,score_point,0.13617021276595745,0.2715,0.055,0.945,0.8649885583524026,705,400,False
model,0.1,0.2,3.5,0.2,score_point,0.13617021276595745,0.27425000000000005,0.0225,0.9775,0.8816234498308906,705,400,False
model,0.5,0.2,1.0,0.2,score_point,0.13617021276595745,0.29800000000000004,0.1225,0.8775,0.8288075560802834,705,400,False
model,0.08,0.3,2.0,0.2,score_point,0.13617021276595745,0.3339999999999999,0.02,0.98,0.882882882882883,705,400,False
model,0.14,0.3,1.5,0.2,score_point,0.13617021276595745,0.3389999999999999,0.0325,0.9675,0.8765571913929786,705,400,False
model,0.06,0.3,3.0,0.2,score_point,0.13617021276595745,0.3404999999999999,0.015,0.985,0.8853932584269663,705,400,False
model,0.05,0.4,2.5,0.2,score_point,0.13617021276595745,0.42625,0.0125,0.9875,0.8866442199775534,705,400,False
model,0.26,0.4,1.0,0.2,score_point,0.13617021276595745,0.436,0.06,0.94,0.8623853211009174,705,400,False
model,0.04,0.5,1.5,0.2,score_point,0.13617021276595745,0.51,0.01,0.99,0.8878923766816144,705,400,False
model,0.11,0.5,1.0,0.2,score_point,0.13617021276595745,0.51125,0.0225,0.9775,0.8816234498308906,705,400,False
model,0.12,0.5,1.0,0.2,score_point,0.13617021276595745,0.51125,0.0225,0.9775,0.8816234498308906,705,400,False
model,0.01,0.6,2.0,0.2,score_point,0.13617021276595745,0.6034999999999999,0.0025,0.9975,0.8916201117318434,705,400,False
model,0.02,0.6,1.5,0.2,score_point,0.13617021276595745,0.6044999999999999,0.005,0.995,0.8903803131991052,705,400,False
model,0.47,0.2,1.0,0.2,score_point,0.1375886524822695,0.29200000000000004,0.115,0.885,0.8319623971797885,705,400,False
model,0.48,0.2,1.0,0.2,score_point,0.1375886524822695,0.29400000000000004,0.1175,0.8825,0.8305882352941176,705,400,False
model,0.49,0.2,1.0,0.2,score_point,0.1375886524822695,0.29800000000000004,0.1225,0.8775,0.8278301886792453,705,400,False
model,0.34,0.3,1.0,0.2,score_point,0.1375886524822695,0.3559999999999999,0.08,0.92,0.8508670520231214,705,400,False
model,0.35,0.3,1.0,0.2,score_point,0.1375886524822695,0.3612499999999999,0.0875,0.9125,0.8468677494199536,705,400,False
model,0.36,0.3,1.0,0.2,score_point,0.1375886524822695,0.3612499999999999,0.0875,0.9125,0.8468677494199536,705,400,False
model,0.06,0.4,2.0,0.2,score_point,0.1375886524822695,0.42400000000000004,0.015,0.985,0.8843995510662177,705,400,False
model,0.04,0.4,3.5,0.2,score_point,0.1375886524822695,0.43099999999999994,0.01,0.99,0.8868980963045912,705,400,False
model,0.25,0.4,1.0,0.2,score_point,0.1375886524822695,0.43450000000000005,0.0575,0.9425,0.8627002288329519,705,400,False
model,0.09,0.5,1.0,0.2,score_point,0.1375886524822695,0.51,0.02,0.98,0.8818897637795274,705,400,False
model,0.1,0.5,1.0,0.2,score_point,0.1375886524822695,0.51125,0.0225,0.9775,0.8806306306306306,705,400,False
model,0.06,0.6,1.0,0.2,score_point,0.1375886524822695,0.6059999999999998,0.015,0.985,0.8843995510662177,705,400,False
model,0.12,0.2,2.5,0.2,score_point,0.13900709219858157,0.25175000000000003,0.0225,0.9775,0.8796400449943756,705,400,True
model,0.1,0.2,3.0,0.2,score_point,0.13900709219858157,0.26300000000000007,0.0225,0.9775,0.8796400449943756,705,400,False
model,0.09,0.2,3.5,0.2,score_point,0.13900709219858157,0.266,0.02,0.98,0.8808988764044944,705,400,False
model,0.45,0.2,1.0,0.2,score_point,0.13900709219858157,0.28800000000000003,0.11,0.89,0.8337236533957846,705,400,False
model,0.46,0.2,1.0,0.2,score_point,0.13900709219858157,0.2900000000000001,0.1125,0.8875,0.8323563892145369,705,400,False
model,0.13,0.3,1.5,0.2,score_point,0.13900709219858157,0.33599999999999997,0.03,0.97,0.8758465011286682,705,400,False
model,0.33,0.3,1.0,0.2,score_point,0.13900709219858157,0.3559999999999999,0.08,0.92,0.8498845265588916,705,400,False
model,0.24,0.4,1.0,0.2,score_point,0.13900709219858157,0.43450000000000005,0.0575,0.9425,0.8617142857142857,705,400,False
model,0.14,0.2,2.0,0.2,score_point,0.14042553191489363,0.2585,0.0325,0.9675,0.873589164785553,705,400,False
model,0.43,0.2,1.0,0.2,score_point,0.14042553191489363,0.28,0.1,0.9,0.8381839348079162,705,400,False
model,0.44,0.2,1.0,0.2,score_point,0.14042553191489363,0.28,0.1,0.9,0.8381839348079162,705,400,False
model,0.3,0.3,1.0,0.2,score_point,0.14042553191489363,0.3489999999999999,0.07,0.93,0.8541905855338693,705,400,False
model,0.31,0.3,1.0,0.2,score_point,0.14042553191489363,0.3525,0.075,0.925,0.8515535097813579,705,400,False
model,0.32,0.3,1.0,0.2,score_point,0.14042553191489363,0.35424999999999995,0.0775,0.9225,0.8502304147465437,705,400,False
model,0.08,0.4,1.5,0.2,score_point,0.14042553191489363,0.42200000000000004,0.02,0.98,0.8799102132435466,705,400,False
model,0.04,0.4,3.0,0.2,score_point,0.14042553191489363,0.42599999999999993,0.01,0.99,0.8849162011173185,705,400,False
model,0.23,0.4,1.0,0.2,score_point,0.14042553191489363,0.43300000000000005,0.055,0.945,0.8620296465222348,705,400,False
model,0.02,0.5,2.5,0.2,score_point,0.14042553191489363,0.51,0.005,0.995,0.887402452619844,705,400,False
model,0.08,0.5,1.0,0.2,score_point,0.14042553191489363,0.51,0.02,0.98,0.8799102132435466,705,400,False
model,0.11,0.2,2.5,0.2,score_point,0.14184397163120568,0.25175000000000003,0.0225,0.9775,0.8776655443322111,705,400,False
model,0.09,0.2,3.0,0.2,score_point,0.14184397163120568,0.256,0.02,0.98,0.8789237668161434,705,400,False
model,0.22,0.2,1.5,0.2,score_point,0.14184397163120568,0.26825000000000004,0.0525,0.9475,0.8623435722411832,705,400,False
model,0.41,0.2,1.0,0.2,score_point,0.14184397163120568,0.278,0.0975,0.9025,0.8385598141695702,705,400,False
model,0.42,0.2,1.0,0.2,score_point,0.14184397163120568,0.28,0.1,0.9,0.8372093023255814,705,400,False
model,0.12,0.3,1.5,0.2,score_point,0.14184397163120568,0.3269999999999999,0.0225,0.9775,0.8776655443322111,705,400,False
model,0.06,0.3,2.5,0.2,score_point,0.14184397163120568,0.3329999999999999,0.015,0.985,0.8814317673378076,705,400,False
model,0.29,0.3,1.0,0.2,score_point,0.14184397163120568,0.34724999999999995,0.0675,0.9325,0.8545246277205041,705,400,False
model,0.4,0.2,1.0,0.2,score_point,0.14326241134751774,0.278,0.0975,0.9025,0.8375870069605569,705,400,False
model,0.11,0.3,1.5,0.2,score_point,0.14326241134751774,0.3269999999999999,0.0225,0.9775,0.8766816143497758,705,400,False
model,0.27,0.3,1.0,0.2,score_point,0.14326241134751774,0.34374999999999994,0.0625,0.9375,0.8561643835616439,705,400,False
model,0.28,0.3,1.0,0.2,score_point,0.14326241134751774,0.34724999999999995,0.0675,0.9325,0.8535469107551488,705,400,False
model,0.05,0.6,1.0,0.2,score_point,0.14326241134751774,0.6049999999999999,0.0125,0.9875,0.8816964285714286,705,400,False
model,0.1,0.2,2.5,0.2,score_point,0.14468085106382977,0.25175000000000003,0.0225,0.9775,0.8756998880179172,705,400,False
model,0.13,0.2,2.0,0.2,score_point,0.14468085106382977,0.25400000000000006,0.03,0.97,0.8719101123595505,705,400,False
model,0.2,0.2,1.5,0.2,score_point,0.14468085106382977,0.26175000000000004,0.0475,0.9525,0.8629671574178936,705,400,False
model,0.21,0.2,1.5,0.2,score_point,0.14468085106382977,0.26175000000000004,0.0475,0.9525,0.8629671574178936,705,400,False
model,0.38,0.2,1.0,0.2,score_point,0.14468085106382977,0.2740000000000001,0.0925,0.9075,0.8393063583815029,705,400,False
model,0.39,0.2,1.0,0.2,score_point,0.14468085106382977,0.278,0.0975,0.9025,0.8366164542294322,705,400,False
model,0.07,0.3,2.0,0.2,score_point,0.14468085106382977,0.32974999999999993,0.0175,0.9825,0.8782122905027934,705,400,False
model,0.05,0.3,3.5,0.2,score_point,0.14468085106382977,0.3399999999999999,0.0125,0.9875,0.8807134894091416,705,400,False
model,0.26,0.3,1.0,0.2,score_point,0.14468085106382977,0.34199999999999986,0.06,0.94,0.856492027334852,705,400,False
model,0.22,0.4,1.0,0.2,score_point,0.14468085106382977,0.43150000000000005,0.0525,0.9475,0.8603859250851305,705,400,False
model,0.19,0.2,1.5,0.2,score_point,0.14609929078014183,0.26175000000000004,0.0475,0.9525,0.8619909502262444,705,400,False
model,0.08,0.2,3.5,0.2,score_point,0.14609929078014183,0.266,0.02,0.98,0.8759776536312849,705,400,False
model,0.37,0.2,1.0,0.2,score_point,0.14609929078014183,0.2740000000000001,0.0925,0.9075,0.838337182448037,705,400,False
model,0.1,0.3,1.5,0.2,score_point,0.14609929078014183,0.3269999999999999,0.0225,0.9775,0.8747203579418343,705,400,False
model,0.25,0.3,1.0,0.2,score_point,0.14609929078014183,0.34024999999999994,0.0575,0.9425,0.8568181818181818,705,400,False
model,0.05,0.4,2.0,0.2,score_point,0.14609929078014183,0.42,0.0125,0.9875,0.8797327394209354,705,400,False
model,0.04,0.4,2.5,0.2,score_point,0.14609929078014183,0.42099999999999993,0.01,0.99,0.8809788654060067,705,400,False
model,0.17,0.4,1.0,0.2,score_point,0.14609929078014183,0.4255,0.0425,0.9575,0.8645598194130926,705,400,False
model,0.18,0.4,1.0,0.2,score_point,0.14609929078014183,0.4285,0.0475,0.9525,0.8619909502262444,705,400,False
model,0.19,0.4,1.0,0.2,score_point,0.14609929078014183,0.4285,0.0475,0.9525,0.8619909502262444,705,400,False
model,0.2,0.4,1.0,0.2,score_point,0.14609929078014183,0.4285,0.0475,0.9525,0.8619909502262444,705,400,False
model,0.21,0.4,1.0,0.2,score_point,0.14609929078014183,0.4285,0.0475,0.9525,0.8619909502262444,705,400,False
model,0.07,0.5,1.0,0.2,score_point,0.14609929078014183,0.50875,0.0175,0.9825,0.8772321428571429,705,400,False
model,0.04,0.6,1.0,0.2,score_point,0.14609929078014183,0.6039999999999999,0.01,0.99,0.8809788654060067,705,400,False
model,0.09,0.2,2.5,0.2,score_point,0.1475177304964539,0.24600000000000002,0.02,0.98,0.8749999999999999,705,400,True
model,0.18,0.2,1.5,0.2,score_point,0.1475177304964539,0.26175000000000004,0.0475,0.9525,0.8610169491525423,705,400,False
model,0.09,0.3,1.5,0.2,score_point,0.1475177304964539,0.3239999999999999,0.02,0.98,0.8749999999999999,705,400,False
model,0.05,0.3,3.0,0.2,score_point,0.1475177304964539,0.33374999999999994,0.0125,0.9875,0.8787541713014462,705,400,False
model,0.24,0.3,1.0,0.2,score_point,0.1475177304964539,0.34024999999999994,0.0575,0.9425,0.8558456299659478,705,400,False
model,0.03,0.5,1.5,0.2,score_point,0.1475177304964539,0.5075,0.0075,0.9925,0.881243063263041,705,400,False
model,0.12,0.2,2.0,0.2,score_point,0.14893617021276595,0.24050000000000005,0.0225,0.9775,0.8727678571428572,705,400,True
model,0.08,0.2,3.0,0.2,score_point,0.14893617021276595,0.256,0.02,0.98,0.8740245261984393,705,400,False
model,0.36,0.2,1.0,0.2,score_point,0.14893617021276595,0.2700000000000001,0.0875,0.9125,0.8390804597701149,705,400,False
model,0.23,0.3,1.0,0.2,score_point,0.14893617021276595,0.33849999999999997,0.055,0.945,0.8561721404303511,705,400,False
model,0.07,0.4,1.5,0.2,score_point,0.14893617021276595,0.41924999999999996,0.0175,0.9825,0.8752783964365257,705,400,False
model,0.16,0.4,1.0,0.2,score_point,0.14893617021276595,0.42400000000000004,0.04,0.96,0.8638920134983128,705,400,False
model,0.02,0.5,2.0,0.2,score_point,0.14893617021276595,0.5075,0.005,0.995,0.8815060908084164,705,400,False
model,0.01,0.6,1.5,0.2,score_point,0.14893617021276595,0.6022499999999998,0.0025,0.9975,0.8827433628318584,705,400,False
model,0.34,0.2,1.0,0.2,score_point,0.150354609929078,0.26400000000000007,0.08,0.92,0.8421052631578948,705,400,False
model,0.35,0.2,1.0,0.2,score_point,0.150354609929078,0.2700000000000001,0.0875,0.9125,0.8381171067738232,705,400,False
model,0.15,0.4,1.0,0.2,score_point,0.150354609929078,0.4225,0.0375,0.9625,0.8641975308641976,705,400,False
model,0.11,0.2,2.0,0.2,score_point,0.15177304964539007,0.24050000000000005,0.0225,0.9775,0.8708240534521158,705,400,False
model,0.17,0.2,1.5,0.2,score_point,0.15177304964539007,0.25525000000000003,0.0425,0.9575,0.8606741573033708,705,400,False
model,0.33,0.2,1.0,0.2,score_point,0.15177304964539007,0.26400000000000007,0.08,0.92,0.8411428571428572,705,400,False
model,0.06,0.3,2.0,0.2,score_point,0.15177304964539007,0.3254999999999999,0.015,0.985,0.8745837957824639,705,400,False
model,0.3,0.2,1.0,0.2,score_point,0.15319148936170213,0.256,0.07,0.93,0.8454545454545456,705,400,False
model,0.31,0.2,1.0,0.2,score_point,0.15319148936170213,0.26,0.075,0.925,0.8428246013667426,705,400,False
model,0.32,0.2,1.0,0.2,score_point,0.15319148936170213,0.262,0.0775,0.9225,0.8415051311288484,705,400,False
model,0.05,0.3,2.5,0.2,score_point,0.15319148936170213,0.3274999999999999,0.0125,0.9875,0.8748615725359912,705,400,False
model,0.22,0.3,1.0,0.2,score_point,0.15319148936170213,0.33675,0.0525,0.9475,0.85456595264938,705,400,False
model,0.14,0.4,1.0,0.2,score_point,0.15319148936170213,0.41950000000000004,0.0325,0.9675,0.864804469273743,705,400,False
model,0.01,0.5,3.0,0.2,score_point,0.15319148936170213,0.50625,0.0025,0.9975,0.8798235942668137,705,400,False
model,0.01,0.5,3.5,0.2,score_point,0.15319148936170213,0.5075,0.0025,0.9975,0.8798235942668137,705,400,False
model,0.06,0.5,1.0,0.2,score_point,0.15319148936170213,0.5075,0.015,0.985,0.8736141906873613,705,400,False
model,0.03,0.6,1.0,0.2,score_point,0.15319148936170213,0.6029999999999999,0.0075,0.9925,0.8773480662983426,705,400,False
model,0.1,0.2,2.0,0.2,score_point,0.15460992907801419,0.24050000000000005,0.0225,0.9775,0.8688888888888888,705,400,False
model,0.08,0.2,2.5,0.2,score_point,0.15460992907801419,0.24600000000000002,0.02,0.98,0.8701442841287458,705,400,False
model,0.16,0.2,1.5,0.2,score_point,0.15460992907801419,0.252,0.04,0.96,0.8600223964165733,705,400,False
model,0.29,0.2,1.0,0.2,score_point,0.15460992907801419,0.254,0.0675,0.9325,0.8458049886621315,705,400,False
model,0.08,0.3,1.5,0.2,score_point,0.15460992907801419,0.3239999999999999,0.02,0.98,0.8701442841287458,705,400,False
model,0.18,0.3,1.0,0.2,score_point,0.15460992907801419,0.33324999999999994,0.0475,0.9525,0.856179775280899,705,400,False
model,0.19,0.3,1.0,0.2,score_point,0.15460992907801419,0.33324999999999994,0.0475,0.9525,0.856179775280899,705,400,False
model,0.2,0.3,1.0,0.2,score_point,0.15460992907801419,0.33324999999999994,0.0475,0.9525,0.856179775280899,705,400,False
model,0.21,0.3,1.0,0.2,score_point,0.15460992907801419,0.33324999999999994,0.0475,0.9525,0.856179775280899,705,400,False
model,0.13,0.4,1.0,0.2,score_point,0.15460992907801419,0.418,0.03,0.97,0.8651059085841695,705,400,False
model,0.15,0.2,1.5,0.2,score_point,0.15602836879432624,0.24875000000000003,0.0375,0.9625,0.8603351955307262,705,400,False
model,0.17,0.3,1.0,0.2,score_point,0.15602836879432624,0.32974999999999993,0.0425,0.9575,0.8577827547592387,705,400,False
model,0.04,0.4,2.0,0.2,score_point,0.15602836879432624,0.4159999999999999,0.01,0.99,0.8741721854304635,705,400,False
model,0.06,0.4,1.5,0.2,score_point,0.15602836879432624,0.41650000000000004,0.015,0.985,0.8716814159292036,705,400,False
model,0.09,0.2,2.0,0.2,score_point,0.1574468085106383,0.23600000000000002,0.02,0.98,0.8682170542635659,705,400,True
model,0.28,0.2,1.0,0.2,score_point,0.1574468085106383,0.254,0.0675,0.9325,0.8438914027149321,705,400,False
model,0.07,0.2,3.5,0.2,score_point,0.1574468085106383,0.25775000000000003,0.0175,0.9825,0.8694690265486725,705,400,False
model,0.11,0.4,1.0,0.2,score_point,0.1574468085106383,0.41350000000000003,0.0225,0.9775,0.8669623059866962,705,400,False
model,0.12,0.4,1.0,0.2,score_point,0.1574468085106383,0.41350000000000003,0.0225,0.9775,0.8669623059866962,705,400,False
model,0.03,0.4,3.5,0.2,score_point,0.1574468085106383,0.42325,0.0075,0.9925,0.8744493392070486,705,400,False
model,0.27,0.2,1.0,0.2,score_point,0.15886524822695036,0.25,0.0625,0.9375,0.8455467869222097,705,400,False
model,0.16,0.3,1.0,0.2,score_point,0.15886524822695036,0.32799999999999996,0.04,0.96,0.8571428571428571,705,400,False
model,0.01,0.5,2.5,0.2,score_point,0.15886524822695036,0.505,0.0025,0.9975,0.8759604829857299,705,400,False
model,0.05,0.5,1.0,0.2,score_point,0.15886524822695036,0.50625,0.0125,0.9875,0.8710033076074972,705,400,False
model,0.02,0.6,1.0,0.2,score_point,0.15886524822695036,0.6019999999999999,0.005,0.995,0.8747252747252747,705,400,False
model,0.14,0.2,1.5,0.2,score_point,0.16028368794326242,0.24225000000000002,0.0325,0.9675,0.8600000000000001,705,400,False
model,0.26,0.2,1.0,0.2,score_point,0.16028368794326242,0.24800000000000005,0.06,0.94,0.8458942632170979,705,400,False
model,0.07,0.2,3.0,0.2,score_point,0.16028368794326242,0.24900000000000003,0.0175,0.9825,0.8675496688741722,705,400,False
model,0.15,0.3,1.0,0.2,score_point,0.16028368794326242,0.32625,0.0375,0.9625,0.8574610244988864,705,400,False
model,0.04,0.3,3.5,0.2,score_point,0.16028368794326242,0.33199999999999996,0.01,0.99,0.8712871287128713,705,400,False
model,0.09,0.4,1.0,0.2,score_point,0.16028368794326242,0.41200000000000003,0.02,0.98,0.8662983425414365,705,400,False
model,0.1,0.4,1.0,0.2,score_point,0.16028368794326242,0.41350000000000003,0.0225,0.9775,0.8650442477876108,705,400,False
model,0.03,0.4,3.0,0.2,score_point,0.16028368794326242,0.41950000000000004,0.0075,0.9925,0.8725274725274725,705,400,False
model,0.02,0.5,1.5,0.2,score_point,0.16170212765957448,0.505,0.005,0.995,0.8728070175438596,705,400,False
model,0.04,0.5,1.0,0.2,score_point,0.16170212765957448,0.505,0.01,0.99,0.8703296703296703,705,400,False
model,0.25,0.2,1.0,0.2,score_point,0.16312056737588654,0.24600000000000002,0.0575,0.9425,0.8452914798206278,705,400,False
model,0.07,0.3,1.5,0.2,score_point,0.16312056737588654,0.32099999999999995,0.0175,0.9825,0.8656387665198239,705,400,False
model,0.05,0.3,2.0,0.2,score_point,0.16312056737588654,0.3212499999999999,0.0125,0.9875,0.8681318681318682,705,400,False
model,0.14,0.3,1.0,0.2,score_point,0.16312056737588654,0.3227499999999999,0.0325,0.9675,0.8580931263858093,705,400,False
model,0.04,0.3,3.0,0.2,score_point,0.16312056737588654,0.32699999999999996,0.01,0.99,0.8693743139407244,705,400,False
model,0.0,0.7,1.0,0.2,score_point,0.16312056737588654,0.7,0.0,1.0,0.8743169398907104,705,400,False
model,0.0,0.7,1.5,0.2,score_point,0.16312056737588654,0.7,0.0,1.0,0.8743169398907104,705,400,False
model,0.0,0.7,2.0,0.2,score_point,0.16312056737588654,0.7,0.0,1.0,0.8743169398907104,705,400,False
model,0.0,0.7,2.5,0.2,score_point,0.16312056737588654,0.7,0.0,1.0,0.8743169398907104,705,400,False
model,0.0,0.7,3.0,0.2,score_point,0.16312056737588654,0.7,0.0,1.0,0.8743169398907104,705,400,False
model,0.0,0.7,3.5,0.2,score_point,0.16312056737588654,0.7,0.0,1.0,0.8743169398907104,705,400,False
model,0.08,0.2,2.0,0.2,score_point,0.16453900709219857,0.23600000000000002,0.02,0.98,0.8634361233480176,705,400,False
model,0.13,0.2,1.5,0.2,score_point,0.16453900709219857,0.23900000000000002,0.03,0.97,0.8584070796460176,705,400,False
model,0.13,0.3,1.0,0.2,score_point,0.16453900709219857,0.32099999999999995,0.03,0.97,0.8584070796460176,705,400,False
model,0.05,0.4,1.5,0.2,score_point,0.16453900709219857,0.41375,0.0125,0.9875,0.8671789242590561,705,400,False
model,0.07,0.2,2.5,0.2,score_point,0.16595744680851063,0.24025000000000002,0.0175,0.9825,0.8637362637362638,705,400,False
model,0.24,0.2,1.0,0.2,score_point,0.16595744680851063,0.24600000000000002,0.0575,0.9425,0.843400447427293,705,400,False
model,0.06,0.2,3.5,0.2,score_point,0.16595744680851063,0.24950000000000003,0.015,0.985,0.8649835345773875,705,400,False
model,0.08,0.4,1.0,0.2,score_point,0.16595744680851063,0.41200000000000003,0.02,0.98,0.8624862486248626,705,400,False
model,0.03,0.4,2.5,0.2,score_point,0.16595744680851063,0.41575,0.0075,0.9925,0.8687089715536106,705,400,False
model,0.12,0.3,1.0,0.2,score_point,0.1673758865248227,0.3157499999999999,0.0225,0.9775,0.8602860286028603,705,400,False
model,0.01,0.5,2.0,0.2,score_point,0.1673758865248227,0.50375,0.0025,0.9975,0.8702290076335878,705,400,False
model,0.01,0.6,1.0,0.2,score_point,0.1673758865248227,0.6009999999999999,0.0025,0.9975,0.8702290076335878,705,400,False
model,0.12,0.2,1.5,0.2,score_point,0.16879432624113475,0.22925,0.0225,0.9775,0.8593406593406594,705,400,True
model,0.06,0.2,3.0,0.2,score_point,0.16879432624113475,0.24200000000000002,0.015,0.985,0.8630887185104053,705,400,False
model,0.23,0.2,1.0,0.2,score_point,0.16879432624113475,0.24400000000000002,0.055,0.945,0.842809364548495,705,400,False
model,0.11,0.3,1.0,0.2,score_point,0.16879432624113475,0.3157499999999999,0.0225,0.9775,0.8593406593406594,705,400,False
model,0.04,0.3,2.5,0.2,score_point,0.16879432624113475,0.32199999999999995,0.01,0.99,0.8655737704918032,705,400,False
model,0.06,0.3,1.5,0.2,score_point,0.1702127659574468,0.3179999999999999,0.015,0.985,0.862144420131291,705,400,False
model,0.11,0.2,1.5,0.2,score_point,0.17163120567375886,0.22925,0.0225,0.9775,0.8574561403508771,705,400,False
model,0.1,0.3,1.0,0.2,score_point,0.17163120567375886,0.3157499999999999,0.0225,0.9775,0.8574561403508771,705,400,False
model,0.09,0.3,1.0,0.2,score_point,0.17304964539007092,0.3139999999999999,0.02,0.98,0.8577680525164114,705,400,False
model,0.03,0.5,1.0,0.2,score_point,0.17304964539007092,0.50375,0.0075,0.9925,0.8639825897714908,705,400,False
model,0.1,0.2,1.5,0.2,score_point,0.17446808510638298,0.22925,0.0225,0.9775,0.8555798687089715,705,400,False
model,0.06,0.2,2.5,0.2,score_point,0.17446808510638298,0.23450000000000004,0.015,0.985,0.8593238822246456,705,400,False
model,0.22,0.2,1.0,0.2,score_point,0.17446808510638298,0.24200000000000002,0.0525,0.9475,0.8403547671840356,705,400,False
model,0.07,0.4,1.0,0.2,score_point,0.17446808510638298,0.4105,0.0175,0.9825,0.8580786026200874,705,400,False
model,0.04,0.4,1.5,0.2,score_point,0.17446808510638298,0.4109999999999999,0.01,0.99,0.8618063112078345,705,400,False
model,0.09,0.2,1.5,0.2,score_point,0.17588652482269504,0.226,0.02,0.98,0.8558951965065502,705,400,True
model,0.07,0.2,2.0,0.2,score_point,0.17588652482269504,0.2315,0.0175,0.9825,0.8571428571428572,705,400,False
model,0.18,0.2,1.0,0.2,score_point,0.17588652482269504,0.23800000000000004,0.0475,0.9525,0.8419889502762432,705,400,False
model,0.19,0.2,1.0,0.2,score_point,0.17588652482269504,0.23800000000000004,0.0475,0.9525,0.8419889502762432,705,400,False
model,0.2,0.2,1.0,0.2,score_point,0.17588652482269504,0.23800000000000004,0.0475,0.9525,0.8419889502762432,705,400,False
model,0.21,0.2,1.0,0.2,score_point,0.17588652482269504,0.23800000000000004,0.0475,0.9525,0.8419889502762432,705,400,False
model,0.03,0.4,2.0,0.2,score_point,0.17588652482269504,0.41200000000000003,0.0075,0.9925,0.8621064060803474,705,400,False
model,0.02,0.4,3.5,0.2,score_point,0.17588652482269504,0.4155,0.005,0.995,0.8633405639913232,705,400,False
model,0.04,0.3,2.0,0.2,score_point,0.17872340425531916,0.31699999999999995,0.01,0.99,0.8590021691973969,705,400,False
model,0.02,0.4,3.0,0.2,score_point,0.17872340425531916,0.413,0.005,0.995,0.8614718614718615,705,400,False
model,0.17,0.2,1.0,0.2,score_point,0.18014184397163122,0.23399999999999999,0.0425,0.9575,0.8417582417582417,705,400,False
model,0.05,0.2,3.5,0.2,score_point,0.18014184397163122,0.24125,0.0125,0.9875,0.8568329718004338,705,400,False
model,0.08,0.3,1.0,0.2,score_point,0.18014184397163122,0.3139999999999999,0.02,0.98,0.85310119695321,705,400,False
model,0.01,0.5,1.5,0.2,score_point,0.18014184397163122,0.5025,0.0025,0.9975,0.8617710583153347,705,400,False
model,0.05,0.3,1.5,0.2,score_point,0.18156028368794327,0.31499999999999995,0.0125,0.9875,0.8559046587215602,705,400,False
model,0.06,0.4,1.0,0.2,score_point,0.18156028368794327,0.40900000000000003,0.015,0.985,0.8546637744034707,705,400,False
model,0.08,0.2,1.5,0.2,score_point,0.1829787234042553,0.226,0.02,0.98,0.8512486427795874,705,400,False
model,0.16,0.2,1.0,0.2,score_point,0.1829787234042553,0.23200000000000004,0.04,0.96,0.8411829134720701,705,400,False
model,0.05,0.2,3.0,0.2,score_point,0.1829787234042553,0.235,0.0125,0.9875,0.854978354978355,705,400,False
model,0.06,0.2,2.0,0.2,score_point,0.18439716312056736,0.22700000000000004,0.015,0.985,0.8528138528138528,705,400,False
model,0.15,0.2,1.0,0.2,score_point,0.18439716312056736,0.23,0.0375,0.9625,0.8415300546448088,705,400,False
model,0.02,0.4,2.5,0.2,score_point,0.18439716312056736,0.4105,0.005,0.995,0.8577586206896551,705,400,False
model,0.02,0.5,1.0,0.2,score_point,0.18439716312056736,0.5025,0.005,0.995,0.8577586206896551,705,400,False
model,0.14,0.2,1.0,0.2,score_point,0.18723404255319148,0.226,0.0325,0.9675,0.8422198041349293,705,400,False
model,0.05,0.2,2.5,0.2,score_point,0.18865248226950354,0.22875,0.0125,0.9875,0.8512931034482759,705,400,False
model,0.07,0.3,1.0,0.2,score_point,0.18865248226950354,0.3122499999999999,0.0175,0.9825,0.8488120950323975,705,400,False
model,0.13,0.2,1.0,0.2,score_point,0.1900709219858156,0.22399999999999998,0.03,0.97,0.8416485900216919,705,400,True
model,0.05,0.4,1.0,0.2,score_point,0.1900709219858156,0.4075,0.0125,0.9875,0.8503767491926802,705,400,False
model,0.03,0.4,1.5,0.2,score_point,0.1900709219858156,0.40825,0.0075,0.9925,0.8528464017185822,705,400,False
model,0.03,0.3,3.5,0.2,score_point,0.19148936170212766,0.3239999999999999,0.0075,0.9925,0.851931330472103,705,400,False
model,0.02,0.4,2.0,0.2,score_point,0.19290780141843972,0.408,0.005,0.995,0.8522483940042827,705,400,False
model,0.12,0.2,1.0,0.2,score_point,0.19432624113475178,0.218,0.0225,0.9775,0.8426724137931034,705,400,True
model,0.07,0.2,1.5,0.2,score_point,0.19432624113475178,0.22274999999999998,0.0175,0.9825,0.8451612903225807,705,400,False
model,0.03,0.3,3.0,0.2,score_point,0.19432624113475178,0.3202499999999999,0.0075,0.9925,0.8501070663811564,705,400,False
model,0.06,0.3,1.0,0.2,score_point,0.19574468085106383,0.3104999999999999,0.015,0.985,0.8454935622317596,705,400,False
model,0.11,0.2,1.0,0.2,score_point,0.1971631205673759,0.218,0.0225,0.9775,0.8408602150537634,705,400,False
model,0.04,0.2,3.5,0.2,score_point,0.1971631205673759,0.233,0.01,0.99,0.8470588235294118,705,400,False
model,0.04,0.3,1.5,0.2,score_point,0.1971631205673759,0.31199999999999994,0.01,0.99,0.8470588235294118,705,400,False
model,0.05,0.2,2.0,0.2,score_point,0.19858156028368795,0.2225,0.0125,0.9875,0.8449197860962567,705,400,False
model,0.01,0.5,1.0,0.2,score_point,0.19858156028368795,0.50125,0.0025,0.9975,0.8498402555910545,705,400,False
model,0.1,0.2,1.0,0.2,score_point,0.2,0.218,0.0225,0.9775,0.8390557939914164,705,400,False
model,0.04,0.2,3.0,0.2,score_point,0.2,0.228,0.01,0.99,0.8452508004268943,705,400,False
model,0.03,0.3,2.5,0.2,score_point,0.2,0.3164999999999999,0.0075,0.9925,0.8464818763326226,705,400,False
model,0.04,0.4,1.0,0.2,score_point,0.2,0.4059999999999999,0.01,0.99,0.8452508004268943,705,400,False
model,0.09,0.2,1.0,0.2,score_point,0.20141843971631207,0.21600000000000003,0.02,0.98,0.8394004282655246,705,400,True
model,0.06,0.2,1.5,0.2,score_point,0.2028368794326241,0.21950000000000003,0.015,0.985,0.840981856990395,705,400,False
model,0.04,0.2,2.5,0.2,score_point,0.20567375886524822,0.22299999999999998,0.01,0.99,0.8416578108395323,705,400,False
model,0.02,0.4,1.5,0.2,score_point,0.20567375886524822,0.40549999999999997,0.005,0.995,0.8441145281018028,705,400,False
model,0.05,0.3,1.0,0.2,score_point,0.20709219858156028,0.3087499999999999,0.0125,0.9875,0.8395324123273115,705,400,False
model,0.08,0.2,1.0,0.2,score_point,0.20851063829787234,0.21600000000000003,0.02,0.98,0.8349307774227902,705,400,False
model,0.03,0.3,2.0,0.2,score_point,0.2099290780141844,0.3127499999999999,0.0075,0.9925,0.8402116402116403,705,400,False
model,0.01,0.4,3.0,0.2,score_point,0.2099290780141844,0.4065,0.0025,0.9975,0.8426610348468849,705,400,False
model,0.01,0.4,3.5,0.2,score_point,0.2099290780141844,0.40775,0.0025,0.9975,0.8426610348468849,705,400,False
model,0.04,0.2,2.0,0.2,score_point,0.21560283687943263,0.21799999999999997,0.01,0.99,0.8354430379746836,705,400,False
model,0.03,0.4,1.0,0.2,score_point,0.21560283687943263,0.4045,0.0075,0.9925,0.8366701791359326,705,400,False
model,0.01,0.4,2.5,0.2,score_point,0.21560283687943263,0.40525,0.0025,0.9975,0.8391167192429023,705,400,False
model,0.05,0.2,1.5,0.2,score_point,0.2170212765957447,0.21625,0.0125,0.9875,0.8333333333333334,705,400,False
model,0.0,0.6,1.0,0.2,score_point,0.2170212765957447,0.5999999999999999,0.0,1.0,0.8394543546694648,705,400,False
model,0.0,0.6,1.5,0.2,score_point,0.2170212765957447,0.5999999999999999,0.0,1.0,0.8394543546694648,705,400,False
model,0.0,0.6,2.0,0.2,score_point,0.2170212765957447,0.5999999999999999,0.0,1.0,0.8394543546694648,705,400,False
model,0.0,0.6,2.5,0.2,score_point,0.2170212765957447,0.5999999999999999,0.0,1.0,0.8394543546694648,705,400,False
model,0.0,0.6,3.0,0.2,score_point,0.2170212765957447,0.5999999999999999,0.0,1.0,0.8394543546694648,705,400,False
model,0.0,0.6,3.5,0.2,score_point,0.2170212765957447,0.5999999999999999,0.0,1.0,0.8394543546694648,705,400,False
model,0.02,0.3,3.5,0.2,score_point,0.21843971631205675,0.31599999999999995,0.005,0.995,0.8361344537815126,705,400,False
model,0.07,0.2,1.0,0.2,score_point,0.2198581560283688,0.214,0.0175,0.9825,0.829113924050633,705,400,True
model,0.02,0.3,3.0,0.2,score_point,0.22127659574468084,0.31349999999999995,0.005,0.995,0.8343815513626833,705,400,False
model,0.04,0.3,1.0,0.2,score_point,0.2226950354609929,0.30699999999999994,0.01,0.99,0.8310598111227702,705,400,False
model,0.03,0.3,1.5,0.2,score_point,0.22411347517730495,0.30899999999999994,0.0075,0.9925,0.8314136125654451,705,400,False
model,0.01,0.4,2.0,0.2,score_point,0.22411347517730495,0.40399999999999997,0.0025,0.9975,0.8338557993730408,705,400,False
model,0.02,0.3,2.5,0.2,score_point,0.22695035460992907,0.31099999999999994,0.005,0.995,0.8308977035490605,705,400,False
model,0.06,0.2,1.0,0.2,score_point,0.22836879432624113,0.21200000000000002,0.015,0.985,0.825130890052356,705,400,True
model,0.02,0.4,1.0,0.2,score_point,0.22836879432624113,0.40299999999999997,0.005,0.995,0.8300312825860271,705,400,False
model,0.04,0.2,1.5,0.2,score_point,0.23404255319148937,0.21299999999999997,0.01,0.99,0.8241415192507805,705,400,False
model,0.03,0.2,3.5,0.2,score_point,0.23546099290780143,0.22475,0.0075,0.9925,0.8245067497403946,705,400,False
model,0.02,0.3,2.0,0.2,score_point,0.23546099290780143,0.30849999999999994,0.005,0.995,0.8257261410788381,705,400,False
model,0.01,0.4,1.5,0.2,score_point,0.23687943262411348,0.40275,0.0025,0.9975,0.826086956521739,705,400,False
model,0.03,0.2,3.0,0.2,score_point,0.23829787234042554,0.221,0.0075,0.9925,0.8227979274611399,705,400,False
model,0.05,0.2,1.0,0.2,score_point,0.2425531914893617,0.21,0.0125,0.9875,0.8178053830227744,705,400,True
model,0.03,0.2,2.5,0.2,score_point,0.24397163120567375,0.21725000000000003,0.0075,0.9925,0.8194014447884416,705,400,False
model,0.02,0.3,1.5,0.2,score_point,0.24822695035460993,0.30599999999999994,0.005,0.995,0.8180883864337102,705,400,False
model,0.03,0.3,1.0,0.2,score_point,0.24964539007092199,0.3052499999999999,0.0075,0.9925,0.8160328879753341,705,400,False
model,0.03,0.2,2.0,0.2,score_point,0.25390070921985813,0.21350000000000002,0.0075,0.9925,0.8135245901639344,705,400,False
model,0.01,0.4,1.0,0.2,score_point,0.2553191489361702,0.40149999999999997,0.0025,0.9975,0.8151174668028601,705,400,False
model,0.04,0.2,1.0,0.2,score_point,0.25957446808510637,0.20799999999999996,0.01,0.99,0.8089887640449438,705,400,True
model,0.03,0.2,1.5,0.2,score_point,0.2680851063829787,0.20975000000000002,0.0075,0.9925,0.8052738336713996,705,400,False
model,0.02,0.3,1.0,0.2,score_point,0.27092198581560284,0.30349999999999994,0.005,0.995,0.8048533872598584,705,400,False
model,0.02,0.2,3.5,0.2,score_point,0.2765957446808511,0.2165,0.005,0.995,0.8016112789526687,705,400,False
model,0.02,0.2,3.0,0.2,score_point,0.2794326241134752,0.214,0.005,0.995,0.8,705,400,False
model,0.01,0.3,3.0,0.2,score_point,0.28085106382978725,0.3067499999999999,0.0025,0.9975,0.8004012036108326,705,400,False
model,0.01,0.3,3.5,0.2,score_point,0.28085106382978725,0.30799999999999994,0.0025,0.9975,0.8004012036108326,705,400,False
model,0.02,0.2,2.5,0.2,score_point,0.2851063829787234,0.2115,0.005,0.995,0.7967967967967967,705,400,False
model,0.01,0.3,2.5,0.2,score_point,0.2865248226950355,0.30549999999999994,0.0025,0.9975,0.7972027972027973,705,400,False
model,0.0,0.5,1.0,0.2,score_point,0.28794326241134754,0.5,0.0,1.0,0.7976071784646062,705,400,False
model,0.0,0.5,1.5,0.2,score_point,0.28794326241134754,0.5,0.0,1.0,0.7976071784646062,705,400,False
model,0.0,0.5,2.0,0.2,score_point,0.28794326241134754,0.5,0.0,1.0,0.7976071784646062,705,400,False
model,0.0,0.5,2.5,0.2,score_point,0.28794326241134754,0.5,0.0,1.0,0.7976071784646062,705,400,False
model,0.0,0.5,3.0,0.2,score_point,0.28794326241134754,0.5,0.0,1.0,0.7976071784646062,705,400,False
model,0.0,0.5,3.5,0.2,score_point,0.28794326241134754,0.5,0.0,1.0,0.7976071784646062,705,400,False
model,0.03,0.2,1.0,0.2,score_point,0.2936170212765957,0.20600000000000002,0.0075,0.9925,0.7908366533864541,705,400,True
model,0.02,0.2,2.0,0.2,score_point,0.2936170212765957,0.209,0.005,0.995,0.7920398009950249,705,400,False
model,0.01,0.3,2.0,0.2,score_point,0.2950354609929078,0.3042499999999999,0.0025,0.9975,0.7924528301886793,705,400,False
model,0.02,0.2,1.5,0.2,score_point,0.30638297872340425,0.2065,0.005,0.995,0.7850098619329388,705,400,False
model,0.01,0.3,1.5,0.2,score_point,0.3078014184397163,0.30299999999999994,0.0025,0.9975,0.7854330708661418,705,400,False
model,0.01,0.3,1.0,0.2,score_point,0.3262411347517731,0.30174999999999996,0.0025,0.9975,0.7755102040816327,705,400,False
model,0.02,0.2,1.0,0.2,score_point,0.32907801418439714,0.204,0.005,0.995,0.7728155339805824,705,400,True
model,0.01,0.2,3.0,0.2,score_point,0.3588652482269504,0.207,0.0025,0.9975,0.7585551330798479,705,400,False
model,0.01,0.2,3.5,0.2,score_point,0.3588652482269504,0.20825,0.0025,0.9975,0.7585551330798479,705,400,False
model,0.01,0.2,2.5,0.2,score_point,0.3645390070921986,0.20575,0.0025,0.9975,0.7556818181818182,705,400,False
model,0.01,0.2,2.0,0.2,score_point,0.3730496453900709,0.2045,0.0025,0.9975,0.751412429378531,705,400,False
model,0.01,0.2,1.5,0.2,score_point,0.38581560283687943,0.20325,0.0025,0.9975,0.7450980392156864,705,400,True
model,0.01,0.2,1.0,0.2,score_point,0.40425531914893614,0.20199999999999999,0.0025,0.9975,0.7361623616236161,705,400,True
model,0.0,0.4,1.0,0.2,score_point,0.4056737588652482,0.4,0.0,1.0,0.7366482504604052,705,400,False
model,0.0,0.4,1.5,0.2,score_point,0.4056737588652482,0.4,0.0,1.0,0.7366482504604052,705,400,False
model,0.0,0.4,2.0,0.2,score_point,0.4056737588652482,0.4,0.0,1.0,0.7366482504604052,705,400,False
model,0.0,0.4,2.5,0.2,score_point,0.4056737588652482,0.4,0.0,1.0,0.7366482504604052,705,400,False
model,0.0,0.4,3.0,0.2,score_point,0.4056737588652482,0.4,0.0,1.0,0.7366482504604052,705,400,False
model,0.0,0.4,3.5,0.2,score_point,0.4056737588652482,0.4,0.0,1.0,0.7366482504604052,705,400,False
model,0.0,0.3,1.0,0.2,score_point,0.5560283687943263,0.29999999999999993,0.0,1.0,0.6711409395973155,705,400,False
model,0.0,0.3,1.5,0.2,score_point,0.5560283687943263,0.29999999999999993,0.0,1.0,0.6711409395973155,705,400,False
model,0.0,0.3,2.0,0.2,score_point,0.5560283687943263,0.29999999999999993,0.0,1.0,0.6711409395973155,705,400,False
model,0.0,0.3,2.5,0.2,score_point,0.5560283687943263,0.29999999999999993,0.0,1.0,0.6711409395973155,705,400,False
model,0.0,0.3,3.0,0.2,score_point,0.5560283687943263,0.29999999999999993,0.0,1.0,0.6711409395973155,705,400,False
model,0.0,0.3,3.5,0.2,score_point,0.5560283687943263,0.29999999999999993,0.0,1.0,0.6711409395973155,705,400,False
model,0.0,0.2,1.0,0.2,score_point,0.7546099290780142,0.2,0.0,1.0,0.6006006006006006,705,400,True
model,0.0,0.2,1.5,0.2,score_point,0.7546099290780142,0.2,0.0,1.0,0.6006006006006006,705,400,False
model,0.0,0.2,2.0,0.2,score_point,0.7546099290780142,0.2,0.0,1.0,0.6006006006006006,705,400,False
model,0.0,0.2,2.5,0.2,score_point,0.7546099290780142,0.2,0.0,1.0,0.6006006006006006,705,400,False
model,0.0,0.2,3.0,0.2,score_point,0.7546099290780142,0.2,0.0,1.0,0.6006006006006006,705,400,False
model,0.0,0.2,3.5,0.2,score_point,0.7546099290780142,0.2,0.0,1.0,0.6006006006006006,705,400,False
vad,,3.5,3.5,,vad,0.0014184397163120568,3.5,0.0,1.0,0.9987515605493134,705,400,False
vad,,3.0,3.0,,vad,0.005673758865248227,3.0,0.0,1.0,0.9950248756218906,705,400,False
vad,,2.5,2.5,,vad,0.01276595744680851,2.5,0.0,1.0,0.9888751545117428,705,400,False
vad,,2.0,2.0,,vad,0.02553191489361702,2.0,0.0,1.0,0.9779951100244498,705,400,False
vad,,1.5,1.5,,vad,0.05390070921985816,1.5,0.0,1.0,0.954653937947494,705,400,False
vad,,1.0,1.0,,vad,0.09645390070921986,1.0,0.0,1.0,0.9216589861751151,705,400,False
vad,,0.9,0.9,,vad,0.11205673758865248,0.9,0.0,1.0,0.9101251422070534,705,400,False
vad,,0.8,0.8,,vad,0.13191489361702127,0.8,0.0,1.0,0.8958566629339305,705,400,False
vad,,0.7,0.7,,vad,0.16312056737588654,0.7,0.0,1.0,0.8743169398907104,705,400,False
vad,,0.6,0.6,,vad,0.2170212765957447,0.6,0.0,1.0,0.8394543546694648,705,400,False
vad,,0.5,0.5,,vad,0.28794326241134754,0.5,0.0,1.0,0.7976071784646062,705,400,False
vad,,0.4,0.4,,vad,0.4056737588652482,0.4,0.0,1.0,0.7366482504604052,705,400,False
vad,,0.3,0.3,,vad,0.5560283687943263,0.3,0.0,1.0,0.6711409395973155,705,400,False
vad,,0.2,0.2,,vad,0.7546099290780142,0.2,0.0,1.0,0.6006006006006006,705,400,False
