policy_type,threshold,action_delay,timeout,score_point_s,score_mode,cutoff_rate,mean_latency,timeout_rate,detect_rate,f1,n_hold_spans,n_eot_spans,is_pareto
model,0.89,0.8,3.5,0.2,score_point,0.0014184397163120568,2.4672500000000004,0.6175,0.3825,0.5523465703971119,705,400,True
model,0.89,0.9,3.5,0.2,score_point,0.0014184397163120568,2.5055,0.6175,0.3825,0.5523465703971119,705,400,False
model,0.89,1.0,3.5,0.2,score_point,0.0014184397163120568,2.54375,0.6175,0.3825,0.5523465703971119,705,400,False
model,0.9,0.8,3.5,0.2,score_point,0.0014184397163120568,2.561750000000001,0.6525,0.3475,0.5148148148148148,705,400,False
model,0.9,0.9,3.5,0.2,score_point,0.0014184397163120568,2.5965,0.6525,0.3475,0.5148148148148148,705,400,False
model,0.9,1.0,3.5,0.2,score_point,0.0014184397163120568,2.63125,0.6525,0.3475,0.5148148148148148,705,400,False
model,0.91,0.8,3.5,0.2,score_point,0.0014184397163120568,2.6495000000000006,0.685,0.315,0.4781783681214422,705,400,False
model,0.91,0.9,3.5,0.2,score_point,0.0014184397163120568,2.681,0.685,0.315,0.4781783681214422,705,400,False
model,0.91,1.0,3.5,0.2,score_point,0.0014184397163120568,2.7125,0.685,0.315,0.4781783681214422,705,400,False
model,0.92,0.8,3.5,0.2,score_point,0.0014184397163120568,2.7439999999999998,0.72,0.28,0.4366471734892788,705,400,False
model,0.93,0.5,3.5,0.2,score_point,0.0014184397163120568,2.765,0.755,0.245,0.3927855711422846,705,400,False
model,0.92,0.9,3.5,0.2,score_point,0.0014184397163120568,2.772,0.72,0.28,0.4366471734892788,705,400,False
model,0.93,0.6,3.5,0.2,score_point,0.0014184397163120568,2.7895000000000003,0.755,0.245,0.3927855711422846,705,400,False
model,0.92,1.0,3.5,0.2,score_point,0.0014184397163120568,2.8,0.72,0.28,0.4366471734892788,705,400,False
model,0.93,0.7,3.5,0.2,score_point,0.0014184397163120568,2.8139999999999996,0.755,0.245,0.3927855711422846,705,400,False
model,0.93,0.8,3.5,0.2,score_point,0.0014184397163120568,2.8385000000000002,0.755,0.245,0.3927855711422846,705,400,False
model,0.93,0.9,3.5,0.2,score_point,0.0014184397163120568,2.8629999999999995,0.755,0.245,0.3927855711422846,705,400,False
model,0.93,1.0,3.5,0.2,score_point,0.0014184397163120568,2.8875,0.755,0.245,0.3927855711422846,705,400,False
model,0.94,0.5,3.5,0.2,score_point,0.0014184397163120568,2.8925,0.7975,0.2025,0.33609958506224064,705,400,False
model,0.94,0.6,3.5,0.2,score_point,0.0014184397163120568,2.9127500000000004,0.7975,0.2025,0.33609958506224064,705,400,False
model,0.94,0.7,3.5,0.2,score_point,0.0014184397163120568,2.9330000000000003,0.7975,0.2025,0.33609958506224064,705,400,False
model,0.94,0.8,3.5,0.2,score_point,0.0014184397163120568,2.9532499999999997,0.7975,0.2025,0.33609958506224064,705,400,False
model,0.94,0.9,3.5,0.2,score_point,0.0014184397163120568,2.9734999999999996,0.7975,0.2025,0.33609958506224064,705,400,False
model,0.94,1.0,3.5,0.2,score_point,0.0014184397163120568,2.99375,0.7975,0.2025,0.33609958506224064,705,400,False
model,0.95,0.4,3.5,0.2,score_point,0.0014184397163120568,3.0117499999999997,0.8425,0.1575,0.27155172413793105,705,400,False
model,0.95,0.5,3.5,0.2,score_point,0.0014184397163120568,3.0275,0.8425,0.1575,0.27155172413793105,705,400,False
model,0.95,0.6,3.5,0.2,score_point,0.0014184397163120568,3.0432500000000005,0.8425,0.1575,0.27155172413793105,705,400,False
model,0.95,0.7,3.5,0.2,score_point,0.0014184397163120568,3.0589999999999997,0.8425,0.1575,0.27155172413793105,705,400,False
model,0.95,0.8,3.5,0.2,score_point,0.0014184397163120568,3.0747500000000003,0.8425,0.1575,0.27155172413793105,705,400,False
model,0.95,0.9,3.5,0.2,score_point,0.0014184397163120568,3.0904999999999996,0.8425,0.1575,0.27155172413793105,705,400,False
model,0.95,1.0,3.5,0.2,score_point,0.0014184397163120568,3.10625,0.8425,0.1575,0.27155172413793105,705,400,False
model,0.96,0.2,3.5,0.2,score_point,0.0014184397163120568,3.1535,0.895,0.105,0.1896162528216704,705,400,False
model,0.96,0.3,3.5,0.2,score_point,0.0014184397163120568,3.1639999999999997,0.895,0.105,0.1896162528216704,705,400,False
model,0.96,0.4,3.5,0.2,score_point,0.0014184397163120568,3.1745,0.895,0.105,0.1896162528216704,705,400,False
model,0.96,0.5,3.5,0.2,score_point,0.0014184397163120568,3.185,0.895,0.105,0.1896162528216704,705,400,False
model,0.96,0.6,3.5,0.2,score_point,0.0014184397163120568,3.1955,0.895,0.105,0.1896162528216704,705,400,False
model,0.96,0.7,3.5,0.2,score_point,0.0014184397163120568,3.2060000000000004,0.895,0.105,0.1896162528216704,705,400,False
model,0.96,0.8,3.5,0.2,score_point,0.0014184397163120568,3.2165,0.895,0.105,0.1896162528216704,705,400,False
model,0.96,0.9,3.5,0.2,score_point,0.0014184397163120568,3.227,0.895,0.105,0.1896162528216704,705,400,False
model,0.96,1.0,3.5,0.2,score_point,0.0014184397163120568,3.2375,0.895,0.105,0.1896162528216704,705,400,False
model,0.97,0.2,3.5,0.2,score_point,0.0014184397163120568,3.335,0.95,0.05,0.09501187648456057,705,400,False
model,0.97,0.3,3.5,0.2,score_point,0.0014184397163120568,3.34,0.95,0.05,0.09501187648456057,705,400,False
model,0.97,0.4,3.5,0.2,score_point,0.0014184397163120568,3.345,0.95,0.05,0.09501187648456057,705,400,False
model,0.97,0.5,3.5,0.2,score_point,0.0014184397163120568,3.35,0.95,0.05,0.09501187648456057,705,400,False
model,0.97,0.6,3.5,0.2,score_point,0.0014184397163120568,3.355,0.95,0.05,0.09501187648456057,705,400,False
model,0.97,0.7,3.5,0.2,score_point,0.0014184397163120568,3.36,0.95,0.05,0.09501187648456057,705,400,False
model,0.97,0.8,3.5,0.2,score_point,0.0014184397163120568,3.365,0.95,0.05,0.09501187648456057,705,400,False
model,0.97,0.9,3.5,0.2,score_point,0.0014184397163120568,3.37,0.95,0.05,0.09501187648456057,705,400,False
model,0.97,1.0,3.5,0.2,score_point,0.0014184397163120568,3.375,0.95,0.05,0.09501187648456057,705,400,False
model,0.98,0.2,3.5,0.2,score_point,0.0014184397163120568,3.44225,0.9825,0.0175,0.03431372549019608,705,400,False
model,0.98,0.3,3.5,0.2,score_point,0.0014184397163120568,3.444,0.9825,0.0175,0.03431372549019608,705,400,False
model,0.98,0.4,3.5,0.2,score_point,0.0014184397163120568,3.4457500000000003,0.9825,0.0175,0.03431372549019608,705,400,False
model,0.98,0.5,3.5,0.2,score_point,0.0014184397163120568,3.4475,0.9825,0.0175,0.03431372549019608,705,400,False
model,0.98,0.6,3.5,0.2,score_point,0.0014184397163120568,3.4492499999999997,0.9825,0.0175,0.03431372549019608,705,400,False
model,0.98,0.7,3.5,0.2,score_point,0.0014184397163120568,3.451,0.9825,0.0175,0.03431372549019608,705,400,False
model,0.98,0.8,3.5,0.2,score_point,0.0014184397163120568,3.45275,0.9825,0.0175,0.03431372549019608,705,400,False
model,0.98,0.9,3.5,0.2,score_point,0.0014184397163120568,3.4545000000000003,0.9825,0.0175,0.03431372549019608,705,400,False
model,0.98,1.0,3.5,0.2,score_point,0.0014184397163120568,3.45625,0.9825,0.0175,0.03431372549019608,705,400,False
model,0.99,0.2,3.5,0.2,score_point,0.0014184397163120568,3.5,1.0,0.0,0.0,705,400,False
model,1.0,0.2,3.5,0.2,score_point,0.0014184397163120568,3.5,1.0,0.0,0.0,705,400,False
model,0.99,0.3,3.5,0.2,score_point,0.0014184397163120568,3.5,1.0,0.0,0.0,705,400,False
model,1.0,0.3,3.5,0.2,score_point,0.0014184397163120568,3.5,1.0,0.0,0.0,705,400,False
model,0.99,0.4,3.5,0.2,score_point,0.0014184397163120568,3.5,1.0,0.0,0.0,705,400,False
model,1.0,0.4,3.5,0.2,score_point,0.0014184397163120568,3.5,1.0,0.0,0.0,705,400,False
model,0.99,0.5,3.5,0.2,score_point,0.0014184397163120568,3.5,1.0,0.0,0.0,705,400,False
model,1.0,0.5,3.5,0.2,score_point,0.0014184397163120568,3.5,1.0,0.0,0.0,705,400,False
model,0.99,0.6,3.5,0.2,score_point,0.0014184397163120568,3.5,1.0,0.0,0.0,705,400,False
model,1.0,0.6,3.5,0.2,score_point,0.0014184397163120568,3.5,1.0,0.0,0.0,705,400,False
model,0.99,0.7,3.5,0.2,score_point,0.0014184397163120568,3.5,1.0,0.0,0.0,705,400,False
model,1.0,0.7,3.5,0.2,score_point,0.0014184397163120568,3.5,1.0,0.0,0.0,705,400,False
model,0.99,0.8,3.5,0.2,score_point,0.0014184397163120568,3.5,1.0,0.0,0.0,705,400,False
model,1.0,0.8,3.5,0.2,score_point,0.0014184397163120568,3.5,1.0,0.0,0.0,705,400,False
model,0.99,0.9,3.5,0.2,score_point,0.0014184397163120568,3.5,1.0,0.0,0.0,705,400,False
model,1.0,0.9,3.5,0.2,score_point,0.0014184397163120568,3.5,1.0,0.0,0.0,705,400,False
model,0.99,1.0,3.5,0.2,score_point,0.0014184397163120568,3.5,1.0,0.0,0.0,705,400,False
model,1.0,1.0,3.5,0.2,score_point,0.0014184397163120568,3.5,1.0,0.0,0.0,705,400,False
model,0.85,0.8,3.5,0.2,score_point,0.0028368794326241137,2.15675,0.5025,0.4975,0.6622296173044925,705,400,True
model,0.85,0.9,3.5,0.2,score_point,0.0028368794326241137,2.2064999999999997,0.5025,0.4975,0.6622296173044925,705,400,False
model,0.85,1.0,3.5,0.2,score_point,0.0028368794326241137,2.25625,0.5025,0.4975,0.6622296173044925,705,400,False
model,0.86,0.8,3.5,0.2,score_point,0.0028368794326241137,2.258,0.54,0.46,0.6279863481228669,705,400,False
model,0.86,0.9,3.5,0.2,score_point,0.0028368794326241137,2.304,0.54,0.46,0.6279863481228669,705,400,False
model,0.87,0.8,3.5,0.2,score_point,0.0028368794326241137,2.3052500000000005,0.5575,0.4425,0.61139896373057,705,400,False
model,0.87,0.9,3.5,0.2,score_point,0.0028368794326241137,2.3495,0.5575,0.4425,0.61139896373057,705,400,False
model,0.86,1.0,3.5,0.2,score_point,0.0028368794326241137,2.35,0.54,0.46,0.6279863481228669,705,400,False
model,0.88,0.8,3.5,0.2,score_point,0.0028368794326241137,2.3930000000000002,0.59,0.41,0.5795053003533569,705,400,False
model,0.87,1.0,3.5,0.2,score_point,0.0028368794326241137,2.39375,0.5575,0.4425,0.61139896373057,705,400,False
model,0.89,0.7,3.5,0.2,score_point,0.0028368794326241137,2.429,0.6175,0.3825,0.5513513513513513,705,400,False
model,0.88,0.9,3.5,0.2,score_point,0.0028368794326241137,2.4339999999999997,0.59,0.41,0.5795053003533569,705,400,False
model,0.88,1.0,3.5,0.2,score_point,0.0028368794326241137,2.475,0.59,0.41,0.5795053003533569,705,400,False
model,0.9,0.7,3.5,0.2,score_point,0.0028368794326241137,2.5269999999999997,0.6525,0.3475,0.5138632162661737,705,400,False
model,0.91,0.7,3.5,0.2,score_point,0.0028368794326241137,2.6179999999999994,0.685,0.315,0.47727272727272724,705,400,False
model,0.92,0.5,3.5,0.2,score_point,0.0028368794326241137,2.66,0.72,0.28,0.4357976653696498,705,400,False
model,0.92,0.6,3.5,0.2,score_point,0.0028368794326241137,2.688,0.72,0.28,0.4357976653696498,705,400,False
model,0.92,0.7,3.5,0.2,score_point,0.0028368794326241137,2.716,0.72,0.28,0.4357976653696498,705,400,False
model,0.93,0.4,3.5,0.2,score_point,0.0028368794326241137,2.7404999999999995,0.755,0.245,0.39199999999999996,705,400,False
model,0.94,0.4,3.5,0.2,score_point,0.0028368794326241137,2.8722499999999997,0.7975,0.2025,0.33540372670807456,705,400,False
model,0.95,0.2,3.5,0.2,score_point,0.0028368794326241137,2.98025,0.8425,0.1575,0.2709677419354839,705,400,False
model,0.95,0.3,3.5,0.2,score_point,0.0028368794326241137,2.9960000000000004,0.8425,0.1575,0.2709677419354839,705,400,False
model,0.83,0.8,3.5,0.2,score_point,0.00425531914893617,2.0892500000000003,0.4775,0.5225,0.6830065359477123,705,400,True
model,0.85,0.7,3.5,0.2,score_point,0.00425531914893617,2.1069999999999998,0.5025,0.4975,0.6611295681063123,705,400,False
model,0.84,0.8,3.5,0.2,score_point,0.00425531914893617,2.1162500000000004,0.4875,0.5125,0.6743421052631579,705,400,False
model,0.83,0.9,3.5,0.2,score_point,0.00425531914893617,2.1414999999999997,0.4775,0.5225,0.6830065359477123,705,400,False
model,0.84,0.9,3.5,0.2,score_point,0.00425531914893617,2.1674999999999995,0.4875,0.5125,0.6743421052631579,705,400,False
model,0.83,1.0,3.5,0.2,score_point,0.00425531914893617,2.19375,0.4775,0.5225,0.6830065359477123,705,400,False
model,0.86,0.7,3.5,0.2,score_point,0.00425531914893617,2.2119999999999997,0.54,0.46,0.6269165247018739,705,400,False
model,0.84,1.0,3.5,0.2,score_point,0.00425531914893617,2.21875,0.4875,0.5125,0.6743421052631579,705,400,False
model,0.87,0.7,3.5,0.2,score_point,0.00425531914893617,2.2609999999999997,0.5575,0.4425,0.6103448275862069,705,400,False
model,0.88,0.7,3.5,0.2,score_point,0.00425531914893617,2.352,0.59,0.41,0.5784832451499118,705,400,False
model,0.89,0.6,3.5,0.2,score_point,0.00425531914893617,2.39075,0.6175,0.3825,0.5503597122302158,705,400,False
model,0.9,0.6,3.5,0.2,score_point,0.00425531914893617,2.4922500000000003,0.6525,0.3475,0.5129151291512916,705,400,False
model,0.91,0.6,3.5,0.2,score_point,0.00425531914893617,2.5864999999999996,0.685,0.315,0.4763705103969755,705,400,False
model,0.92,0.4,3.5,0.2,score_point,0.00425531914893617,2.6319999999999997,0.72,0.28,0.43495145631067966,705,400,False
model,0.93,0.3,3.5,0.2,score_point,0.00425531914893617,2.716,0.755,0.245,0.39121756487025944,705,400,False
model,0.94,0.3,3.5,0.2,score_point,0.00425531914893617,2.852,0.7975,0.2025,0.3347107438016529,705,400,False
model,0.79,0.8,3.5,0.2,score_point,0.005673758865248227,1.8800000000000003,0.4,0.6,0.7453416149068324,705,400,True
model,0.8,0.8,3.5,0.2,score_point,0.005673758865248227,1.9340000000000002,0.42,0.58,0.7295597484276729,705,400,False
model,0.79,0.9,3.5,0.2,score_point,0.005673758865248227,1.94,0.4,0.6,0.7453416149068324,705,400,False
model,0.81,0.8,3.5,0.2,score_point,0.005673758865248227,1.9812500000000002,0.4375,0.5625,0.7154213036565978,705,400,False
model,0.8,0.9,3.5,0.2,score_point,0.005673758865248227,1.992,0.42,0.58,0.7295597484276729,705,400,False
model,0.79,1.0,3.5,0.2,score_point,0.005673758865248227,2.0,0.4,0.6,0.7453416149068324,705,400,False
model,0.82,0.8,3.5,0.2,score_point,0.005673758865248227,2.0352500000000004,0.4575,0.5425,0.6988727858293075,705,400,False
model,0.83,0.7,3.5,0.2,score_point,0.005673758865248227,2.037,0.4775,0.5225,0.6818923327895595,705,400,False
model,0.81,0.9,3.5,0.2,score_point,0.005673758865248227,2.0375,0.4375,0.5625,0.7154213036565978,705,400,False
model,0.8,1.0,3.5,0.2,score_point,0.005673758865248227,2.05,0.42,0.58,0.7295597484276729,705,400,False
model,0.85,0.6,3.5,0.2,score_point,0.005673758865248227,2.05725,0.5025,0.4975,0.6600331674958541,705,400,False
model,0.84,0.7,3.5,0.2,score_point,0.005673758865248227,2.0649999999999995,0.4875,0.5125,0.6732348111658456,705,400,False
model,0.82,0.9,3.5,0.2,score_point,0.005673758865248227,2.0894999999999997,0.4575,0.5425,0.6988727858293075,705,400,False
model,0.81,1.0,3.5,0.2,score_point,0.005673758865248227,2.09375,0.4375,0.5625,0.7154213036565978,705,400,False
model,0.82,1.0,3.5,0.2,score_point,0.005673758865248227,2.14375,0.4575,0.5425,0.6988727858293075,705,400,False
model,0.89,0.8,3.0,0.2,score_point,0.005673758865248227,2.1585,0.6175,0.3825,0.5493716337522442,705,400,False
model,0.86,0.6,3.5,0.2,score_point,0.005673758865248227,2.1660000000000004,0.54,0.46,0.6258503401360545,705,400,False
model,0.89,0.9,3.0,0.2,score_point,0.005673758865248227,2.1967499999999998,0.6175,0.3825,0.5493716337522442,705,400,False
model,0.87,0.6,3.5,0.2,score_point,0.005673758865248227,2.21675,0.5575,0.4425,0.6092943201376937,705,400,False
model,0.89,1.0,3.0,0.2,score_point,0.005673758865248227,2.235,0.6175,0.3825,0.5493716337522442,705,400,False
model,0.9,0.8,3.0,0.2,score_point,0.005673758865248227,2.2355,0.6525,0.3475,0.5119705340699815,705,400,False
model,0.9,0.9,3.0,0.2,score_point,0.005673758865248227,2.27025,0.6525,0.3475,0.5119705340699815,705,400,False
model,0.9,1.0,3.0,0.2,score_point,0.005673758865248227,2.305,0.6525,0.3475,0.5119705340699815,705,400,False
model,0.91,0.8,3.0,0.2,score_point,0.005673758865248227,2.3070000000000004,0.685,0.315,0.47547169811320755,705,400,False
model,0.88,0.6,3.5,0.2,score_point,0.005673758865248227,2.311,0.59,0.41,0.5774647887323944,705,400,False
model,0.91,0.9,3.0,0.2,score_point,0.005673758865248227,2.3385,0.685,0.315,0.47547169811320755,705,400,False
model,0.89,0.5,3.5,0.2,score_point,0.005673758865248227,2.3525,0.6175,0.3825,0.5493716337522442,705,400,False
model,0.91,1.0,3.0,0.2,score_point,0.005673758865248227,2.37,0.685,0.315,0.47547169811320755,705,400,False
model,0.92,0.8,3.0,0.2,score_point,0.005673758865248227,2.3840000000000003,0.72,0.28,0.434108527131783,705,400,False
model,0.93,0.5,3.0,0.2,score_point,0.005673758865248227,2.3875,0.755,0.245,0.3904382470119522,705,400,False
model,0.92,0.9,3.0,0.2,score_point,0.005673758865248227,2.412,0.72,0.28,0.434108527131783,705,400,False
model,0.93,0.6,3.0,0.2,score_point,0.005673758865248227,2.412,0.755,0.245,0.3904382470119522,705,400,False
model,0.93,0.7,3.0,0.2,score_point,0.005673758865248227,2.4364999999999997,0.755,0.245,0.3904382470119522,705,400,False
model,0.92,1.0,3.0,0.2,score_point,0.005673758865248227,2.44,0.72,0.28,0.434108527131783,705,400,False
model,0.9,0.5,3.5,0.2,score_point,0.005673758865248227,2.4575,0.6525,0.3475,0.5119705340699815,705,400,False
model,0.93,0.8,3.0,0.2,score_point,0.005673758865248227,2.4610000000000003,0.755,0.245,0.3904382470119522,705,400,False
model,0.93,0.9,3.0,0.2,score_point,0.005673758865248227,2.4855,0.755,0.245,0.3904382470119522,705,400,False
model,0.94,0.5,3.0,0.2,score_point,0.005673758865248227,2.49375,0.7975,0.2025,0.33402061855670107,705,400,False
model,0.93,1.0,3.0,0.2,score_point,0.005673758865248227,2.51,0.755,0.245,0.3904382470119522,705,400,False
model,0.94,0.6,3.0,0.2,score_point,0.005673758865248227,2.5140000000000002,0.7975,0.2025,0.33402061855670107,705,400,False
model,0.94,0.7,3.0,0.2,score_point,0.005673758865248227,2.5342499999999997,0.7975,0.2025,0.33402061855670107,705,400,False
model,0.94,0.8,3.0,0.2,score_point,0.005673758865248227,2.5545,0.7975,0.2025,0.33402061855670107,705,400,False
model,0.91,0.5,3.5,0.2,score_point,0.005673758865248227,2.555,0.685,0.315,0.47547169811320755,705,400,False
model,0.94,0.9,3.0,0.2,score_point,0.005673758865248227,2.57475,0.7975,0.2025,0.33402061855670107,705,400,False
model,0.95,0.4,3.0,0.2,score_point,0.005673758865248227,2.5904999999999996,0.8425,0.1575,0.2698072805139186,705,400,False
model,0.94,1.0,3.0,0.2,score_point,0.005673758865248227,2.595,0.7975,0.2025,0.33402061855670107,705,400,False
model,0.92,0.3,3.5,0.2,score_point,0.005673758865248227,2.6039999999999996,0.72,0.28,0.434108527131783,705,400,False
model,0.95,0.5,3.0,0.2,score_point,0.005673758865248227,2.60625,0.8425,0.1575,0.2698072805139186,705,400,False
model,0.95,0.6,3.0,0.2,score_point,0.005673758865248227,2.6220000000000003,0.8425,0.1575,0.2698072805139186,705,400,False
model,0.95,0.7,3.0,0.2,score_point,0.005673758865248227,2.6377499999999996,0.8425,0.1575,0.2698072805139186,705,400,False
model,0.95,0.8,3.0,0.2,score_point,0.005673758865248227,2.6535,0.8425,0.1575,0.2698072805139186,705,400,False
model,0.95,0.9,3.0,0.2,score_point,0.005673758865248227,2.6692499999999995,0.8425,0.1575,0.2698072805139186,705,400,False
model,0.95,1.0,3.0,0.2,score_point,0.005673758865248227,2.685,0.8425,0.1575,0.2698072805139186,705,400,False
model,0.93,0.2,3.5,0.2,score_point,0.005673758865248227,2.6914999999999996,0.755,0.245,0.3904382470119522,705,400,False
model,0.96,0.2,3.0,0.2,score_point,0.005673758865248227,2.7060000000000004,0.895,0.105,0.18834080717488785,705,400,False
model,0.96,0.3,3.0,0.2,score_point,0.005673758865248227,2.7165,0.895,0.105,0.18834080717488785,705,400,False
model,0.96,0.4,3.0,0.2,score_point,0.005673758865248227,2.727,0.895,0.105,0.18834080717488785,705,400,False
model,0.96,0.5,3.0,0.2,score_point,0.005673758865248227,2.7375,0.895,0.105,0.18834080717488785,705,400,False
model,0.96,0.6,3.0,0.2,score_point,0.005673758865248227,2.748,0.895,0.105,0.18834080717488785,705,400,False
model,0.96,0.7,3.0,0.2,score_point,0.005673758865248227,2.7585,0.895,0.105,0.18834080717488785,705,400,False
model,0.96,0.8,3.0,0.2,score_point,0.005673758865248227,2.7689999999999997,0.895,0.105,0.18834080717488785,705,400,False
model,0.96,0.9,3.0,0.2,score_point,0.005673758865248227,2.7795,0.895,0.105,0.18834080717488785,705,400,False
model,0.96,1.0,3.0,0.2,score_point,0.005673758865248227,2.79,0.895,0.105,0.18834080717488785,705,400,False
model,0.94,0.2,3.5,0.2,score_point,0.005673758865248227,2.83175,0.7975,0.2025,0.33402061855670107,705,400,False
model,0.97,0.2,3.0,0.2,score_point,0.005673758865248227,2.86,0.95,0.05,0.09433962264150944,705,400,False
model,0.97,0.3,3.0,0.2,score_point,0.005673758865248227,2.865,0.95,0.05,0.09433962264150944,705,400,False
model,0.97,0.4,3.0,0.2,score_point,0.005673758865248227,2.87,0.95,0.05,0.09433962264150944,705,400,False
model,0.97,0.5,3.0,0.2,score_point,0.005673758865248227,2.875,0.95,0.05,0.09433962264150944,705,400,False
model,0.97,0.6,3.0,0.2,score_point,0.005673758865248227,2.88,0.95,0.05,0.09433962264150944,705,400,False
model,0.97,0.7,3.0,0.2,score_point,0.005673758865248227,2.885,0.95,0.05,0.09433962264150944,705,400,False
model,0.97,0.8,3.0,0.2,score_point,0.005673758865248227,2.89,0.95,0.05,0.09433962264150944,705,400,False
model,0.97,0.9,3.0,0.2,score_point,0.005673758865248227,2.895,0.95,0.05,0.09433962264150944,705,400,False
model,0.97,1.0,3.0,0.2,score_point,0.005673758865248227,2.9,0.95,0.05,0.09433962264150944,705,400,False
model,0.98,0.2,3.0,0.2,score_point,0.005673758865248227,2.951,0.9825,0.0175,0.03406326034063261,705,400,False
model,0.98,0.3,3.0,0.2,score_point,0.005673758865248227,2.95275,0.9825,0.0175,0.03406326034063261,705,400,False
model,0.98,0.4,3.0,0.2,score_point,0.005673758865248227,2.9545000000000003,0.9825,0.0175,0.03406326034063261,705,400,False
model,0.98,0.5,3.0,0.2,score_point,0.005673758865248227,2.95625,0.9825,0.0175,0.03406326034063261,705,400,False
model,0.98,0.6,3.0,0.2,score_point,0.005673758865248227,2.9579999999999997,0.9825,0.0175,0.03406326034063261,705,400,False
model,0.98,0.7,3.0,0.2,score_point,0.005673758865248227,2.95975,0.9825,0.0175,0.03406326034063261,705,400,False
model,0.98,0.8,3.0,0.2,score_point,0.005673758865248227,2.9614999999999996,0.9825,0.0175,0.03406326034063261,705,400,False
model,0.98,0.9,3.0,0.2,score_point,0.005673758865248227,2.9632500000000004,0.9825,0.0175,0.03406326034063261,705,400,False
model,0.98,1.0,3.0,0.2,score_point,0.005673758865248227,2.965,0.9825,0.0175,0.03406326034063261,705,400,False
model,0.99,0.2,3.0,0.2,score_point,0.005673758865248227,3.0,1.0,0.0,0.0,705,400,False
model,1.0,0.2,3.0,0.2,score_point,0.005673758865248227,3.0,1.0,0.0,0.0,705,400,False
model,0.99,0.3,3.0,0.2,score_point,0.005673758865248227,3.0,1.0,0.0,0.0,705,400,False
model,1.0,0.3,3.0,0.2,score_point,0.005673758865248227,3.0,1.0,0.0,0.0,705,400,False
model,0.99,0.4,3.0,0.2,score_point,0.005673758865248227,3.0,1.0,0.0,0.0,705,400,False
model,1.0,0.4,3.0,0.2,score_point,0.005673758865248227,3.0,1.0,0.0,0.0,705,400,False
model,0.99,0.5,3.0,0.2,score_point,0.005673758865248227,3.0,1.0,0.0,0.0,705,400,False
model,1.0,0.5,3.0,0.2,score_point,0.005673758865248227,3.0,1.0,0.0,0.0,705,400,False
model,0.99,0.6,3.0,0.2,score_point,0.005673758865248227,3.0,1.0,0.0,0.0,705,400,False
model,1.0,0.6,3.0,0.2,score_point,0.005673758865248227,3.0,1.0,0.0,0.0,705,400,False
model,0.99,0.7,3.0,0.2,score_point,0.005673758865248227,3.0,1.0,0.0,0.0,705,400,False
model,1.0,0.7,3.0,0.2,score_point,0.005673758865248227,3.0,1.0,0.0,0.0,705,400,False
model,0.99,0.8,3.0,0.2,score_point,0.005673758865248227,3.0,1.0,0.0,0.0,705,400,False
model,1.0,0.8,3.0,0.2,score_point,0.005673758865248227,3.0,1.0,0.0,0.0,705,400,False
model,0.99,0.9,3.0,0.2,score_point,0.005673758865248227,3.0,1.0,0.0,0.0,705,400,False
model,1.0,0.9,3.0,0.2,score_point,0.005673758865248227,3.0,1.0,0.0,0.0,705,400,False
model,0.99,1.0,3.0,0.2,score_point,0.005673758865248227,3.0,1.0,0.0,0.0,705,400,False
model,1.0,1.0,3.0,0.2,score_point,0.005673758865248227,3.0,1.0,0.0,0.0,705,400,False
model,0.72,0.8,3.5,0.2,score_point,0.0070921985815602835,1.56275,0.2825,0.7175,0.8294797687861272,705,400,True
model,0.73,0.8,3.5,0.2,score_point,0.0070921985815602835,1.60325,0.2975,0.7025,0.8192419825072886,705,400,False
model,0.74,0.8,3.5,0.2,score_point,0.0070921985815602835,1.63025,0.3075,0.6925,0.8123167155425219,705,400,False
model,0.72,0.9,3.5,0.2,score_point,0.0070921985815602835,1.6344999999999998,0.2825,0.7175,0.8294797687861272,705,400,False
model,0.75,0.8,3.5,0.2,score_point,0.0070921985815602835,1.6640000000000001,0.32,0.68,0.8035450516986706,705,400,False
model,0.73,0.9,3.5,0.2,score_point,0.0070921985815602835,1.6734999999999998,0.2975,0.7025,0.8192419825072886,705,400,False
model,0.74,0.9,3.5,0.2,score_point,0.0070921985815602835,1.6994999999999998,0.3075,0.6925,0.8123167155425219,705,400,False
model,0.72,1.0,3.5,0.2,score_point,0.0070921985815602835,1.70625,0.2825,0.7175,0.8294797687861272,705,400,False
model,0.76,0.8,3.5,0.2,score_point,0.0070921985815602835,1.7180000000000002,0.34,0.66,0.7892376681614349,705,400,False
model,0.75,0.9,3.5,0.2,score_point,0.0070921985815602835,1.732,0.32,0.68,0.8035450516986706,705,400,False
model,0.73,1.0,3.5,0.2,score_point,0.0070921985815602835,1.74375,0.2975,0.7025,0.8192419825072886,705,400,False
model,0.74,1.0,3.5,0.2,score_point,0.0070921985815602835,1.76875,0.3075,0.6925,0.8123167155425219,705,400,False
model,0.77,0.8,3.5,0.2,score_point,0.0070921985815602835,1.7787500000000003,0.3625,0.6375,0.7727272727272727,705,400,False
model,0.76,0.9,3.5,0.2,score_point,0.0070921985815602835,1.7839999999999998,0.34,0.66,0.7892376681614349,705,400,False
model,0.75,1.0,3.5,0.2,score_point,0.0070921985815602835,1.8,0.32,0.68,0.8035450516986706,705,400,False
model,0.79,0.7,3.5,0.2,score_point,0.0070921985815602835,1.8199999999999996,0.4,0.6,0.7441860465116279,705,400,False
model,0.78,0.8,3.5,0.2,score_point,0.0070921985815602835,1.8260000000000003,0.38,0.62,0.7595712098009187,705,400,False
model,0.77,0.9,3.5,0.2,score_point,0.0070921985815602835,1.8424999999999998,0.3625,0.6375,0.7727272727272727,705,400,False
model,0.76,1.0,3.5,0.2,score_point,0.0070921985815602835,1.85,0.34,0.66,0.7892376681614349,705,400,False
model,0.8,0.7,3.5,0.2,score_point,0.0070921985815602835,1.876,0.42,0.58,0.7284144427001569,705,400,False
model,0.78,0.9,3.5,0.2,score_point,0.0070921985815602835,1.888,0.38,0.62,0.7595712098009187,705,400,False
model,0.85,0.8,3.0,0.2,score_point,0.0070921985815602835,1.9055000000000002,0.5025,0.4975,0.6589403973509934,705,400,False
model,0.77,1.0,3.5,0.2,score_point,0.0070921985815602835,1.90625,0.3625,0.6375,0.7727272727272727,705,400,False
model,0.81,0.7,3.5,0.2,score_point,0.0070921985815602835,1.9249999999999994,0.4375,0.5625,0.7142857142857144,705,400,False
model,0.78,1.0,3.5,0.2,score_point,0.0070921985815602835,1.95,0.38,0.62,0.7595712098009187,705,400,False
model,0.85,0.9,3.0,0.2,score_point,0.0070921985815602835,1.9552499999999997,0.5025,0.4975,0.6589403973509934,705,400,False
model,0.82,0.7,3.5,0.2,score_point,0.0070921985815602835,1.9809999999999997,0.4575,0.5425,0.6977491961414791,705,400,False
model,0.83,0.6,3.5,0.2,score_point,0.0070921985815602835,1.9847500000000002,0.4775,0.5225,0.6807817589576548,705,400,False
model,0.86,0.8,3.0,0.2,score_point,0.0070921985815602835,1.9880000000000002,0.54,0.46,0.6247877758913413,705,400,False
model,0.85,1.0,3.0,0.2,score_point,0.0070921985815602835,2.005,0.5025,0.4975,0.6589403973509934,705,400,False
model,0.85,0.5,3.5,0.2,score_point,0.0070921985815602835,2.0075,0.5025,0.4975,0.6589403973509934,705,400,False
model,0.84,0.6,3.5,0.2,score_point,0.0070921985815602835,2.0137500000000004,0.4875,0.5125,0.6721311475409836,705,400,False
model,0.87,0.8,3.0,0.2,score_point,0.0070921985815602835,2.0265000000000004,0.5575,0.4425,0.6082474226804123,705,400,False
model,0.86,0.9,3.0,0.2,score_point,0.0070921985815602835,2.034,0.54,0.46,0.6247877758913413,705,400,False
model,0.87,0.9,3.0,0.2,score_point,0.0070921985815602835,2.07075,0.5575,0.4425,0.6082474226804123,705,400,False
model,0.86,1.0,3.0,0.2,score_point,0.0070921985815602835,2.08,0.54,0.46,0.6247877758913413,705,400,False
model,0.88,0.8,3.0,0.2,score_point,0.0070921985815602835,2.0980000000000003,0.59,0.41,0.5764499121265377,705,400,False
model,0.87,1.0,3.0,0.2,score_point,0.0070921985815602835,2.115,0.5575,0.4425,0.6082474226804123,705,400,False
model,0.86,0.5,3.5,0.2,score_point,0.0070921985815602835,2.12,0.54,0.46,0.6247877758913413,705,400,False
model,0.89,0.7,3.0,0.2,score_point,0.0070921985815602835,2.12025,0.6175,0.3825,0.5483870967741936,705,400,False
model,0.88,0.9,3.0,0.2,score_point,0.0070921985815602835,2.1390000000000002,0.59,0.41,0.5764499121265377,705,400,False
model,0.87,0.5,3.5,0.2,score_point,0.0070921985815602835,2.1725,0.5575,0.4425,0.6082474226804123,705,400,False
model,0.88,1.0,3.0,0.2,score_point,0.0070921985815602835,2.18,0.59,0.41,0.5764499121265377,705,400,False
model,0.9,0.7,3.0,0.2,score_point,0.0070921985815602835,2.2007499999999998,0.6525,0.3475,0.5110294117647058,705,400,False
model,0.88,0.5,3.5,0.2,score_point,0.0070921985815602835,2.27,0.59,0.41,0.5764499121265377,705,400,False
model,0.91,0.7,3.0,0.2,score_point,0.0070921985815602835,2.2754999999999996,0.685,0.315,0.4745762711864407,705,400,False
model,0.92,0.5,3.0,0.2,score_point,0.0070921985815602835,2.3,0.72,0.28,0.4332688588007737,705,400,False
model,0.89,0.4,3.5,0.2,score_point,0.0070921985815602835,2.31425,0.6175,0.3825,0.5483870967741936,705,400,False
model,0.92,0.6,3.0,0.2,score_point,0.0070921985815602835,2.3280000000000003,0.72,0.28,0.4332688588007737,705,400,False
model,0.92,0.7,3.0,0.2,score_point,0.0070921985815602835,2.356,0.72,0.28,0.4332688588007737,705,400,False
model,0.93,0.4,3.0,0.2,score_point,0.0070921985815602835,2.363,0.755,0.245,0.38966202783300197,705,400,False
model,0.9,0.4,3.5,0.2,score_point,0.0070921985815602835,2.4227499999999997,0.6525,0.3475,0.5110294117647058,705,400,False
model,0.94,0.4,3.0,0.2,score_point,0.0070921985815602835,2.4734999999999996,0.7975,0.2025,0.3333333333333333,705,400,False
model,0.91,0.4,3.5,0.2,score_point,0.0070921985815602835,2.5235,0.685,0.315,0.4745762711864407,705,400,False
model,0.95,0.2,3.0,0.2,score_point,0.0070921985815602835,2.559,0.8425,0.1575,0.2692307692307693,705,400,False
model,0.95,0.3,3.0,0.2,score_point,0.0070921985815602835,2.57475,0.8425,0.1575,0.2692307692307693,705,400,False
model,0.92,0.2,3.5,0.2,score_point,0.0070921985815602835,2.576,0.72,0.28,0.4332688588007737,705,400,False
model,0.64,0.8,3.5,0.2,score_point,0.00851063829787234,1.3737500000000002,0.2125,0.7875,0.8737864077669903,705,400,False
model,0.65,0.8,3.5,0.2,score_point,0.00851063829787234,1.3737500000000002,0.2125,0.7875,0.8737864077669903,705,400,True
model,0.66,0.8,3.5,0.2,score_point,0.00851063829787234,1.3940000000000003,0.22,0.78,0.8690807799442898,705,400,False
model,0.67,0.8,3.5,0.2,score_point,0.00851063829787234,1.4277500000000003,0.2325,0.7675,0.8611500701262271,705,400,False
model,0.64,0.9,3.5,0.2,score_point,0.00851063829787234,1.4525,0.2125,0.7875,0.8737864077669903,705,400,False
model,0.65,0.9,3.5,0.2,score_point,0.00851063829787234,1.4525,0.2125,0.7875,0.8737864077669903,705,400,False
model,0.66,0.9,3.5,0.2,score_point,0.00851063829787234,1.472,0.22,0.78,0.8690807799442898,705,400,False
model,0.68,0.8,3.5,0.2,score_point,0.00851063829787234,1.4750000000000003,0.25,0.75,0.8498583569405098,705,400,False
model,0.69,0.8,3.5,0.2,score_point,0.00851063829787234,1.4885000000000002,0.255,0.745,0.8465909090909091,705,400,False
model,0.72,0.7,3.5,0.2,score_point,0.00851063829787234,1.4909999999999999,0.2825,0.7175,0.8282828282828284,705,400,False
model,0.7,0.8,3.5,0.2,score_point,0.00851063829787234,1.5020000000000002,0.26,0.74,0.8433048433048433,705,400,False
model,0.67,0.9,3.5,0.2,score_point,0.00851063829787234,1.5045000000000002,0.2325,0.7675,0.8611500701262271,705,400,False
model,0.64,1.0,3.5,0.2,score_point,0.00851063829787234,1.53125,0.2125,0.7875,0.8737864077669903,705,400,False
model,0.65,1.0,3.5,0.2,score_point,0.00851063829787234,1.53125,0.2125,0.7875,0.8737864077669903,705,400,False
model,0.73,0.7,3.5,0.2,score_point,0.00851063829787234,1.533,0.2975,0.7025,0.8180494905385736,705,400,False
model,0.71,0.8,3.5,0.2,score_point,0.00851063829787234,1.5357500000000002,0.2725,0.7275,0.8350071736011477,705,400,False
model,0.66,1.0,3.5,0.2,score_point,0.00851063829787234,1.55,0.22,0.78,0.8690807799442898,705,400,False
model,0.68,0.9,3.5,0.2,score_point,0.00851063829787234,1.55,0.25,0.75,0.8498583569405098,705,400,False
model,0.74,0.7,3.5,0.2,score_point,0.00851063829787234,1.5609999999999997,0.3075,0.6925,0.8111273792093705,705,400,False
model,0.69,0.9,3.5,0.2,score_point,0.00851063829787234,1.5630000000000002,0.255,0.745,0.8465909090909091,705,400,False
model,0.7,0.9,3.5,0.2,score_point,0.00851063829787234,1.5759999999999998,0.26,0.74,0.8433048433048433,705,400,False
model,0.67,1.0,3.5,0.2,score_point,0.00851063829787234,1.58125,0.2325,0.7675,0.8611500701262271,705,400,False
model,0.75,0.7,3.5,0.2,score_point,0.00851063829787234,1.5959999999999999,0.32,0.68,0.8023598820058997,705,400,False
model,0.71,0.9,3.5,0.2,score_point,0.00851063829787234,1.6085000000000003,0.2725,0.7275,0.8350071736011477,705,400,False
model,0.68,1.0,3.5,0.2,score_point,0.00851063829787234,1.625,0.25,0.75,0.8498583569405098,705,400,False
model,0.69,1.0,3.5,0.2,score_point,0.00851063829787234,1.6375,0.255,0.745,0.8465909090909091,705,400,False
model,0.7,1.0,3.5,0.2,score_point,0.00851063829787234,1.65,0.26,0.74,0.8433048433048433,705,400,False
model,0.76,0.7,3.5,0.2,score_point,0.00851063829787234,1.652,0.34,0.66,0.7880597014925373,705,400,False
model,0.71,1.0,3.5,0.2,score_point,0.00851063829787234,1.68125,0.2725,0.7275,0.8350071736011477,705,400,False
model,0.77,0.7,3.5,0.2,score_point,0.00851063829787234,1.7149999999999996,0.3625,0.6375,0.7715582450832073,705,400,False
model,0.79,0.6,3.5,0.2,score_point,0.00851063829787234,1.76,0.4,0.6,0.7430340557275541,705,400,False
model,0.78,0.7,3.5,0.2,score_point,0.00851063829787234,1.7639999999999998,0.38,0.62,0.7584097859327216,705,400,False
model,0.8,0.6,3.5,0.2,score_point,0.00851063829787234,1.818,0.42,0.58,0.7272727272727273,705,400,False
model,0.83,0.8,3.0,0.2,score_point,0.00851063829787234,1.8505,0.4775,0.5225,0.6796747967479676,705,400,False
model,0.85,0.7,3.0,0.2,score_point,0.00851063829787234,1.8557499999999998,0.5025,0.4975,0.6578512396694215,705,400,False
model,0.81,0.6,3.5,0.2,score_point,0.00851063829787234,1.86875,0.4375,0.5625,0.7131537242472266,705,400,False
model,0.84,0.8,3.0,0.2,score_point,0.00851063829787234,1.8725000000000003,0.4875,0.5125,0.6710310965630114,705,400,False
model,0.83,0.9,3.0,0.2,score_point,0.00851063829787234,1.9027499999999997,0.4775,0.5225,0.6796747967479676,705,400,False
model,0.84,0.9,3.0,0.2,score_point,0.00851063829787234,1.9237499999999996,0.4875,0.5125,0.6710310965630114,705,400,False
model,0.82,0.6,3.5,0.2,score_point,0.00851063829787234,1.9267500000000002,0.4575,0.5425,0.6966292134831461,705,400,False
model,0.83,0.5,3.5,0.2,score_point,0.00851063829787234,1.9325,0.4775,0.5225,0.6796747967479676,705,400,False
model,0.86,0.7,3.0,0.2,score_point,0.00851063829787234,1.942,0.54,0.46,0.6237288135593221,705,400,False
model,0.83,1.0,3.0,0.2,score_point,0.00851063829787234,1.955,0.4775,0.5225,0.6796747967479676,705,400,False
model,0.84,0.5,3.5,0.2,score_point,0.00851063829787234,1.9625,0.4875,0.5125,0.6710310965630114,705,400,False
model,0.84,1.0,3.0,0.2,score_point,0.00851063829787234,1.975,0.4875,0.5125,0.6710310965630114,705,400,False
model,0.87,0.7,3.0,0.2,score_point,0.00851063829787234,1.9822499999999996,0.5575,0.4425,0.6072041166380789,705,400,False
model,0.88,0.7,3.0,0.2,score_point,0.00851063829787234,2.057,0.59,0.41,0.575438596491228,705,400,False
model,0.89,0.6,3.0,0.2,score_point,0.00851063829787234,2.0820000000000003,0.6175,0.3825,0.5474060822898033,705,400,False
model,0.9,0.6,3.0,0.2,score_point,0.00851063829787234,2.166,0.6525,0.3475,0.510091743119266,705,400,False
model,0.88,0.4,3.5,0.2,score_point,0.00851063829787234,2.229,0.59,0.41,0.575438596491228,705,400,False
model,0.91,0.6,3.0,0.2,score_point,0.00851063829787234,2.244,0.685,0.315,0.4736842105263159,705,400,False
model,0.92,0.4,3.0,0.2,score_point,0.00851063829787234,2.272,0.72,0.28,0.4324324324324325,705,400,False
model,0.89,0.3,3.5,0.2,score_point,0.00851063829787234,2.2760000000000002,0.6175,0.3825,0.5474060822898033,705,400,False
model,0.93,0.3,3.0,0.2,score_point,0.00851063829787234,2.3385000000000002,0.755,0.245,0.38888888888888895,705,400,False
model,0.9,0.3,3.5,0.2,score_point,0.00851063829787234,2.388,0.6525,0.3475,0.510091743119266,705,400,False
model,0.94,0.3,3.0,0.2,score_point,0.00851063829787234,2.4532499999999997,0.7975,0.2025,0.3326488706365503,705,400,False
model,0.91,0.3,3.5,0.2,score_point,0.00851063829787234,2.492,0.685,0.315,0.4736842105263159,705,400,False
model,0.64,0.7,3.5,0.2,score_point,0.009929078014184398,1.295,0.2125,0.7875,0.8725761772853186,705,400,False
model,0.65,0.7,3.5,0.2,score_point,0.009929078014184398,1.295,0.2125,0.7875,0.8725761772853186,705,400,True
model,0.66,0.7,3.5,0.2,score_point,0.009929078014184398,1.3159999999999998,0.22,0.78,0.8678720445062588,705,400,False
model,0.67,0.7,3.5,0.2,score_point,0.009929078014184398,1.3509999999999998,0.2325,0.7675,0.8599439775910364,705,400,False
model,0.68,0.7,3.5,0.2,score_point,0.009929078014184398,1.3999999999999997,0.25,0.75,0.8486562942008486,705,400,False
model,0.69,0.7,3.5,0.2,score_point,0.009929078014184398,1.4139999999999997,0.255,0.745,0.8453900709219857,705,400,False
model,0.72,0.6,3.5,0.2,score_point,0.009929078014184398,1.41925,0.2825,0.7175,0.8270893371757926,705,400,False
model,0.7,0.7,3.5,0.2,score_point,0.009929078014184398,1.428,0.26,0.74,0.8421052631578947,705,400,False
model,0.73,0.6,3.5,0.2,score_point,0.009929078014184398,1.4627499999999998,0.2975,0.7025,0.8168604651162792,705,400,False
model,0.71,0.7,3.5,0.2,score_point,0.009929078014184398,1.4629999999999999,0.2725,0.7275,0.833810888252149,705,400,False
model,0.74,0.6,3.5,0.2,score_point,0.009929078014184398,1.4917500000000001,0.3075,0.6925,0.8099415204678363,705,400,False
model,0.75,0.6,3.5,0.2,score_point,0.009929078014184398,1.528,0.32,0.68,0.8011782032400588,705,400,False
model,0.76,0.6,3.5,0.2,score_point,0.009929078014184398,1.5860000000000003,0.34,0.66,0.7868852459016394,705,400,False
model,0.77,0.6,3.5,0.2,score_point,0.009929078014184398,1.65125,0.3625,0.6375,0.770392749244713,705,400,False
model,0.79,0.8,3.0,0.2,score_point,0.009929078014184398,1.6800000000000004,0.4,0.6,0.7418856259659968,705,400,False
model,0.79,0.5,3.5,0.2,score_point,0.009929078014184398,1.7,0.4,0.6,0.7418856259659968,705,400,False
model,0.78,0.6,3.5,0.2,score_point,0.009929078014184398,1.702,0.38,0.62,0.7572519083969466,705,400,False
model,0.8,0.8,3.0,0.2,score_point,0.009929078014184398,1.724,0.42,0.58,0.7261345852895148,705,400,False
model,0.79,0.9,3.0,0.2,score_point,0.009929078014184398,1.74,0.4,0.6,0.7418856259659968,705,400,False
model,0.8,0.5,3.5,0.2,score_point,0.009929078014184398,1.76,0.42,0.58,0.7261345852895148,705,400,False
model,0.81,0.8,3.0,0.2,score_point,0.009929078014184398,1.7625000000000002,0.4375,0.5625,0.7120253164556962,705,400,False
model,0.8,0.9,3.0,0.2,score_point,0.009929078014184398,1.7819999999999998,0.42,0.58,0.7261345852895148,705,400,False
model,0.83,0.7,3.0,0.2,score_point,0.009929078014184398,1.79825,0.4775,0.5225,0.6785714285714285,705,400,False
model,0.79,1.0,3.0,0.2,score_point,0.009929078014184398,1.8,0.4,0.6,0.7418856259659968,705,400,False
model,0.85,0.6,3.0,0.2,score_point,0.009929078014184398,1.806,0.5025,0.4975,0.6567656765676567,705,400,False
model,0.82,0.8,3.0,0.2,score_point,0.009929078014184398,1.8065000000000004,0.4575,0.5425,0.6955128205128205,705,400,False
model,0.81,0.5,3.5,0.2,score_point,0.009929078014184398,1.8125,0.4375,0.5625,0.7120253164556962,705,400,False
model,0.81,0.9,3.0,0.2,score_point,0.009929078014184398,1.81875,0.4375,0.5625,0.7120253164556962,705,400,False
model,0.84,0.7,3.0,0.2,score_point,0.009929078014184398,1.8212499999999998,0.4875,0.5125,0.6699346405228758,705,400,False
model,0.8,1.0,3.0,0.2,score_point,0.009929078014184398,1.84,0.42,0.58,0.7261345852895148,705,400,False
model,0.82,0.9,3.0,0.2,score_point,0.009929078014184398,1.86075,0.4575,0.5425,0.6955128205128205,705,400,False
model,0.82,0.5,3.5,0.2,score_point,0.009929078014184398,1.8725,0.4575,0.5425,0.6955128205128205,705,400,False
model,0.81,1.0,3.0,0.2,score_point,0.009929078014184398,1.875,0.4375,0.5625,0.7120253164556962,705,400,False
model,0.86,0.6,3.0,0.2,score_point,0.009929078014184398,1.8960000000000001,0.54,0.46,0.622673434856176,705,400,False
model,0.82,1.0,3.0,0.2,score_point,0.009929078014184398,1.915,0.4575,0.5425,0.6955128205128205,705,400,False
model,0.87,0.6,3.0,0.2,score_point,0.009929078014184398,1.9380000000000002,0.5575,0.4425,0.6061643835616438,705,400,False
model,0.85,0.4,3.5,0.2,score_point,0.009929078014184398,1.95775,0.5025,0.4975,0.6567656765676567,705,400,False
model,0.88,0.6,3.0,0.2,score_point,0.009929078014184398,2.016,0.59,0.41,0.574430823117338,705,400,False
model,0.89,0.5,3.0,0.2,score_point,0.009929078014184398,2.04375,0.6175,0.3825,0.5464285714285715,705,400,False
model,0.86,0.4,3.5,0.2,score_point,0.009929078014184398,2.074,0.54,0.46,0.622673434856176,705,400,False
model,0.87,0.4,3.5,0.2,score_point,0.009929078014184398,2.12825,0.5575,0.4425,0.6061643835616438,705,400,False
model,0.9,0.5,3.0,0.2,score_point,0.009929078014184398,2.13125,0.6525,0.3475,0.5091575091575091,705,400,False
model,0.91,0.5,3.0,0.2,score_point,0.009929078014184398,2.2125,0.685,0.315,0.47279549718574104,705,400,False
model,0.92,0.3,3.0,0.2,score_point,0.009929078014184398,2.244,0.72,0.28,0.4315992292870906,705,400,False
model,0.93,0.2,3.0,0.2,score_point,0.009929078014184398,2.3139999999999996,0.755,0.245,0.38811881188118813,705,400,False
model,0.94,0.2,3.0,0.2,score_point,0.009929078014184398,2.4330000000000003,0.7975,0.2025,0.3319672131147541,705,400,False
model,0.65,0.6,3.5,0.2,score_point,0.011347517730496455,1.2162499999999998,0.2125,0.7875,0.8713692946058091,705,400,True
model,0.66,0.6,3.5,0.2,score_point,0.011347517730496455,1.2379999999999998,0.22,0.78,0.8666666666666667,705,400,False
model,0.67,0.6,3.5,0.2,score_point,0.011347517730496455,1.2742499999999999,0.2325,0.7675,0.8587412587412586,705,400,False
model,0.68,0.6,3.5,0.2,score_point,0.011347517730496455,1.325,0.25,0.75,0.8474576271186441,705,400,False
model,0.69,0.6,3.5,0.2,score_point,0.011347517730496455,1.3395,0.255,0.745,0.8441926345609065,705,400,False
model,0.63,0.8,3.5,0.2,score_point,0.011347517730496455,1.3535000000000001,0.205,0.795,0.8760330578512397,705,400,False
model,0.7,0.6,3.5,0.2,score_point,0.011347517730496455,1.3539999999999999,0.26,0.74,0.8409090909090909,705,400,False
model,0.71,0.6,3.5,0.2,score_point,0.011347517730496455,1.3902499999999998,0.2725,0.7275,0.832618025751073,705,400,False
model,0.72,0.8,3.0,0.2,score_point,0.011347517730496455,1.4215,0.2825,0.7175,0.8258992805755396,705,400,False
model,0.63,0.9,3.5,0.2,score_point,0.011347517730496455,1.433,0.205,0.795,0.8760330578512397,705,400,False
model,0.73,0.8,3.0,0.2,score_point,0.011347517730496455,1.4545000000000001,0.2975,0.7025,0.8156748911465892,705,400,False
model,0.74,0.8,3.0,0.2,score_point,0.011347517730496455,1.4765000000000004,0.3075,0.6925,0.8087591240875913,705,400,False
model,0.72,0.9,3.0,0.2,score_point,0.011347517730496455,1.49325,0.2825,0.7175,0.8258992805755396,705,400,False
model,0.75,0.8,3.0,0.2,score_point,0.011347517730496455,1.504,0.32,0.68,0.8,705,400,False
model,0.63,1.0,3.5,0.2,score_point,0.011347517730496455,1.5125,0.205,0.795,0.8760330578512397,705,400,False
model,0.73,0.9,3.0,0.2,score_point,0.011347517730496455,1.52475,0.2975,0.7025,0.8156748911465892,705,400,False
model,0.74,0.9,3.0,0.2,score_point,0.011347517730496455,1.54575,0.3075,0.6925,0.8087591240875913,705,400,False
model,0.76,0.8,3.0,0.2,score_point,0.011347517730496455,1.548,0.34,0.66,0.7857142857142857,705,400,False
model,0.72,1.0,3.0,0.2,score_point,0.011347517730496455,1.565,0.2825,0.7175,0.8258992805755396,705,400,False
model,0.75,0.9,3.0,0.2,score_point,0.011347517730496455,1.5719999999999998,0.32,0.68,0.8,705,400,False
model,0.73,1.0,3.0,0.2,score_point,0.011347517730496455,1.595,0.2975,0.7025,0.8156748911465892,705,400,False
model,0.77,0.8,3.0,0.2,score_point,0.011347517730496455,1.5975000000000004,0.3625,0.6375,0.7692307692307692,705,400,False
model,0.76,0.9,3.0,0.2,score_point,0.011347517730496455,1.6139999999999999,0.34,0.66,0.7857142857142857,705,400,False
model,0.74,1.0,3.0,0.2,score_point,0.011347517730496455,1.615,0.3075,0.6925,0.8087591240875913,705,400,False
model,0.79,0.7,3.0,0.2,score_point,0.011347517730496455,1.6199999999999997,0.4,0.6,0.7407407407407407,705,400,False
model,0.78,0.8,3.0,0.2,score_point,0.011347517730496455,1.6360000000000001,0.38,0.62,0.7560975609756097,705,400,False
model,0.75,1.0,3.0,0.2,score_point,0.011347517730496455,1.64,0.32,0.68,0.8,705,400,False
model,0.77,0.9,3.0,0.2,score_point,0.011347517730496455,1.66125,0.3625,0.6375,0.7692307692307692,705,400,False
model,0.8,0.7,3.0,0.2,score_point,0.011347517730496455,1.666,0.42,0.58,0.725,705,400,False
model,0.76,1.0,3.0,0.2,score_point,0.011347517730496455,1.68,0.34,0.66,0.7857142857142857,705,400,False
model,0.78,0.9,3.0,0.2,score_point,0.011347517730496455,1.6980000000000002,0.38,0.62,0.7560975609756097,705,400,False
model,0.81,0.7,3.0,0.2,score_point,0.011347517730496455,1.7062499999999998,0.4375,0.5625,0.7109004739336492,705,400,False
model,0.77,1.0,3.0,0.2,score_point,0.011347517730496455,1.725,0.3625,0.6375,0.7692307692307692,705,400,False
model,0.83,0.6,3.0,0.2,score_point,0.011347517730496455,1.7460000000000002,0.4775,0.5225,0.6774716369529983,705,400,False
model,0.82,0.7,3.0,0.2,score_point,0.011347517730496455,1.7522499999999996,0.4575,0.5425,0.6943999999999999,705,400,False
model,0.85,0.5,3.0,0.2,score_point,0.011347517730496455,1.75625,0.5025,0.4975,0.6556836902800659,705,400,False
model,0.78,1.0,3.0,0.2,score_point,0.011347517730496455,1.76,0.38,0.62,0.7560975609756097,705,400,False
model,0.84,0.6,3.0,0.2,score_point,0.011347517730496455,1.77,0.4875,0.5125,0.6688417618270798,705,400,False
model,0.86,0.5,3.0,0.2,score_point,0.011347517730496455,1.85,0.54,0.46,0.6216216216216216,705,400,False
model,0.83,0.4,3.5,0.2,score_point,0.011347517730496455,1.8802499999999998,0.4775,0.5225,0.6774716369529983,705,400,False
model,0.87,0.5,3.0,0.2,score_point,0.011347517730496455,1.89375,0.5575,0.4425,0.6051282051282052,705,400,False
model,0.84,0.4,3.5,0.2,score_point,0.011347517730496455,1.9112499999999997,0.4875,0.5125,0.6688417618270798,705,400,False
model,0.88,0.5,3.0,0.2,score_point,0.011347517730496455,1.975,0.59,0.41,0.5734265734265734,705,400,False
model,0.89,0.4,3.0,0.2,score_point,0.011347517730496455,2.0054999999999996,0.6175,0.3825,0.5454545454545454,705,400,False
model,0.9,0.4,3.0,0.2,score_point,0.011347517730496455,2.0965000000000003,0.6525,0.3475,0.5082266910420475,705,400,False
model,0.91,0.4,3.0,0.2,score_point,0.011347517730496455,2.181,0.685,0.315,0.47191011235955055,705,400,False
model,0.88,0.3,3.5,0.2,score_point,0.011347517730496455,2.188,0.59,0.41,0.5734265734265734,705,400,False
model,0.92,0.2,3.0,0.2,score_point,0.011347517730496455,2.2159999999999997,0.72,0.28,0.4307692307692308,705,400,False
model,0.89,0.2,3.5,0.2,score_point,0.011347517730496455,2.2377499999999997,0.6175,0.3825,0.5454545454545454,705,400,False
model,0.9,0.2,3.5,0.2,score_point,0.011347517730496455,2.35325,0.6525,0.3475,0.5082266910420475,705,400,False
model,0.91,0.2,3.5,0.2,score_point,0.011347517730496455,2.4604999999999997,0.685,0.315,0.47191011235955055,705,400,False
model,0.55,0.8,3.5,0.2,score_point,0.01276595744680851,1.205,0.15,0.85,0.9078771695594126,705,400,True
model,0.56,0.8,3.5,0.2,score_point,0.01276595744680851,1.21175,0.1525,0.8475,0.9064171122994653,705,400,False
model,0.64,0.6,3.5,0.2,score_point,0.01276595744680851,1.2162499999999998,0.2125,0.7875,0.8701657458563536,705,400,False
model,0.57,0.8,3.5,0.2,score_point,0.01276595744680851,1.2252500000000004,0.1575,0.8425,0.9034852546916889,705,400,False
model,0.58,0.8,3.5,0.2,score_point,0.01276595744680851,1.2455000000000003,0.165,0.835,0.8990578734858681,705,400,False
model,0.59,0.8,3.5,0.2,score_point,0.01276595744680851,1.2657500000000002,0.1725,0.8275,0.8945945945945946,705,400,False
model,0.64,0.8,3.0,0.2,score_point,0.01276595744680851,1.2675,0.2125,0.7875,0.8701657458563536,705,400,False
model,0.65,0.8,3.0,0.2,score_point,0.01276595744680851,1.2675,0.2125,0.7875,0.8701657458563536,705,400,False
model,0.63,0.7,3.5,0.2,score_point,0.01276595744680851,1.2739999999999998,0.205,0.795,0.8748280605226961,705,400,False
model,0.66,0.8,3.0,0.2,score_point,0.01276595744680851,1.284,0.22,0.78,0.8654646324549238,705,400,False
model,0.6,0.8,3.5,0.2,score_point,0.01276595744680851,1.2860000000000003,0.18,0.82,0.8900949796472184,705,400,False
model,0.55,0.9,3.5,0.2,score_point,0.01276595744680851,1.29,0.15,0.85,0.9078771695594126,705,400,False
model,0.56,0.9,3.5,0.2,score_point,0.01276595744680851,1.2965,0.1525,0.8475,0.9064171122994653,705,400,False
model,0.57,0.9,3.5,0.2,score_point,0.01276595744680851,1.3094999999999999,0.1575,0.8425,0.9034852546916889,705,400,False
model,0.67,0.8,3.0,0.2,score_point,0.01276595744680851,1.3115000000000003,0.2325,0.7675,0.8575418994413407,705,400,False
model,0.61,0.8,3.5,0.2,score_point,0.01276595744680851,1.3130000000000004,0.19,0.81,0.8840381991814461,705,400,False
model,0.58,0.9,3.5,0.2,score_point,0.01276595744680851,1.329,0.165,0.835,0.8990578734858681,705,400,False
model,0.62,0.8,3.5,0.2,score_point,0.01276595744680851,1.3400000000000003,0.2,0.8,0.8779149519890262,705,400,False
model,0.64,0.9,3.0,0.2,score_point,0.01276595744680851,1.34625,0.2125,0.7875,0.8701657458563536,705,400,False
model,0.65,0.9,3.0,0.2,score_point,0.01276595744680851,1.34625,0.2125,0.7875,0.8701657458563536,705,400,False
model,0.72,0.5,3.5,0.2,score_point,0.01276595744680851,1.3475,0.2825,0.7175,0.824712643678161,705,400,False
model,0.59,0.9,3.5,0.2,score_point,0.01276595744680851,1.3485000000000003,0.1725,0.8275,0.8945945945945946,705,400,False
model,0.72,0.7,3.0,0.2,score_point,0.01276595744680851,1.34975,0.2825,0.7175,0.824712643678161,705,400,False
model,0.68,0.8,3.0,0.2,score_point,0.01276595744680851,1.3500000000000003,0.25,0.75,0.846262341325811,705,400,False
model,0.69,0.8,3.0,0.2,score_point,0.01276595744680851,1.3610000000000002,0.255,0.745,0.8429985855728429,705,400,False
model,0.66,0.9,3.0,0.2,score_point,0.01276595744680851,1.3619999999999999,0.22,0.78,0.8654646324549238,705,400,False
model,0.6,0.9,3.5,0.2,score_point,0.01276595744680851,1.368,0.18,0.82,0.8900949796472184,705,400,False
model,0.7,0.8,3.0,0.2,score_point,0.01276595744680851,1.372,0.26,0.74,0.8397163120567375,705,400,False
model,0.55,1.0,3.5,0.2,score_point,0.01276595744680851,1.375,0.15,0.85,0.9078771695594126,705,400,False
model,0.56,1.0,3.5,0.2,score_point,0.01276595744680851,1.38125,0.1525,0.8475,0.9064171122994653,705,400,False
model,0.73,0.7,3.0,0.2,score_point,0.01276595744680851,1.3842499999999998,0.2975,0.7025,0.8144927536231884,705,400,False
model,0.67,0.9,3.0,0.2,score_point,0.01276595744680851,1.3882500000000002,0.2325,0.7675,0.8575418994413407,705,400,False
model,0.73,0.5,3.5,0.2,score_point,0.01276595744680851,1.3925,0.2975,0.7025,0.8144927536231884,705,400,False
model,0.57,1.0,3.5,0.2,score_point,0.01276595744680851,1.39375,0.1575,0.8425,0.9034852546916889,705,400,False
model,0.61,0.9,3.5,0.2,score_point,0.01276595744680851,1.3939999999999997,0.19,0.81,0.8840381991814461,705,400,False
model,0.71,0.8,3.0,0.2,score_point,0.01276595744680851,1.3995000000000002,0.2725,0.7275,0.8314285714285715,705,400,False
model,0.74,0.7,3.0,0.2,score_point,0.01276595744680851,1.4072499999999997,0.3075,0.6925,0.8075801749271138,705,400,False
model,0.58,1.0,3.5,0.2,score_point,0.01276595744680851,1.4125,0.165,0.835,0.8990578734858681,705,400,False
model,0.62,0.9,3.5,0.2,score_point,0.01276595744680851,1.42,0.2,0.8,0.8779149519890262,705,400,False
model,0.74,0.5,3.5,0.2,score_point,0.01276595744680851,1.4225,0.3075,0.6925,0.8075801749271138,705,400,False
model,0.64,1.0,3.0,0.2,score_point,0.01276595744680851,1.425,0.2125,0.7875,0.8701657458563536,705,400,False
model,0.65,1.0,3.0,0.2,score_point,0.01276595744680851,1.425,0.2125,0.7875,0.8701657458563536,705,400,False
model,0.68,0.9,3.0,0.2,score_point,0.01276595744680851,1.425,0.25,0.75,0.846262341325811,705,400,False
model,0.59,1.0,3.5,0.2,score_point,0.01276595744680851,1.43125,0.1725,0.8275,0.8945945945945946,705,400,False
model,0.69,0.9,3.0,0.2,score_point,0.01276595744680851,1.4355000000000002,0.255,0.745,0.8429985855728429,705,400,False
model,0.75,0.7,3.0,0.2,score_point,0.01276595744680851,1.436,0.32,0.68,0.7988252569750367,705,400,False
model,0.66,1.0,3.0,0.2,score_point,0.01276595744680851,1.44,0.22,0.78,0.8654646324549238,705,400,False
model,0.7,0.9,3.0,0.2,score_point,0.01276595744680851,1.4460000000000002,0.26,0.74,0.8397163120567375,705,400,False
model,0.6,1.0,3.5,0.2,score_point,0.01276595744680851,1.45,0.18,0.82,0.8900949796472184,705,400,False
model,0.75,0.5,3.5,0.2,score_point,0.01276595744680851,1.46,0.32,0.68,0.7988252569750367,705,400,False
model,0.67,1.0,3.0,0.2,score_point,0.01276595744680851,1.465,0.2325,0.7675,0.8575418994413407,705,400,False
model,0.71,0.9,3.0,0.2,score_point,0.01276595744680851,1.4722499999999998,0.2725,0.7275,0.8314285714285715,705,400,False
model,0.61,1.0,3.5,0.2,score_point,0.01276595744680851,1.475,0.19,0.81,0.8840381991814461,705,400,False
model,0.76,0.7,3.0,0.2,score_point,0.01276595744680851,1.482,0.34,0.66,0.7845468053491829,705,400,False
model,0.62,1.0,3.5,0.2,score_point,0.01276595744680851,1.5,0.2,0.8,0.8779149519890262,705,400,False
model,0.68,1.0,3.0,0.2,score_point,0.01276595744680851,1.5,0.25,0.75,0.846262341325811,705,400,False
model,0.69,1.0,3.0,0.2,score_point,0.01276595744680851,1.51,0.255,0.745,0.8429985855728429,705,400,False
model,0.7,1.0,3.0,0.2,score_point,0.01276595744680851,1.52,0.26,0.74,0.8397163120567375,705,400,False
model,0.76,0.5,3.5,0.2,score_point,0.01276595744680851,1.52,0.34,0.66,0.7845468053491829,705,400,False
model,0.77,0.7,3.0,0.2,score_point,0.01276595744680851,1.5337499999999997,0.3625,0.6375,0.7680722891566264,705,400,False
model,0.71,1.0,3.0,0.2,score_point,0.01276595744680851,1.545,0.2725,0.7275,0.8314285714285715,705,400,False
model,0.79,0.6,3.0,0.2,score_point,0.01276595744680851,1.56,0.4,0.6,0.7395993836671803,705,400,False
model,0.78,0.7,3.0,0.2,score_point,0.01276595744680851,1.5739999999999998,0.38,0.62,0.7549467275494672,705,400,False
model,0.77,0.5,3.5,0.2,score_point,0.01276595744680851,1.5875,0.3625,0.6375,0.7680722891566264,705,400,False
model,0.8,0.6,3.0,0.2,score_point,0.01276595744680851,1.608,0.42,0.58,0.7238689547581902,705,400,False
model,0.78,0.5,3.5,0.2,score_point,0.01276595744680851,1.64,0.38,0.62,0.7549467275494672,705,400,False
model,0.81,0.6,3.0,0.2,score_point,0.01276595744680851,1.65,0.4375,0.5625,0.7097791798107255,705,400,False
model,0.83,0.5,3.0,0.2,score_point,0.01276595744680851,1.69375,0.4775,0.5225,0.6763754045307443,705,400,False
model,0.82,0.6,3.0,0.2,score_point,0.01276595744680851,1.6980000000000002,0.4575,0.5425,0.6932907348242812,705,400,False
model,0.8,0.4,3.5,0.2,score_point,0.01276595744680851,1.702,0.42,0.58,0.7238689547581902,705,400,False
model,0.84,0.5,3.0,0.2,score_point,0.01276595744680851,1.71875,0.4875,0.5125,0.6677524429967427,705,400,False
model,0.81,0.4,3.5,0.2,score_point,0.01276595744680851,1.75625,0.4375,0.5625,0.7097791798107255,705,400,False
model,0.82,0.4,3.5,0.2,score_point,0.01276595744680851,1.81825,0.4575,0.5425,0.6932907348242812,705,400,False
model,0.89,0.8,2.5,0.2,score_point,0.01276595744680851,1.8497500000000002,0.6175,0.3825,0.5444839857651246,705,400,False
model,0.89,0.9,2.5,0.2,score_point,0.01276595744680851,1.888,0.6175,0.3825,0.5444839857651246,705,400,False
model,0.85,0.3,3.5,0.2,score_point,0.01276595744680851,1.9080000000000001,0.5025,0.4975,0.6546052631578948,705,400,False
model,0.9,0.8,2.5,0.2,score_point,0.01276595744680851,1.9092500000000001,0.6525,0.3475,0.5072992700729927,705,400,False
model,0.89,1.0,2.5,0.2,score_point,0.01276595744680851,1.92625,0.6175,0.3825,0.5444839857651246,705,400,False
model,0.88,0.4,3.0,0.2,score_point,0.01276595744680851,1.9340000000000002,0.59,0.41,0.5724258289703316,705,400,False
model,0.9,0.9,2.5,0.2,score_point,0.01276595744680851,1.944,0.6525,0.3475,0.5072992700729927,705,400,False
model,0.91,0.8,2.5,0.2,score_point,0.01276595744680851,1.9645000000000001,0.685,0.315,0.47102803738317756,705,400,False
model,0.89,0.3,3.0,0.2,score_point,0.01276595744680851,1.9672500000000002,0.6175,0.3825,0.5444839857651246,705,400,False
model,0.9,1.0,2.5,0.2,score_point,0.01276595744680851,1.97875,0.6525,0.3475,0.5072992700729927,705,400,False
model,0.91,0.9,2.5,0.2,score_point,0.01276595744680851,1.996,0.685,0.315,0.47102803738317756,705,400,False
model,0.93,0.5,2.5,0.2,score_point,0.01276595744680851,2.01,0.755,0.245,0.3865877712031558,705,400,False
model,0.92,0.8,2.5,0.2,score_point,0.01276595744680851,2.024,0.72,0.28,0.4299424184261037,705,400,False
model,0.91,1.0,2.5,0.2,score_point,0.01276595744680851,2.0275,0.685,0.315,0.47102803738317756,705,400,False
model,0.86,0.3,3.5,0.2,score_point,0.01276595744680851,2.028,0.54,0.46,0.6205733558178752,705,400,False
model,0.93,0.6,2.5,0.2,score_point,0.01276595744680851,2.0345,0.755,0.245,0.3865877712031558,705,400,False
model,0.92,0.9,2.5,0.2,score_point,0.01276595744680851,2.052,0.72,0.28,0.4299424184261037,705,400,False
model,0.93,0.7,2.5,0.2,score_point,0.01276595744680851,2.0589999999999997,0.755,0.245,0.3865877712031558,705,400,False
model,0.9,0.3,3.0,0.2,score_point,0.01276595744680851,2.06175,0.6525,0.3475,0.5072992700729927,705,400,False
model,0.92,1.0,2.5,0.2,score_point,0.01276595744680851,2.08,0.72,0.28,0.4299424184261037,705,400,False
model,0.93,0.8,2.5,0.2,score_point,0.01276595744680851,2.0835000000000004,0.755,0.245,0.3865877712031558,705,400,False
model,0.87,0.3,3.5,0.2,score_point,0.01276595744680851,2.084,0.5575,0.4425,0.6040955631399318,705,400,False
model,0.94,0.5,2.5,0.2,score_point,0.01276595744680851,2.095,0.7975,0.2025,0.3306122448979592,705,400,False
model,0.93,0.9,2.5,0.2,score_point,0.01276595744680851,2.108,0.755,0.245,0.3865877712031558,705,400,False
model,0.94,0.6,2.5,0.2,score_point,0.01276595744680851,2.11525,0.7975,0.2025,0.3306122448979592,705,400,False
model,0.93,1.0,2.5,0.2,score_point,0.01276595744680851,2.1325,0.755,0.245,0.3865877712031558,705,400,False
model,0.94,0.7,2.5,0.2,score_point,0.01276595744680851,2.1355,0.7975,0.2025,0.3306122448979592,705,400,False
model,0.91,0.3,3.0,0.2,score_point,0.01276595744680851,2.1495,0.685,0.315,0.47102803738317756,705,400,False
model,0.94,0.8,2.5,0.2,score_point,0.01276595744680851,2.1557500000000003,0.7975,0.2025,0.3306122448979592,705,400,False
model,0.95,0.4,2.5,0.2,score_point,0.01276595744680851,2.16925,0.8425,0.1575,0.2669491525423729,705,400,False
model,0.94,0.9,2.5,0.2,score_point,0.01276595744680851,2.176,0.7975,0.2025,0.3306122448979592,705,400,False
model,0.95,0.5,2.5,0.2,score_point,0.01276595744680851,2.185,0.8425,0.1575,0.2669491525423729,705,400,False
model,0.94,1.0,2.5,0.2,score_point,0.01276595744680851,2.19625,0.7975,0.2025,0.3306122448979592,705,400,False
model,0.95,0.6,2.5,0.2,score_point,0.01276595744680851,2.2007499999999998,0.8425,0.1575,0.2669491525423729,705,400,False
model,0.95,0.7,2.5,0.2,score_point,0.01276595744680851,2.2165,0.8425,0.1575,0.2669491525423729,705,400,False
model,0.95,0.8,2.5,0.2,score_point,0.01276595744680851,2.23225,0.8425,0.1575,0.2669491525423729,705,400,False
model,0.95,0.9,2.5,0.2,score_point,0.01276595744680851,2.248,0.8425,0.1575,0.2669491525423729,705,400,False
model,0.96,0.2,2.5,0.2,score_point,0.01276595744680851,2.2584999999999997,0.895,0.105,0.18625277161862527,705,400,False
model,0.95,1.0,2.5,0.2,score_point,0.01276595744680851,2.26375,0.8425,0.1575,0.2669491525423729,705,400,False
model,0.96,0.3,2.5,0.2,score_point,0.01276595744680851,2.269,0.895,0.105,0.18625277161862527,705,400,False
model,0.96,0.4,2.5,0.2,score_point,0.01276595744680851,2.2795,0.895,0.105,0.18625277161862527,705,400,False
model,0.96,0.5,2.5,0.2,score_point,0.01276595744680851,2.29,0.895,0.105,0.18625277161862527,705,400,False
model,0.96,0.6,2.5,0.2,score_point,0.01276595744680851,2.3005,0.895,0.105,0.18625277161862527,705,400,False
model,0.96,0.7,2.5,0.2,score_point,0.01276595744680851,2.311,0.895,0.105,0.18625277161862527,705,400,False
model,0.96,0.8,2.5,0.2,score_point,0.01276595744680851,2.3215,0.895,0.105,0.18625277161862527,705,400,False
model,0.96,0.9,2.5,0.2,score_point,0.01276595744680851,2.332,0.895,0.105,0.18625277161862527,705,400,False
model,0.96,1.0,2.5,0.2,score_point,0.01276595744680851,2.3425,0.895,0.105,0.18625277161862527,705,400,False
model,0.97,0.2,2.5,0.2,score_point,0.01276595744680851,2.385,0.95,0.05,0.09324009324009325,705,400,False
model,0.97,0.3,2.5,0.2,score_point,0.01276595744680851,2.39,0.95,0.05,0.09324009324009325,705,400,False
model,0.97,0.4,2.5,0.2,score_point,0.01276595744680851,2.395,0.95,0.05,0.09324009324009325,705,400,False
model,0.97,0.5,2.5,0.2,score_point,0.01276595744680851,2.4,0.95,0.05,0.09324009324009325,705,400,False
model,0.97,0.6,2.5,0.2,score_point,0.01276595744680851,2.405,0.95,0.05,0.09324009324009325,705,400,False
model,0.97,0.7,2.5,0.2,score_point,0.01276595744680851,2.41,0.95,0.05,0.09324009324009325,705,400,False
model,0.97,0.8,2.5,0.2,score_point,0.01276595744680851,2.415,0.95,0.05,0.09324009324009325,705,400,False
model,0.97,0.9,2.5,0.2,score_point,0.01276595744680851,2.42,0.95,0.05,0.09324009324009325,705,400,False
model,0.97,1.0,2.5,0.2,score_point,0.01276595744680851,2.425,0.95,0.05,0.09324009324009325,705,400,False
model,0.98,0.2,2.5,0.2,score_point,0.01276595744680851,2.45975,0.9825,0.0175,0.03365384615384616,705,400,False
model,0.98,0.3,2.5,0.2,score_point,0.01276595744680851,2.4614999999999996,0.9825,0.0175,0.03365384615384616,705,400,False
model,0.98,0.4,2.5,0.2,score_point,0.01276595744680851,2.46325,0.9825,0.0175,0.03365384615384616,705,400,False
model,0.98,0.5,2.5,0.2,score_point,0.01276595744680851,2.465,0.9825,0.0175,0.03365384615384616,705,400,False
model,0.98,0.6,2.5,0.2,score_point,0.01276595744680851,2.46675,0.9825,0.0175,0.03365384615384616,705,400,False
model,0.98,0.7,2.5,0.2,score_point,0.01276595744680851,2.4685,0.9825,0.0175,0.03365384615384616,705,400,False
model,0.98,0.8,2.5,0.2,score_point,0.01276595744680851,2.47025,0.9825,0.0175,0.03365384615384616,705,400,False
model,0.98,0.9,2.5,0.2,score_point,0.01276595744680851,2.472,0.9825,0.0175,0.03365384615384616,705,400,False
model,0.98,1.0,2.5,0.2,score_point,0.01276595744680851,2.47375,0.9825,0.0175,0.03365384615384616,705,400,False
model,0.99,0.2,2.5,0.2,score_point,0.01276595744680851,2.5,1.0,0.0,0.0,705,400,False
model,1.0,0.2,2.5,0.2,score_point,0.01276595744680851,2.5,1.0,0.0,0.0,705,400,False
model,0.99,0.3,2.5,0.2,score_point,0.01276595744680851,2.5,1.0,0.0,0.0,705,400,False
model,1.0,0.3,2.5,0.2,score_point,0.01276595744680851,2.5,1.0,0.0,0.0,705,400,False
model,0.99,0.4,2.5,0.2,score_point,0.01276595744680851,2.5,1.0,0.0,0.0,705,400,False
model,1.0,0.4,2.5,0.2,score_point,0.01276595744680851,2.5,1.0,0.0,0.0,705,400,False
model,0.99,0.5,2.5,0.2,score_point,0.01276595744680851,2.5,1.0,0.0,0.0,705,400,False
model,1.0,0.5,2.5,0.2,score_point,0.01276595744680851,2.5,1.0,0.0,0.0,705,400,False
model,0.99,0.6,2.5,0.2,score_point,0.01276595744680851,2.5,1.0,0.0,0.0,705,400,False
model,1.0,0.6,2.5,0.2,score_point,0.01276595744680851,2.5,1.0,0.0,0.0,705,400,False
model,0.99,0.7,2.5,0.2,score_point,0.01276595744680851,2.5,1.0,0.0,0.0,705,400,False
model,1.0,0.7,2.5,0.2,score_point,0.01276595744680851,2.5,1.0,0.0,0.0,705,400,False
model,0.99,0.8,2.5,0.2,score_point,0.01276595744680851,2.5,1.0,0.0,0.0,705,400,False
model,1.0,0.8,2.5,0.2,score_point,0.01276595744680851,2.5,1.0,0.0,0.0,705,400,False
model,0.99,0.9,2.5,0.2,score_point,0.01276595744680851,2.5,1.0,0.0,0.0,705,400,False
model,1.0,0.9,2.5,0.2,score_point,0.01276595744680851,2.5,1.0,0.0,0.0,705,400,False
model,0.99,1.0,2.5,0.2,score_point,0.01276595744680851,2.5,1.0,0.0,0.0,705,400,False
model,1.0,1.0,2.5,0.2,score_point,0.01276595744680851,2.5,1.0,0.0,0.0,705,400,False
model,0.55,0.7,3.5,0.2,score_point,0.014184397163120567,1.1199999999999999,0.15,0.85,0.9066666666666667,705,400,True
model,0.56,0.7,3.5,0.2,score_point,0.014184397163120567,1.1269999999999998,0.1525,0.8475,0.9052069425901201,705,400,False
model,0.57,0.7,3.5,0.2,score_point,0.014184397163120567,1.1409999999999998,0.1575,0.8425,0.9022757697456493,705,400,False
model,0.53,0.8,3.5,0.2,score_point,0.014184397163120567,1.1510000000000002,0.13,0.87,0.9182058047493404,705,400,False
model,0.58,0.7,3.5,0.2,score_point,0.014184397163120567,1.162,0.165,0.835,0.8978494623655913,705,400,False
model,0.59,0.7,3.5,0.2,score_point,0.014184397163120567,1.1829999999999998,0.1725,0.8275,0.8933873144399459,705,400,False
model,0.64,0.7,3.0,0.2,score_point,0.014184397163120567,1.1887499999999998,0.2125,0.7875,0.8689655172413793,705,400,False
model,0.65,0.7,3.0,0.2,score_point,0.014184397163120567,1.1887499999999998,0.2125,0.7875,0.8689655172413793,705,400,False
model,0.54,0.8,3.5,0.2,score_point,0.014184397163120567,1.1915000000000002,0.145,0.855,0.9095744680851063,705,400,False
model,0.6,0.7,3.5,0.2,score_point,0.014184397163120567,1.2039999999999997,0.18,0.82,0.8888888888888888,705,400,False
model,0.66,0.7,3.0,0.2,score_point,0.014184397163120567,1.2059999999999997,0.22,0.78,0.8642659279778394,705,400,False
model,0.61,0.7,3.5,0.2,score_point,0.014184397163120567,1.2319999999999995,0.19,0.81,0.8828337874659401,705,400,False
model,0.67,0.7,3.0,0.2,score_point,0.014184397163120567,1.2347499999999996,0.2325,0.7675,0.8563458856345886,705,400,False
model,0.53,0.9,3.5,0.2,score_point,0.014184397163120567,1.2380000000000002,0.13,0.87,0.9182058047493404,705,400,False
model,0.62,0.7,3.5,0.2,score_point,0.014184397163120567,1.2599999999999998,0.2,0.8,0.8767123287671234,705,400,False
model,0.68,0.7,3.0,0.2,score_point,0.014184397163120567,1.2749999999999997,0.25,0.75,0.8450704225352113,705,400,False
model,0.54,0.9,3.5,0.2,score_point,0.014184397163120567,1.2770000000000001,0.145,0.855,0.9095744680851063,705,400,False
model,0.72,0.6,3.0,0.2,score_point,0.014184397163120567,1.2779999999999998,0.2825,0.7175,0.8235294117647058,705,400,False
model,0.69,0.7,3.0,0.2,score_point,0.014184397163120567,1.2864999999999998,0.255,0.745,0.8418079096045197,705,400,False
model,0.7,0.7,3.0,0.2,score_point,0.014184397163120567,1.2979999999999998,0.26,0.74,0.8385269121813032,705,400,False
model,0.73,0.6,3.0,0.2,score_point,0.014184397163120567,1.3139999999999998,0.2975,0.7025,0.813314037626628,705,400,False
model,0.71,0.5,3.5,0.2,score_point,0.014184397163120567,1.3175,0.2725,0.7275,0.8302425106990015,705,400,False
model,0.53,1.0,3.5,0.2,score_point,0.014184397163120567,1.325,0.13,0.87,0.9182058047493404,705,400,False
model,0.71,0.7,3.0,0.2,score_point,0.014184397163120567,1.3267499999999999,0.2725,0.7275,0.8302425106990015,705,400,False
model,0.74,0.6,3.0,0.2,score_point,0.014184397163120567,1.3379999999999999,0.3075,0.6925,0.8064046579330422,705,400,False
model,0.54,1.0,3.5,0.2,score_point,0.014184397163120567,1.3625,0.145,0.855,0.9095744680851063,705,400,False
model,0.75,0.6,3.0,0.2,score_point,0.014184397163120567,1.3679999999999999,0.32,0.68,0.7976539589442816,705,400,False
model,0.76,0.6,3.0,0.2,score_point,0.014184397163120567,1.416,0.34,0.66,0.7833827893175075,705,400,False
model,0.77,0.6,3.0,0.2,score_point,0.014184397163120567,1.47,0.3625,0.6375,0.7669172932330827,705,400,False
model,0.79,0.5,3.0,0.2,score_point,0.014184397163120567,1.5,0.4,0.6,0.7384615384615384,705,400,False
model,0.78,0.6,3.0,0.2,score_point,0.014184397163120567,1.5119999999999998,0.38,0.62,0.7537993920972644,705,400,False
model,0.8,0.5,3.0,0.2,score_point,0.014184397163120567,1.55,0.42,0.58,0.7227414330218069,705,400,False
model,0.81,0.5,3.0,0.2,score_point,0.014184397163120567,1.59375,0.4375,0.5625,0.7086614173228346,705,400,False
model,0.79,0.4,3.5,0.2,score_point,0.014184397163120567,1.64,0.4,0.6,0.7384615384615384,705,400,False
model,0.82,0.5,3.0,0.2,score_point,0.014184397163120567,1.64375,0.4575,0.5425,0.6921850079744817,705,400,False
model,0.85,0.8,2.5,0.2,score_point,0.014184397163120567,1.6542500000000002,0.5025,0.4975,0.6535303776683087,705,400,False
model,0.85,0.9,2.5,0.2,score_point,0.014184397163120567,1.704,0.5025,0.4975,0.6535303776683087,705,400,False
model,0.85,0.4,3.0,0.2,score_point,0.014184397163120567,1.7065000000000001,0.5025,0.4975,0.6535303776683087,705,400,False
model,0.86,0.8,2.5,0.2,score_point,0.014184397163120567,1.7180000000000002,0.54,0.46,0.6195286195286196,705,400,False
model,0.87,0.8,2.5,0.2,score_point,0.014184397163120567,1.7477500000000001,0.5575,0.4425,0.6030664395229982,705,400,False
model,0.85,1.0,2.5,0.2,score_point,0.014184397163120567,1.75375,0.5025,0.4975,0.6535303776683087,705,400,False
model,0.86,0.9,2.5,0.2,score_point,0.014184397163120567,1.7639999999999998,0.54,0.46,0.6195286195286196,705,400,False
model,0.87,0.9,2.5,0.2,score_point,0.014184397163120567,1.7919999999999998,0.5575,0.4425,0.6030664395229982,705,400,False
model,0.88,0.8,2.5,0.2,score_point,0.014184397163120567,1.8030000000000002,0.59,0.41,0.5714285714285714,705,400,False
model,0.86,0.4,3.0,0.2,score_point,0.014184397163120567,1.804,0.54,0.46,0.6195286195286196,705,400,False
model,0.86,1.0,2.5,0.2,score_point,0.014184397163120567,1.81,0.54,0.46,0.6195286195286196,705,400,False
model,0.89,0.7,2.5,0.2,score_point,0.014184397163120567,1.8114999999999997,0.6175,0.3825,0.5435168738898757,705,400,False
model,0.83,0.3,3.5,0.2,score_point,0.014184397163120567,1.828,0.4775,0.5225,0.6752827140549272,705,400,False
model,0.87,1.0,2.5,0.2,score_point,0.014184397163120567,1.83625,0.5575,0.4425,0.6030664395229982,705,400,False
model,0.88,0.9,2.5,0.2,score_point,0.014184397163120567,1.844,0.59,0.41,0.5714285714285714,705,400,False
model,0.87,0.4,3.0,0.2,score_point,0.014184397163120567,1.8495,0.5575,0.4425,0.6030664395229982,705,400,False
model,0.84,0.3,3.5,0.2,score_point,0.014184397163120567,1.8600000000000003,0.4875,0.5125,0.6666666666666665,705,400,False
model,0.9,0.7,2.5,0.2,score_point,0.014184397163120567,1.8744999999999998,0.6525,0.3475,0.5063752276867031,705,400,False
model,0.88,1.0,2.5,0.2,score_point,0.014184397163120567,1.885,0.59,0.41,0.5714285714285714,705,400,False
model,0.91,0.7,2.5,0.2,score_point,0.014184397163120567,1.9329999999999998,0.685,0.315,0.4701492537313433,705,400,False
model,0.92,0.5,2.5,0.2,score_point,0.014184397163120567,1.94,0.72,0.28,0.4291187739463602,705,400,False
model,0.92,0.6,2.5,0.2,score_point,0.014184397163120567,1.9680000000000002,0.72,0.28,0.4291187739463602,705,400,False
model,0.93,0.4,2.5,0.2,score_point,0.014184397163120567,1.9855,0.755,0.245,0.3858267716535433,705,400,False
model,0.92,0.7,2.5,0.2,score_point,0.014184397163120567,1.996,0.72,0.28,0.4291187739463602,705,400,False
model,0.94,0.4,2.5,0.2,score_point,0.014184397163120567,2.07475,0.7975,0.2025,0.329938900203666,705,400,False
model,0.95,0.2,2.5,0.2,score_point,0.014184397163120567,2.1377499999999996,0.8425,0.1575,0.26638477801268495,705,400,False
model,0.88,0.2,3.5,0.2,score_point,0.014184397163120567,2.147,0.59,0.41,0.5714285714285714,705,400,False
model,0.95,0.3,2.5,0.2,score_point,0.014184397163120567,2.1535,0.8425,0.1575,0.26638477801268495,705,400,False
model,0.53,0.7,3.5,0.2,score_point,0.015602836879432624,1.0639999999999998,0.13,0.87,0.9169960474308301,705,400,True
model,0.54,0.7,3.5,0.2,score_point,0.015602836879432624,1.1059999999999999,0.145,0.855,0.9083665338645419,705,400,False
model,0.65,0.6,3.0,0.2,score_point,0.015602836879432624,1.11,0.2125,0.7875,0.8677685950413222,705,400,False
model,0.66,0.6,3.0,0.2,score_point,0.015602836879432624,1.128,0.22,0.78,0.8630705394190872,705,400,False
model,0.51,0.8,3.5,0.2,score_point,0.015602836879432624,1.1510000000000002,0.13,0.87,0.9169960474308301,705,400,False
model,0.52,0.8,3.5,0.2,score_point,0.015602836879432624,1.1510000000000002,0.13,0.87,0.9169960474308301,705,400,False
model,0.67,0.6,3.0,0.2,score_point,0.015602836879432624,1.158,0.2325,0.7675,0.8551532033426184,705,400,False
model,0.63,0.6,3.5,0.2,score_point,0.015602836879432624,1.1945,0.205,0.795,0.8724279835390947,705,400,False
model,0.68,0.6,3.0,0.2,score_point,0.015602836879432624,1.2,0.25,0.75,0.8438818565400843,705,400,False
model,0.69,0.6,3.0,0.2,score_point,0.015602836879432624,1.212,0.255,0.745,0.8406205923836388,705,400,False
model,0.7,0.6,3.0,0.2,score_point,0.015602836879432624,1.224,0.26,0.74,0.8373408769448373,705,400,False
model,0.51,0.9,3.5,0.2,score_point,0.015602836879432624,1.2380000000000002,0.13,0.87,0.9169960474308301,705,400,False
model,0.52,0.9,3.5,0.2,score_point,0.015602836879432624,1.2380000000000002,0.13,0.87,0.9169960474308301,705,400,False
model,0.68,0.5,3.5,0.2,score_point,0.015602836879432624,1.25,0.25,0.75,0.8438818565400843,705,400,False
model,0.63,0.8,3.0,0.2,score_point,0.015602836879432624,1.2510000000000003,0.205,0.795,0.8724279835390947,705,400,False
model,0.71,0.6,3.0,0.2,score_point,0.015602836879432624,1.254,0.2725,0.7275,0.8290598290598291,705,400,False
model,0.69,0.5,3.5,0.2,score_point,0.015602836879432624,1.265,0.255,0.745,0.8406205923836388,705,400,False
model,0.7,0.5,3.5,0.2,score_point,0.015602836879432624,1.28,0.26,0.74,0.8373408769448373,705,400,False
model,0.51,1.0,3.5,0.2,score_point,0.015602836879432624,1.325,0.13,0.87,0.9169960474308301,705,400,False
model,0.52,1.0,3.5,0.2,score_point,0.015602836879432624,1.325,0.13,0.87,0.9169960474308301,705,400,False
model,0.63,0.9,3.0,0.2,score_point,0.015602836879432624,1.3305,0.205,0.795,0.8724279835390947,705,400,False
model,0.63,1.0,3.0,0.2,score_point,0.015602836879432624,1.41,0.205,0.795,0.8724279835390947,705,400,False
model,0.85,0.7,2.5,0.2,score_point,0.015602836879432624,1.6044999999999998,0.5025,0.4975,0.6524590163934426,705,400,False
model,0.83,0.8,2.5,0.2,score_point,0.015602836879432624,1.61175,0.4775,0.5225,0.6741935483870968,705,400,False
model,0.84,0.8,2.5,0.2,score_point,0.015602836879432624,1.6287500000000004,0.4875,0.5125,0.6655844155844155,705,400,False
model,0.83,0.4,3.0,0.2,score_point,0.015602836879432624,1.6415,0.4775,0.5225,0.6741935483870968,705,400,False
model,0.8,0.3,3.5,0.2,score_point,0.015602836879432624,1.6440000000000001,0.42,0.58,0.7216174183514774,705,400,False
model,0.83,0.9,2.5,0.2,score_point,0.015602836879432624,1.6639999999999997,0.4775,0.5225,0.6741935483870968,705,400,False
model,0.84,0.4,3.0,0.2,score_point,0.015602836879432624,1.6675,0.4875,0.5125,0.6655844155844155,705,400,False
model,0.86,0.7,2.5,0.2,score_point,0.015602836879432624,1.672,0.54,0.46,0.6184873949579832,705,400,False
model,0.84,0.9,2.5,0.2,score_point,0.015602836879432624,1.68,0.4875,0.5125,0.6655844155844155,705,400,False
model,0.81,0.3,3.5,0.2,score_point,0.015602836879432624,1.7000000000000002,0.4375,0.5625,0.7075471698113208,705,400,False
model,0.87,0.7,2.5,0.2,score_point,0.015602836879432624,1.7035,0.5575,0.4425,0.6020408163265306,705,400,False
model,0.83,1.0,2.5,0.2,score_point,0.015602836879432624,1.71625,0.4775,0.5225,0.6741935483870968,705,400,False
model,0.84,1.0,2.5,0.2,score_point,0.015602836879432624,1.73125,0.4875,0.5125,0.6655844155844155,705,400,False
model,0.88,0.7,2.5,0.2,score_point,0.015602836879432624,1.7619999999999998,0.59,0.41,0.5704347826086956,705,400,False
model,0.82,0.3,3.5,0.2,score_point,0.015602836879432624,1.7640000000000002,0.4575,0.5425,0.6910828025477707,705,400,False
model,0.89,0.6,2.5,0.2,score_point,0.015602836879432624,1.7732500000000002,0.6175,0.3825,0.5425531914893618,705,400,False
model,0.9,0.6,2.5,0.2,score_point,0.015602836879432624,1.83975,0.6525,0.3475,0.5054545454545454,705,400,False
model,0.85,0.2,3.5,0.2,score_point,0.015602836879432624,1.85825,0.5025,0.4975,0.6524590163934426,705,400,False
model,0.88,0.3,3.0,0.2,score_point,0.015602836879432624,1.893,0.59,0.41,0.5704347826086956,705,400,False
model,0.91,0.6,2.5,0.2,score_point,0.015602836879432624,1.9015,0.685,0.315,0.4692737430167598,705,400,False
model,0.92,0.4,2.5,0.2,score_point,0.015602836879432624,1.912,0.72,0.28,0.42829827915869984,705,400,False
model,0.89,0.2,3.0,0.2,score_point,0.015602836879432624,1.9289999999999998,0.6175,0.3825,0.5425531914893618,705,400,False
model,0.93,0.3,2.5,0.2,score_point,0.015602836879432624,1.9610000000000003,0.755,0.245,0.3850687622789784,705,400,False
model,0.86,0.2,3.5,0.2,score_point,0.015602836879432624,1.982,0.54,0.46,0.6184873949579832,705,400,False
model,0.9,0.2,3.0,0.2,score_point,0.015602836879432624,2.0269999999999997,0.6525,0.3475,0.5054545454545454,705,400,False
model,0.87,0.2,3.5,0.2,score_point,0.015602836879432624,2.0397499999999997,0.5575,0.4425,0.6020408163265306,705,400,False
model,0.94,0.3,2.5,0.2,score_point,0.015602836879432624,2.0545,0.7975,0.2025,0.32926829268292684,705,400,False
model,0.91,0.2,3.0,0.2,score_point,0.015602836879432624,2.118,0.685,0.315,0.4692737430167598,705,400,False
model,0.55,0.6,3.5,0.2,score_point,0.01702127659574468,1.035,0.15,0.85,0.9042553191489362,705,400,True
model,0.56,0.6,3.5,0.2,score_point,0.01702127659574468,1.04225,0.1525,0.8475,0.9027962716378163,705,400,False
model,0.57,0.6,3.5,0.2,score_point,0.01702127659574468,1.0567499999999999,0.1575,0.8425,0.8998664886515354,705,400,False
model,0.52,0.7,3.5,0.2,score_point,0.01702127659574468,1.0639999999999998,0.13,0.87,0.9157894736842105,705,400,False
model,0.41,0.8,3.5,0.2,score_point,0.01702127659574468,1.07675,0.1025,0.8975,0.9312581063553826,705,400,False
model,0.58,0.6,3.5,0.2,score_point,0.01702127659574468,1.0785,0.165,0.835,0.8954423592493297,705,400,False
model,0.59,0.6,3.5,0.2,score_point,0.01702127659574468,1.1002499999999997,0.1725,0.8275,0.8909825033647376,705,400,False
model,0.42,0.8,3.5,0.2,score_point,0.01702127659574468,1.1037500000000002,0.1125,0.8875,0.9256844850065189,705,400,False
model,0.43,0.8,3.5,0.2,score_point,0.01702127659574468,1.1037500000000002,0.1125,0.8875,0.9256844850065189,705,400,False
model,0.44,0.8,3.5,0.2,score_point,0.01702127659574468,1.1037500000000002,0.1125,0.8875,0.9256844850065189,705,400,False
model,0.64,0.6,3.0,0.2,score_point,0.01702127659574468,1.11,0.2125,0.7875,0.8665749656121046,705,400,False
model,0.45,0.8,3.5,0.2,score_point,0.01702127659574468,1.1105000000000003,0.115,0.885,0.9242819843342036,705,400,False
model,0.46,0.8,3.5,0.2,score_point,0.01702127659574468,1.1172500000000003,0.1175,0.8825,0.9228758169934641,705,400,False
model,0.47,0.8,3.5,0.2,score_point,0.01702127659574468,1.1172500000000003,0.1175,0.8825,0.9228758169934641,705,400,False
model,0.6,0.6,3.5,0.2,score_point,0.01702127659574468,1.1219999999999997,0.18,0.82,0.8864864864864864,705,400,False
model,0.48,0.8,3.5,0.2,score_point,0.01702127659574468,1.124,0.12,0.88,0.9214659685863875,705,400,False
model,0.55,0.8,3.0,0.2,score_point,0.01702127659574468,1.1300000000000001,0.15,0.85,0.9042553191489362,705,400,False
model,0.49,0.8,3.5,0.2,score_point,0.01702127659574468,1.1307500000000001,0.1225,0.8775,0.9200524246395805,705,400,False
model,0.56,0.8,3.0,0.2,score_point,0.01702127659574468,1.1355000000000002,0.1525,0.8475,0.9027962716378163,705,400,False
model,0.65,0.5,3.5,0.2,score_point,0.01702127659574468,1.1375,0.2125,0.7875,0.8665749656121046,705,400,False
model,0.5,0.8,3.5,0.2,score_point,0.01702127659574468,1.1442500000000002,0.1275,0.8725,0.9172141918528254,705,400,False
model,0.57,0.8,3.0,0.2,score_point,0.01702127659574468,1.1465000000000003,0.1575,0.8425,0.8998664886515354,705,400,False
model,0.61,0.6,3.5,0.2,score_point,0.01702127659574468,1.1509999999999998,0.19,0.81,0.8804347826086957,705,400,False
model,0.66,0.5,3.5,0.2,score_point,0.01702127659574468,1.16,0.22,0.78,0.8618784530386739,705,400,False
model,0.58,0.8,3.0,0.2,score_point,0.01702127659574468,1.163,0.165,0.835,0.8954423592493297,705,400,False
model,0.41,0.9,3.5,0.2,score_point,0.01702127659574468,1.1665,0.1025,0.8975,0.9312581063553826,705,400,False
model,0.63,0.7,3.0,0.2,score_point,0.01702127659574468,1.1714999999999998,0.205,0.795,0.8712328767123287,705,400,False
model,0.59,0.8,3.0,0.2,score_point,0.01702127659574468,1.1795000000000002,0.1725,0.8275,0.8909825033647376,705,400,False
model,0.62,0.6,3.5,0.2,score_point,0.01702127659574468,1.18,0.2,0.8,0.8743169398907104,705,400,False
model,0.42,0.9,3.5,0.2,score_point,0.01702127659574468,1.1925000000000001,0.1125,0.8875,0.9256844850065189,705,400,False
model,0.43,0.9,3.5,0.2,score_point,0.01702127659574468,1.1925000000000001,0.1125,0.8875,0.9256844850065189,705,400,False
model,0.44,0.9,3.5,0.2,score_point,0.01702127659574468,1.1925000000000001,0.1125,0.8875,0.9256844850065189,705,400,False
model,0.6,0.8,3.0,0.2,score_point,0.01702127659574468,1.1960000000000002,0.18,0.82,0.8864864864864864,705,400,False
model,0.67,0.5,3.5,0.2,score_point,0.01702127659574468,1.1975,0.2325,0.7675,0.8539638386648123,705,400,False
model,0.45,0.9,3.5,0.2,score_point,0.01702127659574468,1.199,0.115,0.885,0.9242819843342036,705,400,False
model,0.46,0.9,3.5,0.2,score_point,0.01702127659574468,1.2055,0.1175,0.8825,0.9228758169934641,705,400,False
model,0.47,0.9,3.5,0.2,score_point,0.01702127659574468,1.2055,0.1175,0.8825,0.9228758169934641,705,400,False
model,0.72,0.5,3.0,0.2,score_point,0.01702127659574468,1.20625,0.2825,0.7175,0.821173104434907,705,400,False
model,0.48,0.9,3.5,0.2,score_point,0.01702127659574468,1.2120000000000002,0.12,0.88,0.9214659685863875,705,400,False
model,0.55,0.9,3.0,0.2,score_point,0.01702127659574468,1.215,0.15,0.85,0.9042553191489362,705,400,False
model,0.61,0.8,3.0,0.2,score_point,0.01702127659574468,1.2180000000000002,0.19,0.81,0.8804347826086957,705,400,False
model,0.49,0.9,3.5,0.2,score_point,0.01702127659574468,1.2185000000000001,0.1225,0.8775,0.9200524246395805,705,400,False
model,0.56,0.9,3.0,0.2,score_point,0.01702127659574468,1.22025,0.1525,0.8475,0.9027962716378163,705,400,False
model,0.57,0.9,3.0,0.2,score_point,0.01702127659574468,1.2307500000000002,0.1575,0.8425,0.8998664886515354,705,400,False
model,0.5,0.9,3.5,0.2,score_point,0.01702127659574468,1.2315,0.1275,0.8725,0.9172141918528254,705,400,False
model,0.62,0.8,3.0,0.2,score_point,0.01702127659574468,1.2400000000000002,0.2,0.8,0.8743169398907104,705,400,False
model,0.73,0.5,3.0,0.2,score_point,0.01702127659574468,1.24375,0.2975,0.7025,0.8109668109668109,705,400,False
model,0.58,0.9,3.0,0.2,score_point,0.01702127659574468,1.2465000000000002,0.165,0.835,0.8954423592493297,705,400,False
model,0.41,1.0,3.5,0.2,score_point,0.01702127659574468,1.25625,0.1025,0.8975,0.9312581063553826,705,400,False
model,0.59,0.9,3.0,0.2,score_point,0.01702127659574468,1.2622500000000003,0.1725,0.8275,0.8909825033647376,705,400,False
model,0.74,0.5,3.0,0.2,score_point,0.01702127659574468,1.26875,0.3075,0.6925,0.8040638606676341,705,400,False
model,0.72,0.4,3.5,0.2,score_point,0.01702127659574468,1.27575,0.2825,0.7175,0.821173104434907,705,400,False
model,0.6,0.9,3.0,0.2,score_point,0.01702127659574468,1.278,0.18,0.82,0.8864864864864864,705,400,False
model,0.42,1.0,3.5,0.2,score_point,0.01702127659574468,1.28125,0.1125,0.8875,0.9256844850065189,705,400,False
model,0.43,1.0,3.5,0.2,score_point,0.01702127659574468,1.28125,0.1125,0.8875,0.9256844850065189,705,400,False
model,0.44,1.0,3.5,0.2,score_point,0.01702127659574468,1.28125,0.1125,0.8875,0.9256844850065189,705,400,False
model,0.45,1.0,3.5,0.2,score_point,0.01702127659574468,1.2875,0.115,0.885,0.9242819843342036,705,400,False
model,0.46,1.0,3.5,0.2,score_point,0.01702127659574468,1.29375,0.1175,0.8825,0.9228758169934641,705,400,False
model,0.47,1.0,3.5,0.2,score_point,0.01702127659574468,1.29375,0.1175,0.8825,0.9228758169934641,705,400,False
model,0.61,0.9,3.0,0.2,score_point,0.01702127659574468,1.2990000000000004,0.19,0.81,0.8804347826086957,705,400,False
model,0.48,1.0,3.5,0.2,score_point,0.01702127659574468,1.3,0.12,0.88,0.9214659685863875,705,400,False
model,0.55,1.0,3.0,0.2,score_point,0.01702127659574468,1.3,0.15,0.85,0.9042553191489362,705,400,False
model,0.75,0.5,3.0,0.2,score_point,0.01702127659574468,1.3,0.32,0.68,0.7953216374269005,705,400,False
model,0.56,1.0,3.0,0.2,score_point,0.01702127659574468,1.305,0.1525,0.8475,0.9027962716378163,705,400,False
model,0.49,1.0,3.5,0.2,score_point,0.01702127659574468,1.30625,0.1225,0.8775,0.9200524246395805,705,400,False
model,0.57,1.0,3.0,0.2,score_point,0.01702127659574468,1.315,0.1575,0.8425,0.8998664886515354,705,400,False
model,0.5,1.0,3.5,0.2,score_point,0.01702127659574468,1.31875,0.1275,0.8725,0.9172141918528254,705,400,False
model,0.62,0.9,3.0,0.2,score_point,0.01702127659574468,1.32,0.2,0.8,0.8743169398907104,705,400,False
model,0.73,0.4,3.5,0.2,score_point,0.01702127659574468,1.32225,0.2975,0.7025,0.8109668109668109,705,400,False
model,0.58,1.0,3.0,0.2,score_point,0.01702127659574468,1.33,0.165,0.835,0.8954423592493297,705,400,False
model,0.59,1.0,3.0,0.2,score_point,0.01702127659574468,1.345,0.1725,0.8275,0.8909825033647376,705,400,False
model,0.76,0.5,3.0,0.2,score_point,0.01702127659574468,1.35,0.34,0.66,0.7810650887573966,705,400,False
model,0.74,0.4,3.5,0.2,score_point,0.01702127659574468,1.3532499999999998,0.3075,0.6925,0.8040638606676341,705,400,False
model,0.6,1.0,3.0,0.2,score_point,0.01702127659574468,1.36,0.18,0.82,0.8864864864864864,705,400,False
model,0.61,1.0,3.0,0.2,score_point,0.01702127659574468,1.38,0.19,0.81,0.8804347826086957,705,400,False
model,0.75,0.4,3.5,0.2,score_point,0.01702127659574468,1.392,0.32,0.68,0.7953216374269005,705,400,False
model,0.62,1.0,3.0,0.2,score_point,0.01702127659574468,1.4,0.2,0.8,0.8743169398907104,705,400,False
model,0.77,0.5,3.0,0.2,score_point,0.01702127659574468,1.40625,0.3625,0.6375,0.7646176911544227,705,400,False
model,0.78,0.5,3.0,0.2,score_point,0.01702127659574468,1.45,0.38,0.62,0.7515151515151515,705,400,False
model,0.76,0.4,3.5,0.2,score_point,0.01702127659574468,1.4539999999999997,0.34,0.66,0.7810650887573966,705,400,False
model,0.79,0.8,2.5,0.2,score_point,0.01702127659574468,1.4800000000000002,0.4,0.6,0.736196319018405,705,400,False
model,0.8,0.4,3.0,0.2,score_point,0.01702127659574468,1.492,0.42,0.58,0.7204968944099378,705,400,False
model,0.8,0.8,2.5,0.2,score_point,0.01702127659574468,1.514,0.42,0.58,0.7204968944099378,705,400,False
model,0.77,0.4,3.5,0.2,score_point,0.01702127659574468,1.52375,0.3625,0.6375,0.7646176911544227,705,400,False
model,0.81,0.4,3.0,0.2,score_point,0.01702127659574468,1.5375,0.4375,0.5625,0.706436420722135,705,400,False
model,0.79,0.9,2.5,0.2,score_point,0.01702127659574468,1.54,0.4,0.6,0.736196319018405,705,400,False
model,0.81,0.8,2.5,0.2,score_point,0.01702127659574468,1.54375,0.4375,0.5625,0.706436420722135,705,400,False
model,0.85,0.6,2.5,0.2,score_point,0.01702127659574468,1.5547499999999999,0.5025,0.4975,0.6513911620294599,705,400,False
model,0.83,0.7,2.5,0.2,score_point,0.01702127659574468,1.5594999999999999,0.4775,0.5225,0.6731078904991948,705,400,False
model,0.8,0.9,2.5,0.2,score_point,0.01702127659574468,1.5719999999999998,0.42,0.58,0.7204968944099378,705,400,False
model,0.84,0.7,2.5,0.2,score_point,0.01702127659574468,1.5774999999999997,0.4875,0.5125,0.6645056726094003,705,400,False
model,0.82,0.8,2.5,0.2,score_point,0.01702127659574468,1.5777500000000004,0.4575,0.5425,0.6899841017488076,705,400,False
model,0.78,0.4,3.5,0.2,score_point,0.01702127659574468,1.578,0.38,0.62,0.7515151515151515,705,400,False
model,0.79,0.3,3.5,0.2,score_point,0.01702127659574468,1.5800000000000003,0.4,0.6,0.736196319018405,705,400,False
model,0.82,0.4,3.0,0.2,score_point,0.01702127659574468,1.5895,0.4575,0.5425,0.6899841017488076,705,400,False
model,0.79,1.0,2.5,0.2,score_point,0.01702127659574468,1.6,0.4,0.6,0.736196319018405,705,400,False
model,0.81,0.9,2.5,0.2,score_point,0.01702127659574468,1.6,0.4375,0.5625,0.706436420722135,705,400,False
model,0.86,0.6,2.5,0.2,score_point,0.01702127659574468,1.626,0.54,0.46,0.6174496644295302,705,400,False
model,0.8,1.0,2.5,0.2,score_point,0.01702127659574468,1.63,0.42,0.58,0.7204968944099378,705,400,False
model,0.82,0.9,2.5,0.2,score_point,0.01702127659574468,1.632,0.4575,0.5425,0.6899841017488076,705,400,False
model,0.81,1.0,2.5,0.2,score_point,0.01702127659574468,1.65625,0.4375,0.5625,0.706436420722135,705,400,False
model,0.85,0.3,3.0,0.2,score_point,0.01702127659574468,1.6567500000000002,0.5025,0.4975,0.6513911620294599,705,400,False
model,0.87,0.6,2.5,0.2,score_point,0.01702127659574468,1.6592500000000001,0.5575,0.4425,0.6010186757215619,705,400,False
model,0.82,1.0,2.5,0.2,score_point,0.01702127659574468,1.68625,0.4575,0.5425,0.6899841017488076,705,400,False
model,0.88,0.6,2.5,0.2,score_point,0.01702127659574468,1.7209999999999999,0.59,0.41,0.5694444444444444,705,400,False
model,0.89,0.5,2.5,0.2,score_point,0.01702127659574468,1.735,0.6175,0.3825,0.5415929203539822,705,400,False
model,0.86,0.3,3.0,0.2,score_point,0.01702127659574468,1.758,0.54,0.46,0.6174496644295302,705,400,False
model,0.83,0.2,3.5,0.2,score_point,0.01702127659574468,1.77575,0.4775,0.5225,0.6731078904991948,705,400,False
model,0.9,0.5,2.5,0.2,score_point,0.01702127659574468,1.805,0.6525,0.3475,0.5045372050816697,705,400,False
model,0.87,0.3,3.0,0.2,score_point,0.01702127659574468,1.8052500000000002,0.5575,0.4425,0.6010186757215619,705,400,False
model,0.84,0.2,3.5,0.2,score_point,0.01702127659574468,1.8087499999999996,0.4875,0.5125,0.6645056726094003,705,400,False
model,0.91,0.5,2.5,0.2,score_point,0.01702127659574468,1.87,0.685,0.315,0.46840148698884754,705,400,False
model,0.92,0.3,2.5,0.2,score_point,0.01702127659574468,1.8840000000000001,0.72,0.28,0.42748091603053445,705,400,False
model,0.93,0.2,2.5,0.2,score_point,0.01702127659574468,1.9364999999999997,0.755,0.245,0.3843137254901961,705,400,False
model,0.94,0.2,2.5,0.2,score_point,0.01702127659574468,2.0342499999999997,0.7975,0.2025,0.3286004056795132,705,400,False
model,0.54,0.6,3.5,0.2,score_point,0.018439716312056736,1.0204999999999997,0.145,0.855,0.9059602649006623,705,400,True
model,0.55,0.7,3.0,0.2,score_point,0.018439716312056736,1.045,0.15,0.85,0.9030544488711819,705,400,False
model,0.56,0.7,3.0,0.2,score_point,0.018439716312056736,1.0507499999999999,0.1525,0.8475,0.901595744680851,705,400,False
model,0.39,0.8,3.5,0.2,score_point,0.018439716312056736,1.0565000000000002,0.095,0.905,0.9341935483870969,705,400,False
model,0.4,0.8,3.5,0.2,score_point,0.018439716312056736,1.0565000000000002,0.095,0.905,0.9341935483870969,705,400,False
model,0.57,0.7,3.0,0.2,score_point,0.018439716312056736,1.06225,0.1575,0.8425,0.8986666666666667,705,400,False
model,0.51,0.7,3.5,0.2,score_point,0.018439716312056736,1.0639999999999998,0.13,0.87,0.9145860709592641,705,400,False
model,0.58,0.7,3.0,0.2,score_point,0.018439716312056736,1.0795,0.165,0.835,0.894243641231593,705,400,False
model,0.53,0.8,3.0,0.2,score_point,0.018439716312056736,1.0860000000000003,0.13,0.87,0.9145860709592641,705,400,False
model,0.59,0.7,3.0,0.2,score_point,0.018439716312056736,1.09675,0.1725,0.8275,0.8897849462365591,705,400,False
model,0.6,0.7,3.0,0.2,score_point,0.018439716312056736,1.1139999999999999,0.18,0.82,0.8852901484480432,705,400,False
model,0.54,0.8,3.0,0.2,score_point,0.018439716312056736,1.1190000000000002,0.145,0.855,0.9059602649006623,705,400,False
model,0.61,0.7,3.0,0.2,score_point,0.018439716312056736,1.1369999999999998,0.19,0.81,0.8792401628222525,705,400,False
model,0.64,0.5,3.5,0.2,score_point,0.018439716312056736,1.1375,0.2125,0.7875,0.8653846153846153,705,400,False
model,0.39,0.9,3.5,0.2,score_point,0.018439716312056736,1.1470000000000002,0.095,0.905,0.9341935483870969,705,400,False
model,0.4,0.9,3.5,0.2,score_point,0.018439716312056736,1.1470000000000002,0.095,0.905,0.9341935483870969,705,400,False
model,0.62,0.7,3.0,0.2,score_point,0.018439716312056736,1.1599999999999997,0.2,0.8,0.8731241473396999,705,400,False
model,0.53,0.9,3.0,0.2,score_point,0.018439716312056736,1.173,0.13,0.87,0.9145860709592641,705,400,False
model,0.71,0.5,3.0,0.2,score_point,0.018439716312056736,1.18125,0.2725,0.7275,0.8267045454545454,705,400,False
model,0.54,0.9,3.0,0.2,score_point,0.018439716312056736,1.2045000000000001,0.145,0.855,0.9059602649006623,705,400,False
model,0.39,1.0,3.5,0.2,score_point,0.018439716312056736,1.2375,0.095,0.905,0.9341935483870969,705,400,False
model,0.4,1.0,3.5,0.2,score_point,0.018439716312056736,1.2375,0.095,0.905,0.9341935483870969,705,400,False
model,0.71,0.4,3.5,0.2,score_point,0.018439716312056736,1.24475,0.2725,0.7275,0.8267045454545454,705,400,False
model,0.53,1.0,3.0,0.2,score_point,0.018439716312056736,1.26,0.13,0.87,0.9145860709592641,705,400,False
model,0.72,0.8,2.5,0.2,score_point,0.018439716312056736,1.28025,0.2825,0.7175,0.8200000000000001,705,400,False
model,0.54,1.0,3.0,0.2,score_point,0.018439716312056736,1.29,0.145,0.855,0.9059602649006623,705,400,False
model,0.73,0.8,2.5,0.2,score_point,0.018439716312056736,1.3057500000000002,0.2975,0.7025,0.8097982708933718,705,400,False
model,0.74,0.8,2.5,0.2,score_point,0.018439716312056736,1.3227500000000003,0.3075,0.6925,0.8028985507246377,705,400,False
model,0.75,0.8,2.5,0.2,score_point,0.018439716312056736,1.3440000000000003,0.32,0.68,0.7941605839416058,705,400,False
model,0.72,0.9,2.5,0.2,score_point,0.018439716312056736,1.3519999999999999,0.2825,0.7175,0.8200000000000001,705,400,False
model,0.73,0.9,2.5,0.2,score_point,0.018439716312056736,1.3760000000000003,0.2975,0.7025,0.8097982708933718,705,400,False
model,0.76,0.8,2.5,0.2,score_point,0.018439716312056736,1.3780000000000001,0.34,0.66,0.7799113737075333,705,400,False
model,0.74,0.9,2.5,0.2,score_point,0.018439716312056736,1.392,0.3075,0.6925,0.8028985507246377,705,400,False
model,0.75,0.9,2.5,0.2,score_point,0.018439716312056736,1.412,0.32,0.68,0.7941605839416058,705,400,False
model,0.77,0.8,2.5,0.2,score_point,0.018439716312056736,1.4162500000000002,0.3625,0.6375,0.7634730538922155,705,400,False
model,0.79,0.7,2.5,0.2,score_point,0.018439716312056736,1.4199999999999997,0.4,0.6,0.7350689127105665,705,400,False
model,0.72,1.0,2.5,0.2,score_point,0.018439716312056736,1.42375,0.2825,0.7175,0.8200000000000001,705,400,False
model,0.79,0.4,3.0,0.2,score_point,0.018439716312056736,1.44,0.4,0.6,0.7350689127105665,705,400,False
model,0.76,0.9,2.5,0.2,score_point,0.018439716312056736,1.4439999999999997,0.34,0.66,0.7799113737075333,705,400,False
model,0.78,0.8,2.5,0.2,score_point,0.018439716312056736,1.4460000000000002,0.38,0.62,0.7503782148260211,705,400,False
model,0.73,1.0,2.5,0.2,score_point,0.018439716312056736,1.44625,0.2975,0.7025,0.8097982708933718,705,400,False
model,0.8,0.7,2.5,0.2,score_point,0.018439716312056736,1.456,0.42,0.58,0.7193798449612403,705,400,False
model,0.74,1.0,2.5,0.2,score_point,0.018439716312056736,1.46125,0.3075,0.6925,0.8028985507246377,705,400,False
model,0.75,1.0,2.5,0.2,score_point,0.018439716312056736,1.48,0.32,0.68,0.7941605839416058,705,400,False
model,0.77,0.9,2.5,0.2,score_point,0.018439716312056736,1.48,0.3625,0.6375,0.7634730538922155,705,400,False
model,0.81,0.7,2.5,0.2,score_point,0.018439716312056736,1.4875,0.4375,0.5625,0.7053291536050157,705,400,False
model,0.85,0.5,2.5,0.2,score_point,0.018439716312056736,1.505,0.5025,0.4975,0.6503267973856209,705,400,False
model,0.83,0.6,2.5,0.2,score_point,0.018439716312056736,1.50725,0.4775,0.5225,0.6720257234726689,705,400,False
model,0.78,0.9,2.5,0.2,score_point,0.018439716312056736,1.508,0.38,0.62,0.7503782148260211,705,400,False
model,0.76,1.0,2.5,0.2,score_point,0.018439716312056736,1.51,0.34,0.66,0.7799113737075333,705,400,False
model,0.82,0.7,2.5,0.2,score_point,0.018439716312056736,1.5234999999999996,0.4575,0.5425,0.6888888888888888,705,400,False
model,0.84,0.6,2.5,0.2,score_point,0.018439716312056736,1.52625,0.4875,0.5125,0.6634304207119741,705,400,False
model,0.77,1.0,2.5,0.2,score_point,0.018439716312056736,1.54375,0.3625,0.6375,0.7634730538922155,705,400,False
model,0.78,1.0,2.5,0.2,score_point,0.018439716312056736,1.57,0.38,0.62,0.7503782148260211,705,400,False
model,0.86,0.5,2.5,0.2,score_point,0.018439716312056736,1.58,0.54,0.46,0.6164154103852596,705,400,False
model,0.8,0.2,3.5,0.2,score_point,0.018439716312056736,1.5859999999999999,0.42,0.58,0.7193798449612403,705,400,False
model,0.83,0.3,3.0,0.2,score_point,0.018439716312056736,1.58925,0.4775,0.5225,0.6720257234726689,705,400,False
model,0.87,0.5,2.5,0.2,score_point,0.018439716312056736,1.615,0.5575,0.4425,0.6,705,400,False
model,0.84,0.3,3.0,0.2,score_point,0.018439716312056736,1.61625,0.4875,0.5125,0.6634304207119741,705,400,False
model,0.81,0.2,3.5,0.2,score_point,0.018439716312056736,1.6437499999999998,0.4375,0.5625,0.7053291536050157,705,400,False
model,0.88,0.5,2.5,0.2,score_point,0.018439716312056736,1.68,0.59,0.41,0.5684575389948007,705,400,False
model,0.89,0.4,2.5,0.2,score_point,0.018439716312056736,1.6967499999999998,0.6175,0.3825,0.5406360424028269,705,400,False
model,0.82,0.2,3.5,0.2,score_point,0.018439716312056736,1.7097499999999997,0.4575,0.5425,0.6888888888888888,705,400,False
model,0.9,0.4,2.5,0.2,score_point,0.018439716312056736,1.77025,0.6525,0.3475,0.503623188405797,705,400,False
model,0.91,0.4,2.5,0.2,score_point,0.018439716312056736,1.8385,0.685,0.315,0.46753246753246747,705,400,False
model,0.88,0.2,3.0,0.2,score_point,0.018439716312056736,1.8519999999999999,0.59,0.41,0.5684575389948007,705,400,False
model,0.92,0.2,2.5,0.2,score_point,0.018439716312056736,1.8559999999999999,0.72,0.28,0.4266666666666667,705,400,False
model,0.29,0.8,3.5,0.2,score_point,0.019858156028368795,0.95525,0.0575,0.9425,0.9532237673830595,705,400,False
model,0.3,0.8,3.5,0.2,score_point,0.019858156028368795,0.95525,0.0575,0.9425,0.9532237673830595,705,400,True
model,0.31,0.8,3.5,0.2,score_point,0.019858156028368795,0.96875,0.0625,0.9375,0.9505703422053232,705,400,False
model,0.32,0.8,3.5,0.2,score_point,0.019858156028368795,0.9755000000000001,0.065,0.935,0.949238578680203,705,400,False
model,0.53,0.6,3.5,0.2,score_point,0.019858156028368795,0.9769999999999999,0.13,0.87,0.9133858267716535,705,400,False
model,0.41,0.7,3.5,0.2,score_point,0.019858156028368795,0.9869999999999999,0.1025,0.8975,0.9288486416558861,705,400,False
model,0.53,0.7,3.0,0.2,score_point,0.019858156028368795,0.9989999999999999,0.13,0.87,0.9133858267716535,705,400,False
model,0.33,0.8,3.5,0.2,score_point,0.019858156028368795,1.0025000000000002,0.075,0.925,0.943877551020408,705,400,False
model,0.34,0.8,3.5,0.2,score_point,0.019858156028368795,1.0025000000000002,0.075,0.925,0.943877551020408,705,400,False
model,0.42,0.7,3.5,0.2,score_point,0.019858156028368795,1.015,0.1125,0.8875,0.9232769830949284,705,400,False
model,0.43,0.7,3.5,0.2,score_point,0.019858156028368795,1.015,0.1125,0.8875,0.9232769830949284,705,400,False
model,0.44,0.7,3.5,0.2,score_point,0.019858156028368795,1.015,0.1125,0.8875,0.9232769830949284,705,400,False
model,0.35,0.8,3.5,0.2,score_point,0.019858156028368795,1.016,0.08,0.92,0.9411764705882353,705,400,False
model,0.45,0.7,3.5,0.2,score_point,0.019858156028368795,1.0219999999999998,0.115,0.885,0.921875,705,400,False
model,0.36,0.8,3.5,0.2,score_point,0.019858156028368795,1.02275,0.0825,0.9175,0.9398207426376441,705,400,False
model,0.46,0.7,3.5,0.2,score_point,0.019858156028368795,1.0289999999999997,0.1175,0.8825,0.9204693611473272,705,400,False
model,0.47,0.7,3.5,0.2,score_point,0.019858156028368795,1.0289999999999997,0.1175,0.8825,0.9204693611473272,705,400,False
model,0.37,0.8,3.5,0.2,score_point,0.019858156028368795,1.0295,0.085,0.915,0.9384615384615383,705,400,False
model,0.54,0.7,3.0,0.2,score_point,0.019858156028368795,1.0334999999999999,0.145,0.855,0.9047619047619048,705,400,False
model,0.48,0.7,3.5,0.2,score_point,0.019858156028368795,1.0359999999999998,0.12,0.88,0.9190600522193211,705,400,False
model,0.49,0.7,3.5,0.2,score_point,0.019858156028368795,1.043,0.1225,0.8775,0.9176470588235295,705,400,False
model,0.38,0.8,3.5,0.2,score_point,0.019858156028368795,1.0430000000000001,0.09,0.91,0.93573264781491,705,400,False
model,0.29,0.9,3.5,0.2,score_point,0.019858156028368795,1.0495,0.0575,0.9425,0.9532237673830595,705,400,False
model,0.3,0.9,3.5,0.2,score_point,0.019858156028368795,1.0495,0.0575,0.9425,0.9532237673830595,705,400,False
model,0.5,0.7,3.5,0.2,score_point,0.019858156028368795,1.057,0.1275,0.8725,0.9148099606815204,705,400,False
model,0.31,0.9,3.5,0.2,score_point,0.019858156028368795,1.0625000000000002,0.0625,0.9375,0.9505703422053232,705,400,False
model,0.32,0.9,3.5,0.2,score_point,0.019858156028368795,1.0690000000000002,0.065,0.935,0.949238578680203,705,400,False
model,0.51,0.8,3.0,0.2,score_point,0.019858156028368795,1.0860000000000003,0.13,0.87,0.9133858267716535,705,400,False
model,0.52,0.8,3.0,0.2,score_point,0.019858156028368795,1.0860000000000003,0.13,0.87,0.9133858267716535,705,400,False
model,0.63,0.6,3.0,0.2,score_point,0.019858156028368795,1.0919999999999999,0.205,0.795,0.8688524590163935,705,400,False
model,0.33,0.9,3.5,0.2,score_point,0.019858156028368795,1.0950000000000002,0.075,0.925,0.943877551020408,705,400,False
model,0.34,0.9,3.5,0.2,score_point,0.019858156028368795,1.0950000000000002,0.075,0.925,0.943877551020408,705,400,False
model,0.35,0.9,3.5,0.2,score_point,0.019858156028368795,1.108,0.08,0.92,0.9411764705882353,705,400,False
model,0.36,0.9,3.5,0.2,score_point,0.019858156028368795,1.1145000000000003,0.0825,0.9175,0.9398207426376441,705,400,False
model,0.37,0.9,3.5,0.2,score_point,0.019858156028368795,1.1210000000000002,0.085,0.915,0.9384615384615383,705,400,False
model,0.68,0.5,3.0,0.2,score_point,0.019858156028368795,1.125,0.25,0.75,0.8403361344537814,705,400,False
model,0.38,0.9,3.5,0.2,score_point,0.019858156028368795,1.1340000000000001,0.09,0.91,0.93573264781491,705,400,False
model,0.69,0.5,3.0,0.2,score_point,0.019858156028368795,1.1375,0.255,0.745,0.8370786516853933,705,400,False
model,0.29,1.0,3.5,0.2,score_point,0.019858156028368795,1.14375,0.0575,0.9425,0.9532237673830595,705,400,False
model,0.3,1.0,3.5,0.2,score_point,0.019858156028368795,1.14375,0.0575,0.9425,0.9532237673830595,705,400,False
model,0.7,0.5,3.0,0.2,score_point,0.019858156028368795,1.15,0.26,0.74,0.8338028169014083,705,400,False
model,0.31,1.0,3.5,0.2,score_point,0.019858156028368795,1.15625,0.0625,0.9375,0.9505703422053232,705,400,False
model,0.64,0.8,2.5,0.2,score_point,0.019858156028368795,1.1612500000000003,0.2125,0.7875,0.8641975308641976,705,400,False
model,0.65,0.8,2.5,0.2,score_point,0.019858156028368795,1.1612500000000003,0.2125,0.7875,0.8641975308641976,705,400,False
model,0.32,1.0,3.5,0.2,score_point,0.019858156028368795,1.1625,0.065,0.935,0.949238578680203,705,400,False
model,0.51,0.9,3.0,0.2,score_point,0.019858156028368795,1.173,0.13,0.87,0.9133858267716535,705,400,False
model,0.52,0.9,3.0,0.2,score_point,0.019858156028368795,1.173,0.13,0.87,0.9133858267716535,705,400,False
model,0.66,0.8,2.5,0.2,score_point,0.019858156028368795,1.1740000000000004,0.22,0.78,0.859504132231405,705,400,False
model,0.33,1.0,3.5,0.2,score_point,0.019858156028368795,1.1875,0.075,0.925,0.943877551020408,705,400,False
model,0.34,1.0,3.5,0.2,score_point,0.019858156028368795,1.1875,0.075,0.925,0.943877551020408,705,400,False
model,0.67,0.8,2.5,0.2,score_point,0.019858156028368795,1.1952500000000001,0.2325,0.7675,0.8515950069348127,705,400,False
model,0.35,1.0,3.5,0.2,score_point,0.019858156028368795,1.2,0.08,0.92,0.9411764705882353,705,400,False
model,0.72,0.3,3.5,0.2,score_point,0.019858156028368795,1.204,0.2825,0.7175,0.8188302425106989,705,400,False
model,0.36,1.0,3.5,0.2,score_point,0.019858156028368795,1.20625,0.0825,0.9175,0.9398207426376441,705,400,False
model,0.72,0.7,2.5,0.2,score_point,0.019858156028368795,1.2085,0.2825,0.7175,0.8188302425106989,705,400,False
model,0.37,1.0,3.5,0.2,score_point,0.019858156028368795,1.2125,0.085,0.915,0.9384615384615383,705,400,False
model,0.38,1.0,3.5,0.2,score_point,0.019858156028368795,1.225,0.09,0.91,0.93573264781491,705,400,False
model,0.68,0.8,2.5,0.2,score_point,0.019858156028368795,1.2250000000000003,0.25,0.75,0.8403361344537814,705,400,False
model,0.69,0.8,2.5,0.2,score_point,0.019858156028368795,1.2335000000000003,0.255,0.745,0.8370786516853933,705,400,False
model,0.73,0.7,2.5,0.2,score_point,0.019858156028368795,1.2354999999999998,0.2975,0.7025,0.8086330935251799,705,400,False
model,0.64,0.9,2.5,0.2,score_point,0.019858156028368795,1.24,0.2125,0.7875,0.8641975308641976,705,400,False
model,0.65,0.9,2.5,0.2,score_point,0.019858156028368795,1.24,0.2125,0.7875,0.8641975308641976,705,400,False
model,0.7,0.8,2.5,0.2,score_point,0.019858156028368795,1.2420000000000002,0.26,0.74,0.8338028169014083,705,400,False
model,0.66,0.9,2.5,0.2,score_point,0.019858156028368795,1.252,0.22,0.78,0.859504132231405,705,400,False
model,0.73,0.3,3.5,0.2,score_point,0.019858156028368795,1.2520000000000002,0.2975,0.7025,0.8086330935251799,705,400,False
model,0.74,0.7,2.5,0.2,score_point,0.019858156028368795,1.2534999999999998,0.3075,0.6925,0.8017366136034731,705,400,False
model,0.51,1.0,3.0,0.2,score_point,0.019858156028368795,1.26,0.13,0.87,0.9133858267716535,705,400,False
model,0.52,1.0,3.0,0.2,score_point,0.019858156028368795,1.26,0.13,0.87,0.9133858267716535,705,400,False
model,0.71,0.8,2.5,0.2,score_point,0.019858156028368795,1.2632500000000002,0.2725,0.7275,0.825531914893617,705,400,False
model,0.67,0.9,2.5,0.2,score_point,0.019858156028368795,1.2720000000000002,0.2325,0.7675,0.8515950069348127,705,400,False
model,0.75,0.7,2.5,0.2,score_point,0.019858156028368795,1.2759999999999998,0.32,0.68,0.7930029154518952,705,400,False
model,0.74,0.3,3.5,0.2,score_point,0.019858156028368795,1.2840000000000003,0.3075,0.6925,0.8017366136034731,705,400,False
model,0.68,0.9,2.5,0.2,score_point,0.019858156028368795,1.3,0.25,0.75,0.8403361344537814,705,400,False
model,0.69,0.9,2.5,0.2,score_point,0.019858156028368795,1.308,0.255,0.745,0.8370786516853933,705,400,False
model,0.76,0.7,2.5,0.2,score_point,0.019858156028368795,1.3119999999999998,0.34,0.66,0.7787610619469026,705,400,False
model,0.7,0.9,2.5,0.2,score_point,0.019858156028368795,1.3160000000000003,0.26,0.74,0.8338028169014083,705,400,False
model,0.64,1.0,2.5,0.2,score_point,0.019858156028368795,1.31875,0.2125,0.7875,0.8641975308641976,705,400,False
model,0.65,1.0,2.5,0.2,score_point,0.019858156028368795,1.31875,0.2125,0.7875,0.8641975308641976,705,400,False
model,0.75,0.3,3.5,0.2,score_point,0.019858156028368795,1.3240000000000003,0.32,0.68,0.7930029154518952,705,400,False
model,0.66,1.0,2.5,0.2,score_point,0.019858156028368795,1.33,0.22,0.78,0.859504132231405,705,400,False
model,0.71,0.9,2.5,0.2,score_point,0.019858156028368795,1.3359999999999999,0.2725,0.7275,0.825531914893617,705,400,False
model,0.67,1.0,2.5,0.2,score_point,0.019858156028368795,1.34875,0.2325,0.7675,0.8515950069348127,705,400,False
model,0.77,0.7,2.5,0.2,score_point,0.019858156028368795,1.3524999999999998,0.3625,0.6375,0.7623318385650224,705,400,False
model,0.79,0.6,2.5,0.2,score_point,0.019858156028368795,1.36,0.4,0.6,0.7339449541284404,705,400,False
model,0.68,1.0,2.5,0.2,score_point,0.019858156028368795,1.375,0.25,0.75,0.8403361344537814,705,400,False
model,0.69,1.0,2.5,0.2,score_point,0.019858156028368795,1.3825,0.255,0.745,0.8370786516853933,705,400,False
model,0.78,0.7,2.5,0.2,score_point,0.019858156028368795,1.3839999999999997,0.38,0.62,0.7492447129909366,705,400,False
model,0.76,0.3,3.5,0.2,score_point,0.019858156028368795,1.3880000000000001,0.34,0.66,0.7787610619469026,705,400,False
model,0.7,1.0,2.5,0.2,score_point,0.019858156028368795,1.39,0.26,0.74,0.8338028169014083,705,400,False
model,0.8,0.6,2.5,0.2,score_point,0.019858156028368795,1.398,0.42,0.58,0.7182662538699691,705,400,False
model,0.71,1.0,2.5,0.2,score_point,0.019858156028368795,1.40875,0.2725,0.7275,0.825531914893617,705,400,False
model,0.81,0.6,2.5,0.2,score_point,0.019858156028368795,1.43125,0.4375,0.5625,0.7042253521126761,705,400,False
model,0.8,0.3,3.0,0.2,score_point,0.019858156028368795,1.4340000000000002,0.42,0.58,0.7182662538699691,705,400,False
model,0.83,0.5,2.5,0.2,score_point,0.019858156028368795,1.455,0.4775,0.5225,0.6709470304975923,705,400,False
model,0.77,0.3,3.5,0.2,score_point,0.019858156028368795,1.4600000000000002,0.3625,0.6375,0.7623318385650224,705,400,False
model,0.82,0.6,2.5,0.2,score_point,0.019858156028368795,1.4692500000000002,0.4575,0.5425,0.687797147385103,705,400,False
model,0.84,0.5,2.5,0.2,score_point,0.019858156028368795,1.475,0.4875,0.5125,0.6623586429725363,705,400,False
model,0.81,0.3,3.0,0.2,score_point,0.019858156028368795,1.48125,0.4375,0.5625,0.7042253521126761,705,400,False
model,0.78,0.3,3.5,0.2,score_point,0.019858156028368795,1.5160000000000002,0.38,0.62,0.7492447129909366,705,400,False
model,0.79,0.2,3.5,0.2,score_point,0.019858156028368795,1.5199999999999998,0.4,0.6,0.7339449541284404,705,400,False
model,0.82,0.3,3.0,0.2,score_point,0.019858156028368795,1.5352500000000004,0.4575,0.5425,0.687797147385103,705,400,False
model,0.85,0.2,3.0,0.2,score_point,0.019858156028368795,1.607,0.5025,0.4975,0.6492659053833606,705,400,False
model,0.88,0.4,2.5,0.2,score_point,0.019858156028368795,1.639,0.59,0.41,0.5674740484429065,705,400,False
model,0.89,0.3,2.5,0.2,score_point,0.019858156028368795,1.6585000000000003,0.6175,0.3825,0.5396825396825397,705,400,False
model,0.86,0.2,3.0,0.2,score_point,0.019858156028368795,1.712,0.54,0.46,0.6153846153846154,705,400,False
model,0.9,0.3,2.5,0.2,score_point,0.019858156028368795,1.7355,0.6525,0.3475,0.5027124773960217,705,400,False
model,0.87,0.2,3.0,0.2,score_point,0.019858156028368795,1.761,0.5575,0.4425,0.5989847715736041,705,400,False
model,0.91,0.3,2.5,0.2,score_point,0.019858156028368795,1.8070000000000002,0.685,0.315,0.4666666666666667,705,400,False
model,0.28,0.8,3.5,0.2,score_point,0.02127659574468085,0.95525,0.0575,0.9425,0.952020202020202,705,400,False
model,0.55,0.6,3.0,0.2,score_point,0.02127659574468085,0.9599999999999999,0.15,0.85,0.9006622516556291,705,400,False
model,0.39,0.7,3.5,0.2,score_point,0.02127659574468085,0.9659999999999997,0.095,0.905,0.9317889317889317,705,400,False
model,0.4,0.7,3.5,0.2,score_point,0.02127659574468085,0.9659999999999997,0.095,0.905,0.9317889317889317,705,400,False
model,0.56,0.6,3.0,0.2,score_point,0.02127659574468085,0.966,0.1525,0.8475,0.8992042440318302,705,400,False
model,0.52,0.6,3.5,0.2,score_point,0.02127659574468085,0.9769999999999999,0.13,0.87,0.9121887287024901,705,400,False
model,0.57,0.6,3.0,0.2,score_point,0.02127659574468085,0.9779999999999999,0.1575,0.8425,0.8962765957446809,705,400,False
model,0.58,0.6,3.0,0.2,score_point,0.02127659574468085,0.996,0.165,0.835,0.8918558077436582,705,400,False
model,0.52,0.7,3.0,0.2,score_point,0.02127659574468085,0.9989999999999999,0.13,0.87,0.9121887287024901,705,400,False
model,0.59,0.6,3.0,0.2,score_point,0.02127659574468085,1.0139999999999998,0.1725,0.8275,0.8873994638069705,705,400,False
model,0.41,0.8,3.0,0.2,score_point,0.02127659574468085,1.0255,0.1025,0.8975,0.9276485788113694,705,400,False
model,0.65,0.5,3.0,0.2,score_point,0.02127659574468085,1.03125,0.2125,0.7875,0.8630136986301369,705,400,False
model,0.6,0.6,3.0,0.2,score_point,0.02127659574468085,1.0319999999999998,0.18,0.82,0.8829071332436069,705,400,False
model,0.42,0.8,3.0,0.2,score_point,0.02127659574468085,1.0475,0.1125,0.8875,0.922077922077922,705,400,False
model,0.43,0.8,3.0,0.2,score_point,0.02127659574468085,1.0475,0.1125,0.8875,0.922077922077922,705,400,False
model,0.44,0.8,3.0,0.2,score_point,0.02127659574468085,1.0475,0.1125,0.8875,0.922077922077922,705,400,False
model,0.27,0.9,3.5,0.2,score_point,0.02127659574468085,1.0495,0.0575,0.9425,0.952020202020202,705,400,False
model,0.28,0.9,3.5,0.2,score_point,0.02127659574468085,1.0495,0.0575,0.9425,0.952020202020202,705,400,False
model,0.66,0.5,3.0,0.2,score_point,0.02127659574468085,1.05,0.22,0.78,0.8583218707015131,705,400,False
model,0.45,0.8,3.0,0.2,score_point,0.02127659574468085,1.0530000000000002,0.115,0.885,0.9206762028608583,705,400,False
model,0.61,0.6,3.0,0.2,score_point,0.02127659574468085,1.0559999999999998,0.19,0.81,0.8768606224627876,705,400,False
model,0.46,0.8,3.0,0.2,score_point,0.02127659574468085,1.0585000000000002,0.1175,0.8825,0.9192708333333333,705,400,False
model,0.47,0.8,3.0,0.2,score_point,0.02127659574468085,1.0585000000000002,0.1175,0.8825,0.9192708333333333,705,400,False
model,0.48,0.8,3.0,0.2,score_point,0.02127659574468085,1.0640000000000003,0.12,0.88,0.9178617992177314,705,400,False
model,0.49,0.8,3.0,0.2,score_point,0.02127659574468085,1.0695000000000001,0.1225,0.8775,0.9164490861618798,705,400,False
model,0.62,0.6,3.0,0.2,score_point,0.02127659574468085,1.0799999999999998,0.2,0.8,0.870748299319728,705,400,False
model,0.5,0.8,3.0,0.2,score_point,0.02127659574468085,1.0805,0.1275,0.8725,0.9136125654450262,705,400,False
model,0.67,0.5,3.0,0.2,score_point,0.02127659574468085,1.08125,0.2325,0.7675,0.8504155124653738,705,400,False
model,0.64,0.7,2.5,0.2,score_point,0.02127659574468085,1.0824999999999998,0.2125,0.7875,0.8630136986301369,705,400,False
model,0.65,0.7,2.5,0.2,score_point,0.02127659574468085,1.0824999999999998,0.2125,0.7875,0.8630136986301369,705,400,False
model,0.66,0.7,2.5,0.2,score_point,0.02127659574468085,1.0959999999999996,0.22,0.78,0.8583218707015131,705,400,False
model,0.63,0.5,3.5,0.2,score_point,0.02127659574468085,1.115,0.205,0.795,0.8676671214188267,705,400,False
model,0.41,0.9,3.0,0.2,score_point,0.02127659574468085,1.1152500000000003,0.1025,0.8975,0.9276485788113694,705,400,False
model,0.67,0.7,2.5,0.2,score_point,0.02127659574468085,1.1184999999999998,0.2325,0.7675,0.8504155124653738,705,400,False
model,0.72,0.4,3.0,0.2,score_point,0.02127659574468085,1.1345,0.2825,0.7175,0.8176638176638177,705,400,False
model,0.42,0.9,3.0,0.2,score_point,0.02127659574468085,1.1362500000000002,0.1125,0.8875,0.922077922077922,705,400,False
model,0.43,0.9,3.0,0.2,score_point,0.02127659574468085,1.1362500000000002,0.1125,0.8875,0.922077922077922,705,400,False
model,0.44,0.9,3.0,0.2,score_point,0.02127659574468085,1.1362500000000002,0.1125,0.8875,0.922077922077922,705,400,False
model,0.72,0.6,2.5,0.2,score_point,0.02127659574468085,1.13675,0.2825,0.7175,0.8176638176638177,705,400,False
model,0.45,0.9,3.0,0.2,score_point,0.02127659574468085,1.1415000000000004,0.115,0.885,0.9206762028608583,705,400,False
model,0.27,1.0,3.5,0.2,score_point,0.02127659574468085,1.14375,0.0575,0.9425,0.952020202020202,705,400,False
model,0.28,1.0,3.5,0.2,score_point,0.02127659574468085,1.14375,0.0575,0.9425,0.952020202020202,705,400,False
model,0.46,0.9,3.0,0.2,score_point,0.02127659574468085,1.1467500000000002,0.1175,0.8825,0.9192708333333333,705,400,False
model,0.47,0.9,3.0,0.2,score_point,0.02127659574468085,1.1467500000000002,0.1175,0.8825,0.9192708333333333,705,400,False
model,0.68,0.7,2.5,0.2,score_point,0.02127659574468085,1.1499999999999997,0.25,0.75,0.8391608391608391,705,400,False
model,0.48,0.9,3.0,0.2,score_point,0.02127659574468085,1.1520000000000001,0.12,0.88,0.9178617992177314,705,400,False
model,0.49,0.9,3.0,0.2,score_point,0.02127659574468085,1.1572500000000003,0.1225,0.8775,0.9164490861618798,705,400,False
model,0.69,0.7,2.5,0.2,score_point,0.02127659574468085,1.1589999999999998,0.255,0.745,0.8359046283309958,705,400,False
model,0.73,0.6,2.5,0.2,score_point,0.02127659574468085,1.16525,0.2975,0.7025,0.8074712643678161,705,400,False
model,0.5,0.9,3.0,0.2,score_point,0.02127659574468085,1.1677500000000003,0.1275,0.8725,0.9136125654450262,705,400,False
model,0.7,0.7,2.5,0.2,score_point,0.02127659574468085,1.168,0.26,0.74,0.8326300984528833,705,400,False
model,0.71,0.3,3.5,0.2,score_point,0.02127659574468085,1.1720000000000002,0.2725,0.7275,0.8243626062322947,705,400,False
model,0.73,0.4,3.0,0.2,score_point,0.02127659574468085,1.1735,0.2975,0.7025,0.8074712643678161,705,400,False
model,0.68,0.4,3.5,0.2,score_point,0.02127659574468085,1.175,0.25,0.75,0.8391608391608391,705,400,False
model,0.74,0.6,2.5,0.2,score_point,0.02127659574468085,1.18425,0.3075,0.6925,0.8005780346820809,705,400,False
model,0.71,0.7,2.5,0.2,score_point,0.02127659574468085,1.1905,0.2725,0.7275,0.8243626062322947,705,400,False
model,0.69,0.4,3.5,0.2,score_point,0.02127659574468085,1.1905000000000001,0.255,0.745,0.8359046283309958,705,400,False
model,0.74,0.4,3.0,0.2,score_point,0.02127659574468085,1.1995,0.3075,0.6925,0.8005780346820809,705,400,False
model,0.41,1.0,3.0,0.2,score_point,0.02127659574468085,1.205,0.1025,0.8975,0.9276485788113694,705,400,False
model,0.7,0.4,3.5,0.2,score_point,0.02127659574468085,1.2060000000000002,0.26,0.74,0.8326300984528833,705,400,False
model,0.75,0.6,2.5,0.2,score_point,0.02127659574468085,1.2079999999999997,0.32,0.68,0.7918486171761281,705,400,False
model,0.42,1.0,3.0,0.2,score_point,0.02127659574468085,1.225,0.1125,0.8875,0.922077922077922,705,400,False
model,0.43,1.0,3.0,0.2,score_point,0.02127659574468085,1.225,0.1125,0.8875,0.922077922077922,705,400,False
model,0.44,1.0,3.0,0.2,score_point,0.02127659574468085,1.225,0.1125,0.8875,0.922077922077922,705,400,False
model,0.45,1.0,3.0,0.2,score_point,0.02127659574468085,1.23,0.115,0.885,0.9206762028608583,705,400,False
model,0.75,0.4,3.0,0.2,score_point,0.02127659574468085,1.232,0.32,0.68,0.7918486171761281,705,400,False
model,0.46,1.0,3.0,0.2,score_point,0.02127659574468085,1.235,0.1175,0.8825,0.9192708333333333,705,400,False
model,0.47,1.0,3.0,0.2,score_point,0.02127659574468085,1.235,0.1175,0.8825,0.9192708333333333,705,400,False
model,0.48,1.0,3.0,0.2,score_point,0.02127659574468085,1.24,0.12,0.88,0.9178617992177314,705,400,False
model,0.49,1.0,3.0,0.2,score_point,0.02127659574468085,1.245,0.1225,0.8775,0.9164490861618798,705,400,False
model,0.76,0.6,2.5,0.2,score_point,0.02127659574468085,1.246,0.34,0.66,0.7776141384388807,705,400,False
model,0.5,1.0,3.0,0.2,score_point,0.02127659574468085,1.255,0.1275,0.8725,0.9136125654450262,705,400,False
model,0.76,0.4,3.0,0.2,score_point,0.02127659574468085,1.284,0.34,0.66,0.7776141384388807,705,400,False
model,0.77,0.6,2.5,0.2,score_point,0.02127659574468085,1.28875,0.3625,0.6375,0.7611940298507462,705,400,False
model,0.79,0.5,2.5,0.2,score_point,0.02127659574468085,1.3,0.4,0.6,0.7328244274809161,705,400,False
model,0.78,0.6,2.5,0.2,score_point,0.02127659574468085,1.3219999999999998,0.38,0.62,0.7481146304675717,705,400,False
model,0.8,0.5,2.5,0.2,score_point,0.02127659574468085,1.34,0.42,0.58,0.7171561051004636,705,400,False
model,0.77,0.4,3.0,0.2,score_point,0.02127659574468085,1.3425,0.3625,0.6375,0.7611940298507462,705,400,False
model,0.81,0.5,2.5,0.2,score_point,0.02127659574468085,1.375,0.4375,0.5625,0.703125,705,400,False
model,0.79,0.3,3.0,0.2,score_point,0.02127659574468085,1.38,0.4,0.6,0.7328244274809161,705,400,False
model,0.78,0.4,3.0,0.2,score_point,0.02127659574468085,1.3880000000000001,0.38,0.62,0.7481146304675717,705,400,False
model,0.82,0.5,2.5,0.2,score_point,0.02127659574468085,1.415,0.4575,0.5425,0.6867088607594937,705,400,False
model,0.85,0.4,2.5,0.2,score_point,0.02127659574468085,1.4552500000000002,0.5025,0.4975,0.6482084690553745,705,400,False
model,0.86,0.4,2.5,0.2,score_point,0.02127659574468085,1.534,0.54,0.46,0.6143572621035059,705,400,False
model,0.83,0.2,3.0,0.2,score_point,0.02127659574468085,1.537,0.4775,0.5225,0.6698717948717948,705,400,False
model,0.84,0.2,3.0,0.2,score_point,0.02127659574468085,1.565,0.4875,0.5125,0.661290322580645,705,400,False
model,0.87,0.4,2.5,0.2,score_point,0.02127659574468085,1.5707499999999999,0.5575,0.4425,0.597972972972973,705,400,False
model,0.29,0.7,3.5,0.2,score_point,0.02269503546099291,0.861,0.0575,0.9425,0.9508196721311476,705,400,False
model,0.3,0.7,3.5,0.2,score_point,0.02269503546099291,0.861,0.0575,0.9425,0.9508196721311476,705,400,True
model,0.31,0.7,3.5,0.2,score_point,0.02269503546099291,0.875,0.0625,0.9375,0.9481668773704173,705,400,False
model,0.32,0.7,3.5,0.2,score_point,0.02269503546099291,0.8819999999999999,0.065,0.935,0.9468354430379747,705,400,False
model,0.33,0.7,3.5,0.2,score_point,0.02269503546099291,0.9099999999999998,0.075,0.925,0.9414758269720102,705,400,False
model,0.34,0.7,3.5,0.2,score_point,0.02269503546099291,0.9099999999999998,0.075,0.925,0.9414758269720102,705,400,False
model,0.35,0.7,3.5,0.2,score_point,0.02269503546099291,0.9239999999999999,0.08,0.92,0.9387755102040817,705,400,False
model,0.36,0.7,3.5,0.2,score_point,0.02269503546099291,0.9309999999999999,0.0825,0.9175,0.9374201787994891,705,400,False
model,0.37,0.7,3.5,0.2,score_point,0.02269503546099291,0.9379999999999998,0.085,0.915,0.9360613810741688,705,400,False
model,0.54,0.6,3.0,0.2,score_point,0.02269503546099291,0.9479999999999998,0.145,0.855,0.9023746701846965,705,400,False
model,0.55,0.5,3.5,0.2,score_point,0.02269503546099291,0.95,0.15,0.85,0.8994708994708994,705,400,False
model,0.38,0.7,3.5,0.2,score_point,0.02269503546099291,0.9519999999999998,0.09,0.91,0.9333333333333333,705,400,False
model,0.27,0.8,3.5,0.2,score_point,0.02269503546099291,0.95525,0.0575,0.9425,0.9508196721311476,705,400,False
model,0.56,0.5,3.5,0.2,score_point,0.02269503546099291,0.9575,0.1525,0.8475,0.8980132450331126,705,400,False
model,0.57,0.5,3.5,0.2,score_point,0.02269503546099291,0.9725,0.1575,0.8425,0.8950863213811422,705,400,False
model,0.51,0.6,3.5,0.2,score_point,0.02269503546099291,0.9769999999999999,0.13,0.87,0.9109947643979057,705,400,False
model,0.58,0.5,3.5,0.2,score_point,0.02269503546099291,0.995,0.165,0.835,0.8906666666666667,705,400,False
model,0.51,0.7,3.0,0.2,score_point,0.02269503546099291,0.9989999999999999,0.13,0.87,0.9109947643979057,705,400,False
model,0.65,0.6,2.5,0.2,score_point,0.02269503546099291,1.0037499999999997,0.2125,0.7875,0.8618331053351572,705,400,False
model,0.39,0.8,3.0,0.2,score_point,0.02269503546099291,1.0090000000000001,0.095,0.905,0.9305912596401028,705,400,False
model,0.4,0.8,3.0,0.2,score_point,0.02269503546099291,1.0090000000000001,0.095,0.905,0.9305912596401028,705,400,False
model,0.59,0.5,3.5,0.2,score_point,0.02269503546099291,1.0175,0.1725,0.8275,0.8862115127175368,705,400,False
model,0.66,0.6,2.5,0.2,score_point,0.02269503546099291,1.0179999999999998,0.22,0.78,0.8571428571428571,705,400,False
model,0.64,0.5,3.0,0.2,score_point,0.02269503546099291,1.03125,0.2125,0.7875,0.8618331053351572,705,400,False
model,0.6,0.5,3.5,0.2,score_point,0.02269503546099291,1.04,0.18,0.82,0.8817204301075269,705,400,False
model,0.67,0.6,2.5,0.2,score_point,0.02269503546099291,1.0417499999999997,0.2325,0.7675,0.8492392807745505,705,400,False
model,0.65,0.4,3.5,0.2,score_point,0.02269503546099291,1.05875,0.2125,0.7875,0.8618331053351572,705,400,False
model,0.61,0.5,3.5,0.2,score_point,0.02269503546099291,1.07,0.19,0.81,0.8756756756756757,705,400,False
model,0.68,0.6,2.5,0.2,score_point,0.02269503546099291,1.075,0.25,0.75,0.8379888268156425,705,400,False
model,0.66,0.4,3.5,0.2,score_point,0.02269503546099291,1.082,0.22,0.78,0.8571428571428571,705,400,False
model,0.69,0.6,2.5,0.2,score_point,0.02269503546099291,1.0844999999999998,0.255,0.745,0.8347338935574229,705,400,False
model,0.7,0.6,2.5,0.2,score_point,0.02269503546099291,1.0939999999999999,0.26,0.74,0.8314606741573033,705,400,False
model,0.39,0.9,3.0,0.2,score_point,0.02269503546099291,1.0995000000000001,0.095,0.905,0.9305912596401028,705,400,False
model,0.4,0.9,3.0,0.2,score_point,0.02269503546099291,1.0995000000000001,0.095,0.905,0.9305912596401028,705,400,False
model,0.62,0.5,3.5,0.2,score_point,0.02269503546099291,1.1,0.2,0.8,0.8695652173913043,705,400,False
model,0.71,0.4,3.0,0.2,score_point,0.02269503546099291,1.1085,0.2725,0.7275,0.8231966053748232,705,400,False
model,0.71,0.6,2.5,0.2,score_point,0.02269503546099291,1.11775,0.2725,0.7275,0.8231966053748232,705,400,False
model,0.67,0.4,3.5,0.2,score_point,0.02269503546099291,1.1207500000000001,0.2325,0.7675,0.8492392807745505,705,400,False
model,0.25,1.0,3.5,0.2,score_point,0.02269503546099291,1.13125,0.0525,0.9475,0.9534591194968554,705,400,False
model,0.26,1.0,3.5,0.2,score_point,0.02269503546099291,1.1375,0.055,0.945,0.9521410579345088,705,400,False
model,0.63,0.8,2.5,0.2,score_point,0.02269503546099291,1.1485000000000003,0.205,0.795,0.8664850136239781,705,400,False
model,0.39,1.0,3.0,0.2,score_point,0.02269503546099291,1.19,0.095,0.905,0.9305912596401028,705,400,False
model,0.4,1.0,3.0,0.2,score_point,0.02269503546099291,1.19,0.095,0.905,0.9305912596401028,705,400,False
model,0.63,0.9,2.5,0.2,score_point,0.02269503546099291,1.2280000000000002,0.205,0.795,0.8664850136239781,705,400,False
model,0.63,1.0,2.5,0.2,score_point,0.02269503546099291,1.3075,0.205,0.795,0.8664850136239781,705,400,False
model,0.8,0.2,3.0,0.2,score_point,0.02269503546099291,1.376,0.42,0.58,0.7160493827160493,705,400,False
model,0.77,0.2,3.5,0.2,score_point,0.02269503546099291,1.3962499999999998,0.3625,0.6375,0.7600596125186289,705,400,False
model,0.83,0.4,2.5,0.2,score_point,0.02269503546099291,1.4027500000000004,0.4775,0.5225,0.6688,705,400,False
model,0.84,0.4,2.5,0.2,score_point,0.02269503546099291,1.42375,0.4875,0.5125,0.6602254428341384,705,400,False
model,0.81,0.2,3.0,0.2,score_point,0.02269503546099291,1.425,0.4375,0.5625,0.702028081123245,705,400,False
model,0.78,0.2,3.5,0.2,score_point,0.02269503546099291,1.4539999999999997,0.38,0.62,0.7469879518072288,705,400,False
model,0.82,0.2,3.0,0.2,score_point,0.02269503546099291,1.4809999999999997,0.4575,0.5425,0.6856240126382306,705,400,False
model,0.88,0.3,2.5,0.2,score_point,0.02269503546099291,1.598,0.59,0.41,0.5655172413793103,705,400,False
model,0.89,0.2,2.5,0.2,score_point,0.02269503546099291,1.6202499999999997,0.6175,0.3825,0.5377855887521968,705,400,False
model,0.9,0.2,2.5,0.2,score_point,0.02269503546099291,1.70075,0.6525,0.3475,0.5009009009009009,705,400,False
model,0.91,0.2,2.5,0.2,score_point,0.02269503546099291,1.7755,0.685,0.315,0.46494464944649444,705,400,False
model,0.28,0.7,3.5,0.2,score_point,0.024113475177304965,0.861,0.0575,0.9425,0.9496221662468514,705,400,False
model,0.53,0.6,3.0,0.2,score_point,0.024113475177304965,0.9119999999999999,0.13,0.87,0.9098039215686274,705,400,False
model,0.43,0.6,3.5,0.2,score_point,0.024113475177304965,0.9262499999999997,0.1125,0.8875,0.9196891191709844,705,400,False
model,0.44,0.6,3.5,0.2,score_point,0.024113475177304965,0.9262499999999997,0.1125,0.8875,0.9196891191709844,705,400,False
model,0.29,0.8,3.0,0.2,score_point,0.024113475177304965,0.9265000000000001,0.0575,0.9425,0.9496221662468514,705,400,False
model,0.3,0.8,3.0,0.2,score_point,0.024113475177304965,0.9265000000000001,0.0575,0.9425,0.9496221662468514,705,400,False
model,0.45,0.6,3.5,0.2,score_point,0.024113475177304965,0.9335,0.115,0.885,0.9182879377431907,705,400,False
model,0.54,0.5,3.5,0.2,score_point,0.024113475177304965,0.935,0.145,0.855,0.901185770750988,705,400,False
model,0.41,0.7,3.0,0.2,score_point,0.024113475177304965,0.9357499999999999,0.1025,0.8975,0.9252577319587628,705,400,False
model,0.31,0.8,3.0,0.2,score_point,0.024113475177304965,0.9375,0.0625,0.9375,0.9469696969696969,705,400,False
model,0.46,0.6,3.5,0.2,score_point,0.024113475177304965,0.9407499999999999,0.1175,0.8825,0.9168831168831169,705,400,False
model,0.47,0.6,3.5,0.2,score_point,0.024113475177304965,0.9407499999999999,0.1175,0.8825,0.9168831168831169,705,400,False
model,0.32,0.8,3.0,0.2,score_point,0.024113475177304965,0.9430000000000001,0.065,0.935,0.9456384323640962,705,400,False
model,0.48,0.6,3.5,0.2,score_point,0.024113475177304965,0.9479999999999998,0.12,0.88,0.9154746423927178,705,400,False
model,0.49,0.6,3.5,0.2,score_point,0.024113475177304965,0.9552499999999998,0.1225,0.8775,0.9140624999999999,705,400,False
model,0.42,0.7,3.0,0.2,score_point,0.024113475177304965,0.9587499999999999,0.1125,0.8875,0.9196891191709844,705,400,False
model,0.43,0.7,3.0,0.2,score_point,0.024113475177304965,0.9587499999999999,0.1125,0.8875,0.9196891191709844,705,400,False
model,0.44,0.7,3.0,0.2,score_point,0.024113475177304965,0.9587499999999999,0.1125,0.8875,0.9196891191709844,705,400,False
model,0.45,0.7,3.0,0.2,score_point,0.024113475177304965,0.9644999999999999,0.115,0.885,0.9182879377431907,705,400,False
model,0.33,0.8,3.0,0.2,score_point,0.024113475177304965,0.9650000000000002,0.075,0.925,0.9402795425667091,705,400,False
model,0.34,0.8,3.0,0.2,score_point,0.024113475177304965,0.9650000000000002,0.075,0.925,0.9402795425667091,705,400,False
model,0.5,0.6,3.5,0.2,score_point,0.024113475177304965,0.9697499999999999,0.1275,0.8725,0.9112271540469975,705,400,False
model,0.46,0.7,3.0,0.2,score_point,0.024113475177304965,0.9702499999999997,0.1175,0.8825,0.9168831168831169,705,400,False
model,0.47,0.7,3.0,0.2,score_point,0.024113475177304965,0.9702499999999997,0.1175,0.8825,0.9168831168831169,705,400,False
model,0.48,0.7,3.0,0.2,score_point,0.024113475177304965,0.9759999999999998,0.12,0.88,0.9154746423927178,705,400,False
model,0.35,0.8,3.0,0.2,score_point,0.024113475177304965,0.9760000000000001,0.08,0.92,0.9375796178343949,705,400,False
model,0.36,0.8,3.0,0.2,score_point,0.024113475177304965,0.9815,0.0825,0.9175,0.9362244897959184,705,400,False
model,0.49,0.7,3.0,0.2,score_point,0.024113475177304965,0.9817499999999998,0.1225,0.8775,0.9140624999999999,705,400,False
model,0.37,0.8,3.0,0.2,score_point,0.024113475177304965,0.9870000000000002,0.085,0.915,0.9348659003831418,705,400,False
model,0.5,0.7,3.0,0.2,score_point,0.024113475177304965,0.9932499999999999,0.1275,0.8725,0.9112271540469975,705,400,False
model,0.38,0.8,3.0,0.2,score_point,0.024113475177304965,0.9980000000000001,0.09,0.91,0.9321382842509603,705,400,False
model,0.64,0.6,2.5,0.2,score_point,0.024113475177304965,1.0037499999999997,0.2125,0.7875,0.8606557377049181,705,400,False
model,0.29,0.9,3.0,0.2,score_point,0.024113475177304965,1.0207500000000003,0.0575,0.9425,0.9496221662468514,705,400,False
model,0.3,0.9,3.0,0.2,score_point,0.024113475177304965,1.0207500000000003,0.0575,0.9425,0.9496221662468514,705,400,False
model,0.31,0.9,3.0,0.2,score_point,0.024113475177304965,1.0312500000000002,0.0625,0.9375,0.9469696969696969,705,400,False
model,0.25,0.9,3.5,0.2,score_point,0.024113475177304965,1.0365000000000002,0.0525,0.9475,0.9522613065326633,705,400,False
model,0.32,0.9,3.0,0.2,score_point,0.024113475177304965,1.0365000000000002,0.065,0.935,0.9456384323640962,705,400,False
model,0.26,0.9,3.5,0.2,score_point,0.024113475177304965,1.0430000000000001,0.055,0.945,0.950943396226415,705,400,False
model,0.55,0.8,2.5,0.2,score_point,0.024113475177304965,1.0550000000000002,0.15,0.85,0.8982826948480845,705,400,False
model,0.33,0.9,3.0,0.2,score_point,0.024113475177304965,1.0575,0.075,0.925,0.9402795425667091,705,400,False
model,0.34,0.9,3.0,0.2,score_point,0.024113475177304965,1.0575,0.075,0.925,0.9402795425667091,705,400,False
model,0.64,0.4,3.5,0.2,score_point,0.024113475177304965,1.05875,0.2125,0.7875,0.8606557377049181,705,400,False
model,0.56,0.8,2.5,0.2,score_point,0.024113475177304965,1.05925,0.1525,0.8475,0.8968253968253969,705,400,False
model,0.72,0.3,3.0,0.2,score_point,0.024113475177304965,1.06275,0.2825,0.7175,0.8153409090909091,705,400,False
model,0.72,0.5,2.5,0.2,score_point,0.024113475177304965,1.065,0.2825,0.7175,0.8153409090909091,705,400,False
model,0.57,0.8,2.5,0.2,score_point,0.024113475177304965,1.0677500000000002,0.1575,0.8425,0.8938992042440319,705,400,False
model,0.35,0.9,3.0,0.2,score_point,0.024113475177304965,1.0680000000000003,0.08,0.92,0.9375796178343949,705,400,False
model,0.63,0.7,2.5,0.2,score_point,0.024113475177304965,1.0689999999999997,0.205,0.795,0.8653061224489796,705,400,False
model,0.36,0.9,3.0,0.2,score_point,0.024113475177304965,1.0732500000000003,0.0825,0.9175,0.9362244897959184,705,400,False
model,0.37,0.9,3.0,0.2,score_point,0.024113475177304965,1.0785000000000002,0.085,0.915,0.9348659003831418,705,400,False
model,0.58,0.8,2.5,0.2,score_point,0.024113475177304965,1.0805,0.165,0.835,0.8894806924101198,705,400,False
model,0.38,0.9,3.0,0.2,score_point,0.024113475177304965,1.0890000000000002,0.09,0.91,0.9321382842509603,705,400,False
model,0.59,0.8,2.5,0.2,score_point,0.024113475177304965,1.0932500000000003,0.1725,0.8275,0.8850267379679144,705,400,False
model,0.73,0.5,2.5,0.2,score_point,0.024113475177304965,1.095,0.2975,0.7025,0.8051575931232092,705,400,False
model,0.73,0.3,3.0,0.2,score_point,0.024113475177304965,1.10325,0.2975,0.7025,0.8051575931232092,705,400,False
model,0.6,0.8,2.5,0.2,score_point,0.024113475177304965,1.1060000000000003,0.18,0.82,0.8805369127516779,705,400,False
model,0.23,1.0,3.5,0.2,score_point,0.024113475177304965,1.1125,0.045,0.955,0.9561952440550688,705,400,False
model,0.29,1.0,3.0,0.2,score_point,0.024113475177304965,1.115,0.0575,0.9425,0.9496221662468514,705,400,False
model,0.3,1.0,3.0,0.2,score_point,0.024113475177304965,1.115,0.0575,0.9425,0.9496221662468514,705,400,False
model,0.74,0.5,2.5,0.2,score_point,0.024113475177304965,1.115,0.3075,0.6925,0.7982708933717578,705,400,False
model,0.61,0.8,2.5,0.2,score_point,0.024113475177304965,1.1230000000000002,0.19,0.81,0.8744939271255061,705,400,False
model,0.24,1.0,3.5,0.2,score_point,0.024113475177304965,1.125,0.05,0.95,0.9535759096612296,705,400,False
model,0.31,1.0,3.0,0.2,score_point,0.024113475177304965,1.125,0.0625,0.9375,0.9469696969696969,705,400,False
model,0.32,1.0,3.0,0.2,score_point,0.024113475177304965,1.13,0.065,0.935,0.9456384323640962,705,400,False
model,0.74,0.3,3.0,0.2,score_point,0.024113475177304965,1.13025,0.3075,0.6925,0.7982708933717578,705,400,False
model,0.75,0.5,2.5,0.2,score_point,0.024113475177304965,1.14,0.32,0.68,0.7895500725689405,705,400,False
model,0.55,0.9,2.5,0.2,score_point,0.024113475177304965,1.1400000000000001,0.15,0.85,0.8982826948480845,705,400,False
model,0.62,0.8,2.5,0.2,score_point,0.024113475177304965,1.1400000000000003,0.2,0.8,0.8683853459972862,705,400,False
model,0.56,0.9,2.5,0.2,score_point,0.024113475177304965,1.1440000000000001,0.1525,0.8475,0.8968253968253969,705,400,False
model,0.33,1.0,3.0,0.2,score_point,0.024113475177304965,1.15,0.075,0.925,0.9402795425667091,705,400,False
model,0.34,1.0,3.0,0.2,score_point,0.024113475177304965,1.15,0.075,0.925,0.9402795425667091,705,400,False
model,0.57,0.9,2.5,0.2,score_point,0.024113475177304965,1.1520000000000001,0.1575,0.8425,0.8938992042440319,705,400,False
model,0.35,1.0,3.0,0.2,score_point,0.024113475177304965,1.16,0.08,0.92,0.9375796178343949,705,400,False
model,0.58,0.9,2.5,0.2,score_point,0.024113475177304965,1.1640000000000001,0.165,0.835,0.8894806924101198,705,400,False
model,0.75,0.3,3.0,0.2,score_point,0.024113475177304965,1.1640000000000001,0.32,0.68,0.7895500725689405,705,400,False
model,0.36,1.0,3.0,0.2,score_point,0.024113475177304965,1.165,0.0825,0.9175,0.9362244897959184,705,400,False
model,0.37,1.0,3.0,0.2,score_point,0.024113475177304965,1.17,0.085,0.915,0.9348659003831418,705,400,False
model,0.59,0.9,2.5,0.2,score_point,0.024113475177304965,1.1760000000000002,0.1725,0.8275,0.8850267379679144,705,400,False
model,0.38,1.0,3.0,0.2,score_point,0.024113475177304965,1.18,0.09,0.91,0.9321382842509603,705,400,False
model,0.76,0.5,2.5,0.2,score_point,0.024113475177304965,1.18,0.34,0.66,0.775330396475771,705,400,False
model,0.73,0.2,3.5,0.2,score_point,0.024113475177304965,1.1817499999999999,0.2975,0.7025,0.8051575931232092,705,400,False
model,0.6,0.9,2.5,0.2,score_point,0.024113475177304965,1.1880000000000002,0.18,0.82,0.8805369127516779,705,400,False
model,0.61,0.9,2.5,0.2,score_point,0.024113475177304965,1.2040000000000002,0.19,0.81,0.8744939271255061,705,400,False
model,0.74,0.2,3.5,0.2,score_point,0.024113475177304965,1.2147499999999998,0.3075,0.6925,0.7982708933717578,705,400,False
model,0.76,0.3,3.0,0.2,score_point,0.024113475177304965,1.2180000000000002,0.34,0.66,0.775330396475771,705,400,False
model,0.62,0.9,2.5,0.2,score_point,0.024113475177304965,1.2200000000000002,0.2,0.8,0.8683853459972862,705,400,False
model,0.55,1.0,2.5,0.2,score_point,0.024113475177304965,1.225,0.15,0.85,0.8982826948480845,705,400,False
model,0.77,0.5,2.5,0.2,score_point,0.024113475177304965,1.225,0.3625,0.6375,0.7589285714285714,705,400,False
model,0.56,1.0,2.5,0.2,score_point,0.024113475177304965,1.22875,0.1525,0.8475,0.8968253968253969,705,400,False
model,0.57,1.0,2.5,0.2,score_point,0.024113475177304965,1.23625,0.1575,0.8425,0.8938992042440319,705,400,False
model,0.58,1.0,2.5,0.2,score_point,0.024113475177304965,1.2475,0.165,0.835,0.8894806924101198,705,400,False
model,0.75,0.2,3.5,0.2,score_point,0.024113475177304965,1.2559999999999998,0.32,0.68,0.7895500725689405,705,400,False
model,0.59,1.0,2.5,0.2,score_point,0.024113475177304965,1.25875,0.1725,0.8275,0.8850267379679144,705,400,False
model,0.78,0.5,2.5,0.2,score_point,0.024113475177304965,1.26,0.38,0.62,0.7458646616541353,705,400,False
model,0.6,1.0,2.5,0.2,score_point,0.024113475177304965,1.27,0.18,0.82,0.8805369127516779,705,400,False
model,0.77,0.3,3.0,0.2,score_point,0.024113475177304965,1.2787500000000003,0.3625,0.6375,0.7589285714285714,705,400,False
model,0.8,0.4,2.5,0.2,score_point,0.024113475177304965,1.2820000000000003,0.42,0.58,0.7149460708782742,705,400,False
model,0.61,1.0,2.5,0.2,score_point,0.024113475177304965,1.285,0.19,0.81,0.8744939271255061,705,400,False
model,0.62,1.0,2.5,0.2,score_point,0.024113475177304965,1.3,0.2,0.8,0.8683853459972862,705,400,False
model,0.81,0.4,2.5,0.2,score_point,0.024113475177304965,1.3187500000000003,0.4375,0.5625,0.7009345794392524,705,400,False
model,0.79,0.2,3.0,0.2,score_point,0.024113475177304965,1.32,0.4,0.6,0.7305936073059361,705,400,False
model,0.76,0.2,3.5,0.2,score_point,0.024113475177304965,1.3219999999999998,0.34,0.66,0.775330396475771,705,400,False
model,0.78,0.3,3.0,0.2,score_point,0.024113475177304965,1.3260000000000003,0.38,0.62,0.7458646616541353,705,400,False
model,0.82,0.4,2.5,0.2,score_point,0.024113475177304965,1.36075,0.4575,0.5425,0.6845425867507887,705,400,False
model,0.85,0.3,2.5,0.2,score_point,0.024113475177304965,1.4055000000000002,0.5025,0.4975,0.6461038961038961,705,400,False
model,0.86,0.3,2.5,0.2,score_point,0.024113475177304965,1.4880000000000002,0.54,0.46,0.6123128119800334,705,400,False
model,0.87,0.3,2.5,0.2,score_point,0.024113475177304965,1.5265,0.5575,0.4425,0.595959595959596,705,400,False
model,0.27,0.7,3.5,0.2,score_point,0.02553191489361702,0.861,0.0575,0.9425,0.9484276729559747,705,400,False
model,0.53,0.5,3.5,0.2,score_point,0.02553191489361702,0.89,0.13,0.87,0.9086161879895561,705,400,False
model,0.41,0.6,3.5,0.2,score_point,0.02553191489361702,0.89725,0.1025,0.8975,0.924066924066924,705,400,False
model,0.52,0.6,3.0,0.2,score_point,0.02553191489361702,0.9119999999999999,0.13,0.87,0.9086161879895561,705,400,False
model,0.39,0.7,3.0,0.2,score_point,0.02553191489361702,0.9184999999999998,0.095,0.905,0.9282051282051282,705,400,False
model,0.4,0.7,3.0,0.2,score_point,0.02553191489361702,0.9184999999999998,0.095,0.905,0.9282051282051282,705,400,False
model,0.42,0.6,3.5,0.2,score_point,0.02553191489361702,0.9262499999999997,0.1125,0.8875,0.9184993531694695,705,400,False
model,0.28,0.8,3.0,0.2,score_point,0.02553191489361702,0.9265000000000001,0.0575,0.9425,0.9484276729559747,705,400,False
model,0.25,0.8,3.5,0.2,score_point,0.02553191489361702,0.9417500000000001,0.0525,0.9475,0.9510664993726474,705,400,False
model,0.26,0.8,3.5,0.2,score_point,0.02553191489361702,0.9485000000000001,0.055,0.945,0.949748743718593,705,400,False
model,0.55,0.7,2.5,0.2,score_point,0.02553191489361702,0.9699999999999999,0.15,0.85,0.8970976253298152,705,400,False
model,0.56,0.7,2.5,0.2,score_point,0.02553191489361702,0.9744999999999999,0.1525,0.8475,0.8956406869220608,705,400,False
model,0.57,0.7,2.5,0.2,score_point,0.02553191489361702,0.9834999999999999,0.1575,0.8425,0.8927152317880795,705,400,False
model,0.58,0.7,2.5,0.2,score_point,0.02553191489361702,0.9969999999999999,0.165,0.835,0.8882978723404256,705,400,False
model,0.59,0.7,2.5,0.2,score_point,0.02553191489361702,1.0104999999999997,0.1725,0.8275,0.883845126835781,705,400,False
model,0.63,0.5,3.0,0.2,score_point,0.02553191489361702,1.0125,0.205,0.795,0.8641304347826086,705,400,False
model,0.27,0.9,3.0,0.2,score_point,0.02553191489361702,1.0207500000000003,0.0575,0.9425,0.9484276729559747,705,400,False
model,0.28,0.9,3.0,0.2,score_point,0.02553191489361702,1.0207500000000003,0.0575,0.9425,0.9484276729559747,705,400,False
model,0.53,0.8,2.5,0.2,score_point,0.02553191489361702,1.0210000000000001,0.13,0.87,0.9086161879895561,705,400,False
model,0.6,0.7,2.5,0.2,score_point,0.02553191489361702,1.0239999999999998,0.18,0.82,0.8793565683646112,705,400,False
model,0.24,0.9,3.5,0.2,score_point,0.02553191489361702,1.0300000000000002,0.05,0.95,0.9523809523809523,705,400,False
model,0.71,0.3,3.0,0.2,score_point,0.02553191489361702,1.0357500000000002,0.2725,0.7275,0.8208744710860366,705,400,False
model,0.61,0.7,2.5,0.2,score_point,0.02553191489361702,1.0419999999999998,0.19,0.81,0.8733153638814016,705,400,False
model,0.71,0.5,2.5,0.2,score_point,0.02553191489361702,1.045,0.2725,0.7275,0.8208744710860366,705,400,False
model,0.54,0.8,2.5,0.2,score_point,0.02553191489361702,1.0465000000000002,0.145,0.855,0.8999999999999999,705,400,False
model,0.68,0.4,3.0,0.2,score_point,0.02553191489361702,1.05,0.25,0.75,0.8356545961002785,705,400,False
model,0.62,0.7,2.5,0.2,score_point,0.02553191489361702,1.0599999999999996,0.2,0.8,0.8672086720867208,705,400,False
model,0.69,0.4,3.0,0.2,score_point,0.02553191489361702,1.0630000000000002,0.255,0.745,0.8324022346368716,705,400,False
model,0.7,0.4,3.0,0.2,score_point,0.02553191489361702,1.0760000000000003,0.26,0.74,0.8291316526610645,705,400,False
model,0.68,0.3,3.5,0.2,score_point,0.02553191489361702,1.1,0.25,0.75,0.8356545961002785,705,400,False
model,0.53,0.9,2.5,0.2,score_point,0.02553191489361702,1.108,0.13,0.87,0.9086161879895561,705,400,False
model,0.22,1.0,3.5,0.2,score_point,0.02553191489361702,1.1125,0.045,0.955,0.955,705,400,False
model,0.27,1.0,3.0,0.2,score_point,0.02553191489361702,1.115,0.0575,0.9425,0.9484276729559747,705,400,False
model,0.28,1.0,3.0,0.2,score_point,0.02553191489361702,1.115,0.0575,0.9425,0.9484276729559747,705,400,False
model,0.69,0.3,3.5,0.2,score_point,0.02553191489361702,1.1160000000000003,0.255,0.745,0.8324022346368716,705,400,False
model,0.54,0.9,2.5,0.2,score_point,0.02553191489361702,1.1320000000000001,0.145,0.855,0.8999999999999999,705,400,False
model,0.7,0.3,3.5,0.2,score_point,0.02553191489361702,1.1320000000000001,0.26,0.74,0.8291316526610645,705,400,False
model,0.72,0.2,3.5,0.2,score_point,0.02553191489361702,1.13225,0.2825,0.7175,0.8141843971631205,705,400,False
model,0.53,1.0,2.5,0.2,score_point,0.02553191489361702,1.195,0.13,0.87,0.9086161879895561,705,400,False
model,0.54,1.0,2.5,0.2,score_point,0.02553191489361702,1.2175,0.145,0.855,0.8999999999999999,705,400,False
model,0.79,0.4,2.5,0.2,score_point,0.02553191489361702,1.2400000000000002,0.4,0.6,0.729483282674772,705,400,False
model,0.83,0.3,2.5,0.2,score_point,0.02553191489361702,1.3505,0.4775,0.5225,0.6666666666666666,705,400,False
model,0.84,0.3,2.5,0.2,score_point,0.02553191489361702,1.3725,0.4875,0.5125,0.6581059390048153,705,400,False
model,0.89,0.8,2.0,0.2,score_point,0.02553191489361702,1.5410000000000001,0.6175,0.3825,0.5359019264448337,705,400,False
model,0.88,0.2,2.5,0.2,score_point,0.02553191489361702,1.557,0.59,0.41,0.563573883161512,705,400,False
model,0.89,0.9,2.0,0.2,score_point,0.02553191489361702,1.5792499999999998,0.6175,0.3825,0.5359019264448337,705,400,False
model,0.9,0.8,2.0,0.2,score_point,0.02553191489361702,1.5830000000000002,0.6525,0.3475,0.49910233393177733,705,400,False
model,0.89,1.0,2.0,0.2,score_point,0.02553191489361702,1.6175,0.6175,0.3825,0.5359019264448337,705,400,False
model,0.9,0.9,2.0,0.2,score_point,0.02553191489361702,1.61775,0.6525,0.3475,0.49910233393177733,705,400,False
model,0.91,0.8,2.0,0.2,score_point,0.02553191489361702,1.6219999999999999,0.685,0.315,0.4632352941176471,705,400,False
model,0.93,0.5,2.0,0.2,score_point,0.02553191489361702,1.6325,0.755,0.245,0.3798449612403101,705,400,False
model,0.9,1.0,2.0,0.2,score_point,0.02553191489361702,1.6525,0.6525,0.3475,0.49910233393177733,705,400,False
model,0.91,0.9,2.0,0.2,score_point,0.02553191489361702,1.6535,0.685,0.315,0.4632352941176471,705,400,False
model,0.93,0.6,2.0,0.2,score_point,0.02553191489361702,1.6569999999999998,0.755,0.245,0.3798449612403101,705,400,False
model,0.92,0.8,2.0,0.2,score_point,0.02553191489361702,1.6640000000000001,0.72,0.28,0.42264150943396234,705,400,False
model,0.93,0.7,2.0,0.2,score_point,0.02553191489361702,1.6814999999999998,0.755,0.245,0.3798449612403101,705,400,False
model,0.91,1.0,2.0,0.2,score_point,0.02553191489361702,1.685,0.685,0.315,0.4632352941176471,705,400,False
model,0.92,0.9,2.0,0.2,score_point,0.02553191489361702,1.692,0.72,0.28,0.42264150943396234,705,400,False
model,0.94,0.5,2.0,0.2,score_point,0.02553191489361702,1.69625,0.7975,0.2025,0.32464929859719444,705,400,False
model,0.93,0.8,2.0,0.2,score_point,0.02553191489361702,1.7060000000000002,0.755,0.245,0.3798449612403101,705,400,False
model,0.94,0.6,2.0,0.2,score_point,0.02553191489361702,1.7165000000000001,0.7975,0.2025,0.32464929859719444,705,400,False
model,0.92,1.0,2.0,0.2,score_point,0.02553191489361702,1.72,0.72,0.28,0.42264150943396234,705,400,False
model,0.93,0.9,2.0,0.2,score_point,0.02553191489361702,1.7305000000000001,0.755,0.245,0.3798449612403101,705,400,False
model,0.94,0.7,2.0,0.2,score_point,0.02553191489361702,1.7367499999999998,0.7975,0.2025,0.32464929859719444,705,400,False
model,0.95,0.4,2.0,0.2,score_point,0.02553191489361702,1.7480000000000002,0.8425,0.1575,0.26195426195426197,705,400,False
model,0.93,1.0,2.0,0.2,score_point,0.02553191489361702,1.755,0.755,0.245,0.3798449612403101,705,400,False
model,0.94,0.8,2.0,0.2,score_point,0.02553191489361702,1.7570000000000001,0.7975,0.2025,0.32464929859719444,705,400,False
model,0.95,0.5,2.0,0.2,score_point,0.02553191489361702,1.76375,0.8425,0.1575,0.26195426195426197,705,400,False
model,0.94,0.9,2.0,0.2,score_point,0.02553191489361702,1.77725,0.7975,0.2025,0.32464929859719444,705,400,False
model,0.95,0.6,2.0,0.2,score_point,0.02553191489361702,1.7794999999999999,0.8425,0.1575,0.26195426195426197,705,400,False
model,0.95,0.7,2.0,0.2,score_point,0.02553191489361702,1.7952499999999998,0.8425,0.1575,0.26195426195426197,705,400,False
model,0.94,1.0,2.0,0.2,score_point,0.02553191489361702,1.7975,0.7975,0.2025,0.32464929859719444,705,400,False
model,0.96,0.2,2.0,0.2,score_point,0.02553191489361702,1.811,0.895,0.105,0.1826086956521739,705,400,False
model,0.95,0.8,2.0,0.2,score_point,0.02553191489361702,1.8110000000000002,0.8425,0.1575,0.26195426195426197,705,400,False
model,0.96,0.3,2.0,0.2,score_point,0.02553191489361702,1.8215000000000001,0.895,0.105,0.1826086956521739,705,400,False
model,0.95,0.9,2.0,0.2,score_point,0.02553191489361702,1.82675,0.8425,0.1575,0.26195426195426197,705,400,False
model,0.96,0.4,2.0,0.2,score_point,0.02553191489361702,1.8319999999999999,0.895,0.105,0.1826086956521739,705,400,False
model,0.95,1.0,2.0,0.2,score_point,0.02553191489361702,1.8425,0.8425,0.1575,0.26195426195426197,705,400,False
model,0.96,0.5,2.0,0.2,score_point,0.02553191489361702,1.8425,0.895,0.105,0.1826086956521739,705,400,False
model,0.96,0.6,2.0,0.2,score_point,0.02553191489361702,1.8530000000000002,0.895,0.105,0.1826086956521739,705,400,False
model,0.96,0.7,2.0,0.2,score_point,0.02553191489361702,1.8635,0.895,0.105,0.1826086956521739,705,400,False
model,0.96,0.8,2.0,0.2,score_point,0.02553191489361702,1.874,0.895,0.105,0.1826086956521739,705,400,False
model,0.96,0.9,2.0,0.2,score_point,0.02553191489361702,1.8844999999999998,0.895,0.105,0.1826086956521739,705,400,False
model,0.96,1.0,2.0,0.2,score_point,0.02553191489361702,1.895,0.895,0.105,0.1826086956521739,705,400,False
model,0.97,0.2,2.0,0.2,score_point,0.02553191489361702,1.91,0.95,0.05,0.091324200913242,705,400,False
model,0.97,0.3,2.0,0.2,score_point,0.02553191489361702,1.915,0.95,0.05,0.091324200913242,705,400,False
model,0.97,0.4,2.0,0.2,score_point,0.02553191489361702,1.92,0.95,0.05,0.091324200913242,705,400,False
model,0.97,0.5,2.0,0.2,score_point,0.02553191489361702,1.925,0.95,0.05,0.091324200913242,705,400,False
model,0.97,0.6,2.0,0.2,score_point,0.02553191489361702,1.93,0.95,0.05,0.091324200913242,705,400,False
model,0.97,0.7,2.0,0.2,score_point,0.02553191489361702,1.935,0.95,0.05,0.091324200913242,705,400,False
model,0.97,0.8,2.0,0.2,score_point,0.02553191489361702,1.94,0.95,0.05,0.091324200913242,705,400,False
model,0.97,0.9,2.0,0.2,score_point,0.02553191489361702,1.945,0.95,0.05,0.091324200913242,705,400,False
model,0.97,1.0,2.0,0.2,score_point,0.02553191489361702,1.95,0.95,0.05,0.091324200913242,705,400,False
model,0.98,0.2,2.0,0.2,score_point,0.02553191489361702,1.9685000000000001,0.9825,0.0175,0.03294117647058824,705,400,False
model,0.98,0.3,2.0,0.2,score_point,0.02553191489361702,1.9702499999999998,0.9825,0.0175,0.03294117647058824,705,400,False
model,0.98,0.4,2.0,0.2,score_point,0.02553191489361702,1.972,0.9825,0.0175,0.03294117647058824,705,400,False
model,0.98,0.5,2.0,0.2,score_point,0.02553191489361702,1.97375,0.9825,0.0175,0.03294117647058824,705,400,False
model,0.98,0.6,2.0,0.2,score_point,0.02553191489361702,1.9755,0.9825,0.0175,0.03294117647058824,705,400,False
model,0.98,0.7,2.0,0.2,score_point,0.02553191489361702,1.9772500000000002,0.9825,0.0175,0.03294117647058824,705,400,False
model,0.98,0.8,2.0,0.2,score_point,0.02553191489361702,1.9789999999999999,0.9825,0.0175,0.03294117647058824,705,400,False
model,0.98,0.9,2.0,0.2,score_point,0.02553191489361702,1.9807499999999998,0.9825,0.0175,0.03294117647058824,705,400,False
model,0.98,1.0,2.0,0.2,score_point,0.02553191489361702,1.9825,0.9825,0.0175,0.03294117647058824,705,400,False
model,0.99,0.2,2.0,0.2,score_point,0.02553191489361702,2.0,1.0,0.0,0.0,705,400,False
model,1.0,0.2,2.0,0.2,score_point,0.02553191489361702,2.0,1.0,0.0,0.0,705,400,False
model,0.99,0.3,2.0,0.2,score_point,0.02553191489361702,2.0,1.0,0.0,0.0,705,400,False
model,1.0,0.3,2.0,0.2,score_point,0.02553191489361702,2.0,1.0,0.0,0.0,705,400,False
model,0.99,0.4,2.0,0.2,score_point,0.02553191489361702,2.0,1.0,0.0,0.0,705,400,False
model,1.0,0.4,2.0,0.2,score_point,0.02553191489361702,2.0,1.0,0.0,0.0,705,400,False
model,0.99,0.5,2.0,0.2,score_point,0.02553191489361702,2.0,1.0,0.0,0.0,705,400,False
model,1.0,0.5,2.0,0.2,score_point,0.02553191489361702,2.0,1.0,0.0,0.0,705,400,False
model,0.99,0.6,2.0,0.2,score_point,0.02553191489361702,2.0,1.0,0.0,0.0,705,400,False
model,1.0,0.6,2.0,0.2,score_point,0.02553191489361702,2.0,1.0,0.0,0.0,705,400,False
model,0.99,0.7,2.0,0.2,score_point,0.02553191489361702,2.0,1.0,0.0,0.0,705,400,False
model,1.0,0.7,2.0,0.2,score_point,0.02553191489361702,2.0,1.0,0.0,0.0,705,400,False
model,0.99,0.8,2.0,0.2,score_point,0.02553191489361702,2.0,1.0,0.0,0.0,705,400,False
model,1.0,0.8,2.0,0.2,score_point,0.02553191489361702,2.0,1.0,0.0,0.0,705,400,False
model,0.99,0.9,2.0,0.2,score_point,0.02553191489361702,2.0,1.0,0.0,0.0,705,400,False
model,1.0,0.9,2.0,0.2,score_point,0.02553191489361702,2.0,1.0,0.0,0.0,705,400,False
model,0.99,1.0,2.0,0.2,score_point,0.02553191489361702,2.0,1.0,0.0,0.0,705,400,False
model,1.0,1.0,2.0,0.2,score_point,0.02553191489361702,2.0,1.0,0.0,0.0,705,400,False
model,0.29,0.7,3.0,0.2,score_point,0.02695035460992908,0.8322499999999999,0.0575,0.9425,0.9472361809045227,705,400,False
model,0.3,0.7,3.0,0.2,score_point,0.02695035460992908,0.8322499999999999,0.0575,0.9425,0.9472361809045227,705,400,True
model,0.31,0.7,3.0,0.2,score_point,0.02695035460992908,0.84375,0.0625,0.9375,0.9445843828715365,705,400,False
model,0.32,0.7,3.0,0.2,score_point,0.02695035460992908,0.8494999999999999,0.065,0.935,0.9432534678436317,705,400,False
model,0.33,0.7,3.0,0.2,score_point,0.02695035460992908,0.8725,0.075,0.925,0.9378960709759189,705,400,False
model,0.34,0.7,3.0,0.2,score_point,0.02695035460992908,0.8725,0.075,0.925,0.9378960709759189,705,400,False
model,0.55,0.5,3.0,0.2,score_point,0.02695035460992908,0.875,0.15,0.85,0.8959156785243741,705,400,False
model,0.4,0.6,3.5,0.2,score_point,0.02695035460992908,0.8754999999999998,0.095,0.905,0.9270166453265045,705,400,False
model,0.56,0.5,3.0,0.2,score_point,0.02695035460992908,0.88125,0.1525,0.8475,0.8944591029023746,705,400,False
model,0.35,0.7,3.0,0.2,score_point,0.02695035460992908,0.8839999999999999,0.08,0.92,0.9351969504447267,705,400,False
model,0.36,0.7,3.0,0.2,score_point,0.02695035460992908,0.8897499999999999,0.0825,0.9175,0.9338422391857507,705,400,False
model,0.52,0.5,3.5,0.2,score_point,0.02695035460992908,0.89,0.13,0.87,0.9074315514993482,705,400,False
model,0.57,0.5,3.0,0.2,score_point,0.02695035460992908,0.89375,0.1575,0.8425,0.8915343915343915,705,400,False
model,0.37,0.7,3.0,0.2,score_point,0.02695035460992908,0.8954999999999999,0.085,0.915,0.9324840764331209,705,400,False
model,0.38,0.7,3.0,0.2,score_point,0.02695035460992908,0.9069999999999999,0.09,0.91,0.9297573435504469,705,400,False
model,0.51,0.6,3.0,0.2,score_point,0.02695035460992908,0.9119999999999999,0.13,0.87,0.9074315514993482,705,400,False
model,0.58,0.5,3.0,0.2,score_point,0.02695035460992908,0.9125,0.165,0.835,0.8871181938911022,705,400,False
model,0.27,0.8,3.0,0.2,score_point,0.02695035460992908,0.9265000000000001,0.0575,0.9425,0.9472361809045227,705,400,False
model,0.59,0.5,3.0,0.2,score_point,0.02695035460992908,0.93125,0.1725,0.8275,0.8826666666666666,705,400,False
model,0.53,0.7,2.5,0.2,score_point,0.02695035460992908,0.9339999999999997,0.13,0.87,0.9074315514993482,705,400,False
model,0.24,0.8,3.5,0.2,score_point,0.02695035460992908,0.9350000000000002,0.05,0.95,0.9511889862327909,705,400,False
model,0.6,0.5,3.0,0.2,score_point,0.02695035460992908,0.95,0.18,0.82,0.8781793842034805,705,400,False
model,0.65,0.4,3.0,0.2,score_point,0.02695035460992908,0.9525000000000001,0.2125,0.7875,0.8583106267029972,705,400,False
model,0.54,0.7,2.5,0.2,score_point,0.02695035460992908,0.9609999999999999,0.145,0.855,0.8988173455978975,705,400,False
model,0.66,0.4,3.0,0.2,score_point,0.02695035460992908,0.9720000000000002,0.22,0.78,0.8536251709986321,705,400,False
model,0.61,0.5,3.0,0.2,score_point,0.02695035460992908,0.975,0.19,0.81,0.8721399730820998,705,400,False
model,0.65,0.3,3.5,0.2,score_point,0.02695035460992908,0.9800000000000001,0.2125,0.7875,0.8583106267029972,705,400,False
model,0.63,0.6,2.5,0.2,score_point,0.02695035460992908,0.9894999999999999,0.205,0.795,0.8629579375848033,705,400,False
model,0.62,0.5,3.0,0.2,score_point,0.02695035460992908,1.0,0.2,0.8,0.8660351826792964,705,400,False
model,0.68,0.5,2.5,0.2,score_point,0.02695035460992908,1.0,0.25,0.75,0.8344923504867872,705,400,False
model,0.66,0.3,3.5,0.2,score_point,0.02695035460992908,1.004,0.22,0.78,0.8536251709986321,705,400,False
model,0.67,0.4,3.0,0.2,score_point,0.02695035460992908,1.0045000000000002,0.2325,0.7675,0.8457300275482094,705,400,False
model,0.69,0.5,2.5,0.2,score_point,0.02695035460992908,1.01,0.255,0.745,0.8312412831241284,705,400,False
model,0.23,0.9,3.5,0.2,score_point,0.02695035460992908,1.0170000000000001,0.045,0.955,0.9538077403245941,705,400,False
model,0.7,0.5,2.5,0.2,score_point,0.02695035460992908,1.02,0.26,0.74,0.8279720279720278,705,400,False
model,0.51,0.8,2.5,0.2,score_point,0.02695035460992908,1.0210000000000001,0.13,0.87,0.9074315514993482,705,400,False
model,0.52,0.8,2.5,0.2,score_point,0.02695035460992908,1.0210000000000001,0.13,0.87,0.9074315514993482,705,400,False
model,0.63,0.4,3.5,0.2,score_point,0.02695035460992908,1.0355,0.205,0.795,0.8629579375848033,705,400,False
model,0.67,0.3,3.5,0.2,score_point,0.02695035460992908,1.0440000000000003,0.2325,0.7675,0.8457300275482094,705,400,False
model,0.16,1.0,3.5,0.2,score_point,0.02695035460992908,1.0875,0.035,0.965,0.9590062111801242,705,400,False
model,0.17,1.0,3.5,0.2,score_point,0.02695035460992908,1.0875,0.035,0.965,0.9590062111801242,705,400,False
model,0.18,1.0,3.5,0.2,score_point,0.02695035460992908,1.09375,0.0375,0.9625,0.9577114427860696,705,400,False
model,0.71,0.2,3.5,0.2,score_point,0.02695035460992908,1.0992499999999998,0.2725,0.7275,0.819718309859155,705,400,False
model,0.19,1.0,3.5,0.2,score_point,0.02695035460992908,1.1,0.04,0.96,0.9564134495641344,705,400,False
model,0.25,1.0,3.0,0.2,score_point,0.02695035460992908,1.105,0.0525,0.9475,0.9498746867167919,705,400,False
model,0.2,1.0,3.5,0.2,score_point,0.02695035460992908,1.10625,0.0425,0.9575,0.9551122194513716,705,400,False
model,0.21,1.0,3.5,0.2,score_point,0.02695035460992908,1.10625,0.0425,0.9575,0.9551122194513716,705,400,False
model,0.51,0.9,2.5,0.2,score_point,0.02695035460992908,1.108,0.13,0.87,0.9074315514993482,705,400,False
model,0.52,0.9,2.5,0.2,score_point,0.02695035460992908,1.108,0.13,0.87,0.9074315514993482,705,400,False
model,0.26,1.0,3.0,0.2,score_point,0.02695035460992908,1.11,0.055,0.945,0.9485570890840652,705,400,False
model,0.51,1.0,2.5,0.2,score_point,0.02695035460992908,1.195,0.13,0.87,0.9074315514993482,705,400,False
model,0.52,1.0,2.5,0.2,score_point,0.02695035460992908,1.195,0.13,0.87,0.9074315514993482,705,400,False
model,0.77,0.2,3.0,0.2,score_point,0.02695035460992908,1.2149999999999999,0.3625,0.6375,0.7566765578635015,705,400,False
model,0.8,0.3,2.5,0.2,score_point,0.02695035460992908,1.224,0.42,0.58,0.7127496159754224,705,400,False
model,0.81,0.3,2.5,0.2,score_point,0.02695035460992908,1.2625,0.4375,0.5625,0.6987577639751552,705,400,False
model,0.78,0.2,3.0,0.2,score_point,0.02695035460992908,1.264,0.38,0.62,0.7436281859070464,705,400,False
model,0.82,0.3,2.5,0.2,score_point,0.02695035460992908,1.3065,0.4575,0.5425,0.6823899371069182,705,400,False
model,0.85,0.2,2.5,0.2,score_point,0.02695035460992908,1.3557499999999998,0.5025,0.4975,0.6440129449838188,705,400,False
model,0.85,0.8,2.0,0.2,score_point,0.02695035460992908,1.403,0.5025,0.4975,0.6440129449838188,705,400,False
model,0.86,0.2,2.5,0.2,score_point,0.02695035460992908,1.442,0.54,0.46,0.6102819237147595,705,400,False
model,0.86,0.8,2.0,0.2,score_point,0.02695035460992908,1.4480000000000002,0.54,0.46,0.6102819237147595,705,400,False
model,0.85,0.9,2.0,0.2,score_point,0.02695035460992908,1.45275,0.5025,0.4975,0.6440129449838188,705,400,False
model,0.87,0.8,2.0,0.2,score_point,0.02695035460992908,1.469,0.5575,0.4425,0.5939597315436241,705,400,False
model,0.87,0.2,2.5,0.2,score_point,0.02695035460992908,1.4822499999999998,0.5575,0.4425,0.5939597315436241,705,400,False
model,0.86,0.9,2.0,0.2,score_point,0.02695035460992908,1.494,0.54,0.46,0.6102819237147595,705,400,False
model,0.85,1.0,2.0,0.2,score_point,0.02695035460992908,1.5025,0.5025,0.4975,0.6440129449838188,705,400,False
model,0.89,0.7,2.0,0.2,score_point,0.02695035460992908,1.5027499999999998,0.6175,0.3825,0.534965034965035,705,400,False
model,0.88,0.8,2.0,0.2,score_point,0.02695035460992908,1.508,0.59,0.41,0.562607204116638,705,400,False
model,0.87,0.9,2.0,0.2,score_point,0.02695035460992908,1.51325,0.5575,0.4425,0.5939597315436241,705,400,False
model,0.86,1.0,2.0,0.2,score_point,0.02695035460992908,1.54,0.54,0.46,0.6102819237147595,705,400,False
model,0.9,0.7,2.0,0.2,score_point,0.02695035460992908,1.54825,0.6525,0.3475,0.49820788530465954,705,400,False
model,0.88,0.9,2.0,0.2,score_point,0.02695035460992908,1.5490000000000002,0.59,0.41,0.562607204116638,705,400,False
model,0.87,1.0,2.0,0.2,score_point,0.02695035460992908,1.5575,0.5575,0.4425,0.5939597315436241,705,400,False
model,0.92,0.5,2.0,0.2,score_point,0.02695035460992908,1.58,0.72,0.28,0.42184557438794734,705,400,False
model,0.88,1.0,2.0,0.2,score_point,0.02695035460992908,1.59,0.59,0.41,0.562607204116638,705,400,False
model,0.91,0.7,2.0,0.2,score_point,0.02695035460992908,1.5905,0.685,0.315,0.4623853211009174,705,400,False
model,0.92,0.6,2.0,0.2,score_point,0.02695035460992908,1.608,0.72,0.28,0.42184557438794734,705,400,False
model,0.93,0.4,2.0,0.2,score_point,0.02695035460992908,1.608,0.755,0.245,0.379110251450677,705,400,False
model,0.92,0.7,2.0,0.2,score_point,0.02695035460992908,1.636,0.72,0.28,0.42184557438794734,705,400,False
model,0.94,0.4,2.0,0.2,score_point,0.02695035460992908,1.676,0.7975,0.2025,0.324,705,400,False
model,0.95,0.2,2.0,0.2,score_point,0.02695035460992908,1.7164999999999997,0.8425,0.1575,0.26141078838174275,705,400,False
model,0.95,0.3,2.0,0.2,score_point,0.02695035460992908,1.7322500000000003,0.8425,0.1575,0.26141078838174275,705,400,False
model,0.28,0.7,3.0,0.2,score_point,0.028368794326241134,0.8322499999999999,0.0575,0.9425,0.9460476787954829,705,400,False
model,0.25,0.7,3.5,0.2,score_point,0.028368794326241134,0.8469999999999999,0.0525,0.9475,0.9486858573216521,705,400,False
model,0.26,0.7,3.5,0.2,score_point,0.028368794326241134,0.8539999999999999,0.055,0.945,0.9473684210526316,705,400,False
model,0.54,0.5,3.0,0.2,score_point,0.028368794326241134,0.8625,0.145,0.855,0.8976377952755906,705,400,False
model,0.43,0.6,3.0,0.2,score_point,0.028368794326241134,0.8699999999999997,0.1125,0.8875,0.9161290322580645,705,400,False
model,0.44,0.6,3.0,0.2,score_point,0.028368794326241134,0.8699999999999997,0.1125,0.8875,0.9161290322580645,705,400,False
model,0.39,0.6,3.5,0.2,score_point,0.028368794326241134,0.8754999999999998,0.095,0.905,0.9258312020460359,705,400,False
model,0.45,0.6,3.0,0.2,score_point,0.028368794326241134,0.8759999999999999,0.115,0.885,0.9147286821705426,705,400,False
model,0.46,0.6,3.0,0.2,score_point,0.028368794326241134,0.8819999999999999,0.1175,0.8825,0.9133247089262613,705,400,False
model,0.47,0.6,3.0,0.2,score_point,0.028368794326241134,0.8819999999999999,0.1175,0.8825,0.9133247089262613,705,400,False
model,0.55,0.6,2.5,0.2,score_point,0.028368794326241134,0.8849999999999999,0.15,0.85,0.8947368421052632,705,400,False
model,0.48,0.6,3.0,0.2,score_point,0.028368794326241134,0.8879999999999998,0.12,0.88,0.911917098445596,705,400,False
model,0.56,0.6,2.5,0.2,score_point,0.028368794326241134,0.8897499999999999,0.1525,0.8475,0.893280632411067,705,400,False
model,0.51,0.5,3.5,0.2,score_point,0.028368794326241134,0.89,0.13,0.87,0.90625,705,400,False
model,0.49,0.6,3.0,0.2,score_point,0.028368794326241134,0.8939999999999998,0.1225,0.8775,0.9105058365758755,705,400,False
model,0.57,0.6,2.5,0.2,score_point,0.028368794326241134,0.8992499999999999,0.1575,0.8425,0.8903566710700132,705,400,False
model,0.5,0.6,3.0,0.2,score_point,0.028368794326241134,0.9059999999999998,0.1275,0.8725,0.9076723016905072,705,400,False
model,0.58,0.6,2.5,0.2,score_point,0.028368794326241134,0.9135,0.165,0.835,0.8859416445623343,705,400,False
model,0.23,0.8,3.5,0.2,score_point,0.028368794326241134,0.9215000000000001,0.045,0.955,0.9526184538653366,705,400,False
model,0.65,0.5,2.5,0.2,score_point,0.028368794326241134,0.925,0.2125,0.7875,0.8571428571428571,705,400,False
model,0.59,0.6,2.5,0.2,score_point,0.028368794326241134,0.9277499999999997,0.1725,0.8275,0.8814913448735019,705,400,False
model,0.52,0.7,2.5,0.2,score_point,0.028368794326241134,0.9339999999999997,0.13,0.87,0.90625,705,400,False
model,0.66,0.5,2.5,0.2,score_point,0.028368794326241134,0.94,0.22,0.78,0.8524590163934427,705,400,False
model,0.6,0.6,2.5,0.2,score_point,0.028368794326241134,0.9419999999999997,0.18,0.82,0.877005347593583,705,400,False
model,0.64,0.4,3.0,0.2,score_point,0.028368794326241134,0.9525000000000001,0.2125,0.7875,0.8571428571428571,705,400,False
model,0.6,0.4,3.5,0.2,score_point,0.028368794326241134,0.9580000000000001,0.18,0.82,0.877005347593583,705,400,False
model,0.61,0.6,2.5,0.2,score_point,0.028368794326241134,0.9609999999999999,0.19,0.81,0.8709677419354839,705,400,False
model,0.67,0.5,2.5,0.2,score_point,0.028368794326241134,0.965,0.2325,0.7675,0.844566712517194,705,400,False
model,0.41,0.8,2.5,0.2,score_point,0.028368794326241134,0.9742500000000001,0.1025,0.8975,0.9216944801026956,705,400,False
model,0.62,0.6,2.5,0.2,score_point,0.028368794326241134,0.9799999999999998,0.2,0.8,0.8648648648648648,705,400,False
model,0.64,0.3,3.5,0.2,score_point,0.028368794326241134,0.9800000000000001,0.2125,0.7875,0.8571428571428571,705,400,False
model,0.61,0.4,3.5,0.2,score_point,0.028368794326241134,0.9890000000000002,0.19,0.81,0.8709677419354839,705,400,False
model,0.42,0.8,2.5,0.2,score_point,0.028368794326241134,0.9912500000000002,0.1125,0.8875,0.9161290322580645,705,400,False
model,0.43,0.8,2.5,0.2,score_point,0.028368794326241134,0.9912500000000002,0.1125,0.8875,0.9161290322580645,705,400,False
model,0.44,0.8,2.5,0.2,score_point,0.028368794326241134,0.9912500000000002,0.1125,0.8875,0.9161290322580645,705,400,False
model,0.72,0.4,2.5,0.2,score_point,0.028368794326241134,0.9932500000000002,0.2825,0.7175,0.8118811881188118,705,400,False
model,0.45,0.8,2.5,0.2,score_point,0.028368794326241134,0.9955000000000002,0.115,0.885,0.9147286821705426,705,400,False
model,0.46,0.8,2.5,0.2,score_point,0.028368794326241134,0.9997500000000002,0.1175,0.8825,0.9133247089262613,705,400,False
model,0.47,0.8,2.5,0.2,score_point,0.028368794326241134,0.9997500000000002,0.1175,0.8825,0.9133247089262613,705,400,False
model,0.48,0.8,2.5,0.2,score_point,0.028368794326241134,1.0040000000000002,0.12,0.88,0.911917098445596,705,400,False
model,0.49,0.8,2.5,0.2,score_point,0.028368794326241134,1.00825,0.1225,0.8775,0.9105058365758755,705,400,False
model,0.25,0.9,3.0,0.2,score_point,0.028368794326241134,1.01025,0.0525,0.9475,0.9486858573216521,705,400,False
model,0.26,0.9,3.0,0.2,score_point,0.028368794326241134,1.0155,0.055,0.945,0.9473684210526316,705,400,False
model,0.5,0.8,2.5,0.2,score_point,0.028368794326241134,1.01675,0.1275,0.8725,0.9076723016905072,705,400,False
model,0.22,0.9,3.5,0.2,score_point,0.028368794326241134,1.0170000000000001,0.045,0.955,0.9526184538653366,705,400,False
model,0.62,0.4,3.5,0.2,score_point,0.028368794326241134,1.0200000000000002,0.2,0.8,0.8648648648648648,705,400,False
model,0.73,0.4,2.5,0.2,score_point,0.028368794326241134,1.02475,0.2975,0.7025,0.8017118402282453,705,400,False
model,0.73,0.2,3.0,0.2,score_point,0.028368794326241134,1.033,0.2975,0.7025,0.8017118402282453,705,400,False
model,0.74,0.4,2.5,0.2,score_point,0.028368794326241134,1.04575,0.3075,0.6925,0.7948350071736011,705,400,False
model,0.74,0.2,3.0,0.2,score_point,0.028368794326241134,1.061,0.3075,0.6925,0.7948350071736011,705,400,False
model,0.41,0.9,2.5,0.2,score_point,0.028368794326241134,1.0640000000000003,0.1025,0.8975,0.9216944801026956,705,400,False
model,0.75,0.4,2.5,0.2,score_point,0.028368794326241134,1.072,0.32,0.68,0.7861271676300579,705,400,False
model,0.42,0.9,2.5,0.2,score_point,0.028368794326241134,1.0800000000000003,0.1125,0.8875,0.9161290322580645,705,400,False
model,0.43,0.9,2.5,0.2,score_point,0.028368794326241134,1.0800000000000003,0.1125,0.8875,0.9161290322580645,705,400,False
model,0.44,0.9,2.5,0.2,score_point,0.028368794326241134,1.0800000000000003,0.1125,0.8875,0.9161290322580645,705,400,False
model,0.45,0.9,2.5,0.2,score_point,0.028368794326241134,1.0840000000000003,0.115,0.885,0.9147286821705426,705,400,False
model,0.15,1.0,3.5,0.2,score_point,0.028368794326241134,1.0875,0.035,0.965,0.9578163771712158,705,400,False
model,0.46,0.9,2.5,0.2,score_point,0.028368794326241134,1.088,0.1175,0.8825,0.9133247089262613,705,400,False
model,0.47,0.9,2.5,0.2,score_point,0.028368794326241134,1.088,0.1175,0.8825,0.9133247089262613,705,400,False
model,0.23,1.0,3.0,0.2,score_point,0.028368794326241134,1.09,0.045,0.955,0.9526184538653366,705,400,False
model,0.48,0.9,2.5,0.2,score_point,0.028368794326241134,1.092,0.12,0.88,0.911917098445596,705,400,False
model,0.75,0.2,3.0,0.2,score_point,0.028368794326241134,1.0959999999999999,0.32,0.68,0.7861271676300579,705,400,False
model,0.49,0.9,2.5,0.2,score_point,0.028368794326241134,1.0960000000000003,0.1225,0.8775,0.9105058365758755,705,400,False
model,0.24,1.0,3.0,0.2,score_point,0.028368794326241134,1.1,0.05,0.95,0.9500000000000001,705,400,False
model,0.5,0.9,2.5,0.2,score_point,0.028368794326241134,1.104,0.1275,0.8725,0.9076723016905072,705,400,False
model,0.76,0.4,2.5,0.2,score_point,0.028368794326241134,1.114,0.34,0.66,0.7719298245614035,705,400,False
model,0.76,0.2,3.0,0.2,score_point,0.028368794326241134,1.152,0.34,0.66,0.7719298245614035,705,400,False
model,0.41,1.0,2.5,0.2,score_point,0.028368794326241134,1.15375,0.1025,0.8975,0.9216944801026956,705,400,False
model,0.77,0.4,2.5,0.2,score_point,0.028368794326241134,1.1612500000000001,0.3625,0.6375,0.7555555555555555,705,400,False
model,0.42,1.0,2.5,0.2,score_point,0.028368794326241134,1.16875,0.1125,0.8875,0.9161290322580645,705,400,False
model,0.43,1.0,2.5,0.2,score_point,0.028368794326241134,1.16875,0.1125,0.8875,0.9161290322580645,705,400,False
model,0.44,1.0,2.5,0.2,score_point,0.028368794326241134,1.16875,0.1125,0.8875,0.9161290322580645,705,400,False
model,0.45,1.0,2.5,0.2,score_point,0.028368794326241134,1.1725,0.115,0.885,0.9147286821705426,705,400,False
model,0.46,1.0,2.5,0.2,score_point,0.028368794326241134,1.17625,0.1175,0.8825,0.9133247089262613,705,400,False
model,0.47,1.0,2.5,0.2,score_point,0.028368794326241134,1.17625,0.1175,0.8825,0.9133247089262613,705,400,False
model,0.48,1.0,2.5,0.2,score_point,0.028368794326241134,1.18,0.12,0.88,0.911917098445596,705,400,False
model,0.79,0.3,2.5,0.2,score_point,0.028368794326241134,1.1800000000000002,0.4,0.6,0.7272727272727274,705,400,False
model,0.49,1.0,2.5,0.2,score_point,0.028368794326241134,1.18375,0.1225,0.8775,0.9105058365758755,705,400,False
model,0.5,1.0,2.5,0.2,score_point,0.028368794326241134,1.19125,0.1275,0.8725,0.9076723016905072,705,400,False
model,0.78,0.4,2.5,0.2,score_point,0.028368794326241134,1.1980000000000002,0.38,0.62,0.7425149700598802,705,400,False
model,0.83,0.2,2.5,0.2,score_point,0.028368794326241134,1.29825,0.4775,0.5225,0.6645468998410174,705,400,False
model,0.84,0.2,2.5,0.2,score_point,0.028368794326241134,1.32125,0.4875,0.5125,0.6559999999999999,705,400,False
model,0.85,0.7,2.0,0.2,score_point,0.028368794326241134,1.3532499999999998,0.5025,0.4975,0.6429725363489499,705,400,False
model,0.83,0.8,2.0,0.2,score_point,0.028368794326241134,1.3730000000000002,0.4775,0.5225,0.6645468998410174,705,400,False
model,0.84,0.8,2.0,0.2,score_point,0.028368794326241134,1.385,0.4875,0.5125,0.6559999999999999,705,400,False
model,0.86,0.7,2.0,0.2,score_point,0.028368794326241134,1.402,0.54,0.46,0.609271523178808,705,400,False
model,0.87,0.7,2.0,0.2,score_point,0.028368794326241134,1.42475,0.5575,0.4425,0.592964824120603,705,400,False
model,0.83,0.9,2.0,0.2,score_point,0.028368794326241134,1.4252500000000001,0.4775,0.5225,0.6645468998410174,705,400,False
model,0.84,0.9,2.0,0.2,score_point,0.028368794326241134,1.43625,0.4875,0.5125,0.6559999999999999,705,400,False
model,0.89,0.6,2.0,0.2,score_point,0.028368794326241134,1.4645,0.6175,0.3825,0.5340314136125655,705,400,False
model,0.88,0.7,2.0,0.2,score_point,0.028368794326241134,1.4669999999999999,0.59,0.41,0.5616438356164384,705,400,False
model,0.83,1.0,2.0,0.2,score_point,0.028368794326241134,1.4775,0.4775,0.5225,0.6645468998410174,705,400,False
model,0.84,1.0,2.0,0.2,score_point,0.028368794326241134,1.4875,0.4875,0.5125,0.6559999999999999,705,400,False
model,0.9,0.6,2.0,0.2,score_point,0.028368794326241134,1.5134999999999996,0.6525,0.3475,0.49731663685152055,705,400,False
model,0.92,0.4,2.0,0.2,score_point,0.028368794326241134,1.5519999999999998,0.72,0.28,0.42105263157894746,705,400,False
model,0.91,0.6,2.0,0.2,score_point,0.028368794326241134,1.5589999999999997,0.685,0.315,0.4615384615384615,705,400,False
model,0.93,0.3,2.0,0.2,score_point,0.028368794326241134,1.5835000000000001,0.755,0.245,0.37837837837837834,705,400,False
model,0.94,0.3,2.0,0.2,score_point,0.028368794326241134,1.6557500000000003,0.7975,0.2025,0.32335329341317376,705,400,False
model,0.53,0.5,3.0,0.2,score_point,0.029787234042553193,0.825,0.13,0.87,0.9050715214564371,705,400,True
model,0.27,0.7,3.0,0.2,score_point,0.029787234042553193,0.8322499999999999,0.0575,0.9425,0.9448621553884713,705,400,False
model,0.43,0.5,3.5,0.2,score_point,0.029787234042553193,0.8375,0.1125,0.8875,0.9149484536082474,705,400,False
model,0.44,0.5,3.5,0.2,score_point,0.029787234042553193,0.8375,0.1125,0.8875,0.9149484536082474,705,400,False
model,0.24,0.7,3.5,0.2,score_point,0.029787234042553193,0.84,0.05,0.95,0.9488139825218477,705,400,False
model,0.45,0.5,3.5,0.2,score_point,0.029787234042553193,0.845,0.115,0.885,0.9135483870967742,705,400,False
model,0.41,0.6,3.0,0.2,score_point,0.029787234042553193,0.846,0.1025,0.8975,0.9205128205128206,705,400,False
model,0.46,0.5,3.5,0.2,score_point,0.029787234042553193,0.8525,0.1175,0.8825,0.9121447028423773,705,400,False
model,0.47,0.5,3.5,0.2,score_point,0.029787234042553193,0.8525,0.1175,0.8825,0.9121447028423773,705,400,False
model,0.48,0.5,3.5,0.2,score_point,0.029787234042553193,0.86,0.12,0.88,0.9107373868046572,705,400,False
model,0.49,0.5,3.5,0.2,score_point,0.029787234042553193,0.8675,0.1225,0.8775,0.9093264248704663,705,400,False
model,0.42,0.6,3.0,0.2,score_point,0.029787234042553193,0.8699999999999997,0.1125,0.8875,0.9149484536082474,705,400,False
model,0.54,0.6,2.5,0.2,score_point,0.029787234042553193,0.8754999999999998,0.145,0.855,0.8964613368283093,705,400,False
model,0.5,0.5,3.5,0.2,score_point,0.029787234042553193,0.8825,0.1275,0.8725,0.9064935064935066,705,400,False
model,0.57,0.4,3.5,0.2,score_point,0.029787234042553193,0.88825,0.1575,0.8425,0.8891820580474934,705,400,False
model,0.58,0.4,3.5,0.2,score_point,0.029787234042553193,0.9115000000000001,0.165,0.835,0.8847682119205298,705,400,False
model,0.25,0.8,3.0,0.2,score_point,0.029787234042553193,0.9155000000000001,0.0525,0.9475,0.9475,705,400,False
model,0.26,0.8,3.0,0.2,score_point,0.029787234042553193,0.921,0.055,0.945,0.9461827284105131,705,400,False
model,0.22,0.8,3.5,0.2,score_point,0.029787234042553193,0.9215000000000001,0.045,0.955,0.9514321295143212,705,400,False
model,0.64,0.5,2.5,0.2,score_point,0.029787234042553193,0.925,0.2125,0.7875,0.8559782608695652,705,400,False
model,0.51,0.7,2.5,0.2,score_point,0.029787234042553193,0.9339999999999997,0.13,0.87,0.9050715214564371,705,400,False
model,0.59,0.4,3.5,0.2,score_point,0.029787234042553193,0.9347500000000002,0.1725,0.8275,0.8803191489361701,705,400,False
model,0.39,0.8,2.5,0.2,score_point,0.029787234042553193,0.9615000000000002,0.095,0.905,0.9246487867177523,705,400,False
model,0.4,0.8,2.5,0.2,score_point,0.029787234042553193,0.9615000000000002,0.095,0.905,0.9246487867177523,705,400,False
model,0.71,0.4,2.5,0.2,score_point,0.029787234042553193,0.9722500000000001,0.2725,0.7275,0.8174157303370787,705,400,False
model,0.68,0.3,3.0,0.2,score_point,0.029787234042553193,0.9750000000000001,0.25,0.75,0.8321775312066574,705,400,False
model,0.69,0.3,3.0,0.2,score_point,0.029787234042553193,0.9885,0.255,0.745,0.8289290681502087,705,400,False
model,0.72,0.2,3.0,0.2,score_point,0.029787234042553193,0.991,0.2825,0.7175,0.8107344632768361,705,400,False
model,0.17,0.9,3.5,0.2,score_point,0.029787234042553193,0.9910000000000002,0.035,0.965,0.9566294919454771,705,400,False
model,0.18,0.9,3.5,0.2,score_point,0.029787234042553193,0.9975000000000003,0.0375,0.9625,0.955334987593052,705,400,False
model,0.7,0.3,3.0,0.2,score_point,0.029787234042553193,1.0020000000000002,0.26,0.74,0.8256624825662483,705,400,False
model,0.19,0.9,3.5,0.2,score_point,0.029787234042553193,1.0040000000000002,0.04,0.96,0.9540372670807454,705,400,False
model,0.24,0.9,3.0,0.2,score_point,0.029787234042553193,1.0050000000000003,0.05,0.95,0.9488139825218477,705,400,False
model,0.2,0.9,3.5,0.2,score_point,0.029787234042553193,1.0105000000000002,0.0425,0.9575,0.9527363184079601,705,400,False
model,0.21,0.9,3.5,0.2,score_point,0.029787234042553193,1.0105000000000002,0.0425,0.9575,0.9527363184079601,705,400,False
model,0.39,0.9,2.5,0.2,score_point,0.029787234042553193,1.0520000000000003,0.095,0.905,0.9246487867177523,705,400,False
model,0.4,0.9,2.5,0.2,score_point,0.029787234042553193,1.0520000000000003,0.095,0.905,0.9246487867177523,705,400,False
model,0.14,1.0,3.5,0.2,score_point,0.029787234042553193,1.08125,0.0325,0.9675,0.957920792079208,705,400,False
model,0.22,1.0,3.0,0.2,score_point,0.029787234042553193,1.09,0.045,0.955,0.9514321295143212,705,400,False
model,0.39,1.0,2.5,0.2,score_point,0.029787234042553193,1.1425,0.095,0.905,0.9246487867177523,705,400,False
model,0.4,1.0,2.5,0.2,score_point,0.029787234042553193,1.1425,0.095,0.905,0.9246487867177523,705,400,False
model,0.8,0.2,2.5,0.2,score_point,0.029787234042553193,1.166,0.42,0.58,0.7105666156202143,705,400,False
model,0.81,0.2,2.5,0.2,score_point,0.029787234042553193,1.20625,0.4375,0.5625,0.6965944272445821,705,400,False
model,0.82,0.2,2.5,0.2,score_point,0.029787234042553193,1.2522499999999999,0.4575,0.5425,0.6802507836990597,705,400,False
model,0.79,0.8,2.0,0.2,score_point,0.029787234042553193,1.28,0.4,0.6,0.7261724659606658,705,400,False
model,0.85,0.6,2.0,0.2,score_point,0.029787234042553193,1.3034999999999999,0.5025,0.4975,0.6419354838709677,705,400,False
model,0.8,0.8,2.0,0.2,score_point,0.029787234042553193,1.304,0.42,0.58,0.7105666156202143,705,400,False
model,0.83,0.7,2.0,0.2,score_point,0.029787234042553193,1.3207499999999999,0.4775,0.5225,0.6634920634920636,705,400,False
model,0.81,0.8,2.0,0.2,score_point,0.029787234042553193,1.325,0.4375,0.5625,0.6965944272445821,705,400,False
model,0.84,0.7,2.0,0.2,score_point,0.029787234042553193,1.33375,0.4875,0.5125,0.6549520766773163,705,400,False
model,0.79,0.9,2.0,0.2,score_point,0.029787234042553193,1.34,0.4,0.6,0.7261724659606658,705,400,False
model,0.82,0.8,2.0,0.2,score_point,0.029787234042553193,1.3490000000000004,0.4575,0.5425,0.6802507836990597,705,400,False
model,0.86,0.6,2.0,0.2,score_point,0.029787234042553193,1.3559999999999999,0.54,0.46,0.6082644628099174,705,400,False
model,0.8,0.9,2.0,0.2,score_point,0.029787234042553193,1.362,0.42,0.58,0.7105666156202143,705,400,False
model,0.87,0.6,2.0,0.2,score_point,0.029787234042553193,1.3805,0.5575,0.4425,0.5919732441471572,705,400,False
model,0.81,0.9,2.0,0.2,score_point,0.029787234042553193,1.38125,0.4375,0.5625,0.6965944272445821,705,400,False
model,0.79,1.0,2.0,0.2,score_point,0.029787234042553193,1.4,0.4,0.6,0.7261724659606658,705,400,False
model,0.82,0.9,2.0,0.2,score_point,0.029787234042553193,1.4032499999999999,0.4575,0.5425,0.6802507836990597,705,400,False
model,0.8,1.0,2.0,0.2,score_point,0.029787234042553193,1.42,0.42,0.58,0.7105666156202143,705,400,False
model,0.88,0.6,2.0,0.2,score_point,0.029787234042553193,1.426,0.59,0.41,0.5606837606837607,705,400,False
model,0.89,0.5,2.0,0.2,score_point,0.029787234042553193,1.42625,0.6175,0.3825,0.5331010452961673,705,400,False
model,0.81,1.0,2.0,0.2,score_point,0.029787234042553193,1.4375,0.4375,0.5625,0.6965944272445821,705,400,False
model,0.82,1.0,2.0,0.2,score_point,0.029787234042553193,1.4575,0.4575,0.5425,0.6802507836990597,705,400,False
model,0.9,0.5,2.0,0.2,score_point,0.029787234042553193,1.47875,0.6525,0.3475,0.49642857142857133,705,400,False
model,0.92,0.3,2.0,0.2,score_point,0.029787234042553193,1.524,0.72,0.28,0.4202626641651032,705,400,False
model,0.91,0.5,2.0,0.2,score_point,0.029787234042553193,1.5275,0.685,0.315,0.4606946983546617,705,400,False
model,0.93,0.2,2.0,0.2,score_point,0.029787234042553193,1.5589999999999997,0.755,0.245,0.3776493256262043,705,400,False
model,0.94,0.2,2.0,0.2,score_point,0.029787234042553193,1.6354999999999997,0.7975,0.2025,0.32270916334661354,705,400,False
model,0.29,0.6,3.5,0.2,score_point,0.031205673758865248,0.7667499999999998,0.0575,0.9425,0.9436795994993743,705,400,False
model,0.3,0.6,3.5,0.2,score_point,0.031205673758865248,0.7667499999999998,0.0575,0.9425,0.9436795994993743,705,400,True
model,0.31,0.6,3.5,0.2,score_point,0.031205673758865248,0.7812499999999999,0.0625,0.9375,0.9410288582183187,705,400,False
model,0.32,0.6,3.5,0.2,score_point,0.031205673758865248,0.7884999999999998,0.065,0.935,0.9396984924623116,705,400,False
model,0.41,0.5,3.5,0.2,score_point,0.031205673758865248,0.8075,0.1025,0.8975,0.9193341869398207,705,400,False
model,0.33,0.6,3.5,0.2,score_point,0.031205673758865248,0.8174999999999999,0.075,0.925,0.9343434343434343,705,400,False
model,0.34,0.6,3.5,0.2,score_point,0.031205673758865248,0.8174999999999999,0.075,0.925,0.9343434343434343,705,400,False
model,0.52,0.5,3.0,0.2,score_point,0.031205673758865248,0.825,0.13,0.87,0.903896103896104,705,400,False
model,0.4,0.6,3.0,0.2,score_point,0.031205673758865248,0.8279999999999998,0.095,0.905,0.9234693877551022,705,400,False
model,0.35,0.6,3.5,0.2,score_point,0.031205673758865248,0.8319999999999997,0.08,0.92,0.9316455696202531,705,400,False
model,0.42,0.5,3.5,0.2,score_point,0.031205673758865248,0.8375,0.1125,0.8875,0.9137709137709138,705,400,False
model,0.36,0.6,3.5,0.2,score_point,0.031205673758865248,0.8392499999999998,0.0825,0.9175,0.9302915082382762,705,400,False
model,0.37,0.6,3.5,0.2,score_point,0.031205673758865248,0.8464999999999999,0.085,0.915,0.9289340101522843,705,400,False
model,0.53,0.6,2.5,0.2,score_point,0.031205673758865248,0.8469999999999999,0.13,0.87,0.903896103896104,705,400,False
model,0.38,0.6,3.5,0.2,score_point,0.031205673758865248,0.861,0.09,0.91,0.9262086513994912,705,400,False
model,0.56,0.4,3.5,0.2,score_point,0.031205673758865248,0.87275,0.1525,0.8475,0.8909329829172142,705,400,False
model,0.65,0.3,3.0,0.2,score_point,0.031205673758865248,0.87375,0.2125,0.7875,0.8548168249660787,705,400,False
model,0.41,0.7,2.5,0.2,score_point,0.031205673758865248,0.8844999999999998,0.1025,0.8975,0.9193341869398207,705,400,False
model,0.66,0.3,3.0,0.2,score_point,0.031205673758865248,0.894,0.22,0.78,0.8501362397820164,705,400,False
model,0.28,0.8,2.5,0.2,score_point,0.031205673758865248,0.89775,0.0575,0.9425,0.9436795994993743,705,400,False
model,0.29,0.8,2.5,0.2,score_point,0.031205673758865248,0.89775,0.0575,0.9425,0.9436795994993743,705,400,False
model,0.3,0.8,2.5,0.2,score_point,0.031205673758865248,0.89775,0.0575,0.9425,0.9436795994993743,705,400,False
model,0.42,0.7,2.5,0.2,score_point,0.031205673758865248,0.9024999999999999,0.1125,0.8875,0.9137709137709138,705,400,False
model,0.43,0.7,2.5,0.2,score_point,0.031205673758865248,0.9024999999999999,0.1125,0.8875,0.9137709137709138,705,400,False
model,0.44,0.7,2.5,0.2,score_point,0.031205673758865248,0.9024999999999999,0.1125,0.8875,0.9137709137709138,705,400,False
model,0.31,0.8,2.5,0.2,score_point,0.031205673758865248,0.90625,0.0625,0.9375,0.9410288582183187,705,400,False
model,0.45,0.7,2.5,0.2,score_point,0.031205673758865248,0.9069999999999999,0.115,0.885,0.9123711340206185,705,400,False
model,0.24,0.8,3.0,0.2,score_point,0.031205673758865248,0.91,0.05,0.95,0.9476309226932668,705,400,False
model,0.32,0.8,2.5,0.2,score_point,0.031205673758865248,0.9105000000000001,0.065,0.935,0.9396984924623116,705,400,False
model,0.46,0.7,2.5,0.2,score_point,0.031205673758865248,0.9114999999999998,0.1175,0.8825,0.9109677419354838,705,400,False
model,0.47,0.7,2.5,0.2,score_point,0.031205673758865248,0.9114999999999998,0.1175,0.8825,0.9109677419354838,705,400,False
model,0.48,0.7,2.5,0.2,score_point,0.031205673758865248,0.9159999999999998,0.12,0.88,0.9095607235142118,705,400,False
model,0.49,0.7,2.5,0.2,score_point,0.031205673758865248,0.9204999999999999,0.1225,0.8775,0.908150064683053,705,400,False
model,0.72,0.3,2.5,0.2,score_point,0.031205673758865248,0.9215000000000001,0.2825,0.7175,0.8095909732016925,705,400,False
model,0.33,0.8,2.5,0.2,score_point,0.031205673758865248,0.9275000000000001,0.075,0.925,0.9343434343434343,705,400,False
model,0.34,0.8,2.5,0.2,score_point,0.031205673758865248,0.9275000000000001,0.075,0.925,0.9343434343434343,705,400,False
model,0.67,0.3,3.0,0.2,score_point,0.031205673758865248,0.9277500000000001,0.2325,0.7675,0.8422496570644719,705,400,False
model,0.5,0.7,2.5,0.2,score_point,0.031205673758865248,0.9294999999999999,0.1275,0.8725,0.9053177691309987,705,400,False
model,0.63,0.4,3.0,0.2,score_point,0.031205673758865248,0.9330000000000002,0.205,0.795,0.8594594594594595,705,400,False
model,0.35,0.8,2.5,0.2,score_point,0.031205673758865248,0.936,0.08,0.92,0.9316455696202531,705,400,False
model,0.36,0.8,2.5,0.2,score_point,0.031205673758865248,0.94025,0.0825,0.9175,0.9302915082382762,705,400,False
model,0.37,0.8,2.5,0.2,score_point,0.031205673758865248,0.9445000000000001,0.085,0.915,0.9289340101522843,705,400,False
model,0.38,0.8,2.5,0.2,score_point,0.031205673758865248,0.9530000000000001,0.09,0.91,0.9262086513994912,705,400,False
model,0.73,0.3,2.5,0.2,score_point,0.031205673758865248,0.9545000000000001,0.2975,0.7025,0.7994310099573257,705,400,False
model,0.71,0.2,3.0,0.2,score_point,0.031205673758865248,0.9630000000000001,0.2725,0.7275,0.8162692847124824,705,400,False
model,0.74,0.3,2.5,0.2,score_point,0.031205673758865248,0.9765,0.3075,0.6925,0.7925608011444922,705,400,False
model,0.27,0.9,2.5,0.2,score_point,0.031205673758865248,0.9920000000000002,0.0575,0.9425,0.9436795994993743,705,400,False
model,0.28,0.9,2.5,0.2,score_point,0.031205673758865248,0.9920000000000002,0.0575,0.9425,0.9436795994993743,705,400,False
model,0.29,0.9,2.5,0.2,score_point,0.031205673758865248,0.9920000000000002,0.0575,0.9425,0.9436795994993743,705,400,False
model,0.3,0.9,2.5,0.2,score_point,0.031205673758865248,0.9920000000000002,0.0575,0.9425,0.9436795994993743,705,400,False
model,0.23,0.9,3.0,0.2,score_point,0.031205673758865248,0.9945000000000002,0.045,0.955,0.9502487562189055,705,400,False
model,0.31,0.9,2.5,0.2,score_point,0.031205673758865248,1.0000000000000002,0.0625,0.9375,0.9410288582183187,705,400,False
model,0.75,0.3,2.5,0.2,score_point,0.031205673758865248,1.004,0.32,0.68,0.7838616714697407,705,400,False
model,0.32,0.9,2.5,0.2,score_point,0.031205673758865248,1.0040000000000002,0.065,0.935,0.9396984924623116,705,400,False
model,0.33,0.9,2.5,0.2,score_point,0.031205673758865248,1.0200000000000002,0.075,0.925,0.9343434343434343,705,400,False
model,0.34,0.9,2.5,0.2,score_point,0.031205673758865248,1.0200000000000002,0.075,0.925,0.9343434343434343,705,400,False
model,0.35,0.9,2.5,0.2,score_point,0.031205673758865248,1.0280000000000002,0.08,0.92,0.9316455696202531,705,400,False
model,0.06,1.0,3.5,0.2,score_point,0.031205673758865248,1.03125,0.0125,0.9875,0.9669522643818849,705,400,False
model,0.07,1.0,3.5,0.2,score_point,0.031205673758865248,1.03125,0.0125,0.9875,0.9669522643818849,705,400,False
model,0.36,0.9,2.5,0.2,score_point,0.031205673758865248,1.0320000000000003,0.0825,0.9175,0.9302915082382762,705,400,False
model,0.37,0.9,2.5,0.2,score_point,0.031205673758865248,1.0360000000000003,0.085,0.915,0.9289340101522843,705,400,False
model,0.08,1.0,3.5,0.2,score_point,0.031205673758865248,1.04375,0.0175,0.9825,0.9644171779141105,705,400,False
model,0.38,0.9,2.5,0.2,score_point,0.031205673758865248,1.0440000000000003,0.09,0.91,0.9262086513994912,705,400,False
model,0.76,0.3,2.5,0.2,score_point,0.031205673758865248,1.048,0.34,0.66,0.7696793002915452,705,400,False
model,0.09,1.0,3.5,0.2,score_point,0.031205673758865248,1.05,0.02,0.98,0.9631449631449631,705,400,False
model,0.64,0.8,2.0,0.2,score_point,0.031205673758865248,1.0550000000000004,0.2125,0.7875,0.8548168249660787,705,400,False
model,0.65,0.8,2.0,0.2,score_point,0.031205673758865248,1.0550000000000004,0.2125,0.7875,0.8548168249660787,705,400,False
model,0.1,1.0,3.5,0.2,score_point,0.031205673758865248,1.0625,0.025,0.975,0.9605911330049262,705,400,False
model,0.11,1.0,3.5,0.2,score_point,0.031205673758865248,1.0625,0.025,0.975,0.9605911330049262,705,400,False
model,0.66,0.8,2.0,0.2,score_point,0.031205673758865248,1.0640000000000003,0.22,0.78,0.8501362397820164,705,400,False
model,0.12,1.0,3.5,0.2,score_point,0.031205673758865248,1.06875,0.0275,0.9725,0.9593094944512947,705,400,False
model,0.16,1.0,3.0,0.2,score_point,0.031205673758865248,1.07,0.035,0.965,0.9554455445544553,705,400,False
model,0.17,1.0,3.0,0.2,score_point,0.031205673758865248,1.07,0.035,0.965,0.9554455445544553,705,400,False
model,0.13,1.0,3.5,0.2,score_point,0.031205673758865248,1.075,0.03,0.97,0.9580246913580247,705,400,False
model,0.18,1.0,3.0,0.2,score_point,0.031205673758865248,1.075,0.0375,0.9625,0.9541511771995044,705,400,False
model,0.67,0.8,2.0,0.2,score_point,0.031205673758865248,1.0790000000000002,0.2325,0.7675,0.8422496570644719,705,400,False
model,0.19,1.0,3.0,0.2,score_point,0.031205673758865248,1.08,0.04,0.96,0.9528535980148883,705,400,False
model,0.2,1.0,3.0,0.2,score_point,0.031205673758865248,1.085,0.0425,0.9575,0.9515527950310559,705,400,False
model,0.21,1.0,3.0,0.2,score_point,0.031205673758865248,1.085,0.0425,0.9575,0.9515527950310559,705,400,False
model,0.27,1.0,2.5,0.2,score_point,0.031205673758865248,1.08625,0.0575,0.9425,0.9436795994993743,705,400,False
model,0.28,1.0,2.5,0.2,score_point,0.031205673758865248,1.08625,0.0575,0.9425,0.9436795994993743,705,400,False
model,0.29,1.0,2.5,0.2,score_point,0.031205673758865248,1.08625,0.0575,0.9425,0.9436795994993743,705,400,False
model,0.3,1.0,2.5,0.2,score_point,0.031205673758865248,1.08625,0.0575,0.9425,0.9436795994993743,705,400,False
model,0.31,1.0,2.5,0.2,score_point,0.031205673758865248,1.09375,0.0625,0.9375,0.9410288582183187,705,400,False
model,0.32,1.0,2.5,0.2,score_point,0.031205673758865248,1.0975,0.065,0.935,0.9396984924623116,705,400,False
model,0.77,0.3,2.5,0.2,score_point,0.031205673758865248,1.0975000000000001,0.3625,0.6375,0.7533234859675036,705,400,False
model,0.68,0.8,2.0,0.2,score_point,0.031205673758865248,1.1,0.25,0.75,0.8310249307479224,705,400,False
model,0.69,0.8,2.0,0.2,score_point,0.031205673758865248,1.106,0.255,0.745,0.8277777777777778,705,400,False
model,0.7,0.8,2.0,0.2,score_point,0.031205673758865248,1.112,0.26,0.74,0.8245125348189416,705,400,False
model,0.33,1.0,2.5,0.2,score_point,0.031205673758865248,1.1125,0.075,0.925,0.9343434343434343,705,400,False
model,0.34,1.0,2.5,0.2,score_point,0.031205673758865248,1.1125,0.075,0.925,0.9343434343434343,705,400,False
model,0.79,0.2,2.5,0.2,score_point,0.031205673758865248,1.1199999999999999,0.4,0.6,0.7250755287009063,705,400,False
model,0.35,1.0,2.5,0.2,score_point,0.031205673758865248,1.12,0.08,0.92,0.9316455696202531,705,400,False
model,0.36,1.0,2.5,0.2,score_point,0.031205673758865248,1.12375,0.0825,0.9175,0.9302915082382762,705,400,False
model,0.71,0.8,2.0,0.2,score_point,0.031205673758865248,1.1270000000000002,0.2725,0.7275,0.8162692847124824,705,400,False
model,0.37,1.0,2.5,0.2,score_point,0.031205673758865248,1.1275,0.085,0.915,0.9289340101522843,705,400,False
model,0.64,0.9,2.0,0.2,score_point,0.031205673758865248,1.13375,0.2125,0.7875,0.8548168249660787,705,400,False
model,0.65,0.9,2.0,0.2,score_point,0.031205673758865248,1.13375,0.2125,0.7875,0.8548168249660787,705,400,False
model,0.38,1.0,2.5,0.2,score_point,0.031205673758865248,1.135,0.09,0.91,0.9262086513994912,705,400,False
model,0.78,0.3,2.5,0.2,score_point,0.031205673758865248,1.1360000000000001,0.38,0.62,0.7402985074626866,705,400,False
model,0.72,0.8,2.0,0.2,score_point,0.031205673758865248,1.139,0.2825,0.7175,0.8095909732016925,705,400,False
model,0.66,0.9,2.0,0.2,score_point,0.031205673758865248,1.1420000000000001,0.22,0.78,0.8501362397820164,705,400,False
model,0.67,0.9,2.0,0.2,score_point,0.031205673758865248,1.1557500000000003,0.2325,0.7675,0.8422496570644719,705,400,False
model,0.73,0.8,2.0,0.2,score_point,0.031205673758865248,1.1570000000000003,0.2975,0.7025,0.7994310099573257,705,400,False
model,0.74,0.8,2.0,0.2,score_point,0.031205673758865248,1.169,0.3075,0.6925,0.7925608011444922,705,400,False
model,0.68,0.9,2.0,0.2,score_point,0.031205673758865248,1.175,0.25,0.75,0.8310249307479224,705,400,False
model,0.69,0.9,2.0,0.2,score_point,0.031205673758865248,1.1805,0.255,0.745,0.8277777777777778,705,400,False
model,0.75,0.8,2.0,0.2,score_point,0.031205673758865248,1.1840000000000002,0.32,0.68,0.7838616714697407,705,400,False
model,0.7,0.9,2.0,0.2,score_point,0.031205673758865248,1.1860000000000002,0.26,0.74,0.8245125348189416,705,400,False
model,0.71,0.9,2.0,0.2,score_point,0.031205673758865248,1.19975,0.2725,0.7275,0.8162692847124824,705,400,False
model,0.76,0.8,2.0,0.2,score_point,0.031205673758865248,1.2080000000000002,0.34,0.66,0.7696793002915452,705,400,False
model,0.72,0.9,2.0,0.2,score_point,0.031205673758865248,1.2107500000000002,0.2825,0.7175,0.8095909732016925,705,400,False
model,0.64,1.0,2.0,0.2,score_point,0.031205673758865248,1.2125,0.2125,0.7875,0.8548168249660787,705,400,False
model,0.65,1.0,2.0,0.2,score_point,0.031205673758865248,1.2125,0.2125,0.7875,0.8548168249660787,705,400,False
model,0.79,0.7,2.0,0.2,score_point,0.031205673758865248,1.2199999999999998,0.4,0.6,0.7250755287009063,705,400,False
model,0.66,1.0,2.0,0.2,score_point,0.031205673758865248,1.22,0.22,0.78,0.8501362397820164,705,400,False
model,0.73,0.9,2.0,0.2,score_point,0.031205673758865248,1.2272500000000002,0.2975,0.7025,0.7994310099573257,705,400,False
model,0.67,1.0,2.0,0.2,score_point,0.031205673758865248,1.2325,0.2325,0.7675,0.8422496570644719,705,400,False
model,0.77,0.8,2.0,0.2,score_point,0.031205673758865248,1.235,0.3625,0.6375,0.7533234859675036,705,400,False
model,0.74,0.9,2.0,0.2,score_point,0.031205673758865248,1.23825,0.3075,0.6925,0.7925608011444922,705,400,False
model,0.8,0.7,2.0,0.2,score_point,0.031205673758865248,1.246,0.42,0.58,0.709480122324159,705,400,False
model,0.68,1.0,2.0,0.2,score_point,0.031205673758865248,1.25,0.25,0.75,0.8310249307479224,705,400,False
model,0.75,0.9,2.0,0.2,score_point,0.031205673758865248,1.2520000000000002,0.32,0.68,0.7838616714697407,705,400,False
model,0.85,0.5,2.0,0.2,score_point,0.031205673758865248,1.25375,0.5025,0.4975,0.640901771336554,705,400,False
model,0.69,1.0,2.0,0.2,score_point,0.031205673758865248,1.255,0.255,0.745,0.8277777777777778,705,400,False
model,0.78,0.8,2.0,0.2,score_point,0.031205673758865248,1.2560000000000002,0.38,0.62,0.7402985074626866,705,400,False
model,0.7,1.0,2.0,0.2,score_point,0.031205673758865248,1.26,0.26,0.74,0.8245125348189416,705,400,False
model,0.83,0.6,2.0,0.2,score_point,0.031205673758865248,1.2685,0.4775,0.5225,0.6624405705229794,705,400,False
model,0.81,0.7,2.0,0.2,score_point,0.031205673758865248,1.26875,0.4375,0.5625,0.695517774343122,705,400,False
model,0.71,1.0,2.0,0.2,score_point,0.031205673758865248,1.2725,0.2725,0.7275,0.8162692847124824,705,400,False
model,0.76,0.9,2.0,0.2,score_point,0.031205673758865248,1.274,0.34,0.66,0.7696793002915452,705,400,False
model,0.72,1.0,2.0,0.2,score_point,0.031205673758865248,1.2825,0.2825,0.7175,0.8095909732016925,705,400,False
model,0.84,0.6,2.0,0.2,score_point,0.031205673758865248,1.2825,0.4875,0.5125,0.6539074960127592,705,400,False
model,0.82,0.7,2.0,0.2,score_point,0.031205673758865248,1.2947499999999998,0.4575,0.5425,0.679186228482003,705,400,False
model,0.73,1.0,2.0,0.2,score_point,0.031205673758865248,1.2975,0.2975,0.7025,0.7994310099573257,705,400,False
model,0.77,0.9,2.0,0.2,score_point,0.031205673758865248,1.29875,0.3625,0.6375,0.7533234859675036,705,400,False
model,0.74,1.0,2.0,0.2,score_point,0.031205673758865248,1.3075,0.3075,0.6925,0.7925608011444922,705,400,False
model,0.86,0.5,2.0,0.2,score_point,0.031205673758865248,1.31,0.54,0.46,0.6072607260726073,705,400,False
model,0.78,0.9,2.0,0.2,score_point,0.031205673758865248,1.318,0.38,0.62,0.7402985074626866,705,400,False
model,0.75,1.0,2.0,0.2,score_point,0.031205673758865248,1.32,0.32,0.68,0.7838616714697407,705,400,False
model,0.87,0.5,2.0,0.2,score_point,0.031205673758865248,1.33625,0.5575,0.4425,0.5909849749582637,705,400,False
model,0.76,1.0,2.0,0.2,score_point,0.031205673758865248,1.34,0.34,0.66,0.7696793002915452,705,400,False
model,0.77,1.0,2.0,0.2,score_point,0.031205673758865248,1.3625,0.3625,0.6375,0.7533234859675036,705,400,False
model,0.78,1.0,2.0,0.2,score_point,0.031205673758865248,1.38,0.38,0.62,0.7402985074626866,705,400,False
model,0.88,0.5,2.0,0.2,score_point,0.031205673758865248,1.385,0.59,0.41,0.5597269624573378,705,400,False
model,0.89,0.4,2.0,0.2,score_point,0.031205673758865248,1.3880000000000001,0.6175,0.3825,0.5321739130434783,705,400,False
model,0.9,0.4,2.0,0.2,score_point,0.031205673758865248,1.4440000000000004,0.6525,0.3475,0.4955436720142602,705,400,False
model,0.92,0.2,2.0,0.2,score_point,0.031205673758865248,1.496,0.72,0.28,0.41947565543071164,705,400,False
model,0.91,0.4,2.0,0.2,score_point,0.031205673758865248,1.4960000000000002,0.685,0.315,0.4598540145985402,705,400,False
model,0.4,0.5,3.5,0.2,score_point,0.032624113475177303,0.785,0.095,0.905,0.9222929936305734,705,400,False
model,0.25,0.7,3.0,0.2,score_point,0.032624113475177303,0.8207499999999999,0.0525,0.9475,0.9451371571072319,705,400,False
model,0.51,0.5,3.0,0.2,score_point,0.032624113475177303,0.825,0.13,0.87,0.9027237354085604,705,400,False
model,0.23,0.7,3.5,0.2,score_point,0.032624113475177303,0.826,0.045,0.955,0.9490683229813665,705,400,False
model,0.26,0.7,3.0,0.2,score_point,0.032624113475177303,0.8264999999999999,0.055,0.945,0.9438202247191011,705,400,False
model,0.39,0.6,3.0,0.2,score_point,0.032624113475177303,0.8279999999999998,0.095,0.905,0.9222929936305734,705,400,False
model,0.52,0.6,2.5,0.2,score_point,0.032624113475177303,0.8469999999999999,0.13,0.87,0.9027237354085604,705,400,False
model,0.55,0.4,3.5,0.2,score_point,0.032624113475177303,0.865,0.15,0.85,0.891218872870249,705,400,False
model,0.6,0.4,3.0,0.2,score_point,0.032624113475177303,0.8680000000000001,0.18,0.82,0.8735019973368842,705,400,False
model,0.39,0.7,2.5,0.2,score_point,0.032624113475177303,0.8709999999999998,0.095,0.905,0.9222929936305734,705,400,False
model,0.4,0.7,2.5,0.2,score_point,0.032624113475177303,0.8709999999999998,0.095,0.905,0.9222929936305734,705,400,False
model,0.64,0.3,3.0,0.2,score_point,0.032624113475177303,0.87375,0.2125,0.7875,0.853658536585366,705,400,False
model,0.61,0.4,3.0,0.2,score_point,0.032624113475177303,0.8940000000000002,0.19,0.81,0.8674698795180723,705,400,False
model,0.17,0.8,3.5,0.2,score_point,0.032624113475177303,0.8945000000000001,0.035,0.965,0.9542645241038319,705,400,False
model,0.27,0.8,2.5,0.2,score_point,0.032624113475177303,0.89775,0.0575,0.9425,0.9425,705,400,False
model,0.23,0.8,3.0,0.2,score_point,0.032624113475177303,0.899,0.045,0.955,0.9490683229813665,705,400,False
model,0.71,0.3,2.5,0.2,score_point,0.032624113475177303,0.8994999999999999,0.2725,0.7275,0.8151260504201681,705,400,False
model,0.18,0.8,3.5,0.2,score_point,0.032624113475177303,0.90125,0.0375,0.9625,0.9529702970297029,705,400,False
model,0.19,0.8,3.5,0.2,score_point,0.032624113475177303,0.9080000000000001,0.04,0.96,0.9516728624535317,705,400,False
model,0.63,0.5,2.5,0.2,score_point,0.032624113475177303,0.91,0.205,0.795,0.8582995951417004,705,400,False
model,0.2,0.8,3.5,0.2,score_point,0.032624113475177303,0.9147500000000001,0.0425,0.9575,0.9503722084367245,705,400,False
model,0.21,0.8,3.5,0.2,score_point,0.032624113475177303,0.9147500000000001,0.0425,0.9575,0.9503722084367245,705,400,False
model,0.62,0.4,3.0,0.2,score_point,0.032624113475177303,0.9200000000000002,0.2,0.8,0.8613728129205922,705,400,False
model,0.68,0.4,2.5,0.2,score_point,0.032624113475177303,0.9250000000000002,0.25,0.75,0.8298755186721991,705,400,False
model,0.69,0.4,2.5,0.2,score_point,0.032624113475177303,0.9355000000000001,0.255,0.745,0.8266296809986131,705,400,False
model,0.7,0.4,2.5,0.2,score_point,0.032624113475177303,0.9460000000000002,0.26,0.74,0.8233657858136301,705,400,False
model,0.63,0.3,3.5,0.2,score_point,0.032624113475177303,0.9560000000000002,0.205,0.795,0.8582995951417004,705,400,False
model,0.64,0.7,2.0,0.2,score_point,0.032624113475177303,0.9762499999999998,0.2125,0.7875,0.853658536585366,705,400,False
model,0.65,0.7,2.0,0.2,score_point,0.032624113475177303,0.9762499999999998,0.2125,0.7875,0.853658536585366,705,400,False
model,0.66,0.7,2.0,0.2,score_point,0.032624113475177303,0.986,0.22,0.78,0.8489795918367347,705,400,False
model,0.16,0.9,3.5,0.2,score_point,0.032624113475177303,0.9910000000000002,0.035,0.965,0.9542645241038319,705,400,False
model,0.22,0.9,3.0,0.2,score_point,0.032624113475177303,0.9945000000000002,0.045,0.955,0.9490683229813665,705,400,False
model,0.67,0.7,2.0,0.2,score_point,0.032624113475177303,1.0022499999999999,0.2325,0.7675,0.8410958904109588,705,400,False
model,0.68,0.7,2.0,0.2,score_point,0.032624113475177303,1.0249999999999997,0.25,0.75,0.8298755186721991,705,400,False
model,0.68,0.2,3.5,0.2,score_point,0.032624113475177303,1.0249999999999997,0.25,0.75,0.8298755186721991,705,400,False
model,0.69,0.7,2.0,0.2,score_point,0.032624113475177303,1.0314999999999999,0.255,0.745,0.8266296809986131,705,400,False
model,0.7,0.7,2.0,0.2,score_point,0.032624113475177303,1.0379999999999998,0.26,0.74,0.8233657858136301,705,400,False
model,0.69,0.2,3.5,0.2,score_point,0.032624113475177303,1.0414999999999999,0.255,0.745,0.8266296809986131,705,400,False
model,0.71,0.7,2.0,0.2,score_point,0.032624113475177303,1.05425,0.2725,0.7275,0.8151260504201681,705,400,False
model,0.7,0.2,3.5,0.2,score_point,0.032624113475177303,1.0579999999999998,0.26,0.74,0.8233657858136301,705,400,False
model,0.14,1.0,3.0,0.2,score_point,0.032624113475177303,1.065,0.0325,0.9675,0.9555555555555556,705,400,False
model,0.72,0.7,2.0,0.2,score_point,0.032624113475177303,1.06725,0.2825,0.7175,0.8084507042253521,705,400,False
model,0.15,1.0,3.0,0.2,score_point,0.032624113475177303,1.07,0.035,0.965,0.9542645241038319,705,400,False
model,0.25,1.0,2.5,0.2,score_point,0.032624113475177303,1.07875,0.0525,0.9475,0.9451371571072319,705,400,False
model,0.26,1.0,2.5,0.2,score_point,0.032624113475177303,1.0825,0.055,0.945,0.9438202247191011,705,400,False
model,0.73,0.7,2.0,0.2,score_point,0.032624113475177303,1.0867499999999999,0.2975,0.7025,0.7982954545454546,705,400,False
model,0.74,0.7,2.0,0.2,score_point,0.032624113475177303,1.09975,0.3075,0.6925,0.7914285714285715,705,400,False
model,0.75,0.7,2.0,0.2,score_point,0.032624113475177303,1.1159999999999999,0.32,0.68,0.7827338129496403,705,400,False
model,0.76,0.7,2.0,0.2,score_point,0.032624113475177303,1.142,0.34,0.66,0.7685589519650654,705,400,False
model,0.79,0.6,2.0,0.2,score_point,0.032624113475177303,1.16,0.4,0.6,0.7239819004524888,705,400,False
model,0.77,0.7,2.0,0.2,score_point,0.032624113475177303,1.17125,0.3625,0.6375,0.752212389380531,705,400,False
model,0.8,0.6,2.0,0.2,score_point,0.032624113475177303,1.1879999999999997,0.42,0.58,0.7083969465648855,705,400,False
model,0.78,0.7,2.0,0.2,score_point,0.032624113475177303,1.1939999999999997,0.38,0.62,0.7391952309985097,705,400,False
model,0.81,0.6,2.0,0.2,score_point,0.032624113475177303,1.2124999999999997,0.4375,0.5625,0.6944444444444443,705,400,False
model,0.83,0.5,2.0,0.2,score_point,0.032624113475177303,1.21625,0.4775,0.5225,0.6613924050632911,705,400,False
model,0.84,0.5,2.0,0.2,score_point,0.032624113475177303,1.23125,0.4875,0.5125,0.6528662420382165,705,400,False
model,0.82,0.6,2.0,0.2,score_point,0.032624113475177303,1.2405,0.4575,0.5425,0.678125,705,400,False
model,0.88,0.4,2.0,0.2,score_point,0.032624113475177303,1.344,0.59,0.41,0.5587734241908007,705,400,False
model,0.89,0.3,2.0,0.2,score_point,0.032624113475177303,1.3497500000000002,0.6175,0.3825,0.53125,705,400,False
model,0.9,0.3,2.0,0.2,score_point,0.032624113475177303,1.4092500000000001,0.6525,0.3475,0.49466192170818507,705,400,False
model,0.91,0.3,2.0,0.2,score_point,0.032624113475177303,1.4645,0.685,0.315,0.45901639344262296,705,400,False
model,0.43,0.5,3.0,0.2,score_point,0.03404255319148936,0.78125,0.1125,0.8875,0.9114249037227214,705,400,False
model,0.44,0.5,3.0,0.2,score_point,0.03404255319148936,0.78125,0.1125,0.8875,0.9114249037227214,705,400,False
model,0.39,0.5,3.5,0.2,score_point,0.03404255319148936,0.785,0.095,0.905,0.9211195928753181,705,400,False
model,0.45,0.5,3.0,0.2,score_point,0.03404255319148936,0.7875,0.115,0.885,0.910025706940874,705,400,False
model,0.46,0.5,3.0,0.2,score_point,0.03404255319148936,0.79375,0.1175,0.8825,0.9086229086229085,705,400,False
model,0.47,0.5,3.0,0.2,score_point,0.03404255319148936,0.79375,0.1175,0.8825,0.9086229086229085,705,400,False
model,0.48,0.5,3.0,0.2,score_point,0.03404255319148936,0.8,0.12,0.88,0.9072164948453608,705,400,False
model,0.55,0.5,2.5,0.2,score_point,0.03404255319148936,0.8,0.15,0.85,0.8900523560209425,705,400,False
model,0.28,0.7,2.5,0.2,score_point,0.03404255319148936,0.8035,0.0575,0.9425,0.9413233458177278,705,400,False
model,0.29,0.7,2.5,0.2,score_point,0.03404255319148936,0.8035,0.0575,0.9425,0.9413233458177278,705,400,False
model,0.3,0.7,2.5,0.2,score_point,0.03404255319148936,0.8035,0.0575,0.9425,0.9413233458177278,705,400,False
model,0.56,0.5,2.5,0.2,score_point,0.03404255319148936,0.805,0.1525,0.8475,0.888597640891219,705,400,False
model,0.49,0.5,3.0,0.2,score_point,0.03404255319148936,0.80625,0.1225,0.8775,0.9058064516129032,705,400,False
model,0.57,0.4,3.0,0.2,score_point,0.03404255319148936,0.8095000000000002,0.1575,0.8425,0.885676741130092,705,400,False
model,0.31,0.7,2.5,0.2,score_point,0.03404255319148936,0.8125,0.0625,0.9375,0.9386733416770964,705,400,False
model,0.24,0.7,3.0,0.2,score_point,0.03404255319148936,0.815,0.05,0.95,0.9452736318407959,705,400,False
model,0.57,0.5,2.5,0.2,score_point,0.03404255319148936,0.815,0.1575,0.8425,0.885676741130092,705,400,False
model,0.32,0.7,2.5,0.2,score_point,0.03404255319148936,0.8169999999999998,0.065,0.935,0.93734335839599,705,400,False
model,0.5,0.5,3.0,0.2,score_point,0.03404255319148936,0.81875,0.1275,0.8725,0.9029754204398448,705,400,False
model,0.22,0.7,3.5,0.2,score_point,0.03404255319148936,0.826,0.045,0.955,0.9478908188585607,705,400,False
model,0.58,0.4,3.0,0.2,score_point,0.03404255319148936,0.8290000000000001,0.165,0.835,0.8812664907651715,705,400,False
model,0.58,0.5,2.5,0.2,score_point,0.03404255319148936,0.83,0.165,0.835,0.8812664907651715,705,400,False
model,0.33,0.7,2.5,0.2,score_point,0.03404255319148936,0.835,0.075,0.925,0.9319899244332494,705,400,False
model,0.34,0.7,2.5,0.2,score_point,0.03404255319148936,0.835,0.075,0.925,0.9319899244332494,705,400,False
model,0.35,0.7,2.5,0.2,score_point,0.03404255319148936,0.8439999999999999,0.08,0.92,0.9292929292929293,705,400,False
model,0.59,0.5,2.5,0.2,score_point,0.03404255319148936,0.845,0.1725,0.8275,0.8768211920529801,705,400,False
model,0.65,0.4,2.5,0.2,score_point,0.03404255319148936,0.8462500000000002,0.2125,0.7875,0.8525033829499323,705,400,False
model,0.51,0.6,2.5,0.2,score_point,0.03404255319148936,0.8469999999999999,0.13,0.87,0.9015544041450777,705,400,False
model,0.36,0.7,2.5,0.2,score_point,0.03404255319148936,0.8484999999999999,0.0825,0.9175,0.9279393173198484,705,400,False
model,0.59,0.4,3.0,0.2,score_point,0.03404255319148936,0.8485000000000003,0.1725,0.8275,0.8768211920529801,705,400,False
model,0.54,0.4,3.5,0.2,score_point,0.03404255319148936,0.8495000000000001,0.145,0.855,0.8929503916449086,705,400,False
model,0.37,0.7,2.5,0.2,score_point,0.03404255319148936,0.8529999999999999,0.085,0.915,0.9265822784810127,705,400,False
model,0.6,0.5,2.5,0.2,score_point,0.03404255319148936,0.86,0.18,0.82,0.8723404255319149,705,400,False
model,0.38,0.7,2.5,0.2,score_point,0.03404255319148936,0.8619999999999999,0.09,0.91,0.9238578680203046,705,400,False
model,0.66,0.4,2.5,0.2,score_point,0.03404255319148936,0.8620000000000002,0.22,0.78,0.8478260869565217,705,400,False
model,0.6,0.3,3.5,0.2,score_point,0.03404255319148936,0.8759999999999999,0.18,0.82,0.8723404255319149,705,400,False
model,0.61,0.5,2.5,0.2,score_point,0.03404255319148936,0.88,0.19,0.81,0.8663101604278076,705,400,False
model,0.67,0.4,2.5,0.2,score_point,0.03404255319148936,0.8882500000000002,0.2325,0.7675,0.8399452804377565,705,400,False
model,0.65,0.6,2.0,0.2,score_point,0.03404255319148936,0.8974999999999999,0.2125,0.7875,0.8525033829499323,705,400,False
model,0.22,0.8,3.0,0.2,score_point,0.03404255319148936,0.899,0.045,0.955,0.9478908188585607,705,400,False
model,0.62,0.5,2.5,0.2,score_point,0.03404255319148936,0.9,0.2,0.8,0.8602150537634408,705,400,False
model,0.65,0.2,3.5,0.2,score_point,0.03404255319148936,0.9012499999999999,0.2125,0.7875,0.8525033829499323,705,400,False
model,0.66,0.6,2.0,0.2,score_point,0.03404255319148936,0.9079999999999998,0.22,0.78,0.8478260869565217,705,400,False
model,0.61,0.3,3.5,0.2,score_point,0.03404255319148936,0.9080000000000001,0.19,0.81,0.8663101604278076,705,400,False
model,0.67,0.6,2.0,0.2,score_point,0.03404255319148936,0.9254999999999999,0.2325,0.7675,0.8399452804377565,705,400,False
model,0.66,0.2,3.5,0.2,score_point,0.03404255319148936,0.9259999999999999,0.22,0.78,0.8478260869565217,705,400,False
model,0.62,0.3,3.5,0.2,score_point,0.03404255319148936,0.9400000000000002,0.2,0.8,0.8602150537634408,705,400,False
model,0.68,0.6,2.0,0.2,score_point,0.03404255319148936,0.9499999999999998,0.25,0.75,0.8287292817679557,705,400,False
model,0.69,0.6,2.0,0.2,score_point,0.03404255319148936,0.9569999999999999,0.255,0.745,0.8254847645429363,705,400,False
model,0.7,0.6,2.0,0.2,score_point,0.03404255319148936,0.9639999999999997,0.26,0.74,0.8222222222222222,705,400,False
model,0.67,0.2,3.5,0.2,score_point,0.03404255319148936,0.9672499999999998,0.2325,0.7675,0.8399452804377565,705,400,False
model,0.17,0.9,3.0,0.2,score_point,0.03404255319148936,0.9735000000000003,0.035,0.965,0.9530864197530864,705,400,False
model,0.18,0.9,3.0,0.2,score_point,0.03404255319148936,0.9787500000000002,0.0375,0.9625,0.9517923362175524,705,400,False
model,0.71,0.6,2.0,0.2,score_point,0.03404255319148936,0.9814999999999999,0.2725,0.7275,0.813986013986014,705,400,False
model,0.25,0.9,2.5,0.2,score_point,0.03404255319148936,0.9840000000000002,0.0525,0.9475,0.9439601494396014,705,400,False
model,0.19,0.9,3.0,0.2,score_point,0.03404255319148936,0.9840000000000003,0.04,0.96,0.9504950495049505,705,400,False
model,0.26,0.9,2.5,0.2,score_point,0.03404255319148936,0.9880000000000001,0.055,0.945,0.942643391521197,705,400,False
model,0.2,0.9,3.0,0.2,score_point,0.03404255319148936,0.9892500000000003,0.0425,0.9575,0.949194547707559,705,400,False
model,0.21,0.9,3.0,0.2,score_point,0.03404255319148936,0.9892500000000003,0.0425,0.9575,0.949194547707559,705,400,False
model,0.15,0.9,3.5,0.2,score_point,0.03404255319148936,0.9910000000000002,0.035,0.965,0.9530864197530864,705,400,False
model,0.72,0.6,2.0,0.2,score_point,0.03404255319148936,0.9954999999999999,0.2825,0.7175,0.8073136427566807,705,400,False
model,0.73,0.6,2.0,0.2,score_point,0.03404255319148936,1.0165,0.2975,0.7025,0.7971631205673759,705,400,False
model,0.04,1.0,3.5,0.2,score_point,0.03404255319148936,1.01875,0.0075,0.9925,0.967113276492083,705,400,False
model,0.06,1.0,3.0,0.2,score_point,0.03404255319148936,1.025,0.0125,0.9875,0.9645909645909647,705,400,False
model,0.07,1.0,3.0,0.2,score_point,0.03404255319148936,1.025,0.0125,0.9875,0.9645909645909647,705,400,False
model,0.74,0.6,2.0,0.2,score_point,0.03404255319148936,1.0305,0.3075,0.6925,0.7902995720399429,705,400,False
model,0.05,1.0,3.5,0.2,score_point,0.03404255319148936,1.03125,0.0125,0.9875,0.9645909645909647,705,400,False
model,0.77,0.2,2.5,0.2,score_point,0.03404255319148936,1.03375,0.3625,0.6375,0.7511045655375553,705,400,False
model,0.08,1.0,3.0,0.2,score_point,0.03404255319148936,1.035,0.0175,0.9825,0.9620563035495716,705,400,False
model,0.09,1.0,3.0,0.2,score_point,0.03404255319148936,1.04,0.02,0.98,0.9607843137254902,705,400,False
model,0.63,0.8,2.0,0.2,score_point,0.03404255319148936,1.0460000000000003,0.205,0.795,0.8571428571428571,705,400,False
model,0.75,0.6,2.0,0.2,score_point,0.03404255319148936,1.048,0.32,0.68,0.7816091954022989,705,400,False
model,0.1,1.0,3.0,0.2,score_point,0.03404255319148936,1.05,0.025,0.975,0.9582309582309583,705,400,False
model,0.11,1.0,3.0,0.2,score_point,0.03404255319148936,1.05,0.025,0.975,0.9582309582309583,705,400,False
model,0.12,1.0,3.0,0.2,score_point,0.03404255319148936,1.055,0.0275,0.9725,0.9569495694956949,705,400,False
model,0.13,1.0,3.0,0.2,score_point,0.03404255319148936,1.06,0.03,0.97,0.9556650246305418,705,400,False
model,0.23,1.0,2.5,0.2,score_point,0.03404255319148936,1.0675,0.045,0.955,0.9478908188585607,705,400,False
model,0.78,0.2,2.5,0.2,score_point,0.03404255319148936,1.0739999999999998,0.38,0.62,0.7380952380952381,705,400,False
model,0.24,1.0,2.5,0.2,score_point,0.03404255319148936,1.075,0.05,0.95,0.9452736318407959,705,400,False
model,0.76,0.6,2.0,0.2,score_point,0.03404255319148936,1.0759999999999998,0.34,0.66,0.7674418604651163,705,400,False
model,0.79,0.5,2.0,0.2,score_point,0.03404255319148936,1.1,0.4,0.6,0.7228915662650602,705,400,False
model,0.77,0.6,2.0,0.2,score_point,0.03404255319148936,1.1075,0.3625,0.6375,0.7511045655375553,705,400,False
model,0.63,0.9,2.0,0.2,score_point,0.03404255319148936,1.1255000000000002,0.205,0.795,0.8571428571428571,705,400,False
model,0.8,0.5,2.0,0.2,score_point,0.03404255319148936,1.13,0.42,0.58,0.7073170731707317,705,400,False
model,0.78,0.6,2.0,0.2,score_point,0.03404255319148936,1.132,0.38,0.62,0.7380952380952381,705,400,False
model,0.81,0.5,2.0,0.2,score_point,0.03404255319148936,1.15625,0.4375,0.5625,0.6933744221879814,705,400,False
model,0.82,0.5,2.0,0.2,score_point,0.03404255319148936,1.18625,0.4575,0.5425,0.6770670826833074,705,400,False
model,0.85,0.4,2.0,0.2,score_point,0.03404255319148936,1.204,0.5025,0.4975,0.6388443017656501,705,400,False
model,0.63,1.0,2.0,0.2,score_point,0.03404255319148936,1.205,0.205,0.795,0.8571428571428571,705,400,False
model,0.86,0.4,2.0,0.2,score_point,0.03404255319148936,1.264,0.54,0.46,0.605263157894737,705,400,False
model,0.87,0.4,2.0,0.2,score_point,0.03404255319148936,1.2919999999999998,0.5575,0.4425,0.5890183028286189,705,400,False
model,0.29,0.6,3.0,0.2,score_point,0.03546099290780142,0.7379999999999999,0.0575,0.9425,0.940149625935162,705,400,False
model,0.3,0.6,3.0,0.2,score_point,0.03546099290780142,0.7379999999999999,0.0575,0.9425,0.940149625935162,705,400,True
model,0.31,0.6,3.0,0.2,score_point,0.03546099290780142,0.7499999999999999,0.0625,0.9375,0.9375,705,400,False
model,0.32,0.6,3.0,0.2,score_point,0.03546099290780142,0.7559999999999998,0.065,0.935,0.9361702127659575,705,400,False
model,0.41,0.5,3.0,0.2,score_point,0.03546099290780142,0.75625,0.1025,0.8975,0.9158163265306122,705,400,False
model,0.28,0.6,3.5,0.2,score_point,0.03546099290780142,0.7667499999999998,0.0575,0.9425,0.940149625935162,705,400,False
model,0.33,0.6,3.0,0.2,score_point,0.03546099290780142,0.7799999999999998,0.075,0.925,0.9308176100628932,705,400,False
model,0.34,0.6,3.0,0.2,score_point,0.03546099290780142,0.7799999999999998,0.075,0.925,0.9308176100628932,705,400,False
model,0.42,0.5,3.0,0.2,score_point,0.03546099290780142,0.78125,0.1125,0.8875,0.9102564102564101,705,400,False
model,0.54,0.5,2.5,0.2,score_point,0.03546099290780142,0.79,0.145,0.855,0.8917861799217732,705,400,False
model,0.35,0.6,3.0,0.2,score_point,0.03546099290780142,0.7919999999999997,0.08,0.92,0.9281210592686003,705,400,False
model,0.56,0.4,3.0,0.2,score_point,0.03546099290780142,0.7965000000000001,0.1525,0.8475,0.8874345549738221,705,400,False
model,0.36,0.6,3.0,0.2,score_point,0.03546099290780142,0.7979999999999998,0.0825,0.9175,0.9267676767676768,705,400,False
model,0.27,0.7,2.5,0.2,score_point,0.03546099290780142,0.8035,0.0575,0.9425,0.940149625935162,705,400,False
model,0.37,0.6,3.0,0.2,score_point,0.03546099290780142,0.8039999999999999,0.085,0.915,0.9254108723135273,705,400,False
model,0.57,0.3,3.5,0.2,score_point,0.03546099290780142,0.804,0.1575,0.8425,0.8845144356955381,705,400,False
model,0.43,0.6,2.5,0.2,score_point,0.03546099290780142,0.8137499999999998,0.1125,0.8875,0.9102564102564101,705,400,False
model,0.44,0.6,2.5,0.2,score_point,0.03546099290780142,0.8137499999999998,0.1125,0.8875,0.9102564102564101,705,400,False
model,0.38,0.6,3.0,0.2,score_point,0.03546099290780142,0.816,0.09,0.91,0.9226869455006338,705,400,False
model,0.45,0.6,2.5,0.2,score_point,0.03546099290780142,0.8184999999999998,0.115,0.885,0.9088575096277278,705,400,False
model,0.46,0.6,2.5,0.2,score_point,0.03546099290780142,0.8232499999999997,0.1175,0.8825,0.9074550128534704,705,400,False
model,0.47,0.6,2.5,0.2,score_point,0.03546099290780142,0.8232499999999997,0.1175,0.8825,0.9074550128534704,705,400,False
model,0.48,0.6,2.5,0.2,score_point,0.03546099290780142,0.8279999999999998,0.12,0.88,0.9060489060489062,705,400,False
model,0.58,0.3,3.5,0.2,score_point,0.03546099290780142,0.828,0.165,0.835,0.8801054018445323,705,400,False
model,0.49,0.6,2.5,0.2,score_point,0.03546099290780142,0.8327499999999998,0.1225,0.8775,0.9046391752577319,705,400,False
model,0.5,0.6,2.5,0.2,score_point,0.03546099290780142,0.8422499999999998,0.1275,0.8725,0.9018087855297158,705,400,False
model,0.64,0.4,2.5,0.2,score_point,0.03546099290780142,0.8462500000000002,0.2125,0.7875,0.8513513513513514,705,400,False
model,0.59,0.3,3.5,0.2,score_point,0.03546099290780142,0.852,0.1725,0.8275,0.8756613756613756,705,400,False
model,0.73,0.2,2.5,0.2,score_point,0.03546099290780142,0.8842499999999999,0.2975,0.7025,0.7960339943342777,705,400,False
model,0.25,0.8,2.5,0.2,score_point,0.03546099290780142,0.8892500000000001,0.0525,0.9475,0.9427860696517413,705,400,False
model,0.26,0.8,2.5,0.2,score_point,0.03546099290780142,0.8935000000000001,0.055,0.945,0.9414694894146948,705,400,False
model,0.16,0.8,3.5,0.2,score_point,0.03546099290780142,0.8945000000000001,0.035,0.965,0.9519112207151664,705,400,False
model,0.64,0.6,2.0,0.2,score_point,0.03546099290780142,0.8974999999999999,0.2125,0.7875,0.8513513513513514,705,400,False
model,0.64,0.2,3.5,0.2,score_point,0.03546099290780142,0.9012499999999999,0.2125,0.7875,0.8513513513513514,705,400,False
model,0.74,0.2,2.5,0.2,score_point,0.03546099290780142,0.9072499999999999,0.3075,0.6925,0.7891737891737891,705,400,False
model,0.75,0.2,2.5,0.2,score_point,0.03546099290780142,0.9359999999999999,0.32,0.68,0.7804878048780489,705,400,False
model,0.63,0.7,2.0,0.2,score_point,0.03546099290780142,0.9664999999999998,0.205,0.795,0.8559892328398384,705,400,False
model,0.55,0.8,2.0,0.2,score_point,0.03546099290780142,0.9800000000000001,0.15,0.85,0.888888888888889,705,400,False
model,0.24,0.9,2.5,0.2,score_point,0.03546099290780142,0.9800000000000003,0.05,0.95,0.9440993788819876,705,400,False
model,0.76,0.2,2.5,0.2,score_point,0.03546099290780142,0.9819999999999999,0.34,0.66,0.7663280116110306,705,400,False
model,0.56,0.8,2.0,0.2,score_point,0.03546099290780142,0.9830000000000001,0.1525,0.8475,0.8874345549738221,705,400,False
model,0.14,0.9,3.5,0.2,score_point,0.03546099290780142,0.9845000000000002,0.0325,0.9675,0.9532019704433498,705,400,False
model,0.57,0.8,2.0,0.2,score_point,0.03546099290780142,0.9890000000000001,0.1575,0.8425,0.8845144356955381,705,400,False
model,0.58,0.8,2.0,0.2,score_point,0.03546099290780142,0.9980000000000001,0.165,0.835,0.8801054018445323,705,400,False
model,0.59,0.8,2.0,0.2,score_point,0.03546099290780142,1.0070000000000001,0.1725,0.8275,0.8756613756613756,705,400,False
model,0.6,0.8,2.0,0.2,score_point,0.03546099290780142,1.0160000000000002,0.18,0.82,0.8711819389110227,705,400,False
model,0.61,0.8,2.0,0.2,score_point,0.03546099290780142,1.028,0.19,0.81,0.8651535380507345,705,400,False
model,0.62,0.8,2.0,0.2,score_point,0.03546099290780142,1.04,0.2,0.8,0.8590604026845639,705,400,False
model,0.55,0.9,2.0,0.2,score_point,0.03546099290780142,1.0650000000000004,0.15,0.85,0.888888888888889,705,400,False
model,0.22,1.0,2.5,0.2,score_point,0.03546099290780142,1.0675,0.045,0.955,0.9467162329615861,705,400,False
model,0.56,0.9,2.0,0.2,score_point,0.03546099290780142,1.06775,0.1525,0.8475,0.8874345549738221,705,400,False
model,0.57,0.9,2.0,0.2,score_point,0.03546099290780142,1.0732500000000003,0.1575,0.8425,0.8845144356955381,705,400,False
model,0.58,0.9,2.0,0.2,score_point,0.03546099290780142,1.0815000000000001,0.165,0.835,0.8801054018445323,705,400,False
model,0.59,0.9,2.0,0.2,score_point,0.03546099290780142,1.0897500000000002,0.1725,0.8275,0.8756613756613756,705,400,False
model,0.6,0.9,2.0,0.2,score_point,0.03546099290780142,1.098,0.18,0.82,0.8711819389110227,705,400,False
model,0.61,0.9,2.0,0.2,score_point,0.03546099290780142,1.1090000000000002,0.19,0.81,0.8651535380507345,705,400,False
model,0.62,0.9,2.0,0.2,score_point,0.03546099290780142,1.1200000000000003,0.2,0.8,0.8590604026845639,705,400,False
model,0.55,1.0,2.0,0.2,score_point,0.03546099290780142,1.15,0.15,0.85,0.888888888888889,705,400,False
model,0.56,1.0,2.0,0.2,score_point,0.03546099290780142,1.1525,0.1525,0.8475,0.8874345549738221,705,400,False
model,0.57,1.0,2.0,0.2,score_point,0.03546099290780142,1.1575,0.1575,0.8425,0.8845144356955381,705,400,False
model,0.83,0.4,2.0,0.2,score_point,0.03546099290780142,1.1640000000000001,0.4775,0.5225,0.6593059936908517,705,400,False
model,0.58,1.0,2.0,0.2,score_point,0.03546099290780142,1.165,0.165,0.835,0.8801054018445323,705,400,False
model,0.59,1.0,2.0,0.2,score_point,0.03546099290780142,1.1725,0.1725,0.8275,0.8756613756613756,705,400,False
model,0.6,1.0,2.0,0.2,score_point,0.03546099290780142,1.18,0.18,0.82,0.8711819389110227,705,400,False
model,0.84,0.4,2.0,0.2,score_point,0.03546099290780142,1.18,0.4875,0.5125,0.6507936507936508,705,400,False
model,0.61,1.0,2.0,0.2,score_point,0.03546099290780142,1.19,0.19,0.81,0.8651535380507345,705,400,False
model,0.62,1.0,2.0,0.2,score_point,0.03546099290780142,1.2,0.2,0.8,0.8590604026845639,705,400,False
model,0.88,0.3,2.0,0.2,score_point,0.03546099290780142,1.3030000000000002,0.59,0.41,0.5568760611205433,705,400,False
model,0.89,0.2,2.0,0.2,score_point,0.03546099290780142,1.3114999999999997,0.6175,0.3825,0.5294117647058824,705,400,False
model,0.9,0.2,2.0,0.2,score_point,0.03546099290780142,1.3744999999999998,0.6525,0.3475,0.49290780141843965,705,400,False
model,0.91,0.2,2.0,0.2,score_point,0.03546099290780142,1.433,0.685,0.315,0.45735027223230496,705,400,False
model,0.29,0.5,3.5,0.2,score_point,0.03687943262411347,0.6725,0.0575,0.9425,0.9389788293897883,705,400,False
model,0.3,0.5,3.5,0.2,score_point,0.03687943262411347,0.6725,0.0575,0.9425,0.9389788293897883,705,400,True
model,0.31,0.5,3.5,0.2,score_point,0.03687943262411347,0.6875,0.0625,0.9375,0.9363295880149813,705,400,False
model,0.32,0.5,3.5,0.2,score_point,0.03687943262411347,0.695,0.065,0.935,0.935,705,400,False
model,0.33,0.5,3.5,0.2,score_point,0.03687943262411347,0.725,0.075,0.925,0.9296482412060301,705,400,False
model,0.34,0.5,3.5,0.2,score_point,0.03687943262411347,0.725,0.075,0.925,0.9296482412060301,705,400,False
model,0.4,0.5,3.0,0.2,score_point,0.03687943262411347,0.7375,0.095,0.905,0.918781725888325,705,400,False
model,0.35,0.5,3.5,0.2,score_point,0.03687943262411347,0.74,0.08,0.92,0.9269521410579346,705,400,False
model,0.36,0.5,3.5,0.2,score_point,0.03687943262411347,0.7475,0.0825,0.9175,0.9255989911727617,705,400,False
model,0.37,0.5,3.5,0.2,score_point,0.03687943262411347,0.755,0.085,0.915,0.9242424242424242,705,400,False
model,0.53,0.5,2.5,0.2,score_point,0.03687943262411347,0.76,0.13,0.87,0.8992248062015504,705,400,False
model,0.27,0.6,3.5,0.2,score_point,0.03687943262411347,0.7667499999999998,0.0575,0.9425,0.9389788293897883,705,400,False
model,0.38,0.5,3.5,0.2,score_point,0.03687943262411347,0.77,0.09,0.91,0.9215189873417723,705,400,False
model,0.56,0.3,3.5,0.2,score_point,0.03687943262411347,0.7880000000000001,0.1525,0.8475,0.8862745098039216,705,400,False
model,0.55,0.4,3.0,0.2,score_point,0.03687943262411347,0.79,0.15,0.85,0.8877284595300261,705,400,False
model,0.41,0.6,2.5,0.2,score_point,0.03687943262411347,0.79475,0.1025,0.8975,0.9146496815286623,705,400,False
model,0.17,0.7,3.5,0.2,score_point,0.03687943262411347,0.7979999999999999,0.035,0.965,0.9507389162561576,705,400,False
model,0.53,0.4,3.5,0.2,score_point,0.03687943262411347,0.8030000000000002,0.13,0.87,0.8992248062015504,705,400,False
model,0.23,0.7,3.0,0.2,score_point,0.03687943262411347,0.8035000000000001,0.045,0.955,0.9455445544554456,705,400,False
model,0.18,0.7,3.5,0.2,score_point,0.03687943262411347,0.805,0.0375,0.9625,0.9494451294697903,705,400,False
model,0.19,0.7,3.5,0.2,score_point,0.03687943262411347,0.8119999999999998,0.04,0.96,0.9481481481481482,705,400,False
model,0.42,0.6,2.5,0.2,score_point,0.03687943262411347,0.8137499999999998,0.1125,0.8875,0.9090909090909091,705,400,False
model,0.2,0.7,3.5,0.2,score_point,0.03687943262411347,0.819,0.0425,0.9575,0.9468479604449938,705,400,False
model,0.21,0.7,3.5,0.2,score_point,0.03687943262411347,0.819,0.0425,0.9575,0.9468479604449938,705,400,False
model,0.72,0.2,2.5,0.2,score_point,0.03687943262411347,0.8497499999999999,0.2825,0.7175,0.8050490883590463,705,400,False
model,0.68,0.3,2.5,0.2,score_point,0.03687943262411347,0.85,0.25,0.75,0.8264462809917356,705,400,False
model,0.63,0.3,3.0,0.2,score_point,0.03687943262411347,0.8535000000000003,0.205,0.795,0.8548387096774194,705,400,False
model,0.69,0.3,2.5,0.2,score_point,0.03687943262411347,0.861,0.255,0.745,0.8232044198895028,705,400,False
model,0.7,0.3,2.5,0.2,score_point,0.03687943262411347,0.872,0.26,0.74,0.8199445983379501,705,400,False
model,0.17,0.8,3.0,0.2,score_point,0.03687943262411347,0.877,0.035,0.965,0.9507389162561576,705,400,False
model,0.18,0.8,3.0,0.2,score_point,0.03687943262411347,0.8825,0.0375,0.9625,0.9494451294697903,705,400,False
model,0.24,0.8,2.5,0.2,score_point,0.03687943262411347,0.885,0.05,0.95,0.9429280397022333,705,400,False
model,0.19,0.8,3.0,0.2,score_point,0.03687943262411347,0.8880000000000001,0.04,0.96,0.9481481481481482,705,400,False
model,0.2,0.8,3.0,0.2,score_point,0.03687943262411347,0.8935000000000001,0.0425,0.9575,0.9468479604449938,705,400,False
model,0.21,0.8,3.0,0.2,score_point,0.03687943262411347,0.8935000000000001,0.0425,0.9575,0.9468479604449938,705,400,False
model,0.15,0.8,3.5,0.2,score_point,0.03687943262411347,0.8945000000000001,0.035,0.965,0.9507389162561576,705,400,False
model,0.55,0.7,2.0,0.2,score_point,0.03687943262411347,0.895,0.15,0.85,0.8877284595300261,705,400,False
model,0.56,0.7,2.0,0.2,score_point,0.03687943262411347,0.8982499999999999,0.1525,0.8475,0.8862745098039216,705,400,False
model,0.68,0.2,3.0,0.2,score_point,0.03687943262411347,0.9,0.25,0.75,0.8264462809917356,705,400,False
model,0.57,0.7,2.0,0.2,score_point,0.03687943262411347,0.9047499999999999,0.1575,0.8425,0.8833551769331586,705,400,False
model,0.71,0.5,2.0,0.2,score_point,0.03687943262411347,0.90875,0.2725,0.7275,0.811715481171548,705,400,False
model,0.69,0.2,3.0,0.2,score_point,0.03687943262411347,0.914,0.255,0.745,0.8232044198895028,705,400,False
model,0.58,0.7,2.0,0.2,score_point,0.03687943262411347,0.9144999999999999,0.165,0.835,0.8789473684210527,705,400,False
model,0.72,0.5,2.0,0.2,score_point,0.03687943262411347,0.92375,0.2825,0.7175,0.8050490883590463,705,400,False
model,0.59,0.7,2.0,0.2,score_point,0.03687943262411347,0.92425,0.1725,0.8275,0.8745046235138706,705,400,False
model,0.7,0.2,3.0,0.2,score_point,0.03687943262411347,0.9279999999999999,0.26,0.74,0.8199445983379501,705,400,False
model,0.6,0.7,2.0,0.2,score_point,0.03687943262411347,0.9339999999999999,0.18,0.82,0.870026525198939,705,400,False
model,0.08,0.9,3.5,0.2,score_point,0.03687943262411347,0.9455000000000002,0.0175,0.9825,0.9597069597069596,705,400,False
model,0.73,0.5,2.0,0.2,score_point,0.03687943262411347,0.94625,0.2975,0.7025,0.7949080622347949,705,400,False
model,0.61,0.7,2.0,0.2,score_point,0.03687943262411347,0.9469999999999998,0.19,0.81,0.8640000000000001,705,400,False
model,0.09,0.9,3.5,0.2,score_point,0.03687943262411347,0.9520000000000002,0.02,0.98,0.9584352078239609,705,400,False
model,0.53,0.8,2.0,0.2,score_point,0.03687943262411347,0.9560000000000002,0.13,0.87,0.8992248062015504,705,400,False
model,0.62,0.7,2.0,0.2,score_point,0.03687943262411347,0.9599999999999999,0.2,0.8,0.8579088471849867,705,400,False
model,0.74,0.5,2.0,0.2,score_point,0.03687943262411347,0.96125,0.3075,0.6925,0.7880512091038406,705,400,False
model,0.1,0.9,3.5,0.2,score_point,0.03687943262411347,0.9650000000000003,0.025,0.975,0.9558823529411764,705,400,False
model,0.11,0.9,3.5,0.2,score_point,0.03687943262411347,0.9650000000000003,0.025,0.975,0.9558823529411764,705,400,False
model,0.12,0.9,3.5,0.2,score_point,0.03687943262411347,0.9715000000000003,0.0275,0.9725,0.954601226993865,705,400,False
model,0.23,0.9,2.5,0.2,score_point,0.03687943262411347,0.9720000000000002,0.045,0.955,0.9455445544554456,705,400,False
model,0.16,0.9,3.0,0.2,score_point,0.03687943262411347,0.9735000000000003,0.035,0.965,0.9507389162561576,705,400,False
model,0.54,0.8,2.0,0.2,score_point,0.03687943262411347,0.9740000000000002,0.145,0.855,0.890625,705,400,False
model,0.13,0.9,3.5,0.2,score_point,0.03687943262411347,0.9780000000000001,0.03,0.97,0.9533169533169534,705,400,False
model,0.75,0.5,2.0,0.2,score_point,0.03687943262411347,0.98,0.32,0.68,0.7793696275071633,705,400,False
model,0.76,0.5,2.0,0.2,score_point,0.03687943262411347,1.01,0.34,0.66,0.7652173913043477,705,400,False
model,0.04,1.0,3.0,0.2,score_point,0.03687943262411347,1.015,0.0075,0.9925,0.9647630619684083,705,400,False
model,0.03,1.0,3.5,0.2,score_point,0.03687943262411347,1.01875,0.0075,0.9925,0.9647630619684083,705,400,False
model,0.05,1.0,3.0,0.2,score_point,0.03687943262411347,1.025,0.0125,0.9875,0.9622411693057248,705,400,False
model,0.53,0.9,2.0,0.2,score_point,0.03687943262411347,1.0430000000000001,0.13,0.87,0.8992248062015504,705,400,False
model,0.77,0.5,2.0,0.2,score_point,0.03687943262411347,1.04375,0.3625,0.6375,0.7488986784140969,705,400,False
model,0.16,1.0,2.5,0.2,score_point,0.03687943262411347,1.0525,0.035,0.965,0.9507389162561576,705,400,False
model,0.17,1.0,2.5,0.2,score_point,0.03687943262411347,1.0525,0.035,0.965,0.9507389162561576,705,400,False
model,0.18,1.0,2.5,0.2,score_point,0.03687943262411347,1.05625,0.0375,0.9625,0.9494451294697903,705,400,False
model,0.54,0.9,2.0,0.2,score_point,0.03687943262411347,1.0595,0.145,0.855,0.890625,705,400,False
model,0.19,1.0,2.5,0.2,score_point,0.03687943262411347,1.06,0.04,0.96,0.9481481481481482,705,400,False
model,0.2,1.0,2.5,0.2,score_point,0.03687943262411347,1.06375,0.0425,0.9575,0.9468479604449938,705,400,False
model,0.21,1.0,2.5,0.2,score_point,0.03687943262411347,1.06375,0.0425,0.9575,0.9468479604449938,705,400,False
model,0.78,0.5,2.0,0.2,score_point,0.03687943262411347,1.07,0.38,0.62,0.7359050445103859,705,400,False
model,0.8,0.4,2.0,0.2,score_point,0.03687943262411347,1.072,0.42,0.58,0.7051671732522796,705,400,False
model,0.81,0.4,2.0,0.2,score_point,0.03687943262411347,1.1,0.4375,0.5625,0.6912442396313363,705,400,False
model,0.53,1.0,2.0,0.2,score_point,0.03687943262411347,1.13,0.13,0.87,0.8992248062015504,705,400,False
model,0.82,0.4,2.0,0.2,score_point,0.03687943262411347,1.1320000000000001,0.4575,0.5425,0.6749611197511665,705,400,False
model,0.54,1.0,2.0,0.2,score_point,0.03687943262411347,1.145,0.145,0.855,0.890625,705,400,False
model,0.85,0.3,2.0,0.2,score_point,0.03687943262411347,1.1542500000000002,0.5025,0.4975,0.6368,705,400,False
model,0.86,0.3,2.0,0.2,score_point,0.03687943262411347,1.2180000000000002,0.54,0.46,0.6032786885245902,705,400,False
model,0.87,0.3,2.0,0.2,score_point,0.03687943262411347,1.2477500000000001,0.5575,0.4425,0.5870646766169154,705,400,False
model,0.39,0.5,3.0,0.2,score_point,0.03829787234042553,0.7375,0.095,0.905,0.9176172370088721,705,400,False
model,0.52,0.5,2.5,0.2,score_point,0.03829787234042553,0.76,0.13,0.87,0.8980645161290324,705,400,False
model,0.65,0.3,2.5,0.2,score_point,0.03829787234042553,0.7675,0.2125,0.7875,0.8490566037735848,705,400,False
model,0.54,0.4,3.0,0.2,score_point,0.03829787234042553,0.7770000000000001,0.145,0.855,0.8894668400520157,705,400,False
model,0.55,0.3,3.5,0.2,score_point,0.03829787234042553,0.78,0.15,0.85,0.8865710560625815,705,400,False
model,0.4,0.6,2.5,0.2,score_point,0.03829787234042553,0.7804999999999999,0.095,0.905,0.9176172370088721,705,400,False
model,0.66,0.3,2.5,0.2,score_point,0.03829787234042553,0.784,0.22,0.78,0.844384303112314,705,400,False
model,0.6,0.3,3.0,0.2,score_point,0.03829787234042553,0.7859999999999999,0.18,0.82,0.8688741721854305,705,400,False
model,0.25,0.7,2.5,0.2,score_point,0.03829787234042553,0.7944999999999999,0.0525,0.9475,0.9404466501240695,705,400,False
model,0.65,0.2,3.0,0.2,score_point,0.03829787234042553,0.795,0.2125,0.7875,0.8490566037735848,705,400,False
model,0.26,0.7,2.5,0.2,score_point,0.03829787234042553,0.7989999999999999,0.055,0.945,0.9391304347826087,705,400,False
model,0.22,0.7,3.0,0.2,score_point,0.03829787234042553,0.8035000000000001,0.045,0.955,0.9443757725587144,705,400,False
model,0.67,0.3,2.5,0.2,score_point,0.03829787234042553,0.8115000000000001,0.2325,0.7675,0.8365122615803814,705,400,False
model,0.61,0.3,3.0,0.2,score_point,0.03829787234042553,0.8130000000000002,0.19,0.81,0.8628495339547271,705,400,False
model,0.66,0.2,3.0,0.2,score_point,0.03829787234042553,0.816,0.22,0.78,0.844384303112314,705,400,False
model,0.71,0.2,2.5,0.2,score_point,0.03829787234042553,0.8267500000000001,0.2725,0.7275,0.8105849582172703,705,400,False
model,0.63,0.4,2.5,0.2,score_point,0.03829787234042553,0.8305000000000001,0.205,0.795,0.8536912751677853,705,400,False
model,0.62,0.3,3.0,0.2,score_point,0.03829787234042553,0.8400000000000002,0.2,0.8,0.8567603748326641,705,400,False
model,0.67,0.2,3.0,0.2,score_point,0.03829787234042553,0.8510000000000001,0.2325,0.7675,0.8365122615803814,705,400,False
model,0.53,0.7,2.0,0.2,score_point,0.03829787234042553,0.8689999999999999,0.13,0.87,0.8980645161290324,705,400,False
model,0.68,0.5,2.0,0.2,score_point,0.03829787234042553,0.875,0.25,0.75,0.8253094910591473,705,400,False
model,0.23,0.8,2.5,0.2,score_point,0.03829787234042553,0.8765000000000001,0.045,0.955,0.9443757725587144,705,400,False
model,0.69,0.5,2.0,0.2,score_point,0.03829787234042553,0.8825,0.255,0.745,0.8220689655172413,705,400,False
model,0.63,0.6,2.0,0.2,score_point,0.03829787234042553,0.8869999999999999,0.205,0.795,0.8536912751677853,705,400,False
model,0.14,0.8,3.5,0.2,score_point,0.03829787234042553,0.88775,0.0325,0.9675,0.950859950859951,705,400,False
model,0.54,0.7,2.0,0.2,score_point,0.03829787234042553,0.8885,0.145,0.855,0.8894668400520157,705,400,False
model,0.7,0.5,2.0,0.2,score_point,0.03829787234042553,0.89,0.26,0.74,0.8188105117565698,705,400,False
model,0.06,0.9,3.5,0.2,score_point,0.03829787234042553,0.9325000000000003,0.0125,0.9875,0.9610705596107056,705,400,False
model,0.07,0.9,3.5,0.2,score_point,0.03829787234042553,0.9325000000000003,0.0125,0.9875,0.9610705596107056,705,400,False
model,0.51,0.8,2.0,0.2,score_point,0.03829787234042553,0.9560000000000002,0.13,0.87,0.8980645161290324,705,400,False
model,0.52,0.8,2.0,0.2,score_point,0.03829787234042553,0.9560000000000002,0.13,0.87,0.8980645161290324,705,400,False
model,0.14,0.9,3.0,0.2,score_point,0.03829787234042553,0.9682500000000002,0.0325,0.9675,0.950859950859951,705,400,False
model,0.22,0.9,2.5,0.2,score_point,0.03829787234042553,0.9720000000000002,0.045,0.955,0.9443757725587144,705,400,False
model,0.15,0.9,3.0,0.2,score_point,0.03829787234042553,0.9735000000000003,0.035,0.965,0.9495694956949571,705,400,False
model,0.79,0.4,2.0,0.2,score_point,0.03829787234042553,1.04,0.4,0.6,0.7196401799100449,705,400,False
model,0.51,0.9,2.0,0.2,score_point,0.03829787234042553,1.0430000000000001,0.13,0.87,0.8980645161290324,705,400,False
model,0.52,0.9,2.0,0.2,score_point,0.03829787234042553,1.0430000000000001,0.13,0.87,0.8980645161290324,705,400,False
model,0.14,1.0,2.5,0.2,score_point,0.03829787234042553,1.04875,0.0325,0.9675,0.950859950859951,705,400,False
model,0.15,1.0,2.5,0.2,score_point,0.03829787234042553,1.0525,0.035,0.965,0.9495694956949571,705,400,False
model,0.83,0.3,2.0,0.2,score_point,0.03829787234042553,1.11175,0.4775,0.5225,0.6572327044025157,705,400,False
model,0.84,0.3,2.0,0.2,score_point,0.03829787234042553,1.1287500000000001,0.4875,0.5125,0.6487341772151898,705,400,False
model,0.51,1.0,2.0,0.2,score_point,0.03829787234042553,1.13,0.13,0.87,0.8980645161290324,705,400,False
model,0.52,1.0,2.0,0.2,score_point,0.03829787234042553,1.13,0.13,0.87,0.8980645161290324,705,400,False
model,0.88,0.2,2.0,0.2,score_point,0.03829787234042553,1.2619999999999998,0.59,0.41,0.5549915397631133,705,400,False
model,0.57,0.3,3.0,0.2,score_point,0.03971631205673759,0.7252500000000001,0.1575,0.8425,0.8810457516339869,705,400,False
model,0.28,0.6,3.0,0.2,score_point,0.03971631205673759,0.7379999999999999,0.0575,0.9425,0.9366459627329193,705,400,False
model,0.58,0.3,3.0,0.2,score_point,0.03971631205673759,0.7454999999999999,0.165,0.835,0.8766404199475066,705,400,False
model,0.25,0.6,3.5,0.2,score_point,0.03971631205673759,0.7522499999999998,0.0525,0.9475,0.939281288723668,705,400,False
model,0.26,0.6,3.5,0.2,score_point,0.03971631205673759,0.7594999999999998,0.055,0.945,0.9379652605459057,705,400,False
model,0.51,0.5,2.5,0.2,score_point,0.03971631205673759,0.76,0.13,0.87,0.8969072164948454,705,400,False
model,0.59,0.3,3.0,0.2,score_point,0.03971631205673759,0.76575,0.1725,0.8275,0.8722002635046113,705,400,False
model,0.64,0.3,2.5,0.2,score_point,0.03971631205673759,0.7675,0.2125,0.7875,0.847913862718708,705,400,False
model,0.6,0.4,2.5,0.2,score_point,0.03971631205673759,0.7780000000000001,0.18,0.82,0.8677248677248677,705,400,False
model,0.39,0.6,2.5,0.2,score_point,0.03971631205673759,0.7804999999999999,0.095,0.905,0.9164556962025316,705,400,False
model,0.24,0.7,2.5,0.2,score_point,0.03971631205673759,0.79,0.05,0.95,0.9405940594059405,705,400,False
model,0.64,0.2,3.0,0.2,score_point,0.03971631205673759,0.795,0.2125,0.7875,0.847913862718708,705,400,False
model,0.16,0.7,3.5,0.2,score_point,0.03971631205673759,0.7979999999999999,0.035,0.965,0.9484029484029484,705,400,False
model,0.61,0.4,2.5,0.2,score_point,0.03971631205673759,0.7990000000000002,0.19,0.81,0.8617021276595745,705,400,False
model,0.52,0.4,3.5,0.2,score_point,0.03971631205673759,0.8030000000000002,0.13,0.87,0.8969072164948454,705,400,False
model,0.55,0.6,2.0,0.2,score_point,0.03971631205673759,0.81,0.15,0.85,0.8854166666666666,705,400,False
model,0.56,0.6,2.0,0.2,score_point,0.03971631205673759,0.8134999999999999,0.1525,0.8475,0.8839634941329858,705,400,False
model,0.65,0.5,2.0,0.2,score_point,0.03971631205673759,0.81875,0.2125,0.7875,0.847913862718708,705,400,False
model,0.62,0.4,2.5,0.2,score_point,0.03971631205673759,0.8200000000000002,0.2,0.8,0.8556149732620321,705,400,False
model,0.57,0.6,2.0,0.2,score_point,0.03971631205673759,0.8204999999999998,0.1575,0.8425,0.8810457516339869,705,400,False
model,0.66,0.5,2.0,0.2,score_point,0.03971631205673759,0.83,0.22,0.78,0.8432432432432432,705,400,False
model,0.58,0.6,2.0,0.2,score_point,0.03971631205673759,0.831,0.165,0.835,0.8766404199475066,705,400,False
model,0.59,0.6,2.0,0.2,score_point,0.03971631205673759,0.8414999999999998,0.1725,0.8275,0.8722002635046113,705,400,False
model,0.08,0.8,3.5,0.2,score_point,0.03971631205673759,0.84725,0.0175,0.9825,0.9573690621193666,705,400,False
model,0.67,0.5,2.0,0.2,score_point,0.03971631205673759,0.84875,0.2325,0.7675,0.8353741496598639,705,400,False
model,0.6,0.6,2.0,0.2,score_point,0.03971631205673759,0.8519999999999999,0.18,0.82,0.8677248677248677,705,400,False
model,0.09,0.8,3.5,0.2,score_point,0.03971631205673759,0.8540000000000001,0.02,0.98,0.9560975609756097,705,400,False
model,0.61,0.6,2.0,0.2,score_point,0.03971631205673759,0.8659999999999998,0.19,0.81,0.8617021276595745,705,400,False
model,0.1,0.8,3.5,0.2,score_point,0.03971631205673759,0.8675,0.025,0.975,0.9535452322738386,705,400,False
model,0.11,0.8,3.5,0.2,score_point,0.03971631205673759,0.8675,0.025,0.975,0.9535452322738386,705,400,False
model,0.52,0.7,2.0,0.2,score_point,0.03971631205673759,0.8689999999999999,0.13,0.87,0.8969072164948454,705,400,False
model,0.12,0.8,3.5,0.2,score_point,0.03971631205673759,0.87425,0.0275,0.9725,0.9522643818849449,705,400,False
model,0.22,0.8,2.5,0.2,score_point,0.03971631205673759,0.8765000000000001,0.045,0.955,0.9432098765432099,705,400,False
model,0.16,0.8,3.0,0.2,score_point,0.03971631205673759,0.877,0.035,0.965,0.9484029484029484,705,400,False
model,0.62,0.6,2.0,0.2,score_point,0.03971631205673759,0.8799999999999997,0.2,0.8,0.8556149732620321,705,400,False
model,0.13,0.8,3.5,0.2,score_point,0.03971631205673759,0.8809999999999999,0.03,0.97,0.9509803921568627,705,400,False
model,0.41,0.8,2.0,0.2,score_point,0.03971631205673759,0.9230000000000002,0.1025,0.8975,0.9123252858958069,705,400,False
model,0.42,0.8,2.0,0.2,score_point,0.03971631205673759,0.9350000000000002,0.1125,0.8875,0.9067688378033206,705,400,False
model,0.43,0.8,2.0,0.2,score_point,0.03971631205673759,0.9350000000000002,0.1125,0.8875,0.9067688378033206,705,400,False
model,0.44,0.8,2.0,0.2,score_point,0.03971631205673759,0.9350000000000002,0.1125,0.8875,0.9067688378033206,705,400,False
model,0.08,0.9,3.0,0.2,score_point,0.03971631205673759,0.9367500000000003,0.0175,0.9825,0.9573690621193666,705,400,False
model,0.45,0.8,2.0,0.2,score_point,0.03971631205673759,0.9380000000000002,0.115,0.885,0.9053708439897699,705,400,False
model,0.46,0.8,2.0,0.2,score_point,0.03971631205673759,0.9410000000000003,0.1175,0.8825,0.9039692701664532,705,400,False
model,0.47,0.8,2.0,0.2,score_point,0.03971631205673759,0.9410000000000003,0.1175,0.8825,0.9039692701664532,705,400,False
model,0.09,0.9,3.0,0.2,score_point,0.03971631205673759,0.9420000000000002,0.02,0.98,0.9560975609756097,705,400,False
model,0.48,0.8,2.0,0.2,score_point,0.03971631205673759,0.9440000000000002,0.12,0.88,0.9025641025641025,705,400,False
model,0.49,0.8,2.0,0.2,score_point,0.03971631205673759,0.9470000000000002,0.1225,0.8775,0.9011553273427471,705,400,False
model,0.1,0.9,3.0,0.2,score_point,0.03971631205673759,0.9525000000000002,0.025,0.975,0.9535452322738386,705,400,False
model,0.11,0.9,3.0,0.2,score_point,0.03971631205673759,0.9525000000000002,0.025,0.975,0.9535452322738386,705,400,False
model,0.5,0.8,2.0,0.2,score_point,0.03971631205673759,0.9530000000000001,0.1275,0.8725,0.8983268983268984,705,400,False
model,0.17,0.9,2.5,0.2,score_point,0.03971631205673759,0.9560000000000002,0.035,0.965,0.9484029484029484,705,400,False
model,0.12,0.9,3.0,0.2,score_point,0.03971631205673759,0.9577500000000002,0.0275,0.9725,0.9522643818849449,705,400,False
model,0.18,0.9,2.5,0.2,score_point,0.03971631205673759,0.9600000000000003,0.0375,0.9625,0.9471094710947109,705,400,False
model,0.13,0.9,3.0,0.2,score_point,0.03971631205673759,0.9630000000000001,0.03,0.97,0.9509803921568627,705,400,False
model,0.19,0.9,2.5,0.2,score_point,0.03971631205673759,0.9640000000000003,0.04,0.96,0.9458128078817734,705,400,False
model,0.2,0.9,2.5,0.2,score_point,0.03971631205673759,0.9680000000000003,0.0425,0.9575,0.9445129469790382,705,400,False
model,0.21,0.9,2.5,0.2,score_point,0.03971631205673759,0.9680000000000003,0.0425,0.9575,0.9445129469790382,705,400,False
model,0.41,0.9,2.0,0.2,score_point,0.03971631205673759,1.0127500000000003,0.1025,0.8975,0.9123252858958069,705,400,False
model,0.8,0.3,2.0,0.2,score_point,0.03971631205673759,1.014,0.42,0.58,0.703030303030303,705,400,False
model,0.03,1.0,3.0,0.2,score_point,0.03971631205673759,1.015,0.0075,0.9925,0.9624242424242424,705,400,False
model,0.02,1.0,3.5,0.2,score_point,0.03971631205673759,1.01875,0.0075,0.9925,0.9624242424242424,705,400,False
model,0.06,1.0,2.5,0.2,score_point,0.03971631205673759,1.01875,0.0125,0.9875,0.9599027946537059,705,400,False
model,0.07,1.0,2.5,0.2,score_point,0.03971631205673759,1.01875,0.0125,0.9875,0.9599027946537059,705,400,False
model,0.42,0.9,2.0,0.2,score_point,0.03971631205673759,1.0237500000000004,0.1125,0.8875,0.9067688378033206,705,400,False
model,0.43,0.9,2.0,0.2,score_point,0.03971631205673759,1.0237500000000004,0.1125,0.8875,0.9067688378033206,705,400,False
model,0.44,0.9,2.0,0.2,score_point,0.03971631205673759,1.0237500000000004,0.1125,0.8875,0.9067688378033206,705,400,False
model,0.08,1.0,2.5,0.2,score_point,0.03971631205673759,1.02625,0.0175,0.9825,0.9573690621193666,705,400,False
model,0.45,0.9,2.0,0.2,score_point,0.03971631205673759,1.0265000000000004,0.115,0.885,0.9053708439897699,705,400,False
model,0.46,0.9,2.0,0.2,score_point,0.03971631205673759,1.0292500000000002,0.1175,0.8825,0.9039692701664532,705,400,False
model,0.47,0.9,2.0,0.2,score_point,0.03971631205673759,1.0292500000000002,0.1175,0.8825,0.9039692701664532,705,400,False
model,0.09,1.0,2.5,0.2,score_point,0.03971631205673759,1.03,0.02,0.98,0.9560975609756097,705,400,False
model,0.48,0.9,2.0,0.2,score_point,0.03971631205673759,1.0320000000000003,0.12,0.88,0.9025641025641025,705,400,False
model,0.49,0.9,2.0,0.2,score_point,0.03971631205673759,1.0347500000000003,0.1225,0.8775,0.9011553273427471,705,400,False
model,0.1,1.0,2.5,0.2,score_point,0.03971631205673759,1.0375,0.025,0.975,0.9535452322738386,705,400,False
model,0.11,1.0,2.5,0.2,score_point,0.03971631205673759,1.0375,0.025,0.975,0.9535452322738386,705,400,False
model,0.5,0.9,2.0,0.2,score_point,0.03971631205673759,1.0402500000000001,0.1275,0.8725,0.8983268983268984,705,400,False
model,0.12,1.0,2.5,0.2,score_point,0.03971631205673759,1.04125,0.0275,0.9725,0.9522643818849449,705,400,False
model,0.81,0.3,2.0,0.2,score_point,0.03971631205673759,1.04375,0.4375,0.5625,0.6891271056661562,705,400,False
model,0.13,1.0,2.5,0.2,score_point,0.03971631205673759,1.045,0.03,0.97,0.9509803921568627,705,400,False
model,0.82,0.3,2.0,0.2,score_point,0.03971631205673759,1.07775,0.4575,0.5425,0.6728682170542636,705,400,False
model,0.41,1.0,2.0,0.2,score_point,0.03971631205673759,1.1025,0.1025,0.8975,0.9123252858958069,705,400,False
model,0.85,0.2,2.0,0.2,score_point,0.03971631205673759,1.1044999999999998,0.5025,0.4975,0.634768740031898,705,400,False
model,0.42,1.0,2.0,0.2,score_point,0.03971631205673759,1.1125,0.1125,0.8875,0.9067688378033206,705,400,False
model,0.43,1.0,2.0,0.2,score_point,0.03971631205673759,1.1125,0.1125,0.8875,0.9067688378033206,705,400,False
model,0.44,1.0,2.0,0.2,score_point,0.03971631205673759,1.1125,0.1125,0.8875,0.9067688378033206,705,400,False
model,0.45,1.0,2.0,0.2,score_point,0.03971631205673759,1.115,0.115,0.885,0.9053708439897699,705,400,False
model,0.46,1.0,2.0,0.2,score_point,0.03971631205673759,1.1175,0.1175,0.8825,0.9039692701664532,705,400,False
model,0.47,1.0,2.0,0.2,score_point,0.03971631205673759,1.1175,0.1175,0.8825,0.9039692701664532,705,400,False
model,0.48,1.0,2.0,0.2,score_point,0.03971631205673759,1.12,0.12,0.88,0.9025641025641025,705,400,False
model,0.49,1.0,2.0,0.2,score_point,0.03971631205673759,1.1225,0.1225,0.8775,0.9011553273427471,705,400,False
model,0.5,1.0,2.0,0.2,score_point,0.03971631205673759,1.1275,0.1275,0.8725,0.8983268983268984,705,400,False
model,0.86,0.2,2.0,0.2,score_point,0.03971631205673759,1.172,0.54,0.46,0.6013071895424837,705,400,False
model,0.87,0.2,2.0,0.2,score_point,0.03971631205673759,1.2035,0.5575,0.4425,0.5851239669421487,705,400,False
model,0.29,0.5,3.0,0.2,score_point,0.04113475177304964,0.64375,0.0575,0.9425,0.9354838709677419,705,400,False
model,0.3,0.5,3.0,0.2,score_point,0.04113475177304964,0.64375,0.0575,0.9425,0.9354838709677419,705,400,True
model,0.31,0.5,3.0,0.2,score_point,0.04113475177304964,0.65625,0.0625,0.9375,0.9328358208955223,705,400,False
model,0.32,0.5,3.0,0.2,score_point,0.04113475177304964,0.6625,0.065,0.935,0.9315068493150684,705,400,False
model,0.33,0.5,3.0,0.2,score_point,0.04113475177304964,0.6875,0.075,0.925,0.9261576971214016,705,400,False
model,0.34,0.5,3.0,0.2,score_point,0.04113475177304964,0.6875,0.075,0.925,0.9261576971214016,705,400,False
model,0.35,0.5,3.0,0.2,score_point,0.04113475177304964,0.7,0.08,0.92,0.9234629861982435,705,400,False
model,0.36,0.5,3.0,0.2,score_point,0.04113475177304964,0.70625,0.0825,0.9175,0.922110552763819,705,400,False
model,0.56,0.3,3.0,0.2,score_point,0.04113475177304964,0.71175,0.1525,0.8475,0.8828125,705,400,False
model,0.37,0.5,3.0,0.2,score_point,0.04113475177304964,0.7125,0.085,0.915,0.9207547169811321,705,400,False
model,0.38,0.5,3.0,0.2,score_point,0.04113475177304964,0.725,0.09,0.91,0.9180327868852458,705,400,False
model,0.43,0.5,2.5,0.2,score_point,0.04113475177304964,0.725,0.1125,0.8875,0.9056122448979591,705,400,False
model,0.44,0.5,2.5,0.2,score_point,0.04113475177304964,0.725,0.1125,0.8875,0.9056122448979591,705,400,False
model,0.45,0.5,2.5,0.2,score_point,0.04113475177304964,0.73,0.115,0.885,0.9042145593869731,705,400,False
model,0.57,0.4,2.5,0.2,score_point,0.04113475177304964,0.7307500000000001,0.1575,0.8425,0.8798955613577023,705,400,False
model,0.46,0.5,2.5,0.2,score_point,0.04113475177304964,0.735,0.1175,0.8825,0.9028132992327365,705,400,False
model,0.47,0.5,2.5,0.2,score_point,0.04113475177304964,0.735,0.1175,0.8825,0.9028132992327365,705,400,False
model,0.27,0.6,3.0,0.2,score_point,0.04113475177304964,0.7379999999999999,0.0575,0.9425,0.9354838709677419,705,400,False
model,0.53,0.4,3.0,0.2,score_point,0.04113475177304964,0.7380000000000001,0.13,0.87,0.8957528957528959,705,400,False
model,0.48,0.5,2.5,0.2,score_point,0.04113475177304964,0.74,0.12,0.88,0.9014084507042254,705,400,False
model,0.24,0.6,3.5,0.2,score_point,0.04113475177304964,0.7449999999999999,0.05,0.95,0.9394313967861557,705,400,False
model,0.49,0.5,2.5,0.2,score_point,0.04113475177304964,0.745,0.1225,0.8775,0.9,705,400,False
model,0.58,0.4,2.5,0.2,score_point,0.04113475177304964,0.7465,0.165,0.835,0.8754914809960681,705,400,False
model,0.5,0.5,2.5,0.2,score_point,0.04113475177304964,0.755,0.1275,0.8725,0.8971722365038561,705,400,False
model,0.59,0.4,2.5,0.2,score_point,0.04113475177304964,0.7622500000000002,0.1725,0.8275,0.8710526315789473,705,400,False
model,0.54,0.3,3.5,0.2,score_point,0.04113475177304964,0.764,0.145,0.855,0.88715953307393,705,400,False
model,0.17,0.7,3.0,0.2,score_point,0.04113475177304964,0.7805000000000001,0.035,0.965,0.9472392638036808,705,400,False
model,0.18,0.7,3.0,0.2,score_point,0.04113475177304964,0.78625,0.0375,0.9625,0.9459459459459459,705,400,False
model,0.19,0.7,3.0,0.2,score_point,0.04113475177304964,0.792,0.04,0.96,0.944649446494465,705,400,False
model,0.2,0.7,3.0,0.2,score_point,0.04113475177304964,0.7977500000000001,0.0425,0.9575,0.9433497536945813,705,400,False
model,0.21,0.7,3.0,0.2,score_point,0.04113475177304964,0.7977500000000001,0.0425,0.9575,0.9433497536945813,705,400,False
model,0.15,0.7,3.5,0.2,score_point,0.04113475177304964,0.7979999999999999,0.035,0.965,0.9472392638036808,705,400,False
model,0.54,0.6,2.0,0.2,score_point,0.04113475177304964,0.8029999999999998,0.145,0.855,0.88715953307393,705,400,False
model,0.51,0.4,3.5,0.2,score_point,0.04113475177304964,0.8030000000000002,0.13,0.87,0.8957528957528959,705,400,False
model,0.64,0.5,2.0,0.2,score_point,0.04113475177304964,0.81875,0.2125,0.7875,0.846774193548387,705,400,False
model,0.06,0.8,3.5,0.2,score_point,0.04113475177304964,0.83375,0.0125,0.9875,0.9587378640776699,705,400,False
model,0.07,0.8,3.5,0.2,score_point,0.04113475177304964,0.83375,0.0125,0.9875,0.9587378640776699,705,400,False
model,0.71,0.4,2.0,0.2,score_point,0.04113475177304964,0.8360000000000001,0.2725,0.7275,0.8083333333333335,705,400,False
model,0.72,0.4,2.0,0.2,score_point,0.04113475177304964,0.852,0.2825,0.7175,0.8016759776536312,705,400,False
model,0.51,0.7,2.0,0.2,score_point,0.04113475177304964,0.8689999999999999,0.13,0.87,0.8957528957528959,705,400,False
model,0.14,0.8,3.0,0.2,score_point,0.04113475177304964,0.8715,0.0325,0.9675,0.9485294117647061,705,400,False
model,0.73,0.4,2.0,0.2,score_point,0.04113475177304964,0.8760000000000001,0.2975,0.7025,0.7915492957746479,705,400,False
model,0.63,0.2,3.5,0.2,score_point,0.04113475177304964,0.8764999999999997,0.205,0.795,0.8514056224899599,705,400,False
model,0.15,0.8,3.0,0.2,score_point,0.04113475177304964,0.877,0.035,0.965,0.9472392638036808,705,400,False
model,0.74,0.4,2.0,0.2,score_point,0.04113475177304964,0.892,0.3075,0.6925,0.7847025495750709,705,400,False
model,0.75,0.4,2.0,0.2,score_point,0.04113475177304964,0.912,0.32,0.68,0.776034236804565,705,400,False
model,0.39,0.8,2.0,0.2,score_point,0.04113475177304964,0.9140000000000001,0.095,0.905,0.9152970922882426,705,400,False
model,0.4,0.8,2.0,0.2,score_point,0.04113475177304964,0.9140000000000001,0.095,0.905,0.9152970922882426,705,400,False
model,0.04,0.9,3.5,0.2,score_point,0.04113475177304964,0.9195000000000002,0.0075,0.9925,0.9612590799031476,705,400,False
model,0.06,0.9,3.0,0.2,score_point,0.04113475177304964,0.9262500000000002,0.0125,0.9875,0.9587378640776699,705,400,False
model,0.07,0.9,3.0,0.2,score_point,0.04113475177304964,0.9262500000000002,0.0125,0.9875,0.9587378640776699,705,400,False
model,0.05,0.9,3.5,0.2,score_point,0.04113475177304964,0.9325000000000003,0.0125,0.9875,0.9587378640776699,705,400,False
model,0.76,0.4,2.0,0.2,score_point,0.04113475177304964,0.9440000000000001,0.34,0.66,0.7619047619047619,705,400,False
model,0.77,0.4,2.0,0.2,score_point,0.04113475177304964,0.98,0.3625,0.6375,0.7456140350877193,705,400,False
model,0.79,0.3,2.0,0.2,score_point,0.04113475177304964,0.98,0.4,0.6,0.7174887892376681,705,400,False
model,0.39,0.9,2.0,0.2,score_point,0.04113475177304964,1.0045000000000002,0.095,0.905,0.9152970922882426,705,400,False
model,0.4,0.9,2.0,0.2,score_point,0.04113475177304964,1.0045000000000002,0.095,0.905,0.9152970922882426,705,400,False
model,0.78,0.4,2.0,0.2,score_point,0.04113475177304964,1.008,0.38,0.62,0.7326440177252584,705,400,False
model,0.83,0.2,2.0,0.2,score_point,0.04113475177304964,1.0594999999999999,0.4775,0.5225,0.6551724137931034,705,400,False
model,0.84,0.2,2.0,0.2,score_point,0.04113475177304964,1.0775,0.4875,0.5125,0.6466876971608833,705,400,False
model,0.39,1.0,2.0,0.2,score_point,0.04113475177304964,1.095,0.095,0.905,0.9152970922882426,705,400,False
model,0.4,1.0,2.0,0.2,score_point,0.04113475177304964,1.095,0.095,0.905,0.9152970922882426,705,400,False
model,0.28,0.5,3.5,0.2,score_point,0.0425531914893617,0.6725,0.0575,0.9425,0.9343246592317225,705,400,False
model,0.41,0.5,2.5,0.2,score_point,0.0425531914893617,0.705,0.1025,0.8975,0.9100126742712293,705,400,False
model,0.55,0.3,3.0,0.2,score_point,0.0425531914893617,0.705,0.15,0.85,0.8831168831168831,705,400,False
model,0.29,0.6,2.5,0.2,score_point,0.0425531914893617,0.7092499999999998,0.0575,0.9425,0.9343246592317225,705,400,False
model,0.3,0.6,2.5,0.2,score_point,0.0425531914893617,0.7092499999999998,0.0575,0.9425,0.9343246592317225,705,400,False
model,0.31,0.6,2.5,0.2,score_point,0.0425531914893617,0.7187499999999999,0.0625,0.9375,0.9316770186335404,705,400,False
model,0.56,0.4,2.5,0.2,score_point,0.0425531914893617,0.7202500000000001,0.1525,0.8475,0.8816644993498051,705,400,False
model,0.32,0.6,2.5,0.2,score_point,0.0425531914893617,0.7234999999999998,0.065,0.935,0.9303482587064678,705,400,False
model,0.42,0.5,2.5,0.2,score_point,0.0425531914893617,0.725,0.1125,0.8875,0.9044585987261146,705,400,False
model,0.33,0.6,2.5,0.2,score_point,0.0425531914893617,0.7424999999999998,0.075,0.925,0.925,705,400,False
model,0.34,0.6,2.5,0.2,score_point,0.0425531914893617,0.7424999999999998,0.075,0.925,0.925,705,400,False
model,0.43,0.4,3.5,0.2,score_point,0.0425531914893617,0.7487500000000001,0.1125,0.8875,0.9044585987261146,705,400,False
model,0.44,0.4,3.5,0.2,score_point,0.0425531914893617,0.7487500000000001,0.1125,0.8875,0.9044585987261146,705,400,False
model,0.35,0.6,2.5,0.2,score_point,0.0425531914893617,0.7519999999999998,0.08,0.92,0.9223057644110277,705,400,False
model,0.45,0.4,3.5,0.2,score_point,0.0425531914893617,0.7565000000000001,0.115,0.885,0.903061224489796,705,400,False
model,0.36,0.6,2.5,0.2,score_point,0.0425531914893617,0.7567499999999998,0.0825,0.9175,0.9209535759096612,705,400,False
model,0.37,0.6,2.5,0.2,score_point,0.0425531914893617,0.7615,0.085,0.915,0.9195979899497487,705,400,False
model,0.46,0.4,3.5,0.2,score_point,0.0425531914893617,0.7642500000000001,0.1175,0.8825,0.9016602809706258,705,400,False
model,0.47,0.4,3.5,0.2,score_point,0.0425531914893617,0.7642500000000001,0.1175,0.8825,0.9016602809706258,705,400,False
model,0.38,0.6,2.5,0.2,score_point,0.0425531914893617,0.7709999999999999,0.09,0.91,0.9168765743073047,705,400,False
model,0.48,0.4,3.5,0.2,score_point,0.0425531914893617,0.7720000000000001,0.12,0.88,0.9002557544757034,705,400,False
model,0.49,0.4,3.5,0.2,score_point,0.0425531914893617,0.7797500000000003,0.1225,0.8775,0.8988476312419974,705,400,False
model,0.23,0.7,2.5,0.2,score_point,0.0425531914893617,0.7809999999999999,0.045,0.955,0.9408866995073892,705,400,False
model,0.53,0.6,2.0,0.2,score_point,0.0425531914893617,0.7819999999999999,0.13,0.87,0.8946015424164524,705,400,False
model,0.14,0.7,3.5,0.2,score_point,0.0425531914893617,0.7909999999999999,0.0325,0.9675,0.9473684210526316,705,400,False
model,0.6,0.2,3.5,0.2,score_point,0.0425531914893617,0.7939999999999999,0.18,0.82,0.8654353562005277,705,400,False
model,0.5,0.4,3.5,0.2,score_point,0.0425531914893617,0.79525,0.1275,0.8725,0.8960205391527599,705,400,False
model,0.61,0.2,3.5,0.2,score_point,0.0425531914893617,0.8269999999999998,0.19,0.81,0.8594164456233423,705,400,False
model,0.41,0.7,2.0,0.2,score_point,0.0425531914893617,0.8332499999999999,0.1025,0.8975,0.9100126742712293,705,400,False
model,0.08,0.8,3.0,0.2,score_point,0.0425531914893617,0.8384999999999999,0.0175,0.9825,0.9550425273390036,705,400,False
model,0.09,0.8,3.0,0.2,score_point,0.0425531914893617,0.8440000000000001,0.02,0.98,0.9537712895377128,705,400,False
model,0.42,0.7,2.0,0.2,score_point,0.0425531914893617,0.8462499999999998,0.1125,0.8875,0.9044585987261146,705,400,False
model,0.43,0.7,2.0,0.2,score_point,0.0425531914893617,0.8462499999999998,0.1125,0.8875,0.9044585987261146,705,400,False
model,0.44,0.7,2.0,0.2,score_point,0.0425531914893617,0.8462499999999998,0.1125,0.8875,0.9044585987261146,705,400,False
model,0.45,0.7,2.0,0.2,score_point,0.0425531914893617,0.8494999999999999,0.115,0.885,0.903061224489796,705,400,False
model,0.46,0.7,2.0,0.2,score_point,0.0425531914893617,0.8527499999999998,0.1175,0.8825,0.9016602809706258,705,400,False
model,0.47,0.7,2.0,0.2,score_point,0.0425531914893617,0.8527499999999998,0.1175,0.8825,0.9016602809706258,705,400,False
model,0.1,0.8,3.0,0.2,score_point,0.0425531914893617,0.855,0.025,0.975,0.951219512195122,705,400,False
model,0.11,0.8,3.0,0.2,score_point,0.0425531914893617,0.855,0.025,0.975,0.951219512195122,705,400,False
model,0.48,0.7,2.0,0.2,score_point,0.0425531914893617,0.8559999999999998,0.12,0.88,0.9002557544757034,705,400,False
model,0.49,0.7,2.0,0.2,score_point,0.0425531914893617,0.8592499999999998,0.1225,0.8775,0.8988476312419974,705,400,False
model,0.17,0.8,2.5,0.2,score_point,0.0425531914893617,0.8595,0.035,0.965,0.9460784313725491,705,400,False
model,0.62,0.2,3.5,0.2,score_point,0.0425531914893617,0.8599999999999999,0.2,0.8,0.8533333333333333,705,400,False
model,0.12,0.8,3.0,0.2,score_point,0.0425531914893617,0.8604999999999999,0.0275,0.9725,0.9499389499389499,705,400,False
model,0.18,0.8,2.5,0.2,score_point,0.0425531914893617,0.86375,0.0375,0.9625,0.9447852760736196,705,400,False
model,0.5,0.7,2.0,0.2,score_point,0.0425531914893617,0.8657499999999999,0.1275,0.8725,0.8960205391527599,705,400,False
model,0.13,0.8,3.0,0.2,score_point,0.0425531914893617,0.866,0.03,0.97,0.9486552567237163,705,400,False
model,0.19,0.8,2.5,0.2,score_point,0.0425531914893617,0.8680000000000001,0.04,0.96,0.9434889434889435,705,400,False
model,0.28,0.8,2.0,0.2,score_point,0.0425531914893617,0.8690000000000001,0.0575,0.9425,0.9343246592317225,705,400,False
model,0.29,0.8,2.0,0.2,score_point,0.0425531914893617,0.8690000000000001,0.0575,0.9425,0.9343246592317225,705,400,False
model,0.3,0.8,2.0,0.2,score_point,0.0425531914893617,0.8690000000000001,0.0575,0.9425,0.9343246592317225,705,400,False
model,0.2,0.8,2.5,0.2,score_point,0.0425531914893617,0.8722500000000001,0.0425,0.9575,0.942189421894219,705,400,False
model,0.21,0.8,2.5,0.2,score_point,0.0425531914893617,0.8722500000000001,0.0425,0.9575,0.942189421894219,705,400,False
model,0.31,0.8,2.0,0.2,score_point,0.0425531914893617,0.875,0.0625,0.9375,0.9316770186335404,705,400,False
model,0.32,0.8,2.0,0.2,score_point,0.0425531914893617,0.8780000000000001,0.065,0.935,0.9303482587064678,705,400,False
model,0.33,0.8,2.0,0.2,score_point,0.0425531914893617,0.89,0.075,0.925,0.925,705,400,False
model,0.34,0.8,2.0,0.2,score_point,0.0425531914893617,0.89,0.075,0.925,0.925,705,400,False
model,0.35,0.8,2.0,0.2,score_point,0.0425531914893617,0.8960000000000001,0.08,0.92,0.9223057644110277,705,400,False
model,0.36,0.8,2.0,0.2,score_point,0.0425531914893617,0.899,0.0825,0.9175,0.9209535759096612,705,400,False
model,0.37,0.8,2.0,0.2,score_point,0.0425531914893617,0.9020000000000001,0.085,0.915,0.9195979899497487,705,400,False
model,0.38,0.8,2.0,0.2,score_point,0.0425531914893617,0.9080000000000001,0.09,0.91,0.9168765743073047,705,400,False
model,0.8,0.2,2.0,0.2,score_point,0.0425531914893617,0.956,0.42,0.58,0.7009063444108761,705,400,False
model,0.16,0.9,2.5,0.2,score_point,0.0425531914893617,0.9560000000000002,0.035,0.965,0.9460784313725491,705,400,False
model,0.27,0.9,2.0,0.2,score_point,0.0425531914893617,0.9632500000000002,0.0575,0.9425,0.9343246592317225,705,400,False
model,0.28,0.9,2.0,0.2,score_point,0.0425531914893617,0.9632500000000002,0.0575,0.9425,0.9343246592317225,705,400,False
model,0.29,0.9,2.0,0.2,score_point,0.0425531914893617,0.9632500000000002,0.0575,0.9425,0.9343246592317225,705,400,False
model,0.3,0.9,2.0,0.2,score_point,0.0425531914893617,0.9632500000000002,0.0575,0.9425,0.9343246592317225,705,400,False
model,0.31,0.9,2.0,0.2,score_point,0.0425531914893617,0.9687500000000001,0.0625,0.9375,0.9316770186335404,705,400,False
model,0.32,0.9,2.0,0.2,score_point,0.0425531914893617,0.9715000000000003,0.065,0.935,0.9303482587064678,705,400,False
model,0.33,0.9,2.0,0.2,score_point,0.0425531914893617,0.9825000000000002,0.075,0.925,0.925,705,400,False
model,0.34,0.9,2.0,0.2,score_point,0.0425531914893617,0.9825000000000002,0.075,0.925,0.925,705,400,False
model,0.81,0.2,2.0,0.2,score_point,0.0425531914893617,0.9875,0.4375,0.5625,0.6870229007633588,705,400,False
model,0.35,0.9,2.0,0.2,score_point,0.0425531914893617,0.9880000000000002,0.08,0.92,0.9223057644110277,705,400,False
model,0.36,0.9,2.0,0.2,score_point,0.0425531914893617,0.9907500000000001,0.0825,0.9175,0.9209535759096612,705,400,False
model,0.37,0.9,2.0,0.2,score_point,0.0425531914893617,0.9935000000000003,0.085,0.915,0.9195979899497487,705,400,False
model,0.38,0.9,2.0,0.2,score_point,0.0425531914893617,0.9990000000000002,0.09,0.91,0.9168765743073047,705,400,False
model,0.04,1.0,2.5,0.2,score_point,0.0425531914893617,1.01125,0.0075,0.9925,0.9600967351874244,705,400,False
model,0.02,1.0,3.0,0.2,score_point,0.0425531914893617,1.015,0.0075,0.9925,0.9600967351874244,705,400,False
model,0.05,1.0,2.5,0.2,score_point,0.0425531914893617,1.01875,0.0125,0.9875,0.9575757575757576,705,400,False
model,0.82,0.2,2.0,0.2,score_point,0.0425531914893617,1.0234999999999999,0.4575,0.5425,0.6707882534775889,705,400,False
model,0.27,1.0,2.0,0.2,score_point,0.0425531914893617,1.0575,0.0575,0.9425,0.9343246592317225,705,400,False
model,0.28,1.0,2.0,0.2,score_point,0.0425531914893617,1.0575,0.0575,0.9425,0.9343246592317225,705,400,False
model,0.29,1.0,2.0,0.2,score_point,0.0425531914893617,1.0575,0.0575,0.9425,0.9343246592317225,705,400,False
model,0.3,1.0,2.0,0.2,score_point,0.0425531914893617,1.0575,0.0575,0.9425,0.9343246592317225,705,400,False
model,0.31,1.0,2.0,0.2,score_point,0.0425531914893617,1.0625,0.0625,0.9375,0.9316770186335404,705,400,False
model,0.32,1.0,2.0,0.2,score_point,0.0425531914893617,1.065,0.065,0.935,0.9303482587064678,705,400,False
model,0.33,1.0,2.0,0.2,score_point,0.0425531914893617,1.075,0.075,0.925,0.925,705,400,False
model,0.34,1.0,2.0,0.2,score_point,0.0425531914893617,1.075,0.075,0.925,0.925,705,400,False
model,0.35,1.0,2.0,0.2,score_point,0.0425531914893617,1.08,0.08,0.92,0.9223057644110277,705,400,False
model,0.36,1.0,2.0,0.2,score_point,0.0425531914893617,1.0825,0.0825,0.9175,0.9209535759096612,705,400,False
model,0.37,1.0,2.0,0.2,score_point,0.0425531914893617,1.085,0.085,0.915,0.9195979899497487,705,400,False
model,0.38,1.0,2.0,0.2,score_point,0.0425531914893617,1.09,0.09,0.91,0.9168765743073047,705,400,False
model,0.27,0.5,3.5,0.2,score_point,0.04397163120567376,0.6725,0.0575,0.9425,0.9331683168316832,705,400,False
model,0.4,0.5,2.5,0.2,score_point,0.04397163120567376,0.69,0.095,0.905,0.9129886506935688,705,400,False
model,0.55,0.4,2.5,0.2,score_point,0.04397163120567376,0.715,0.15,0.85,0.881971465629053,705,400,False
model,0.53,0.3,3.5,0.2,score_point,0.04397163120567376,0.716,0.13,0.87,0.8934531450577664,705,400,False
model,0.41,0.4,3.5,0.2,score_point,0.04397163120567376,0.7177500000000001,0.1025,0.8975,0.908860759493671,705,400,False
model,0.57,0.2,3.5,0.2,score_point,0.04397163120567376,0.7197499999999999,0.1575,0.8425,0.8776041666666666,705,400,False
model,0.25,0.6,3.0,0.2,score_point,0.04397163120567376,0.7259999999999998,0.0525,0.9475,0.9358024691358025,705,400,False
model,0.23,0.6,3.5,0.2,score_point,0.04397163120567376,0.7304999999999998,0.045,0.955,0.9397293972939729,705,400,False
model,0.26,0.6,3.0,0.2,score_point,0.04397163120567376,0.7319999999999999,0.055,0.945,0.934487021013597,705,400,False
model,0.52,0.4,3.0,0.2,score_point,0.04397163120567376,0.7380000000000001,0.13,0.87,0.8934531450577664,705,400,False
model,0.58,0.2,3.5,0.2,score_point,0.04397163120567376,0.7444999999999999,0.165,0.835,0.873202614379085,705,400,False
model,0.42,0.4,3.5,0.2,score_point,0.04397163120567376,0.7487500000000001,0.1125,0.8875,0.9033078880407125,705,400,False
model,0.08,0.7,3.5,0.2,score_point,0.04397163120567376,0.7490000000000001,0.0175,0.9825,0.9538834951456311,705,400,False
model,0.63,0.3,2.5,0.2,score_point,0.04397163120567376,0.7509999999999999,0.205,0.795,0.84913217623498,705,400,False
model,0.09,0.7,3.5,0.2,score_point,0.04397163120567376,0.7559999999999999,0.02,0.98,0.9526123936816525,705,400,False
model,0.71,0.3,2.0,0.2,score_point,0.04397163120567376,0.7632499999999999,0.2725,0.7275,0.8060941828254847,705,400,False
model,0.59,0.2,3.5,0.2,score_point,0.04397163120567376,0.76925,0.1725,0.8275,0.868766404199475,705,400,False
model,0.1,0.7,3.5,0.2,score_point,0.04397163120567376,0.77,0.025,0.975,0.9500609013398293,705,400,False
model,0.11,0.7,3.5,0.2,score_point,0.04397163120567376,0.77,0.025,0.975,0.9500609013398293,705,400,False
model,0.68,0.2,2.5,0.2,score_point,0.04397163120567376,0.775,0.25,0.75,0.8207934336525308,705,400,False
model,0.12,0.7,3.5,0.2,score_point,0.04397163120567376,0.777,0.0275,0.9725,0.9487804878048781,705,400,False
model,0.72,0.3,2.0,0.2,score_point,0.04397163120567376,0.7802500000000001,0.2825,0.7175,0.7994428969359331,705,400,False
model,0.16,0.7,3.0,0.2,score_point,0.04397163120567376,0.7805000000000001,0.035,0.965,0.944920440636475,705,400,False
model,0.22,0.7,2.5,0.2,score_point,0.04397163120567376,0.7809999999999999,0.045,0.955,0.9397293972939729,705,400,False
model,0.52,0.6,2.0,0.2,score_point,0.04397163120567376,0.7819999999999999,0.13,0.87,0.8934531450577664,705,400,False
model,0.13,0.7,3.5,0.2,score_point,0.04397163120567376,0.784,0.03,0.97,0.9474969474969476,705,400,False
model,0.69,0.2,2.5,0.2,score_point,0.04397163120567376,0.7865000000000001,0.255,0.745,0.8175582990397805,705,400,False
model,0.7,0.2,2.5,0.2,score_point,0.04397163120567376,0.7979999999999999,0.26,0.74,0.8143053645116918,705,400,False
model,0.68,0.4,2.0,0.2,score_point,0.04397163120567376,0.8000000000000002,0.25,0.75,0.8207934336525308,705,400,False
model,0.73,0.3,2.0,0.2,score_point,0.04397163120567376,0.8057500000000001,0.2975,0.7025,0.7893258426966292,705,400,False
model,0.63,0.5,2.0,0.2,score_point,0.04397163120567376,0.8075,0.205,0.795,0.84913217623498,705,400,False
model,0.69,0.4,2.0,0.2,score_point,0.04397163120567376,0.8080000000000002,0.255,0.745,0.8175582990397805,705,400,False
model,0.7,0.4,2.0,0.2,score_point,0.04397163120567376,0.816,0.26,0.74,0.8143053645116918,705,400,False
model,0.74,0.3,2.0,0.2,score_point,0.04397163120567376,0.8227500000000001,0.3075,0.6925,0.7824858757062148,705,400,False
model,0.39,0.7,2.0,0.2,score_point,0.04397163120567376,0.8234999999999998,0.095,0.905,0.9129886506935688,705,400,False
model,0.4,0.7,2.0,0.2,score_point,0.04397163120567376,0.8234999999999998,0.095,0.905,0.9129886506935688,705,400,False
model,0.06,0.8,3.0,0.2,score_point,0.04397163120567376,0.8275,0.0125,0.9875,0.9564164648910412,705,400,False
model,0.07,0.8,3.0,0.2,score_point,0.04397163120567376,0.8275,0.0125,0.9875,0.9564164648910412,705,400,False
model,0.05,0.8,3.5,0.2,score_point,0.04397163120567376,0.83375,0.0125,0.9875,0.9564164648910412,705,400,False
model,0.75,0.3,2.0,0.2,score_point,0.04397163120567376,0.8440000000000001,0.32,0.68,0.7738264580369845,705,400,False
model,0.27,0.8,2.0,0.2,score_point,0.04397163120567376,0.8690000000000001,0.0575,0.9425,0.9331683168316832,705,400,False
model,0.76,0.3,2.0,0.2,score_point,0.04397163120567376,0.8780000000000001,0.34,0.66,0.7597122302158273,705,400,False
model,0.04,0.9,3.0,0.2,score_point,0.04397163120567376,0.9157500000000002,0.0075,0.9925,0.9589371980676329,705,400,False
model,0.77,0.3,2.0,0.2,score_point,0.04397163120567376,0.91625,0.3625,0.6375,0.7434402332361516,705,400,False
model,0.03,0.9,3.5,0.2,score_point,0.04397163120567376,0.9195000000000002,0.0075,0.9925,0.9589371980676329,705,400,False
model,0.79,0.2,2.0,0.2,score_point,0.04397163120567376,0.92,0.4,0.6,0.7153502235469449,705,400,False
model,0.05,0.9,3.0,0.2,score_point,0.04397163120567376,0.9262500000000002,0.0125,0.9875,0.9564164648910412,705,400,False
model,0.78,0.3,2.0,0.2,score_point,0.04397163120567376,0.946,0.38,0.62,0.7304860088365243,705,400,False
model,0.14,0.9,2.5,0.2,score_point,0.04397163120567376,0.9520000000000002,0.0325,0.9675,0.9462102689486553,705,400,False
model,0.15,0.9,2.5,0.2,score_point,0.04397163120567376,0.9560000000000002,0.035,0.965,0.944920440636475,705,400,False
model,0.25,1.0,2.0,0.2,score_point,0.04397163120567376,1.0525,0.0525,0.9475,0.9358024691358025,705,400,False
model,0.26,1.0,2.0,0.2,score_point,0.04397163120567376,1.055,0.055,0.945,0.934487021013597,705,400,False
model,0.65,0.2,2.5,0.2,score_point,0.04539007092198582,0.68875,0.2125,0.7875,0.8433734939759037,705,400,False
model,0.39,0.5,2.5,0.2,score_point,0.04539007092198582,0.69,0.095,0.905,0.9118387909319899,705,400,False
model,0.54,0.3,3.0,0.2,score_point,0.04539007092198582,0.6914999999999999,0.145,0.855,0.8837209302325582,705,400,False
model,0.4,0.4,3.5,0.2,score_point,0.04539007092198582,0.6945000000000001,0.095,0.905,0.9118387909319899,705,400,False
model,0.6,0.3,2.5,0.2,score_point,0.04539007092198582,0.696,0.18,0.82,0.8631578947368421,705,400,False
model,0.56,0.2,3.5,0.2,score_point,0.04539007092198582,0.7032499999999999,0.1525,0.8475,0.879377431906615,705,400,False
model,0.54,0.4,2.5,0.2,score_point,0.04539007092198582,0.7045000000000001,0.145,0.855,0.8837209302325582,705,400,False
model,0.66,0.2,2.5,0.2,score_point,0.04539007092198582,0.706,0.22,0.78,0.8387096774193548,705,400,False
model,0.28,0.6,2.5,0.2,score_point,0.04539007092198582,0.7092499999999998,0.0575,0.9425,0.9320148331273177,705,400,False
model,0.61,0.3,2.5,0.2,score_point,0.04539007092198582,0.7180000000000001,0.19,0.81,0.8571428571428572,705,400,False
model,0.24,0.6,3.0,0.2,score_point,0.04539007092198582,0.7199999999999999,0.05,0.95,0.9359605911330049,705,400,False
model,0.55,0.5,2.0,0.2,score_point,0.04539007092198582,0.725,0.15,0.85,0.8808290155440415,705,400,False
model,0.56,0.5,2.0,0.2,score_point,0.04539007092198582,0.72875,0.1525,0.8475,0.879377431906615,705,400,False
model,0.22,0.6,3.5,0.2,score_point,0.04539007092198582,0.7304999999999998,0.045,0.955,0.9385749385749386,705,400,False
model,0.67,0.2,2.5,0.2,score_point,0.04539007092198582,0.7347499999999999,0.2325,0.7675,0.8308525033829498,705,400,False
model,0.57,0.5,2.0,0.2,score_point,0.04539007092198582,0.73625,0.1575,0.8425,0.8764629388816645,705,400,False
model,0.51,0.4,3.0,0.2,score_point,0.04539007092198582,0.7380000000000001,0.13,0.87,0.8923076923076922,705,400,False
model,0.62,0.3,2.5,0.2,score_point,0.04539007092198582,0.74,0.2,0.8,0.8510638297872342,705,400,False
model,0.65,0.4,2.0,0.2,score_point,0.04539007092198582,0.74,0.2125,0.7875,0.8433734939759037,705,400,False
model,0.58,0.5,2.0,0.2,score_point,0.04539007092198582,0.7475,0.165,0.835,0.8720626631853786,705,400,False
model,0.66,0.4,2.0,0.2,score_point,0.04539007092198582,0.752,0.22,0.78,0.8387096774193548,705,400,False
model,0.59,0.5,2.0,0.2,score_point,0.04539007092198582,0.75875,0.1725,0.8275,0.8676277850589776,705,400,False
model,0.6,0.5,2.0,0.2,score_point,0.04539007092198582,0.77,0.18,0.82,0.8631578947368421,705,400,False
model,0.67,0.4,2.0,0.2,score_point,0.04539007092198582,0.7720000000000001,0.2325,0.7675,0.8308525033829498,705,400,False
model,0.63,0.2,3.0,0.2,score_point,0.04539007092198582,0.774,0.205,0.795,0.848,705,400,False
model,0.28,0.7,2.0,0.2,score_point,0.04539007092198582,0.7747499999999999,0.0575,0.9425,0.9320148331273177,705,400,False
model,0.29,0.7,2.0,0.2,score_point,0.04539007092198582,0.7747499999999999,0.0575,0.9425,0.9320148331273177,705,400,False
model,0.3,0.7,2.0,0.2,score_point,0.04539007092198582,0.7747499999999999,0.0575,0.9425,0.9320148331273177,705,400,False
model,0.14,0.7,3.0,0.2,score_point,0.04539007092198582,0.77475,0.0325,0.9675,0.945054945054945,705,400,False
model,0.15,0.7,3.0,0.2,score_point,0.04539007092198582,0.7805000000000001,0.035,0.965,0.9437652811735943,705,400,False
model,0.31,0.7,2.0,0.2,score_point,0.04539007092198582,0.78125,0.0625,0.9375,0.9293680297397771,705,400,False
model,0.51,0.6,2.0,0.2,score_point,0.04539007092198582,0.7819999999999999,0.13,0.87,0.8923076923076922,705,400,False
model,0.32,0.7,2.0,0.2,score_point,0.04539007092198582,0.7844999999999999,0.065,0.935,0.9280397022332506,705,400,False
model,0.61,0.5,2.0,0.2,score_point,0.04539007092198582,0.785,0.19,0.81,0.8571428571428572,705,400,False
model,0.33,0.7,2.0,0.2,score_point,0.04539007092198582,0.7975,0.075,0.925,0.9226932668329176,705,400,False
model,0.34,0.7,2.0,0.2,score_point,0.04539007092198582,0.7975,0.075,0.925,0.9226932668329176,705,400,False
model,0.62,0.5,2.0,0.2,score_point,0.04539007092198582,0.8,0.2,0.8,0.8510638297872342,705,400,False
model,0.35,0.7,2.0,0.2,score_point,0.04539007092198582,0.8039999999999999,0.08,0.92,0.92,705,400,False
model,0.36,0.7,2.0,0.2,score_point,0.04539007092198582,0.8072499999999999,0.0825,0.9175,0.9186483103879849,705,400,False
model,0.37,0.7,2.0,0.2,score_point,0.04539007092198582,0.8104999999999998,0.085,0.915,0.9172932330827068,705,400,False
model,0.38,0.7,2.0,0.2,score_point,0.04539007092198582,0.8169999999999998,0.09,0.91,0.9145728643216081,705,400,False
model,0.16,0.8,2.5,0.2,score_point,0.04539007092198582,0.8595,0.035,0.965,0.9437652811735943,705,400,False
model,0.08,0.9,2.5,0.2,score_point,0.04539007092198582,0.9280000000000003,0.0175,0.9825,0.9527272727272728,705,400,False
model,0.09,0.9,2.5,0.2,score_point,0.04539007092198582,0.9320000000000002,0.02,0.98,0.9514563106796116,705,400,False
model,0.1,0.9,2.5,0.2,score_point,0.04539007092198582,0.9400000000000003,0.025,0.975,0.948905109489051,705,400,False
model,0.11,0.9,2.5,0.2,score_point,0.04539007092198582,0.9400000000000003,0.025,0.975,0.948905109489051,705,400,False
model,0.12,0.9,2.5,0.2,score_point,0.04539007092198582,0.9440000000000002,0.0275,0.9725,0.9476248477466505,705,400,False
model,0.13,0.9,2.5,0.2,score_point,0.04539007092198582,0.9480000000000001,0.03,0.97,0.9463414634146342,705,400,False
model,0.25,0.9,2.0,0.2,score_point,0.04539007092198582,0.9577500000000002,0.0525,0.9475,0.9346485819975339,705,400,False
model,0.26,0.9,2.0,0.2,score_point,0.04539007092198582,0.9605000000000001,0.055,0.945,0.9333333333333333,705,400,False
model,0.03,1.0,2.5,0.2,score_point,0.04539007092198582,1.01125,0.0075,0.9925,0.9577804583835947,705,400,False
model,0.23,1.0,2.0,0.2,score_point,0.04539007092198582,1.045,0.045,0.955,0.9385749385749386,705,400,False
model,0.24,1.0,2.0,0.2,score_point,0.04539007092198582,1.05,0.05,0.95,0.9359605911330049,705,400,False
model,0.28,0.5,3.0,0.2,score_point,0.04680851063829787,0.64375,0.0575,0.9425,0.9308641975308642,705,400,False
model,0.57,0.3,2.5,0.2,score_point,0.04680851063829787,0.6465000000000001,0.1575,0.8425,0.8753246753246753,705,400,False
model,0.25,0.5,3.5,0.2,score_point,0.04680851063829787,0.6575,0.0525,0.9475,0.9334975369458128,705,400,False
model,0.58,0.3,2.5,0.2,score_point,0.04680851063829787,0.6629999999999999,0.165,0.835,0.8709256844850065,705,400,False
model,0.26,0.5,3.5,0.2,score_point,0.04680851063829787,0.665,0.055,0.945,0.9321824907521579,705,400,False
model,0.59,0.3,2.5,0.2,score_point,0.04680851063829787,0.6794999999999999,0.1725,0.8275,0.8664921465968586,705,400,False
model,0.64,0.2,2.5,0.2,score_point,0.04680851063829787,0.68875,0.2125,0.7875,0.8422459893048129,705,400,False
model,0.43,0.4,3.0,0.2,score_point,0.04680851063829787,0.6925000000000003,0.1125,0.8875,0.9010152284263958,705,400,False
model,0.44,0.4,3.0,0.2,score_point,0.04680851063829787,0.6925000000000003,0.1125,0.8875,0.9010152284263958,705,400,False
model,0.39,0.4,3.5,0.2,score_point,0.04680851063829787,0.6945000000000001,0.095,0.905,0.9106918238993711,705,400,False
model,0.55,0.2,3.5,0.2,score_point,0.04680851063829787,0.695,0.15,0.85,0.8796895213454076,705,400,False
model,0.45,0.4,3.0,0.2,score_point,0.04680851063829787,0.6990000000000001,0.115,0.885,0.8996188055908513,705,400,False
model,0.6,0.2,3.0,0.2,score_point,0.04680851063829787,0.7040000000000001,0.18,0.82,0.862023653088042,705,400,False
model,0.46,0.4,3.0,0.2,score_point,0.04680851063829787,0.7055000000000001,0.1175,0.8825,0.8982188295165394,705,400,False
model,0.47,0.4,3.0,0.2,score_point,0.04680851063829787,0.7055000000000001,0.1175,0.8825,0.8982188295165394,705,400,False
model,0.27,0.6,2.5,0.2,score_point,0.04680851063829787,0.7092499999999998,0.0575,0.9425,0.9308641975308642,705,400,False
model,0.48,0.4,3.0,0.2,score_point,0.04680851063829787,0.7120000000000002,0.12,0.88,0.8968152866242038,705,400,False
model,0.52,0.3,3.5,0.2,score_point,0.04680851063829787,0.716,0.13,0.87,0.8911651728553137,705,400,False
model,0.54,0.5,2.0,0.2,score_point,0.04680851063829787,0.7175,0.145,0.855,0.8825806451612904,705,400,False
model,0.49,0.4,3.0,0.2,score_point,0.04680851063829787,0.7185000000000002,0.1225,0.8775,0.895408163265306,705,400,False
model,0.5,0.4,3.0,0.2,score_point,0.04680851063829787,0.7315,0.1275,0.8725,0.8925831202046037,705,400,False
model,0.61,0.2,3.0,0.2,score_point,0.04680851063829787,0.7319999999999999,0.19,0.81,0.8560105680317042,705,400,False
model,0.07,0.7,3.5,0.2,score_point,0.04680851063829787,0.735,0.0125,0.9875,0.9541062801932368,705,400,False
model,0.64,0.4,2.0,0.2,score_point,0.04680851063829787,0.74,0.2125,0.7875,0.8422459893048129,705,400,False
model,0.08,0.7,3.0,0.2,score_point,0.04680851063829787,0.7402500000000001,0.0175,0.9825,0.9515738498789347,705,400,False
model,0.09,0.7,3.0,0.2,score_point,0.04680851063829787,0.7460000000000001,0.02,0.98,0.9503030303030302,705,400,False
model,0.43,0.6,2.0,0.2,score_point,0.04680851063829787,0.7574999999999997,0.1125,0.8875,0.9010152284263958,705,400,False
model,0.44,0.6,2.0,0.2,score_point,0.04680851063829787,0.7574999999999997,0.1125,0.8875,0.9010152284263958,705,400,False
model,0.1,0.7,3.0,0.2,score_point,0.04680851063829787,0.7575,0.025,0.975,0.9477521263669503,705,400,False
model,0.11,0.7,3.0,0.2,score_point,0.04680851063829787,0.7575,0.025,0.975,0.9477521263669503,705,400,False
model,0.62,0.2,3.0,0.2,score_point,0.04680851063829787,0.76,0.2,0.8,0.849933598937583,705,400,False
model,0.45,0.6,2.0,0.2,score_point,0.04680851063829787,0.7609999999999999,0.115,0.885,0.8996188055908513,705,400,False
model,0.17,0.7,2.5,0.2,score_point,0.04680851063829787,0.7630000000000001,0.035,0.965,0.9426129426129426,705,400,False
model,0.12,0.7,3.0,0.2,score_point,0.04680851063829787,0.76325,0.0275,0.9725,0.9464720194647201,705,400,False
model,0.46,0.6,2.0,0.2,score_point,0.04680851063829787,0.7644999999999998,0.1175,0.8825,0.8982188295165394,705,400,False
model,0.47,0.6,2.0,0.2,score_point,0.04680851063829787,0.7644999999999998,0.1175,0.8825,0.8982188295165394,705,400,False
model,0.18,0.7,2.5,0.2,score_point,0.04680851063829787,0.7675,0.0375,0.9625,0.9413202933985331,705,400,False
model,0.48,0.6,2.0,0.2,score_point,0.04680851063829787,0.7679999999999998,0.12,0.88,0.8968152866242038,705,400,False
model,0.13,0.7,3.0,0.2,score_point,0.04680851063829787,0.769,0.03,0.97,0.9451887941534713,705,400,False
model,0.49,0.6,2.0,0.2,score_point,0.04680851063829787,0.7714999999999997,0.1225,0.8775,0.895408163265306,705,400,False
model,0.19,0.7,2.5,0.2,score_point,0.04680851063829787,0.772,0.04,0.96,0.9400244798041616,705,400,False
model,0.27,0.7,2.0,0.2,score_point,0.04680851063829787,0.7747499999999999,0.0575,0.9425,0.9308641975308642,705,400,False
model,0.2,0.7,2.5,0.2,score_point,0.04680851063829787,0.7765000000000001,0.0425,0.9575,0.9387254901960784,705,400,False
model,0.21,0.7,2.5,0.2,score_point,0.04680851063829787,0.7765000000000001,0.0425,0.9575,0.9387254901960784,705,400,False
model,0.5,0.6,2.0,0.2,score_point,0.04680851063829787,0.7785,0.1275,0.8725,0.8925831202046037,705,400,False
model,0.04,0.8,3.5,0.2,score_point,0.04680851063829787,0.82025,0.0075,0.9925,0.9566265060240964,705,400,False
model,0.05,0.8,3.0,0.2,score_point,0.04680851063829787,0.8275,0.0125,0.9875,0.9541062801932368,705,400,False
model,0.77,0.2,2.0,0.2,score_point,0.04680851063829787,0.8525,0.3625,0.6375,0.7412790697674417,705,400,False
model,0.14,0.8,2.5,0.2,score_point,0.04680851063829787,0.8552500000000001,0.0325,0.9675,0.9439024390243901,705,400,False
model,0.15,0.8,2.5,0.2,score_point,0.04680851063829787,0.8595,0.035,0.965,0.9426129426129426,705,400,False
model,0.25,0.8,2.0,0.2,score_point,0.04680851063829787,0.8630000000000001,0.0525,0.9475,0.9334975369458128,705,400,False
model,0.26,0.8,2.0,0.2,score_point,0.04680851063829787,0.8660000000000001,0.055,0.945,0.9321824907521579,705,400,False
model,0.78,0.2,2.0,0.2,score_point,0.04680851063829787,0.884,0.38,0.62,0.7283406754772395,705,400,False
model,0.03,0.9,3.0,0.2,score_point,0.04680851063829787,0.9157500000000002,0.0075,0.9925,0.9566265060240964,705,400,False
model,0.02,0.9,3.5,0.2,score_point,0.04680851063829787,0.9195000000000002,0.0075,0.9925,0.9566265060240964,705,400,False
model,0.06,0.9,2.5,0.2,score_point,0.04680851063829787,0.9200000000000003,0.0125,0.9875,0.9541062801932368,705,400,False
model,0.07,0.9,2.5,0.2,score_point,0.04680851063829787,0.9200000000000003,0.0125,0.9875,0.9541062801932368,705,400,False
model,0.24,0.9,2.0,0.2,score_point,0.04680851063829787,0.9550000000000003,0.05,0.95,0.9348093480934809,705,400,False
model,0.22,1.0,2.0,0.2,score_point,0.04680851063829787,1.045,0.045,0.955,0.9374233128834355,705,400,False
model,0.29,0.5,2.5,0.2,score_point,0.04822695035460993,0.615,0.0575,0.9425,0.9297163995067818,705,400,False
model,0.3,0.5,2.5,0.2,score_point,0.04822695035460993,0.615,0.0575,0.9425,0.9297163995067818,705,400,True
model,0.31,0.5,2.5,0.2,score_point,0.04822695035460993,0.625,0.0625,0.9375,0.927070457354759,705,400,False
model,0.32,0.5,2.5,0.2,score_point,0.04822695035460993,0.63,0.065,0.935,0.9257425742574258,705,400,False
model,0.56,0.3,2.5,0.2,score_point,0.04822695035460993,0.6355,0.1525,0.8475,0.8771021992238034,705,400,False
model,0.57,0.2,3.0,0.2,score_point,0.04822695035460993,0.6409999999999999,0.1575,0.8425,0.874189364461738,705,400,False
model,0.27,0.5,3.0,0.2,score_point,0.04822695035460993,0.64375,0.0575,0.9425,0.9297163995067818,705,400,False
model,0.24,0.5,3.5,0.2,score_point,0.04822695035460993,0.65,0.05,0.95,0.9336609336609336,705,400,False
model,0.33,0.5,2.5,0.2,score_point,0.04822695035460993,0.65,0.075,0.925,0.9203980099502487,705,400,False
model,0.34,0.5,2.5,0.2,score_point,0.04822695035460993,0.65,0.075,0.925,0.9203980099502487,705,400,False
model,0.53,0.3,3.0,0.2,score_point,0.04822695035460993,0.6509999999999999,0.13,0.87,0.8900255754475703,705,400,False
model,0.35,0.5,2.5,0.2,score_point,0.04822695035460993,0.66,0.08,0.92,0.9177057356608479,705,400,False
model,0.58,0.2,3.0,0.2,score_point,0.04822695035460993,0.662,0.165,0.835,0.8697916666666666,705,400,False
model,0.36,0.5,2.5,0.2,score_point,0.04822695035460993,0.665,0.0825,0.9175,0.916354556803995,705,400,False
model,0.41,0.4,3.0,0.2,score_point,0.04822695035460993,0.6665000000000001,0.1025,0.8975,0.905422446406053,705,400,False
model,0.37,0.5,2.5,0.2,score_point,0.04822695035460993,0.67,0.085,0.915,0.915,705,400,False
model,0.53,0.4,2.5,0.2,score_point,0.04822695035460993,0.6730000000000002,0.13,0.87,0.8900255754475703,705,400,False
model,0.38,0.5,2.5,0.2,score_point,0.04822695035460993,0.68,0.09,0.91,0.912280701754386,705,400,False
model,0.59,0.2,3.0,0.2,score_point,0.04822695035460993,0.6829999999999999,0.1725,0.8275,0.865359477124183,705,400,False
model,0.42,0.4,3.0,0.2,score_point,0.04822695035460993,0.6925000000000003,0.1125,0.8875,0.899873257287706,705,400,False
model,0.53,0.5,2.0,0.2,score_point,0.04822695035460993,0.695,0.13,0.87,0.8900255754475703,705,400,False
model,0.23,0.6,3.0,0.2,score_point,0.04822695035460993,0.7079999999999999,0.045,0.955,0.9362745098039216,705,400,False
model,0.51,0.3,3.5,0.2,score_point,0.04822695035460993,0.716,0.13,0.87,0.8900255754475703,705,400,False
model,0.2,0.6,3.5,0.2,score_point,0.04822695035460993,0.7232499999999998,0.0425,0.9575,0.9375764993880048,705,400,False
model,0.21,0.6,3.5,0.2,score_point,0.04822695035460993,0.7232499999999998,0.0425,0.9575,0.9375764993880048,705,400,False
model,0.68,0.3,2.0,0.2,score_point,0.04822695035460993,0.725,0.25,0.75,0.8174386920980926,705,400,False
model,0.69,0.3,2.0,0.2,score_point,0.04822695035460993,0.7334999999999999,0.255,0.745,0.814207650273224,705,400,False
model,0.73,0.2,2.0,0.2,score_point,0.04822695035460993,0.7354999999999999,0.2975,0.7025,0.7860139860139861,705,400,False
model,0.7,0.3,2.0,0.2,score_point,0.04822695035460993,0.742,0.26,0.74,0.810958904109589,705,400,False
model,0.41,0.6,2.0,0.2,score_point,0.04822695035460993,0.7434999999999999,0.1025,0.8975,0.905422446406053,705,400,False
model,0.74,0.2,2.0,0.2,score_point,0.04822695035460993,0.7535,0.3075,0.6925,0.7791842475386778,705,400,False
model,0.42,0.6,2.0,0.2,score_point,0.04822695035460993,0.7574999999999997,0.1125,0.8875,0.899873257287706,705,400,False
model,0.75,0.2,2.0,0.2,score_point,0.04822695035460993,0.7759999999999999,0.32,0.68,0.7705382436260623,705,400,False
model,0.76,0.2,2.0,0.2,score_point,0.04822695035460993,0.8119999999999998,0.34,0.66,0.7564469914040115,705,400,False
model,0.08,0.8,2.5,0.2,score_point,0.04822695035460993,0.82975,0.0175,0.9825,0.950423216444982,705,400,False
model,0.09,0.8,2.5,0.2,score_point,0.04822695035460993,0.8340000000000001,0.02,0.98,0.9491525423728814,705,400,False
model,0.1,0.8,2.5,0.2,score_point,0.04822695035460993,0.8425,0.025,0.975,0.9466019417475728,705,400,False
model,0.11,0.8,2.5,0.2,score_point,0.04822695035460993,0.8425,0.025,0.975,0.9466019417475728,705,400,False
model,0.12,0.8,2.5,0.2,score_point,0.04822695035460993,0.84675,0.0275,0.9725,0.945321992709599,705,400,False
model,0.13,0.8,2.5,0.2,score_point,0.04822695035460993,0.851,0.03,0.97,0.9440389294403893,705,400,False
model,0.24,0.8,2.0,0.2,score_point,0.04822695035460993,0.86,0.05,0.95,0.9336609336609336,705,400,False
model,0.23,0.9,2.0,0.2,score_point,0.04822695035460993,0.9495000000000001,0.045,0.955,0.9362745098039216,705,400,False
model,0.02,1.0,2.5,0.2,score_point,0.04822695035460993,1.01125,0.0075,0.9925,0.9554753309265944,705,400,False
model,0.01,1.0,3.5,0.2,score_point,0.04822695035460993,1.0125,0.005,0.995,0.9567307692307692,705,400,False
model,0.14,1.0,2.0,0.2,score_point,0.04822695035460993,1.0325,0.0325,0.9675,0.9427527405602923,705,400,False
model,0.15,1.0,2.0,0.2,score_point,0.04822695035460993,1.035,0.035,0.965,0.9414634146341463,705,400,False
model,0.16,1.0,2.0,0.2,score_point,0.04822695035460993,1.035,0.035,0.965,0.9414634146341463,705,400,False
model,0.17,1.0,2.0,0.2,score_point,0.04822695035460993,1.035,0.035,0.965,0.9414634146341463,705,400,False
model,0.18,1.0,2.0,0.2,score_point,0.04822695035460993,1.0375,0.0375,0.9625,0.9401709401709402,705,400,False
model,0.19,1.0,2.0,0.2,score_point,0.04822695035460993,1.04,0.04,0.96,0.9388753056234719,705,400,False
model,0.2,1.0,2.0,0.2,score_point,0.04822695035460993,1.0425,0.0425,0.9575,0.9375764993880048,705,400,False
model,0.21,1.0,2.0,0.2,score_point,0.04822695035460993,1.0425,0.0425,0.9575,0.9375764993880048,705,400,False
model,0.56,0.2,3.0,0.2,score_point,0.04964539007092199,0.627,0.1525,0.8475,0.875968992248062,705,400,False
model,0.55,0.3,2.5,0.2,score_point,0.04964539007092199,0.6299999999999999,0.15,0.85,0.8774193548387097,705,400,False
model,0.4,0.4,3.0,0.2,score_point,0.04964539007092199,0.6470000000000001,0.095,0.905,0.9084065244667504,705,400,False
model,0.36,0.4,3.5,0.2,score_point,0.04964539007092199,0.6557500000000002,0.0825,0.9175,0.9152119700748129,705,400,False
model,0.43,0.3,3.5,0.2,score_point,0.04964539007092199,0.66,0.1125,0.8875,0.8987341772151898,705,400,False
model,0.44,0.3,3.5,0.2,score_point,0.04964539007092199,0.66,0.1125,0.8875,0.8987341772151898,705,400,False
model,0.65,0.3,2.0,0.2,score_point,0.04964539007092199,0.66125,0.2125,0.7875,0.84,705,400,False
model,0.37,0.4,3.5,0.2,score_point,0.04964539007092199,0.6635000000000001,0.085,0.915,0.9138576779026217,705,400,False
model,0.45,0.3,3.5,0.2,score_point,0.04964539007092199,0.6679999999999999,0.115,0.885,0.8973384030418251,705,400,False
model,0.66,0.3,2.0,0.2,score_point,0.04964539007092199,0.674,0.22,0.78,0.8353413654618473,705,400,False
model,0.46,0.3,3.5,0.2,score_point,0.04964539007092199,0.6759999999999999,0.1175,0.8825,0.8959390862944162,705,400,False
model,0.47,0.3,3.5,0.2,score_point,0.04964539007092199,0.6759999999999999,0.1175,0.8825,0.8959390862944162,705,400,False
model,0.54,0.2,3.5,0.2,score_point,0.04964539007092199,0.6785,0.145,0.855,0.8803088803088802,705,400,False
model,0.38,0.4,3.5,0.2,score_point,0.04964539007092199,0.679,0.09,0.91,0.9111389236545683,705,400,False
model,0.48,0.3,3.5,0.2,score_point,0.04964539007092199,0.6839999999999999,0.12,0.88,0.8945362134688691,705,400,False
model,0.71,0.2,2.0,0.2,score_point,0.04964539007092199,0.6905000000000001,0.2725,0.7275,0.8016528925619834,705,400,False
model,0.49,0.3,3.5,0.2,score_point,0.04964539007092199,0.6919999999999998,0.1225,0.8775,0.8931297709923663,705,400,False
model,0.52,0.5,2.0,0.2,score_point,0.04964539007092199,0.695,0.13,0.87,0.8888888888888888,705,400,False
model,0.67,0.3,2.0,0.2,score_point,0.04964539007092199,0.6952499999999999,0.2325,0.7675,0.8274932614555257,705,400,False
model,0.25,0.6,2.5,0.2,score_point,0.04964539007092199,0.6997499999999998,0.0525,0.9475,0.9312039312039312,705,400,False
model,0.17,0.6,3.5,0.2,score_point,0.04964539007092199,0.7014999999999998,0.035,0.965,0.9403166869671133,705,400,False
model,0.26,0.6,2.5,0.2,score_point,0.04964539007092199,0.7044999999999999,0.055,0.945,0.9298892988929889,705,400,False
model,0.22,0.6,3.0,0.2,score_point,0.04964539007092199,0.7079999999999999,0.045,0.955,0.9351285189718482,705,400,False
model,0.5,0.3,3.5,0.2,score_point,0.04964539007092199,0.7080000000000001,0.1275,0.8725,0.8903061224489797,705,400,False
model,0.72,0.2,2.0,0.2,score_point,0.04964539007092199,0.7085000000000001,0.2825,0.7175,0.7950138504155125,705,400,False
model,0.18,0.6,3.5,0.2,score_point,0.04964539007092199,0.7087499999999999,0.0375,0.9625,0.9390243902439025,705,400,False
model,0.19,0.6,3.5,0.2,score_point,0.04964539007092199,0.7159999999999997,0.04,0.96,0.9377289377289378,705,400,False
model,0.63,0.4,2.0,0.2,score_point,0.04964539007092199,0.7280000000000001,0.205,0.795,0.8446215139442231,705,400,False
model,0.07,0.7,3.0,0.2,score_point,0.04964539007092199,0.72875,0.0125,0.9875,0.9518072289156626,705,400,False
model,0.4,0.6,2.0,0.2,score_point,0.04964539007092199,0.7329999999999999,0.095,0.905,0.9084065244667504,705,400,False
model,0.06,0.7,3.5,0.2,score_point,0.04964539007092199,0.735,0.0125,0.9875,0.9518072289156626,705,400,False
model,0.16,0.7,2.5,0.2,score_point,0.04964539007092199,0.7630000000000001,0.035,0.965,0.9403166869671133,705,400,False
model,0.25,0.7,2.0,0.2,score_point,0.04964539007092199,0.7682499999999999,0.0525,0.9475,0.9312039312039312,705,400,False
model,0.26,0.7,2.0,0.2,score_point,0.04964539007092199,0.7715,0.055,0.945,0.9298892988929889,705,400,False
model,0.04,0.8,3.0,0.2,score_point,0.04964539007092199,0.8165,0.0075,0.9925,0.9543269230769231,705,400,False
model,0.03,0.8,3.5,0.2,score_point,0.04964539007092199,0.82025,0.0075,0.9925,0.9543269230769231,705,400,False
model,0.06,0.8,2.5,0.2,score_point,0.04964539007092199,0.82125,0.0125,0.9875,0.9518072289156626,705,400,False
model,0.07,0.8,2.5,0.2,score_point,0.04964539007092199,0.82125,0.0125,0.9875,0.9518072289156626,705,400,False
model,0.23,0.8,2.0,0.2,score_point,0.04964539007092199,0.8540000000000001,0.045,0.955,0.9351285189718482,705,400,False
model,0.04,0.9,2.5,0.2,score_point,0.04964539007092199,0.9120000000000001,0.0075,0.9925,0.9543269230769231,705,400,False
model,0.02,0.9,3.0,0.2,score_point,0.04964539007092199,0.9157500000000002,0.0075,0.9925,0.9543269230769231,705,400,False
model,0.05,0.9,2.5,0.2,score_point,0.04964539007092199,0.9200000000000003,0.0125,0.9875,0.9518072289156626,705,400,False
model,0.22,0.9,2.0,0.2,score_point,0.04964539007092199,0.9495000000000001,0.045,0.955,0.9351285189718482,705,400,False
model,0.01,1.0,3.0,0.2,score_point,0.04964539007092199,1.01,0.005,0.995,0.9555822328931572,705,400,False
model,0.06,1.0,2.0,0.2,score_point,0.04964539007092199,1.0125,0.0125,0.9875,0.9518072289156626,705,400,False
model,0.07,1.0,2.0,0.2,score_point,0.04964539007092199,1.0125,0.0125,0.9875,0.9518072289156626,705,400,False
model,0.08,1.0,2.0,0.2,score_point,0.04964539007092199,1.0175,0.0175,0.9825,0.9492753623188406,705,400,False
model,0.09,1.0,2.0,0.2,score_point,0.04964539007092199,1.02,0.02,0.98,0.9480048367593712,705,400,False
model,0.1,1.0,2.0,0.2,score_point,0.04964539007092199,1.025,0.025,0.975,0.9454545454545454,705,400,False
model,0.11,1.0,2.0,0.2,score_point,0.04964539007092199,1.025,0.025,0.975,0.9454545454545454,705,400,False
model,0.12,1.0,2.0,0.2,score_point,0.04964539007092199,1.0275,0.0275,0.9725,0.9441747572815534,705,400,False
model,0.13,1.0,2.0,0.2,score_point,0.04964539007092199,1.03,0.03,0.97,0.9428918590522479,705,400,False
model,0.55,0.2,3.0,0.2,score_point,0.05106382978723404,0.62,0.15,0.85,0.8762886597938143,705,400,False
model,0.41,0.3,3.5,0.2,score_point,0.05106382978723404,0.628,0.1025,0.8975,0.9031446540880502,705,400,False
model,0.25,0.5,3.0,0.2,score_point,0.05106382978723404,0.63125,0.0525,0.9475,0.9300613496932516,705,400,False
model,0.33,0.4,3.5,0.2,score_point,0.05106382978723404,0.6325000000000002,0.075,0.925,0.9181141439205954,705,400,False
model,0.34,0.4,3.5,0.2,score_point,0.05106382978723404,0.6325000000000002,0.075,0.925,0.9181141439205954,705,400,False
model,0.23,0.5,3.5,0.2,score_point,0.05106382978723404,0.635,0.045,0.955,0.9339853300733496,705,400,False
model,0.26,0.5,3.0,0.2,score_point,0.05106382978723404,0.6375,0.055,0.945,0.9287469287469287,705,400,False
model,0.39,0.4,3.0,0.2,score_point,0.05106382978723404,0.6470000000000001,0.095,0.905,0.9072681704260652,705,400,False
model,0.35,0.4,3.5,0.2,score_point,0.05106382978723404,0.6480000000000001,0.08,0.92,0.9154228855721394,705,400,False
model,0.52,0.3,3.0,0.2,score_point,0.05106382978723404,0.6509999999999999,0.13,0.87,0.8877551020408163,705,400,False
model,0.42,0.3,3.5,0.2,score_point,0.05106382978723404,0.66,0.1125,0.8875,0.8975979772439948,705,400,False
model,0.64,0.3,2.0,0.2,score_point,0.05106382978723404,0.66125,0.2125,0.7875,0.8388814913448736,705,400,False
model,0.52,0.4,2.5,0.2,score_point,0.05106382978723404,0.6730000000000002,0.13,0.87,0.8877551020408163,705,400,False
model,0.6,0.4,2.0,0.2,score_point,0.05106382978723404,0.6880000000000002,0.18,0.82,0.8586387434554974,705,400,False
model,0.24,0.6,2.5,0.2,score_point,0.05106382978723404,0.6949999999999998,0.05,0.95,0.9313725490196078,705,400,False
model,0.51,0.5,2.0,0.2,score_point,0.05106382978723404,0.695,0.13,0.87,0.8877551020408163,705,400,False
model,0.61,0.4,2.0,0.2,score_point,0.05106382978723404,0.7040000000000002,0.19,0.81,0.8526315789473685,705,400,False
model,0.62,0.4,2.0,0.2,score_point,0.05106382978723404,0.72,0.2,0.8,0.8465608465608465,705,400,False
model,0.39,0.6,2.0,0.2,score_point,0.05106382978723404,0.7329999999999999,0.095,0.905,0.9072681704260652,705,400,False
model,0.14,0.7,2.5,0.2,score_point,0.05106382978723404,0.7585,0.0325,0.9675,0.9404617253948967,705,400,False
model,0.15,0.7,2.5,0.2,score_point,0.05106382978723404,0.7630000000000001,0.035,0.965,0.9391727493917275,705,400,False
model,0.24,0.7,2.0,0.2,score_point,0.05106382978723404,0.765,0.05,0.95,0.9313725490196078,705,400,False
model,0.22,0.8,2.0,0.2,score_point,0.05106382978723404,0.8540000000000001,0.045,0.955,0.9339853300733496,705,400,False
model,0.17,0.9,2.0,0.2,score_point,0.05106382978723404,0.9385000000000002,0.035,0.965,0.9391727493917275,705,400,False
model,0.18,0.9,2.0,0.2,score_point,0.05106382978723404,0.9412500000000003,0.0375,0.9625,0.9378806333739343,705,400,False
model,0.19,0.9,2.0,0.2,score_point,0.05106382978723404,0.9440000000000004,0.04,0.96,0.9365853658536586,705,400,False
model,0.2,0.9,2.0,0.2,score_point,0.05106382978723404,0.9467500000000002,0.0425,0.9575,0.9352869352869353,705,400,False
model,0.21,0.9,2.0,0.2,score_point,0.05106382978723404,0.9467500000000002,0.0425,0.9575,0.9352869352869353,705,400,False
model,0.29,0.4,3.5,0.2,score_point,0.0524822695035461,0.5782500000000002,0.0575,0.9425,0.9262899262899265,705,400,False
model,0.3,0.4,3.5,0.2,score_point,0.0524822695035461,0.5782500000000002,0.0575,0.9425,0.9262899262899265,705,400,True
model,0.31,0.4,3.5,0.2,score_point,0.0524822695035461,0.5937500000000001,0.0625,0.9375,0.9236453201970444,705,400,False
model,0.32,0.4,3.5,0.2,score_point,0.0524822695035461,0.6015,0.065,0.935,0.9223181257706535,705,400,False
model,0.4,0.3,3.5,0.2,score_point,0.0524822695035461,0.6039999999999999,0.095,0.905,0.9061326658322904,705,400,False
model,0.28,0.5,2.5,0.2,score_point,0.0524822695035461,0.615,0.0575,0.9425,0.9262899262899265,705,400,False
model,0.54,0.3,2.5,0.2,score_point,0.0524822695035461,0.6189999999999999,0.145,0.855,0.8780487804878049,705,400,False
model,0.24,0.5,3.0,0.2,score_point,0.0524822695035461,0.625,0.05,0.95,0.9302325581395349,705,400,False
model,0.53,0.2,3.5,0.2,score_point,0.0524822695035461,0.629,0.13,0.87,0.886624203821656,705,400,False
model,0.22,0.5,3.5,0.2,score_point,0.0524822695035461,0.635,0.045,0.955,0.9328449328449329,705,400,False
model,0.51,0.3,3.0,0.2,score_point,0.0524822695035461,0.6509999999999999,0.13,0.87,0.886624203821656,705,400,False
model,0.57,0.4,2.0,0.2,score_point,0.0524822695035461,0.652,0.1575,0.8425,0.8708010335917313,705,400,False
model,0.58,0.4,2.0,0.2,score_point,0.0524822695035461,0.664,0.165,0.835,0.8664072632944229,705,400,False
model,0.43,0.5,2.0,0.2,score_point,0.0524822695035461,0.66875,0.1125,0.8875,0.8964646464646465,705,400,False
model,0.44,0.5,2.0,0.2,score_point,0.0524822695035461,0.66875,0.1125,0.8875,0.8964646464646465,705,400,False
model,0.63,0.2,2.5,0.2,score_point,0.0524822695035461,0.6715000000000001,0.205,0.795,0.842384105960265,705,400,False
model,0.45,0.5,2.0,0.2,score_point,0.0524822695035461,0.6725,0.115,0.885,0.8950695322376738,705,400,False
model,0.51,0.4,2.5,0.2,score_point,0.0524822695035461,0.6730000000000002,0.13,0.87,0.886624203821656,705,400,False
model,0.59,0.4,2.0,0.2,score_point,0.0524822695035461,0.6760000000000003,0.1725,0.8275,0.8619791666666667,705,400,False
model,0.46,0.5,2.0,0.2,score_point,0.0524822695035461,0.67625,0.1175,0.8825,0.8936708860759494,705,400,False
model,0.47,0.5,2.0,0.2,score_point,0.0524822695035461,0.67625,0.1175,0.8825,0.8936708860759494,705,400,False
model,0.48,0.5,2.0,0.2,score_point,0.0524822695035461,0.68,0.12,0.88,0.8922686945500634,705,400,False
model,0.49,0.5,2.0,0.2,score_point,0.0524822695035461,0.68375,0.1225,0.8775,0.8908629441624365,705,400,False
model,0.5,0.5,2.0,0.2,score_point,0.0524822695035461,0.69125,0.1275,0.8725,0.8880407124681934,705,400,False
model,0.16,0.6,3.5,0.2,score_point,0.0524822695035461,0.7014999999999998,0.035,0.965,0.9380315917375455,705,400,False
model,0.2,0.6,3.0,0.2,score_point,0.0524822695035461,0.7019999999999998,0.0425,0.9575,0.9341463414634146,705,400,False
model,0.21,0.6,3.0,0.2,score_point,0.0524822695035461,0.7019999999999998,0.0425,0.9575,0.9341463414634146,705,400,False
model,0.06,0.7,3.0,0.2,score_point,0.0524822695035461,0.72875,0.0125,0.9875,0.9495192307692307,705,400,False
model,0.08,0.7,2.5,0.2,score_point,0.0524822695035461,0.7315,0.0175,0.9825,0.9469879518072288,705,400,False
model,0.09,0.7,2.5,0.2,score_point,0.0524822695035461,0.7360000000000001,0.02,0.98,0.9457177322074789,705,400,False
model,0.1,0.7,2.5,0.2,score_point,0.0524822695035461,0.745,0.025,0.975,0.94316807738815,705,400,False
model,0.11,0.7,2.5,0.2,score_point,0.0524822695035461,0.745,0.025,0.975,0.94316807738815,705,400,False
model,0.12,0.7,2.5,0.2,score_point,0.0524822695035461,0.7495,0.0275,0.9725,0.9418886198547216,705,400,False
model,0.13,0.7,2.5,0.2,score_point,0.0524822695035461,0.754,0.03,0.97,0.9406060606060607,705,400,False
model,0.03,0.8,3.0,0.2,score_point,0.0524822695035461,0.8165,0.0075,0.9925,0.9520383693045563,705,400,False
model,0.02,0.8,3.5,0.2,score_point,0.0524822695035461,0.82025,0.0075,0.9925,0.9520383693045563,705,400,False
model,0.05,0.8,2.5,0.2,score_point,0.0524822695035461,0.82125,0.0125,0.9875,0.9495192307692307,705,400,False
model,0.03,0.9,2.5,0.2,score_point,0.0524822695035461,0.9120000000000001,0.0075,0.9925,0.9520383693045563,705,400,False
model,0.04,1.0,2.0,0.2,score_point,0.0524822695035461,1.0075,0.0075,0.9925,0.9520383693045563,705,400,False
model,0.05,1.0,2.0,0.2,score_point,0.0524822695035461,1.0125,0.0125,0.9875,0.9495192307692307,705,400,False
model,0.43,0.3,3.0,0.2,score_point,0.05390070921985816,0.60375,0.1125,0.8875,0.8953341740226985,705,400,False
model,0.44,0.3,3.0,0.2,score_point,0.05390070921985816,0.60375,0.1125,0.8875,0.8953341740226985,705,400,False
model,0.39,0.3,3.5,0.2,score_point,0.05390070921985816,0.6039999999999999,0.095,0.905,0.905,705,400,False
model,0.54,0.2,3.0,0.2,score_point,0.05390070921985816,0.606,0.145,0.855,0.8769230769230769,705,400,False
model,0.45,0.3,3.0,0.2,score_point,0.05390070921985816,0.6104999999999999,0.115,0.885,0.8939393939393939,705,400,False
model,0.6,0.2,2.5,0.2,score_point,0.05390070921985816,0.614,0.18,0.82,0.856396866840731,705,400,False
model,0.36,0.4,3.0,0.2,score_point,0.05390070921985816,0.6145,0.0825,0.9175,0.9118012422360249,705,400,False
model,0.27,0.5,2.5,0.2,score_point,0.05390070921985816,0.615,0.0575,0.9425,0.9251533742331288,705,400,False
model,0.46,0.3,3.0,0.2,score_point,0.05390070921985816,0.61725,0.1175,0.8825,0.8925410872313527,705,400,False
model,0.47,0.3,3.0,0.2,score_point,0.05390070921985816,0.61725,0.1175,0.8825,0.8925410872313527,705,400,False
model,0.37,0.4,3.0,0.2,score_point,0.05390070921985816,0.6210000000000001,0.085,0.915,0.9104477611940299,705,400,False
model,0.48,0.3,3.0,0.2,score_point,0.05390070921985816,0.624,0.12,0.88,0.8911392405063291,705,400,False
model,0.49,0.3,3.0,0.2,score_point,0.05390070921985816,0.63075,0.1225,0.8775,0.8897338403041825,705,400,False
model,0.38,0.4,3.0,0.2,score_point,0.05390070921985816,0.6340000000000002,0.09,0.91,0.9077306733167083,705,400,False
model,0.43,0.4,2.5,0.2,score_point,0.05390070921985816,0.6362500000000001,0.1125,0.8875,0.8953341740226985,705,400,False
model,0.44,0.4,2.5,0.2,score_point,0.05390070921985816,0.6362500000000001,0.1125,0.8875,0.8953341740226985,705,400,False
model,0.61,0.2,2.5,0.2,score_point,0.05390070921985816,0.637,0.19,0.81,0.8503937007874015,705,400,False
model,0.45,0.4,2.5,0.2,score_point,0.05390070921985816,0.6415000000000001,0.115,0.885,0.8939393939393939,705,400,False
model,0.56,0.4,2.0,0.2,score_point,0.05390070921985816,0.644,0.1525,0.8475,0.8725868725868726,705,400,False
model,0.5,0.3,3.0,0.2,score_point,0.05390070921985816,0.64425,0.1275,0.8725,0.8869123252858958,705,400,False
model,0.46,0.4,2.5,0.2,score_point,0.05390070921985816,0.6467500000000002,0.1175,0.8825,0.8925410872313527,705,400,False
model,0.47,0.4,2.5,0.2,score_point,0.05390070921985816,0.6467500000000002,0.1175,0.8825,0.8925410872313527,705,400,False
model,0.48,0.4,2.5,0.2,score_point,0.05390070921985816,0.6520000000000001,0.12,0.88,0.8911392405063291,705,400,False
model,0.41,0.5,2.0,0.2,score_point,0.05390070921985816,0.65375,0.1025,0.8975,0.9008782936010037,705,400,False
model,0.49,0.4,2.5,0.2,score_point,0.05390070921985816,0.6572500000000002,0.1225,0.8775,0.8897338403041825,705,400,False
model,0.62,0.2,2.5,0.2,score_point,0.05390070921985816,0.66,0.2,0.8,0.8443271767810027,705,400,False
model,0.5,0.4,2.5,0.2,score_point,0.05390070921985816,0.6677500000000001,0.1275,0.8725,0.8869123252858958,705,400,False
model,0.42,0.5,2.0,0.2,score_point,0.05390070921985816,0.66875,0.1125,0.8875,0.8953341740226985,705,400,False
model,0.29,0.6,2.0,0.2,score_point,0.05390070921985816,0.6804999999999999,0.0575,0.9425,0.9251533742331288,705,400,False
model,0.3,0.6,2.0,0.2,score_point,0.05390070921985816,0.6804999999999999,0.0575,0.9425,0.9251533742331288,705,400,False
model,0.17,0.6,3.0,0.2,score_point,0.05390070921985816,0.6839999999999999,0.035,0.965,0.9368932038834951,705,400,False
model,0.23,0.6,2.5,0.2,score_point,0.05390070921985816,0.6854999999999998,0.045,0.955,0.9317073170731708,705,400,False
model,0.31,0.6,2.0,0.2,score_point,0.05390070921985816,0.6874999999999999,0.0625,0.9375,0.9225092250922511,705,400,False
model,0.18,0.6,3.0,0.2,score_point,0.05390070921985816,0.69,0.0375,0.9625,0.9356014580801945,705,400,False
model,0.32,0.6,2.0,0.2,score_point,0.05390070921985816,0.6909999999999998,0.065,0.935,0.9211822660098523,705,400,False
model,0.19,0.6,3.0,0.2,score_point,0.05390070921985816,0.696,0.04,0.96,0.9343065693430656,705,400,False
model,0.15,0.6,3.5,0.2,score_point,0.05390070921985816,0.7014999999999998,0.035,0.965,0.9368932038834951,705,400,False
model,0.33,0.6,2.0,0.2,score_point,0.05390070921985816,0.7049999999999998,0.075,0.925,0.9158415841584158,705,400,False
model,0.34,0.6,2.0,0.2,score_point,0.05390070921985816,0.7049999999999998,0.075,0.925,0.9158415841584158,705,400,False
model,0.35,0.6,2.0,0.2,score_point,0.05390070921985816,0.7119999999999997,0.08,0.92,0.913151364764268,705,400,False
model,0.36,0.6,2.0,0.2,score_point,0.05390070921985816,0.7154999999999998,0.0825,0.9175,0.9118012422360249,705,400,False
model,0.37,0.6,2.0,0.2,score_point,0.05390070921985816,0.7189999999999999,0.085,0.915,0.9104477611940299,705,400,False
model,0.38,0.6,2.0,0.2,score_point,0.05390070921985816,0.726,0.09,0.91,0.9077306733167083,705,400,False
model,0.05,0.7,3.5,0.2,score_point,0.05390070921985816,0.735,0.0125,0.9875,0.9483793517406963,705,400,False
model,0.23,0.7,2.0,0.2,score_point,0.05390070921985816,0.7585000000000001,0.045,0.955,0.9317073170731708,705,400,False
model,0.17,0.8,2.0,0.2,score_point,0.05390070921985816,0.8419999999999999,0.035,0.965,0.9368932038834951,705,400,False
model,0.18,0.8,2.0,0.2,score_point,0.05390070921985816,0.845,0.0375,0.9625,0.9356014580801945,705,400,False
model,0.19,0.8,2.0,0.2,score_point,0.05390070921985816,0.848,0.04,0.96,0.9343065693430656,705,400,False
model,0.2,0.8,2.0,0.2,score_point,0.05390070921985816,0.851,0.0425,0.9575,0.9330085261875761,705,400,False
model,0.21,0.8,2.0,0.2,score_point,0.05390070921985816,0.851,0.0425,0.9575,0.9330085261875761,705,400,False
model,0.14,0.9,2.0,0.2,score_point,0.05390070921985816,0.9357500000000002,0.0325,0.9675,0.9381818181818182,705,400,False
model,0.15,0.9,2.0,0.2,score_point,0.05390070921985816,0.9385000000000002,0.035,0.965,0.9368932038834951,705,400,False
model,0.16,0.9,2.0,0.2,score_point,0.05390070921985816,0.9385000000000002,0.035,0.965,0.9368932038834951,705,400,False
model,0.89,0.8,1.5,0.2,score_point,0.05390070921985816,1.23225,0.6175,0.3825,0.5177664974619289,705,400,False
model,0.93,0.5,1.5,0.2,score_point,0.05390070921985816,1.255,0.755,0.245,0.3656716417910448,705,400,False
model,0.9,0.8,1.5,0.2,score_point,0.05390070921985816,1.25675,0.6525,0.3475,0.4818024263431543,705,400,False
model,0.89,0.9,1.5,0.2,score_point,0.05390070921985816,1.2705000000000002,0.6175,0.3825,0.5177664974619289,705,400,False
model,0.91,0.8,1.5,0.2,score_point,0.05390070921985816,1.2794999999999999,0.685,0.315,0.4468085106382979,705,400,False
model,0.93,0.6,1.5,0.2,score_point,0.05390070921985816,1.2794999999999999,0.755,0.245,0.3656716417910448,705,400,False
model,0.9,0.9,1.5,0.2,score_point,0.05390070921985816,1.2915000000000003,0.6525,0.3475,0.4818024263431543,705,400,False
model,0.94,0.5,1.5,0.2,score_point,0.05390070921985816,1.2975,0.7975,0.2025,0.3121387283236995,705,400,False
model,0.92,0.8,1.5,0.2,score_point,0.05390070921985816,1.304,0.72,0.28,0.4072727272727273,705,400,False
model,0.93,0.7,1.5,0.2,score_point,0.05390070921985816,1.304,0.755,0.245,0.3656716417910448,705,400,False
model,0.89,1.0,1.5,0.2,score_point,0.05390070921985816,1.30875,0.6175,0.3825,0.5177664974619289,705,400,False
model,0.91,0.9,1.5,0.2,score_point,0.05390070921985816,1.3110000000000002,0.685,0.315,0.4468085106382979,705,400,False
model,0.94,0.6,1.5,0.2,score_point,0.05390070921985816,1.3177499999999998,0.7975,0.2025,0.3121387283236995,705,400,False
model,0.9,1.0,1.5,0.2,score_point,0.05390070921985816,1.32625,0.6525,0.3475,0.4818024263431543,705,400,False
model,0.95,0.4,1.5,0.2,score_point,0.05390070921985816,1.32675,0.8425,0.1575,0.251497005988024,705,400,False
model,0.93,0.8,1.5,0.2,score_point,0.05390070921985816,1.3285000000000002,0.755,0.245,0.3656716417910448,705,400,False
model,0.92,0.9,1.5,0.2,score_point,0.05390070921985816,1.3319999999999999,0.72,0.28,0.4072727272727273,705,400,False
model,0.94,0.7,1.5,0.2,score_point,0.05390070921985816,1.3379999999999999,0.7975,0.2025,0.3121387283236995,705,400,False
model,0.91,1.0,1.5,0.2,score_point,0.05390070921985816,1.3425,0.685,0.315,0.4468085106382979,705,400,False
model,0.95,0.5,1.5,0.2,score_point,0.05390070921985816,1.3425,0.8425,0.1575,0.251497005988024,705,400,False
model,0.93,0.9,1.5,0.2,score_point,0.05390070921985816,1.3530000000000002,0.755,0.245,0.3656716417910448,705,400,False
model,0.95,0.6,1.5,0.2,score_point,0.05390070921985816,1.35825,0.8425,0.1575,0.251497005988024,705,400,False
model,0.94,0.8,1.5,0.2,score_point,0.05390070921985816,1.3582500000000002,0.7975,0.2025,0.3121387283236995,705,400,False
model,0.92,1.0,1.5,0.2,score_point,0.05390070921985816,1.36,0.72,0.28,0.4072727272727273,705,400,False
model,0.96,0.2,1.5,0.2,score_point,0.05390070921985816,1.3635,0.895,0.105,0.175,705,400,False
model,0.95,0.7,1.5,0.2,score_point,0.05390070921985816,1.3739999999999997,0.8425,0.1575,0.251497005988024,705,400,False
model,0.96,0.3,1.5,0.2,score_point,0.05390070921985816,1.374,0.895,0.105,0.175,705,400,False
model,0.93,1.0,1.5,0.2,score_point,0.05390070921985816,1.3775,0.755,0.245,0.3656716417910448,705,400,False
model,0.94,0.9,1.5,0.2,score_point,0.05390070921985816,1.3784999999999998,0.7975,0.2025,0.3121387283236995,705,400,False
model,0.96,0.4,1.5,0.2,score_point,0.05390070921985816,1.3844999999999998,0.895,0.105,0.175,705,400,False
model,0.95,0.8,1.5,0.2,score_point,0.05390070921985816,1.3897500000000003,0.8425,0.1575,0.251497005988024,705,400,False
model,0.96,0.5,1.5,0.2,score_point,0.05390070921985816,1.395,0.895,0.105,0.175,705,400,False
model,0.94,1.0,1.5,0.2,score_point,0.05390070921985816,1.39875,0.7975,0.2025,0.3121387283236995,705,400,False
model,0.95,0.9,1.5,0.2,score_point,0.05390070921985816,1.4055000000000002,0.8425,0.1575,0.251497005988024,705,400,False
model,0.96,0.6,1.5,0.2,score_point,0.05390070921985816,1.4055000000000002,0.895,0.105,0.175,705,400,False
model,0.96,0.7,1.5,0.2,score_point,0.05390070921985816,1.416,0.895,0.105,0.175,705,400,False
model,0.95,1.0,1.5,0.2,score_point,0.05390070921985816,1.42125,0.8425,0.1575,0.251497005988024,705,400,False
model,0.96,0.8,1.5,0.2,score_point,0.05390070921985816,1.4265,0.895,0.105,0.175,705,400,False
model,0.97,0.2,1.5,0.2,score_point,0.05390070921985816,1.435,0.95,0.05,0.08733624454148473,705,400,False
model,0.96,0.9,1.5,0.2,score_point,0.05390070921985816,1.4369999999999998,0.895,0.105,0.175,705,400,False
model,0.97,0.3,1.5,0.2,score_point,0.05390070921985816,1.44,0.95,0.05,0.08733624454148473,705,400,False
model,0.97,0.4,1.5,0.2,score_point,0.05390070921985816,1.445,0.95,0.05,0.08733624454148473,705,400,False
model,0.96,1.0,1.5,0.2,score_point,0.05390070921985816,1.4475,0.895,0.105,0.175,705,400,False
model,0.97,0.5,1.5,0.2,score_point,0.05390070921985816,1.45,0.95,0.05,0.08733624454148473,705,400,False
model,0.97,0.6,1.5,0.2,score_point,0.05390070921985816,1.455,0.95,0.05,0.08733624454148473,705,400,False
model,0.97,0.7,1.5,0.2,score_point,0.05390070921985816,1.46,0.95,0.05,0.08733624454148473,705,400,False
model,0.97,0.8,1.5,0.2,score_point,0.05390070921985816,1.465,0.95,0.05,0.08733624454148473,705,400,False
model,0.97,0.9,1.5,0.2,score_point,0.05390070921985816,1.47,0.95,0.05,0.08733624454148473,705,400,False
model,0.97,1.0,1.5,0.2,score_point,0.05390070921985816,1.475,0.95,0.05,0.08733624454148473,705,400,False
model,0.98,0.2,1.5,0.2,score_point,0.05390070921985816,1.4772500000000002,0.9825,0.0175,0.03146067415730337,705,400,False
model,0.98,0.3,1.5,0.2,score_point,0.05390070921985816,1.4789999999999999,0.9825,0.0175,0.03146067415730337,705,400,False
model,0.98,0.4,1.5,0.2,score_point,0.05390070921985816,1.4807499999999998,0.9825,0.0175,0.03146067415730337,705,400,False
model,0.98,0.5,1.5,0.2,score_point,0.05390070921985816,1.4825,0.9825,0.0175,0.03146067415730337,705,400,False
model,0.98,0.6,1.5,0.2,score_point,0.05390070921985816,1.48425,0.9825,0.0175,0.03146067415730337,705,400,False
model,0.98,0.7,1.5,0.2,score_point,0.05390070921985816,1.4860000000000002,0.9825,0.0175,0.03146067415730337,705,400,False
model,0.98,0.8,1.5,0.2,score_point,0.05390070921985816,1.4877499999999997,0.9825,0.0175,0.03146067415730337,705,400,False
model,0.98,0.9,1.5,0.2,score_point,0.05390070921985816,1.4894999999999998,0.9825,0.0175,0.03146067415730337,705,400,False
model,0.98,1.0,1.5,0.2,score_point,0.05390070921985816,1.49125,0.9825,0.0175,0.03146067415730337,705,400,False
model,0.99,0.2,1.5,0.2,score_point,0.05390070921985816,1.5,1.0,0.0,0.0,705,400,False
model,1.0,0.2,1.5,0.2,score_point,0.05390070921985816,1.5,1.0,0.0,0.0,705,400,False
model,0.99,0.3,1.5,0.2,score_point,0.05390070921985816,1.5,1.0,0.0,0.0,705,400,False
model,1.0,0.3,1.5,0.2,score_point,0.05390070921985816,1.5,1.0,0.0,0.0,705,400,False
model,0.99,0.4,1.5,0.2,score_point,0.05390070921985816,1.5,1.0,0.0,0.0,705,400,False
model,1.0,0.4,1.5,0.2,score_point,0.05390070921985816,1.5,1.0,0.0,0.0,705,400,False
model,0.99,0.5,1.5,0.2,score_point,0.05390070921985816,1.5,1.0,0.0,0.0,705,400,False
model,1.0,0.5,1.5,0.2,score_point,0.05390070921985816,1.5,1.0,0.0,0.0,705,400,False
model,0.99,0.6,1.5,0.2,score_point,0.05390070921985816,1.5,1.0,0.0,0.0,705,400,False
model,1.0,0.6,1.5,0.2,score_point,0.05390070921985816,1.5,1.0,0.0,0.0,705,400,False
model,0.99,0.7,1.5,0.2,score_point,0.05390070921985816,1.5,1.0,0.0,0.0,705,400,False
model,1.0,0.7,1.5,0.2,score_point,0.05390070921985816,1.5,1.0,0.0,0.0,705,400,False
model,0.99,0.8,1.5,0.2,score_point,0.05390070921985816,1.5,1.0,0.0,0.0,705,400,False
model,1.0,0.8,1.5,0.2,score_point,0.05390070921985816,1.5,1.0,0.0,0.0,705,400,False
model,0.99,0.9,1.5,0.2,score_point,0.05390070921985816,1.5,1.0,0.0,0.0,705,400,False
model,1.0,0.9,1.5,0.2,score_point,0.05390070921985816,1.5,1.0,0.0,0.0,705,400,False
model,0.99,1.0,1.5,0.2,score_point,0.05390070921985816,1.5,1.0,0.0,0.0,705,400,False
model,1.0,1.0,1.5,0.2,score_point,0.05390070921985816,1.5,1.0,0.0,0.0,705,400,False
model,0.57,0.2,2.5,0.2,score_point,0.05531914893617021,0.56225,0.1575,0.8425,0.8685567010309279,705,400,True
model,0.41,0.3,3.0,0.2,score_point,0.05531914893617021,0.57675,0.1025,0.8975,0.899749373433584,705,400,False
model,0.58,0.2,2.5,0.2,score_point,0.05531914893617021,0.5795,0.165,0.835,0.8641655886157826,705,400,False
model,0.53,0.3,2.5,0.2,score_point,0.05531914893617021,0.586,0.13,0.87,0.8843710292249048,705,400,False
model,0.33,0.4,3.0,0.2,score_point,0.05531914893617021,0.5950000000000002,0.075,0.925,0.9147095179233622,705,400,False
model,0.34,0.4,3.0,0.2,score_point,0.05531914893617021,0.5950000000000002,0.075,0.925,0.9147095179233622,705,400,False
model,0.59,0.2,2.5,0.2,score_point,0.05531914893617021,0.59675,0.1725,0.8275,0.8597402597402597,705,400,False
model,0.42,0.3,3.0,0.2,score_point,0.05531914893617021,0.60375,0.1125,0.8875,0.8942065491183878,705,400,False
model,0.35,0.4,3.0,0.2,score_point,0.05531914893617021,0.6080000000000001,0.08,0.92,0.9120198265179679,705,400,False
model,0.23,0.5,3.0,0.2,score_point,0.05531914893617021,0.6125,0.045,0.955,0.930572472594397,705,400,False
model,0.41,0.4,2.5,0.2,score_point,0.05531914893617021,0.6152500000000001,0.1025,0.8975,0.899749373433584,705,400,False
model,0.21,0.5,3.5,0.2,score_point,0.05531914893617021,0.6275,0.0425,0.9575,0.9318734793187348,705,400,False
model,0.52,0.2,3.5,0.2,score_point,0.05531914893617021,0.629,0.13,0.87,0.8843710292249048,705,400,False
model,0.42,0.4,2.5,0.2,score_point,0.05531914893617021,0.6362500000000001,0.1125,0.8875,0.8942065491183878,705,400,False
model,0.55,0.4,2.0,0.2,score_point,0.05531914893617021,0.64,0.15,0.85,0.8729139922978177,705,400,False
model,0.4,0.5,2.0,0.2,score_point,0.05531914893617021,0.6425,0.095,0.905,0.9038701622971286,705,400,False
model,0.63,0.3,2.0,0.2,score_point,0.05531914893617021,0.6485,0.205,0.795,0.8401585204755615,705,400,False
model,0.68,0.2,2.0,0.2,score_point,0.05531914893617021,0.65,0.25,0.75,0.8119079837618404,705,400,False
model,0.69,0.2,2.0,0.2,score_point,0.05531914893617021,0.659,0.255,0.745,0.8086838534599728,705,400,False
model,0.7,0.2,2.0,0.2,score_point,0.05531914893617021,0.6680000000000001,0.26,0.74,0.8054421768707483,705,400,False
model,0.22,0.6,2.5,0.2,score_point,0.05531914893617021,0.6854999999999998,0.045,0.955,0.930572472594397,705,400,False
model,0.14,0.6,3.5,0.2,score_point,0.05531914893617021,0.6942499999999998,0.0325,0.9675,0.937046004842615,705,400,False
model,0.07,0.7,2.5,0.2,score_point,0.05531914893617021,0.7225,0.0125,0.9875,0.9472422062350119,705,400,False
model,0.22,0.7,2.0,0.2,score_point,0.05531914893617021,0.7585000000000001,0.045,0.955,0.930572472594397,705,400,False
model,0.04,0.8,2.5,0.2,score_point,0.05531914893617021,0.8127500000000001,0.0075,0.9925,0.9497607655502391,705,400,False
model,0.02,0.8,3.0,0.2,score_point,0.05531914893617021,0.8165,0.0075,0.9925,0.9497607655502391,705,400,False
model,0.02,0.9,2.5,0.2,score_point,0.05531914893617021,0.9120000000000001,0.0075,0.9925,0.9497607655502391,705,400,False
model,0.08,0.9,2.0,0.2,score_point,0.05531914893617021,0.9192500000000002,0.0175,0.9825,0.9447115384615384,705,400,False
model,0.09,0.9,2.0,0.2,score_point,0.05531914893617021,0.9220000000000002,0.02,0.98,0.9434416365824307,705,400,False
model,0.1,0.9,2.0,0.2,score_point,0.05531914893617021,0.9275000000000003,0.025,0.975,0.9408926417370326,705,400,False
model,0.11,0.9,2.0,0.2,score_point,0.05531914893617021,0.9275000000000003,0.025,0.975,0.9408926417370326,705,400,False
model,0.12,0.9,2.0,0.2,score_point,0.05531914893617021,0.9302500000000002,0.0275,0.9725,0.9396135265700484,705,400,False
model,0.13,0.9,2.0,0.2,score_point,0.05531914893617021,0.9330000000000002,0.03,0.97,0.9383313180169287,705,400,False
model,0.01,1.0,2.5,0.2,score_point,0.05531914893617021,1.0075,0.005,0.995,0.9510155316606929,705,400,False
model,0.03,1.0,2.0,0.2,score_point,0.05531914893617021,1.0075,0.0075,0.9925,0.9497607655502391,705,400,False
model,0.79,0.8,1.5,0.2,score_point,0.05531914893617021,1.08,0.4,0.6,0.706921944035346,705,400,False
model,0.8,0.8,1.5,0.2,score_point,0.05531914893617021,1.094,0.42,0.58,0.6915052160953798,705,400,False
model,0.81,0.8,1.5,0.2,score_point,0.05531914893617021,1.10625,0.4375,0.5625,0.677710843373494,705,400,False
model,0.82,0.8,1.5,0.2,score_point,0.05531914893617021,1.12025,0.4575,0.5425,0.6615853658536586,705,400,False
model,0.83,0.8,1.5,0.2,score_point,0.05531914893617021,1.1342500000000002,0.4775,0.5225,0.6450617283950617,705,400,False
model,0.79,0.9,1.5,0.2,score_point,0.05531914893617021,1.1400000000000001,0.4,0.6,0.706921944035346,705,400,False
model,0.84,0.8,1.5,0.2,score_point,0.05531914893617021,1.14125,0.4875,0.5125,0.6366459627329192,705,400,False
model,0.85,0.8,1.5,0.2,score_point,0.05531914893617021,1.15175,0.5025,0.4975,0.6238244514106583,705,400,False
model,0.8,0.9,1.5,0.2,score_point,0.05531914893617021,1.1520000000000001,0.42,0.58,0.6915052160953798,705,400,False
model,0.81,0.9,1.5,0.2,score_point,0.05531914893617021,1.1625000000000003,0.4375,0.5625,0.677710843373494,705,400,False
model,0.82,0.9,1.5,0.2,score_point,0.05531914893617021,1.1745,0.4575,0.5425,0.6615853658536586,705,400,False
model,0.86,0.8,1.5,0.2,score_point,0.05531914893617021,1.1780000000000002,0.54,0.46,0.5906902086677367,705,400,False
model,0.83,0.9,1.5,0.2,score_point,0.05531914893617021,1.1865,0.4775,0.5225,0.6450617283950617,705,400,False
model,0.87,0.8,1.5,0.2,score_point,0.05531914893617021,1.19025,0.5575,0.4425,0.5746753246753247,705,400,False
model,0.84,0.9,1.5,0.2,score_point,0.05531914893617021,1.1925000000000001,0.4875,0.5125,0.6366459627329192,705,400,False
model,0.89,0.7,1.5,0.2,score_point,0.05531914893617021,1.194,0.6175,0.3825,0.5168918918918919,705,400,False
model,0.79,1.0,1.5,0.2,score_point,0.05531914893617021,1.2,0.4,0.6,0.706921944035346,705,400,False
model,0.85,0.9,1.5,0.2,score_point,0.05531914893617021,1.2015,0.5025,0.4975,0.6238244514106583,705,400,False
model,0.8,1.0,1.5,0.2,score_point,0.05531914893617021,1.21,0.42,0.58,0.6915052160953798,705,400,False
model,0.88,0.8,1.5,0.2,score_point,0.05531914893617021,1.213,0.59,0.41,0.5439469320066335,705,400,False
model,0.81,1.0,1.5,0.2,score_point,0.05531914893617021,1.21875,0.4375,0.5625,0.677710843373494,705,400,False
model,0.92,0.5,1.5,0.2,score_point,0.05531914893617021,1.22,0.72,0.28,0.40653357531760437,705,400,False
model,0.9,0.7,1.5,0.2,score_point,0.05531914893617021,1.222,0.6525,0.3475,0.4809688581314879,705,400,False
model,0.86,0.9,1.5,0.2,score_point,0.05531914893617021,1.224,0.54,0.46,0.5906902086677367,705,400,False
model,0.82,1.0,1.5,0.2,score_point,0.05531914893617021,1.22875,0.4575,0.5425,0.6615853658536586,705,400,False
model,0.93,0.4,1.5,0.2,score_point,0.05531914893617021,1.2305000000000001,0.755,0.245,0.3649906890130354,705,400,False
model,0.87,0.9,1.5,0.2,score_point,0.05531914893617021,1.2345000000000002,0.5575,0.4425,0.5746753246753247,705,400,False
model,0.83,1.0,1.5,0.2,score_point,0.05531914893617021,1.23875,0.4775,0.5225,0.6450617283950617,705,400,False
model,0.84,1.0,1.5,0.2,score_point,0.05531914893617021,1.24375,0.4875,0.5125,0.6366459627329192,705,400,False
model,0.92,0.6,1.5,0.2,score_point,0.05531914893617021,1.2479999999999998,0.72,0.28,0.40653357531760437,705,400,False
model,0.91,0.7,1.5,0.2,score_point,0.05531914893617021,1.248,0.685,0.315,0.4460176991150443,705,400,False
model,0.85,1.0,1.5,0.2,score_point,0.05531914893617021,1.25125,0.5025,0.4975,0.6238244514106583,705,400,False
model,0.88,0.9,1.5,0.2,score_point,0.05531914893617021,1.254,0.59,0.41,0.5439469320066335,705,400,False
model,0.86,1.0,1.5,0.2,score_point,0.05531914893617021,1.27,0.54,0.46,0.5906902086677367,705,400,False
model,0.92,0.7,1.5,0.2,score_point,0.05531914893617021,1.276,0.72,0.28,0.40653357531760437,705,400,False
model,0.94,0.4,1.5,0.2,score_point,0.05531914893617021,1.27725,0.7975,0.2025,0.31153846153846154,705,400,False
model,0.87,1.0,1.5,0.2,score_point,0.05531914893617021,1.27875,0.5575,0.4425,0.5746753246753247,705,400,False
model,0.88,1.0,1.5,0.2,score_point,0.05531914893617021,1.295,0.59,0.41,0.5439469320066335,705,400,False
model,0.95,0.2,1.5,0.2,score_point,0.05531914893617021,1.2952499999999998,0.8425,0.1575,0.250996015936255,705,400,False
model,0.95,0.3,1.5,0.2,score_point,0.05531914893617021,1.3110000000000002,0.8425,0.1575,0.250996015936255,705,400,False
model,0.29,0.4,3.0,0.2,score_point,0.05673758865248227,0.5495,0.0575,0.9425,0.9228886168910649,705,400,False
model,0.3,0.4,3.0,0.2,score_point,0.05673758865248227,0.5495,0.0575,0.9425,0.9228886168910649,705,400,True
model,0.56,0.2,2.5,0.2,score_point,0.05673758865248227,0.5507500000000001,0.1525,0.8475,0.8703465982028241,705,400,False
model,0.4,0.3,3.0,0.2,score_point,0.05673758865248227,0.5564999999999999,0.095,0.905,0.9027431421446384,705,400,False
model,0.31,0.4,3.0,0.2,score_point,0.05673758865248227,0.5625000000000001,0.0625,0.9375,0.920245398773006,705,400,False
model,0.36,0.3,3.5,0.2,score_point,0.05673758865248227,0.564,0.0825,0.9175,0.9095415117719949,705,400,False
model,0.53,0.2,3.0,0.2,score_point,0.05673758865248227,0.5640000000000001,0.13,0.87,0.883248730964467,705,400,False
model,0.32,0.4,3.0,0.2,score_point,0.05673758865248227,0.5690000000000001,0.065,0.935,0.9189189189189189,705,400,False
model,0.37,0.3,3.5,0.2,score_point,0.05673758865248227,0.572,0.085,0.915,0.9081885856079405,705,400,False
model,0.65,0.2,2.0,0.2,score_point,0.05673758865248227,0.5825,0.2125,0.7875,0.8344370860927152,705,400,False
model,0.38,0.3,3.5,0.2,score_point,0.05673758865248227,0.588,0.09,0.91,0.9054726368159204,705,400,False
model,0.66,0.2,2.0,0.2,score_point,0.05673758865248227,0.5960000000000001,0.22,0.78,0.8297872340425532,705,400,False
model,0.4,0.4,2.5,0.2,score_point,0.05673758865248227,0.5995000000000001,0.095,0.905,0.9027431421446384,705,400,False
model,0.25,0.5,2.5,0.2,score_point,0.05673758865248227,0.605,0.0525,0.9475,0.9255189255189256,705,400,False
model,0.6,0.3,2.0,0.2,score_point,0.05673758865248227,0.606,0.18,0.82,0.8541666666666666,705,400,False
model,0.26,0.5,2.5,0.2,score_point,0.05673758865248227,0.61,0.055,0.945,0.9242053789731052,705,400,False
model,0.22,0.5,3.0,0.2,score_point,0.05673758865248227,0.6125,0.045,0.955,0.9294403892944039,705,400,False
model,0.67,0.2,2.0,0.2,score_point,0.05673758865248227,0.6185,0.2325,0.7675,0.821954484605087,705,400,False
model,0.61,0.3,2.0,0.2,score_point,0.05673758865248227,0.623,0.19,0.81,0.8481675392670157,705,400,False
model,0.2,0.5,3.5,0.2,score_point,0.05673758865248227,0.6275,0.0425,0.9575,0.9307411907654921,705,400,False
model,0.51,0.2,3.5,0.2,score_point,0.05673758865248227,0.629,0.13,0.87,0.883248730964467,705,400,False
model,0.54,0.4,2.0,0.2,score_point,0.05673758865248227,0.6320000000000001,0.145,0.855,0.8746803069053708,705,400,False
model,0.62,0.3,2.0,0.2,score_point,0.05673758865248227,0.6399999999999999,0.2,0.8,0.8421052631578948,705,400,False
model,0.39,0.5,2.0,0.2,score_point,0.05673758865248227,0.6425,0.095,0.905,0.9027431421446384,705,400,False
model,0.28,0.6,2.0,0.2,score_point,0.05673758865248227,0.6804999999999999,0.0575,0.9425,0.9228886168910649,705,400,False
model,0.16,0.6,3.0,0.2,score_point,0.05673758865248227,0.6839999999999999,0.035,0.965,0.9346246973365617,705,400,False
model,0.05,0.7,3.0,0.2,score_point,0.05673758865248227,0.72875,0.0125,0.9875,0.9461077844311377,705,400,False
model,0.14,0.8,2.0,0.2,score_point,0.05673758865248227,0.8390000000000001,0.0325,0.9675,0.9359129383313181,705,400,False
model,0.15,0.8,2.0,0.2,score_point,0.05673758865248227,0.8419999999999999,0.035,0.965,0.9346246973365617,705,400,False
model,0.16,0.8,2.0,0.2,score_point,0.05673758865248227,0.8419999999999999,0.035,0.965,0.9346246973365617,705,400,False
model,0.01,0.9,3.5,0.2,score_point,0.05673758865248227,0.9130000000000001,0.005,0.995,0.9498806682577566,705,400,False
model,0.06,0.9,2.0,0.2,score_point,0.05673758865248227,0.9137500000000003,0.0125,0.9875,0.9461077844311377,705,400,False
model,0.07,0.9,2.0,0.2,score_point,0.05673758865248227,0.9137500000000003,0.0125,0.9875,0.9461077844311377,705,400,False
model,0.64,0.8,1.5,0.2,score_point,0.05673758865248227,0.94875,0.2125,0.7875,0.8344370860927152,705,400,False
model,0.65,0.8,1.5,0.2,score_point,0.05673758865248227,0.94875,0.2125,0.7875,0.8344370860927152,705,400,False
model,0.66,0.8,1.5,0.2,score_point,0.05673758865248227,0.9540000000000001,0.22,0.78,0.8297872340425532,705,400,False
model,0.67,0.8,1.5,0.2,score_point,0.05673758865248227,0.9627500000000001,0.2325,0.7675,0.821954484605087,705,400,False
model,0.68,0.8,1.5,0.2,score_point,0.05673758865248227,0.9750000000000001,0.25,0.75,0.8108108108108107,705,400,False
model,0.69,0.8,1.5,0.2,score_point,0.05673758865248227,0.9785,0.255,0.745,0.8075880758807588,705,400,False
model,0.7,0.8,1.5,0.2,score_point,0.05673758865248227,0.9820000000000002,0.26,0.74,0.8043478260869565,705,400,False
model,0.71,0.8,1.5,0.2,score_point,0.05673758865248227,0.9907500000000001,0.2725,0.7275,0.7961696306429549,705,400,False
model,0.72,0.8,1.5,0.2,score_point,0.05673758865248227,0.99775,0.2825,0.7175,0.7895460797799175,705,400,False
model,0.73,0.8,1.5,0.2,score_point,0.05673758865248227,1.00825,0.2975,0.7025,0.7794729542302358,705,400,False
model,0.74,0.8,1.5,0.2,score_point,0.05673758865248227,1.01525,0.3075,0.6925,0.7726638772663877,705,400,False
model,0.79,0.7,1.5,0.2,score_point,0.05673758865248227,1.02,0.4,0.6,0.7058823529411764,705,400,False
model,0.75,0.8,1.5,0.2,score_point,0.05673758865248227,1.024,0.32,0.68,0.7640449438202247,705,400,False
model,0.64,0.9,1.5,0.2,score_point,0.05673758865248227,1.0275000000000003,0.2125,0.7875,0.8344370860927152,705,400,False
model,0.65,0.9,1.5,0.2,score_point,0.05673758865248227,1.0275000000000003,0.2125,0.7875,0.8344370860927152,705,400,False
model,0.66,0.9,1.5,0.2,score_point,0.05673758865248227,1.0320000000000003,0.22,0.78,0.8297872340425532,705,400,False
model,0.8,0.7,1.5,0.2,score_point,0.05673758865248227,1.036,0.42,0.58,0.6904761904761905,705,400,False
model,0.76,0.8,1.5,0.2,score_point,0.05673758865248227,1.038,0.34,0.66,0.7500000000000001,705,400,False
model,0.67,0.9,1.5,0.2,score_point,0.05673758865248227,1.0395,0.2325,0.7675,0.821954484605087,705,400,False
model,0.81,0.7,1.5,0.2,score_point,0.05673758865248227,1.0499999999999998,0.4375,0.5625,0.6766917293233082,705,400,False
model,0.68,0.9,1.5,0.2,score_point,0.05673758865248227,1.05,0.25,0.75,0.8108108108108107,705,400,False
model,0.69,0.9,1.5,0.2,score_point,0.05673758865248227,1.0530000000000002,0.255,0.745,0.8075880758807588,705,400,False
model,0.77,0.8,1.5,0.2,score_point,0.05673758865248227,1.0537500000000002,0.3625,0.6375,0.7338129496402878,705,400,False
model,0.7,0.9,1.5,0.2,score_point,0.05673758865248227,1.056,0.26,0.74,0.8043478260869565,705,400,False
model,0.71,0.9,1.5,0.2,score_point,0.05673758865248227,1.0635000000000001,0.2725,0.7275,0.7961696306429549,705,400,False
model,0.82,0.7,1.5,0.2,score_point,0.05673758865248227,1.0659999999999998,0.4575,0.5425,0.6605783866057838,705,400,False
model,0.78,0.8,1.5,0.2,score_point,0.05673758865248227,1.066,0.38,0.62,0.7209302325581396,705,400,False
model,0.72,0.9,1.5,0.2,score_point,0.05673758865248227,1.0695000000000001,0.2825,0.7175,0.7895460797799175,705,400,False
model,0.73,0.9,1.5,0.2,score_point,0.05673758865248227,1.0785,0.2975,0.7025,0.7794729542302358,705,400,False
model,0.83,0.7,1.5,0.2,score_point,0.05673758865248227,1.0819999999999999,0.4775,0.5225,0.6440677966101694,705,400,False
model,0.74,0.9,1.5,0.2,score_point,0.05673758865248227,1.0845,0.3075,0.6925,0.7726638772663877,705,400,False
model,0.84,0.7,1.5,0.2,score_point,0.05673758865248227,1.0899999999999999,0.4875,0.5125,0.6356589147286822,705,400,False
model,0.75,0.9,1.5,0.2,score_point,0.05673758865248227,1.092,0.32,0.68,0.7640449438202247,705,400,False
model,0.85,0.7,1.5,0.2,score_point,0.05673758865248227,1.1019999999999999,0.5025,0.4975,0.622848200312989,705,400,False
model,0.76,0.9,1.5,0.2,score_point,0.05673758865248227,1.104,0.34,0.66,0.7500000000000001,705,400,False
model,0.64,1.0,1.5,0.2,score_point,0.05673758865248227,1.10625,0.2125,0.7875,0.8344370860927152,705,400,False
model,0.65,1.0,1.5,0.2,score_point,0.05673758865248227,1.10625,0.2125,0.7875,0.8344370860927152,705,400,False
model,0.66,1.0,1.5,0.2,score_point,0.05673758865248227,1.11,0.22,0.78,0.8297872340425532,705,400,False
model,0.67,1.0,1.5,0.2,score_point,0.05673758865248227,1.11625,0.2325,0.7675,0.821954484605087,705,400,False
model,0.77,0.9,1.5,0.2,score_point,0.05673758865248227,1.1175000000000002,0.3625,0.6375,0.7338129496402878,705,400,False
model,0.68,1.0,1.5,0.2,score_point,0.05673758865248227,1.125,0.25,0.75,0.8108108108108107,705,400,False
model,0.69,1.0,1.5,0.2,score_point,0.05673758865248227,1.1275,0.255,0.745,0.8075880758807588,705,400,False
model,0.78,0.9,1.5,0.2,score_point,0.05673758865248227,1.1280000000000001,0.38,0.62,0.7209302325581396,705,400,False
model,0.7,1.0,1.5,0.2,score_point,0.05673758865248227,1.13,0.26,0.74,0.8043478260869565,705,400,False
model,0.86,0.7,1.5,0.2,score_point,0.05673758865248227,1.132,0.54,0.46,0.5897435897435898,705,400,False
model,0.71,1.0,1.5,0.2,score_point,0.05673758865248227,1.13625,0.2725,0.7275,0.7961696306429549,705,400,False
model,0.72,1.0,1.5,0.2,score_point,0.05673758865248227,1.14125,0.2825,0.7175,0.7895460797799175,705,400,False
model,0.87,0.7,1.5,0.2,score_point,0.05673758865248227,1.146,0.5575,0.4425,0.5737439222042139,705,400,False
model,0.73,1.0,1.5,0.2,score_point,0.05673758865248227,1.14875,0.2975,0.7025,0.7794729542302358,705,400,False
model,0.74,1.0,1.5,0.2,score_point,0.05673758865248227,1.15375,0.3075,0.6925,0.7726638772663877,705,400,False
model,0.89,0.6,1.5,0.2,score_point,0.05673758865248227,1.1557499999999998,0.6175,0.3825,0.5160202360876898,705,400,False
model,0.75,1.0,1.5,0.2,score_point,0.05673758865248227,1.16,0.32,0.68,0.7640449438202247,705,400,False
model,0.76,1.0,1.5,0.2,score_point,0.05673758865248227,1.17,0.34,0.66,0.7500000000000001,705,400,False
model,0.88,0.7,1.5,0.2,score_point,0.05673758865248227,1.172,0.59,0.41,0.543046357615894,705,400,False
model,0.77,1.0,1.5,0.2,score_point,0.05673758865248227,1.18125,0.3625,0.6375,0.7338129496402878,705,400,False
model,0.9,0.6,1.5,0.2,score_point,0.05673758865248227,1.18725,0.6525,0.3475,0.4801381692573402,705,400,False
model,0.78,1.0,1.5,0.2,score_point,0.05673758865248227,1.19,0.38,0.62,0.7209302325581396,705,400,False
model,0.92,0.4,1.5,0.2,score_point,0.05673758865248227,1.1920000000000002,0.72,0.28,0.40579710144927544,705,400,False
model,0.93,0.3,1.5,0.2,score_point,0.05673758865248227,1.206,0.755,0.245,0.3643122676579926,705,400,False
model,0.91,0.6,1.5,0.2,score_point,0.05673758865248227,1.2164999999999997,0.685,0.315,0.44522968197879853,705,400,False
model,0.94,0.3,1.5,0.2,score_point,0.05673758865248227,1.2570000000000001,0.7975,0.2025,0.31094049904030713,705,400,False
model,0.33,0.3,3.5,0.2,score_point,0.05815602836879433,0.54,0.075,0.925,0.9124537607891492,705,400,False
model,0.34,0.3,3.5,0.2,score_point,0.05815602836879433,0.54,0.075,0.925,0.9124537607891492,705,400,True
model,0.55,0.2,2.5,0.2,score_point,0.05815602836879433,0.545,0.15,0.85,0.8706786171574904,705,400,False
model,0.35,0.3,3.5,0.2,score_point,0.05815602836879433,0.5559999999999999,0.08,0.92,0.9097651421508035,705,400,False
model,0.39,0.3,3.0,0.2,score_point,0.05815602836879433,0.5564999999999999,0.095,0.905,0.9016189290161892,705,400,False
model,0.57,0.3,2.0,0.2,score_point,0.05815602836879433,0.56775,0.1575,0.8425,0.8663239074550129,705,400,False
model,0.28,0.4,3.5,0.2,score_point,0.05815602836879433,0.5782500000000002,0.0575,0.9425,0.9217603911980441,705,400,False
model,0.58,0.3,2.0,0.2,score_point,0.05815602836879433,0.5805,0.165,0.835,0.8619354838709676,705,400,False
model,0.64,0.2,2.0,0.2,score_point,0.05815602836879433,0.5825,0.2125,0.7875,0.8333333333333334,705,400,False
model,0.52,0.3,2.5,0.2,score_point,0.05815602836879433,0.586,0.13,0.87,0.8821292775665398,705,400,False
model,0.59,0.3,2.0,0.2,score_point,0.05815602836879433,0.5932499999999998,0.1725,0.8275,0.8575129533678757,705,400,False
model,0.48,0.2,3.5,0.2,score_point,0.05815602836879433,0.596,0.12,0.88,0.8877679697351829,705,400,False
model,0.39,0.4,2.5,0.2,score_point,0.05815602836879433,0.5995000000000001,0.095,0.905,0.9016189290161892,705,400,False
model,0.24,0.5,2.5,0.2,score_point,0.05815602836879433,0.6,0.05,0.95,0.9257003654080389,705,400,False
model,0.49,0.2,3.5,0.2,score_point,0.05815602836879433,0.60425,0.1225,0.8775,0.8863636363636364,705,400,False
model,0.19,0.5,3.5,0.2,score_point,0.05815602836879433,0.62,0.04,0.96,0.9309090909090909,705,400,False
model,0.5,0.2,3.5,0.2,score_point,0.05815602836879433,0.6207499999999999,0.1275,0.8725,0.8835443037974685,705,400,False
model,0.14,0.6,3.0,0.2,score_point,0.05815602836879433,0.6779999999999998,0.0325,0.9675,0.9347826086956521,705,400,False
model,0.27,0.6,2.0,0.2,score_point,0.05815602836879433,0.6804999999999999,0.0575,0.9425,0.9217603911980441,705,400,False
model,0.2,0.6,2.5,0.2,score_point,0.05815602836879433,0.6807499999999999,0.0425,0.9575,0.9296116504854369,705,400,False
model,0.21,0.6,2.5,0.2,score_point,0.05815602836879433,0.6807499999999999,0.0425,0.9575,0.9296116504854369,705,400,False
model,0.15,0.6,3.0,0.2,score_point,0.05815602836879433,0.6839999999999999,0.035,0.965,0.9334945586457074,705,400,False
model,0.13,0.6,3.5,0.2,score_point,0.05815602836879433,0.6869999999999998,0.03,0.97,0.9360675512665863,705,400,False
model,0.04,0.7,3.5,0.2,score_point,0.05815602836879433,0.721,0.0075,0.9925,0.9474940334128878,705,400,False
model,0.06,0.7,2.5,0.2,score_point,0.05815602836879433,0.7225,0.0125,0.9875,0.9449760765550239,705,400,False
model,0.17,0.7,2.0,0.2,score_point,0.05815602836879433,0.7455000000000002,0.035,0.965,0.9334945586457074,705,400,False
model,0.18,0.7,2.0,0.2,score_point,0.05815602836879433,0.74875,0.0375,0.9625,0.9322033898305085,705,400,False
model,0.19,0.7,2.0,0.2,score_point,0.05815602836879433,0.752,0.04,0.96,0.9309090909090909,705,400,False
model,0.2,0.7,2.0,0.2,score_point,0.05815602836879433,0.7552500000000001,0.0425,0.9575,0.9296116504854369,705,400,False
model,0.21,0.7,2.0,0.2,score_point,0.05815602836879433,0.7552500000000001,0.0425,0.9575,0.9296116504854369,705,400,False
model,0.03,0.8,2.5,0.2,score_point,0.05815602836879433,0.8127500000000001,0.0075,0.9925,0.9474940334128878,705,400,False
model,0.08,0.8,2.0,0.2,score_point,0.05815602836879433,0.821,0.0175,0.9825,0.9424460431654678,705,400,False
model,0.09,0.8,2.0,0.2,score_point,0.05815602836879433,0.824,0.02,0.98,0.9411764705882352,705,400,False
model,0.1,0.8,2.0,0.2,score_point,0.05815602836879433,0.83,0.025,0.975,0.9386281588447654,705,400,False
model,0.11,0.8,2.0,0.2,score_point,0.05815602836879433,0.83,0.025,0.975,0.9386281588447654,705,400,False
model,0.12,0.8,2.0,0.2,score_point,0.05815602836879433,0.833,0.0275,0.9725,0.9373493975903614,705,400,False
model,0.13,0.8,2.0,0.2,score_point,0.05815602836879433,0.836,0.03,0.97,0.9360675512665863,705,400,False
model,0.64,0.7,1.5,0.2,score_point,0.05815602836879433,0.87,0.2125,0.7875,0.8333333333333334,705,400,False
model,0.65,0.7,1.5,0.2,score_point,0.05815602836879433,0.87,0.2125,0.7875,0.8333333333333334,705,400,False
model,0.66,0.7,1.5,0.2,score_point,0.05815602836879433,0.8759999999999999,0.22,0.78,0.8286852589641435,705,400,False
model,0.67,0.7,1.5,0.2,score_point,0.05815602836879433,0.8859999999999999,0.2325,0.7675,0.820855614973262,705,400,False
model,0.68,0.7,1.5,0.2,score_point,0.05815602836879433,0.9,0.25,0.75,0.8097165991902833,705,400,False
model,0.69,0.7,1.5,0.2,score_point,0.05815602836879433,0.9039999999999999,0.255,0.745,0.8064952638700948,705,400,False
model,0.7,0.7,1.5,0.2,score_point,0.05815602836879433,0.9079999999999999,0.26,0.74,0.8032564450474899,705,400,False
model,0.01,0.9,3.0,0.2,score_point,0.05815602836879433,0.9105000000000001,0.005,0.995,0.9487485101311085,705,400,False
model,0.71,0.7,1.5,0.2,score_point,0.05815602836879433,0.9179999999999998,0.2725,0.7275,0.7950819672131147,705,400,False
model,0.72,0.7,1.5,0.2,score_point,0.05815602836879433,0.9259999999999999,0.2825,0.7175,0.7884615384615384,705,400,False
model,0.73,0.7,1.5,0.2,score_point,0.05815602836879433,0.9379999999999998,0.2975,0.7025,0.7783933518005541,705,400,False
model,0.63,0.8,1.5,0.2,score_point,0.05815602836879433,0.9435000000000002,0.205,0.795,0.8379446640316206,705,400,False
model,0.74,0.7,1.5,0.2,score_point,0.05815602836879433,0.946,0.3075,0.6925,0.7715877437325905,705,400,False
model,0.75,0.7,1.5,0.2,score_point,0.05815602836879433,0.956,0.32,0.68,0.7629733520336606,705,400,False
model,0.79,0.6,1.5,0.2,score_point,0.05815602836879433,0.9599999999999999,0.4,0.6,0.7048458149779736,705,400,False
model,0.76,0.7,1.5,0.2,score_point,0.05815602836879433,0.9719999999999999,0.34,0.66,0.7489361702127659,705,400,False
model,0.8,0.6,1.5,0.2,score_point,0.05815602836879433,0.978,0.42,0.58,0.6894502228826151,705,400,False
model,0.77,0.7,1.5,0.2,score_point,0.05815602836879433,0.9899999999999999,0.3625,0.6375,0.732758620689655,705,400,False
model,0.81,0.6,1.5,0.2,score_point,0.05815602836879433,0.9937499999999997,0.4375,0.5625,0.6756756756756758,705,400,False
model,0.78,0.7,1.5,0.2,score_point,0.05815602836879433,1.004,0.38,0.62,0.7198838896952106,705,400,False
model,0.02,1.0,2.0,0.2,score_point,0.05815602836879433,1.0075,0.0075,0.9925,0.9474940334128878,705,400,False
model,0.82,0.6,1.5,0.2,score_point,0.05815602836879433,1.01175,0.4575,0.5425,0.6595744680851063,705,400,False
model,0.63,0.9,1.5,0.2,score_point,0.05815602836879433,1.0230000000000001,0.205,0.795,0.8379446640316206,705,400,False
model,0.83,0.6,1.5,0.2,score_point,0.05815602836879433,1.02975,0.4775,0.5225,0.6430769230769231,705,400,False
model,0.84,0.6,1.5,0.2,score_point,0.05815602836879433,1.0387499999999998,0.4875,0.5125,0.6346749226006192,705,400,False
model,0.85,0.6,1.5,0.2,score_point,0.05815602836879433,1.05225,0.5025,0.4975,0.6218750000000001,705,400,False
model,0.86,0.6,1.5,0.2,score_point,0.05815602836879433,1.0859999999999999,0.54,0.46,0.5888,705,400,False
model,0.87,0.6,1.5,0.2,score_point,0.05815602836879433,1.10175,0.5575,0.4425,0.5728155339805825,705,400,False
model,0.63,1.0,1.5,0.2,score_point,0.05815602836879433,1.1025,0.205,0.795,0.8379446640316206,705,400,False
model,0.89,0.5,1.5,0.2,score_point,0.05815602836879433,1.1175,0.6175,0.3825,0.5151515151515151,705,400,False
model,0.88,0.6,1.5,0.2,score_point,0.05815602836879433,1.131,0.59,0.41,0.5421487603305786,705,400,False
model,0.9,0.5,1.5,0.2,score_point,0.05815602836879433,1.1525,0.6525,0.3475,0.4793103448275862,705,400,False
model,0.92,0.3,1.5,0.2,score_point,0.05815602836879433,1.1640000000000001,0.72,0.28,0.40506329113924056,705,400,False
model,0.93,0.2,1.5,0.2,score_point,0.05815602836879433,1.1815,0.755,0.245,0.36363636363636365,705,400,False
model,0.91,0.5,1.5,0.2,score_point,0.05815602836879433,1.185,0.685,0.315,0.4444444444444445,705,400,False
model,0.94,0.2,1.5,0.2,score_point,0.05815602836879433,1.2367499999999998,0.7975,0.2025,0.3103448275862069,705,400,False
model,0.29,0.3,3.5,0.2,score_point,0.059574468085106386,0.48399999999999993,0.0575,0.9425,0.9206349206349207,705,400,False
model,0.3,0.3,3.5,0.2,score_point,0.059574468085106386,0.48399999999999993,0.0575,0.9425,0.9206349206349207,705,400,True
model,0.31,0.3,3.5,0.2,score_point,0.059574468085106386,0.49999999999999994,0.0625,0.9375,0.9179926560587515,705,400,False
model,0.32,0.3,3.5,0.2,score_point,0.059574468085106386,0.508,0.065,0.935,0.9166666666666667,705,400,False
model,0.56,0.3,2.0,0.2,score_point,0.059574468085106386,0.55925,0.1525,0.8475,0.8681177976952625,705,400,False
model,0.52,0.2,3.0,0.2,score_point,0.059574468085106386,0.5640000000000001,0.13,0.87,0.8810126582278481,705,400,False
model,0.51,0.3,2.5,0.2,score_point,0.059574468085106386,0.586,0.13,0.87,0.8810126582278481,705,400,False
model,0.29,0.5,2.0,0.2,score_point,0.059574468085106386,0.58625,0.0575,0.9425,0.9206349206349207,705,400,False
model,0.3,0.5,2.0,0.2,score_point,0.059574468085106386,0.58625,0.0575,0.9425,0.9206349206349207,705,400,False
model,0.46,0.2,3.5,0.2,score_point,0.059574468085106386,0.58775,0.1175,0.8825,0.8880503144654088,705,400,False
model,0.47,0.2,3.5,0.2,score_point,0.059574468085106386,0.58775,0.1175,0.8825,0.8880503144654088,705,400,False
model,0.31,0.5,2.0,0.2,score_point,0.059574468085106386,0.59375,0.0625,0.9375,0.9179926560587515,705,400,False
model,0.32,0.5,2.0,0.2,score_point,0.059574468085106386,0.5975,0.065,0.935,0.9166666666666667,705,400,False
model,0.17,0.5,3.5,0.2,score_point,0.059574468085106386,0.605,0.035,0.965,0.932367149758454,705,400,False
model,0.21,0.5,3.0,0.2,score_point,0.059574468085106386,0.60625,0.0425,0.9575,0.9284848484848485,705,400,False
model,0.53,0.4,2.0,0.2,score_point,0.059574468085106386,0.6080000000000001,0.13,0.87,0.8810126582278481,705,400,False
model,0.18,0.5,3.5,0.2,score_point,0.059574468085106386,0.6125,0.0375,0.9625,0.9310761789600966,705,400,False
model,0.33,0.5,2.0,0.2,score_point,0.059574468085106386,0.6125,0.075,0.925,0.9113300492610837,705,400,False
model,0.34,0.5,2.0,0.2,score_point,0.059574468085106386,0.6125,0.075,0.925,0.9113300492610837,705,400,False
model,0.35,0.5,2.0,0.2,score_point,0.059574468085106386,0.62,0.08,0.92,0.908641975308642,705,400,False
model,0.36,0.5,2.0,0.2,score_point,0.059574468085106386,0.62375,0.0825,0.9175,0.9072929542645242,705,400,False
model,0.37,0.5,2.0,0.2,score_point,0.059574468085106386,0.6275,0.085,0.915,0.9059405940594061,705,400,False
model,0.38,0.5,2.0,0.2,score_point,0.059574468085106386,0.635,0.09,0.91,0.9032258064516129,705,400,False
model,0.17,0.6,2.5,0.2,score_point,0.059574468085106386,0.6664999999999999,0.035,0.965,0.932367149758454,705,400,False
model,0.18,0.6,2.5,0.2,score_point,0.059574468085106386,0.67125,0.0375,0.9625,0.9310761789600966,705,400,False
model,0.11,0.6,3.5,0.2,score_point,0.059574468085106386,0.6724999999999999,0.025,0.975,0.9375,705,400,False
model,0.19,0.6,2.5,0.2,score_point,0.059574468085106386,0.6759999999999999,0.04,0.96,0.9297820823244551,705,400,False
model,0.12,0.6,3.5,0.2,score_point,0.059574468085106386,0.67975,0.0275,0.9725,0.9362214199759326,705,400,False
model,0.65,0.6,1.5,0.2,score_point,0.059574468085106386,0.7912499999999999,0.2125,0.7875,0.83223249669749,705,400,False
model,0.66,0.6,1.5,0.2,score_point,0.059574468085106386,0.7979999999999999,0.22,0.78,0.8275862068965517,705,400,False
model,0.67,0.6,1.5,0.2,score_point,0.059574468085106386,0.8092499999999998,0.2325,0.7675,0.8197596795727637,705,400,False
model,0.06,0.8,2.0,0.2,score_point,0.059574468085106386,0.815,0.0125,0.9875,0.943847072879331,705,400,False
model,0.07,0.8,2.0,0.2,score_point,0.059574468085106386,0.815,0.0125,0.9875,0.943847072879331,705,400,False
model,0.68,0.6,1.5,0.2,score_point,0.059574468085106386,0.8249999999999998,0.25,0.75,0.8086253369272236,705,400,False
model,0.69,0.6,1.5,0.2,score_point,0.059574468085106386,0.8294999999999999,0.255,0.745,0.8054054054054053,705,400,False
model,0.7,0.6,1.5,0.2,score_point,0.059574468085106386,0.834,0.26,0.74,0.8021680216802167,705,400,False
model,0.71,0.6,1.5,0.2,score_point,0.059574468085106386,0.84525,0.2725,0.7275,0.7939972714870396,705,400,False
model,0.72,0.6,1.5,0.2,score_point,0.059574468085106386,0.85425,0.2825,0.7175,0.7873799725651577,705,400,False
model,0.63,0.7,1.5,0.2,score_point,0.059574468085106386,0.8639999999999998,0.205,0.795,0.8368421052631579,705,400,False
model,0.73,0.6,1.5,0.2,score_point,0.059574468085106386,0.8677499999999999,0.2975,0.7025,0.77731673582296,705,400,False
model,0.74,0.6,1.5,0.2,score_point,0.059574468085106386,0.8767499999999998,0.3075,0.6925,0.7705146036161336,705,400,False
model,0.75,0.6,1.5,0.2,score_point,0.059574468085106386,0.888,0.32,0.68,0.761904761904762,705,400,False
model,0.79,0.5,1.5,0.2,score_point,0.059574468085106386,0.9,0.4,0.6,0.7038123167155425,705,400,False
model,0.55,0.8,1.5,0.2,score_point,0.059574468085106386,0.905,0.15,0.85,0.8695652173913043,705,400,False
model,0.76,0.6,1.5,0.2,score_point,0.059574468085106386,0.9059999999999999,0.34,0.66,0.7478753541076487,705,400,False
model,0.56,0.8,1.5,0.2,score_point,0.059574468085106386,0.9067500000000002,0.1525,0.8475,0.8681177976952625,705,400,False
model,0.04,0.9,2.0,0.2,score_point,0.059574468085106386,0.9082500000000002,0.0075,0.9925,0.9463647199046484,705,400,False
model,0.57,0.8,1.5,0.2,score_point,0.059574468085106386,0.91025,0.1575,0.8425,0.865211810012837,705,400,False
model,0.05,0.9,2.0,0.2,score_point,0.059574468085106386,0.9137500000000003,0.0125,0.9875,0.943847072879331,705,400,False
model,0.58,0.8,1.5,0.2,score_point,0.059574468085106386,0.9155000000000001,0.165,0.835,0.8608247422680413,705,400,False
model,0.8,0.5,1.5,0.2,score_point,0.059574468085106386,0.92,0.42,0.58,0.688427299703264,705,400,False
model,0.59,0.8,1.5,0.2,score_point,0.059574468085106386,0.9207500000000001,0.1725,0.8275,0.8564036222509703,705,400,False
model,0.6,0.8,1.5,0.2,score_point,0.059574468085106386,0.926,0.18,0.82,0.8519480519480519,705,400,False
model,0.77,0.6,1.5,0.2,score_point,0.059574468085106386,0.9262499999999999,0.3625,0.6375,0.7317073170731706,705,400,False
model,0.61,0.8,1.5,0.2,score_point,0.059574468085106386,0.9330000000000002,0.19,0.81,0.8459530026109661,705,400,False
model,0.81,0.5,1.5,0.2,score_point,0.059574468085106386,0.9375,0.4375,0.5625,0.6746626686656672,705,400,False
model,0.62,0.8,1.5,0.2,score_point,0.059574468085106386,0.9400000000000002,0.2,0.8,0.8398950131233596,705,400,False
model,0.78,0.6,1.5,0.2,score_point,0.059574468085106386,0.9419999999999998,0.38,0.62,0.7188405797101449,705,400,False
model,0.82,0.5,1.5,0.2,score_point,0.059574468085106386,0.9575,0.4575,0.5425,0.6585735963581184,705,400,False
model,0.83,0.5,1.5,0.2,score_point,0.059574468085106386,0.9775,0.4775,0.5225,0.6420890937019968,705,400,False
model,0.84,0.5,1.5,0.2,score_point,0.059574468085106386,0.9875,0.4875,0.5125,0.633693972179289,705,400,False
model,0.55,0.9,1.5,0.2,score_point,0.059574468085106386,0.99,0.15,0.85,0.8695652173913043,705,400,False
model,0.56,0.9,1.5,0.2,score_point,0.059574468085106386,0.9915,0.1525,0.8475,0.8681177976952625,705,400,False
model,0.57,0.9,1.5,0.2,score_point,0.059574468085106386,0.9945000000000002,0.1575,0.8425,0.865211810012837,705,400,False
model,0.58,0.9,1.5,0.2,score_point,0.059574468085106386,0.9990000000000001,0.165,0.835,0.8608247422680413,705,400,False
model,0.85,0.5,1.5,0.2,score_point,0.059574468085106386,1.0025,0.5025,0.4975,0.6209048361934477,705,400,False
model,0.59,0.9,1.5,0.2,score_point,0.059574468085106386,1.0035000000000003,0.1725,0.8275,0.8564036222509703,705,400,False
model,0.6,0.9,1.5,0.2,score_point,0.059574468085106386,1.008,0.18,0.82,0.8519480519480519,705,400,False
model,0.61,0.9,1.5,0.2,score_point,0.059574468085106386,1.0140000000000002,0.19,0.81,0.8459530026109661,705,400,False
model,0.62,0.9,1.5,0.2,score_point,0.059574468085106386,1.0200000000000002,0.2,0.8,0.8398950131233596,705,400,False
model,0.86,0.5,1.5,0.2,score_point,0.059574468085106386,1.04,0.54,0.46,0.5878594249201278,705,400,False
model,0.87,0.5,1.5,0.2,score_point,0.059574468085106386,1.0575,0.5575,0.4425,0.5718901453957996,705,400,False
model,0.55,1.0,1.5,0.2,score_point,0.059574468085106386,1.075,0.15,0.85,0.8695652173913043,705,400,False
model,0.56,1.0,1.5,0.2,score_point,0.059574468085106386,1.07625,0.1525,0.8475,0.8681177976952625,705,400,False
model,0.57,1.0,1.5,0.2,score_point,0.059574468085106386,1.07875,0.1575,0.8425,0.865211810012837,705,400,False
model,0.89,0.4,1.5,0.2,score_point,0.059574468085106386,1.07925,0.6175,0.3825,0.5142857142857143,705,400,False
model,0.58,1.0,1.5,0.2,score_point,0.059574468085106386,1.0825,0.165,0.835,0.8608247422680413,705,400,False
model,0.59,1.0,1.5,0.2,score_point,0.059574468085106386,1.08625,0.1725,0.8275,0.8564036222509703,705,400,False
model,0.6,1.0,1.5,0.2,score_point,0.059574468085106386,1.09,0.18,0.82,0.8519480519480519,705,400,False
model,0.88,0.5,1.5,0.2,score_point,0.059574468085106386,1.09,0.59,0.41,0.5412541254125411,705,400,False
model,0.61,1.0,1.5,0.2,score_point,0.059574468085106386,1.095,0.19,0.81,0.8459530026109661,705,400,False
model,0.62,1.0,1.5,0.2,score_point,0.059574468085106386,1.1,0.2,0.8,0.8398950131233596,705,400,False
model,0.9,0.4,1.5,0.2,score_point,0.059574468085106386,1.11775,0.6525,0.3475,0.47848537005163505,705,400,False
model,0.92,0.2,1.5,0.2,score_point,0.059574468085106386,1.136,0.72,0.28,0.40433212996389895,705,400,False
model,0.91,0.4,1.5,0.2,score_point,0.059574468085106386,1.1535000000000002,0.685,0.315,0.443661971830986,705,400,False
model,0.36,0.3,3.0,0.2,score_point,0.06099290780141844,0.5227499999999999,0.0825,0.9175,0.9061728395061729,705,400,False
model,0.37,0.3,3.0,0.2,score_point,0.06099290780141844,0.5295,0.085,0.915,0.9048207663782448,705,400,False
model,0.54,0.2,2.5,0.2,score_point,0.06099290780141844,0.5335000000000001,0.145,0.855,0.8713375796178343,705,400,False
model,0.38,0.3,3.0,0.2,score_point,0.06099290780141844,0.5429999999999999,0.09,0.91,0.9021065675340768,705,400,False
model,0.43,0.3,2.5,0.2,score_point,0.06099290780141844,0.5475,0.1125,0.8875,0.8897243107769425,705,400,False
model,0.44,0.3,2.5,0.2,score_point,0.06099290780141844,0.5475,0.1125,0.8875,0.8897243107769425,705,400,False
model,0.45,0.3,2.5,0.2,score_point,0.06099290780141844,0.5529999999999999,0.115,0.885,0.8883312421580928,705,400,False
model,0.55,0.3,2.0,0.2,score_point,0.06099290780141844,0.555,0.15,0.85,0.8684546615581098,705,400,False
model,0.46,0.3,2.5,0.2,score_point,0.06099290780141844,0.5585,0.1175,0.8825,0.8869346733668342,705,400,False
model,0.47,0.3,2.5,0.2,score_point,0.06099290780141844,0.5585,0.1175,0.8825,0.8869346733668342,705,400,False
model,0.48,0.3,2.5,0.2,score_point,0.06099290780141844,0.564,0.12,0.88,0.8855345911949686,705,400,False
model,0.51,0.2,3.0,0.2,score_point,0.06099290780141844,0.5640000000000001,0.13,0.87,0.8798988621997472,705,400,False
model,0.49,0.3,2.5,0.2,score_point,0.06099290780141844,0.5694999999999999,0.1225,0.8775,0.8841309823677581,705,400,False
model,0.43,0.2,3.5,0.2,score_point,0.06099290780141844,0.57125,0.1125,0.8875,0.8897243107769425,705,400,False
model,0.44,0.2,3.5,0.2,score_point,0.06099290780141844,0.57125,0.1125,0.8875,0.8897243107769425,705,400,False
model,0.36,0.4,2.5,0.2,score_point,0.06099290780141844,0.57325,0.0825,0.9175,0.9061728395061729,705,400,False
model,0.27,0.4,3.5,0.2,score_point,0.06099290780141844,0.5782500000000002,0.0575,0.9425,0.9195121951219513,705,400,False
model,0.37,0.4,2.5,0.2,score_point,0.06099290780141844,0.5785000000000001,0.085,0.915,0.9048207663782448,705,400,False
model,0.45,0.2,3.5,0.2,score_point,0.06099290780141844,0.5795,0.115,0.885,0.8883312421580928,705,400,False
model,0.5,0.3,2.5,0.2,score_point,0.06099290780141844,0.5805,0.1275,0.8725,0.8813131313131313,705,400,False
model,0.38,0.4,2.5,0.2,score_point,0.06099290780141844,0.5890000000000001,0.09,0.91,0.9021065675340768,705,400,False
model,0.23,0.5,2.5,0.2,score_point,0.06099290780141844,0.59,0.045,0.955,0.9260606060606061,705,400,False
model,0.2,0.5,3.0,0.2,score_point,0.06099290780141844,0.60625,0.0425,0.9575,0.927360774818402,705,400,False
model,0.09,0.6,3.5,0.2,score_point,0.06099290780141844,0.6579999999999998,0.02,0.98,0.9389221556886228,705,400,False
model,0.13,0.6,3.0,0.2,score_point,0.06099290780141844,0.6719999999999999,0.03,0.97,0.9338146811070999,705,400,False
model,0.1,0.6,3.5,0.2,score_point,0.06099290780141844,0.6724999999999999,0.025,0.975,0.9363745498199278,705,400,False
model,0.25,0.6,2.0,0.2,score_point,0.06099290780141844,0.6735,0.0525,0.9475,0.9221411192214113,705,400,False
model,0.26,0.6,2.0,0.2,score_point,0.06099290780141844,0.6769999999999999,0.055,0.945,0.9208282582216808,705,400,False
model,0.04,0.7,3.0,0.2,score_point,0.06099290780141844,0.7172499999999999,0.0075,0.9925,0.9452380952380952,705,400,False
model,0.14,0.7,2.0,0.2,score_point,0.06099290780141844,0.7422500000000001,0.0325,0.9675,0.9325301204819276,705,400,False
model,0.15,0.7,2.0,0.2,score_point,0.06099290780141844,0.7455000000000002,0.035,0.965,0.93124246079614,705,400,False
model,0.16,0.7,2.0,0.2,score_point,0.06099290780141844,0.7455000000000002,0.035,0.965,0.93124246079614,705,400,False
model,0.64,0.6,1.5,0.2,score_point,0.06099290780141844,0.7912499999999999,0.2125,0.7875,0.8311345646437995,705,400,False
model,0.02,0.8,2.5,0.2,score_point,0.06099290780141844,0.8127500000000001,0.0075,0.9925,0.9452380952380952,705,400,False
model,0.55,0.7,1.5,0.2,score_point,0.06099290780141844,0.82,0.15,0.85,0.8684546615581098,705,400,False
model,0.56,0.7,1.5,0.2,score_point,0.06099290780141844,0.8220000000000001,0.1525,0.8475,0.867007672634271,705,400,False
model,0.57,0.7,1.5,0.2,score_point,0.06099290780141844,0.826,0.1575,0.8425,0.8641025641025641,705,400,False
model,0.58,0.7,1.5,0.2,score_point,0.06099290780141844,0.8320000000000001,0.165,0.835,0.8597168597168597,705,400,False
model,0.59,0.7,1.5,0.2,score_point,0.06099290780141844,0.838,0.1725,0.8275,0.8552971576227391,705,400,False
model,0.6,0.7,1.5,0.2,score_point,0.06099290780141844,0.8440000000000001,0.18,0.82,0.8508430609597925,705,400,False
model,0.61,0.7,1.5,0.2,score_point,0.06099290780141844,0.8519999999999999,0.19,0.81,0.8448500651890483,705,400,False
model,0.62,0.7,1.5,0.2,score_point,0.06099290780141844,0.86,0.2,0.8,0.8387942332896461,705,400,False
model,0.53,0.8,1.5,0.2,score_point,0.06099290780141844,0.8910000000000001,0.13,0.87,0.8798988621997472,705,400,False
model,0.54,0.8,1.5,0.2,score_point,0.06099290780141844,0.9015000000000001,0.145,0.855,0.8713375796178343,705,400,False
model,0.53,0.9,1.5,0.2,score_point,0.06099290780141844,0.9780000000000001,0.13,0.87,0.8798988621997472,705,400,False
model,0.54,0.9,1.5,0.2,score_point,0.06099290780141844,0.9870000000000002,0.145,0.855,0.8713375796178343,705,400,False
model,0.89,0.3,1.5,0.2,score_point,0.06099290780141844,1.0410000000000001,0.6175,0.3825,0.5134228187919463,705,400,False
model,0.88,0.4,1.5,0.2,score_point,0.06099290780141844,1.0490000000000002,0.59,0.41,0.5403624382207578,705,400,False
model,0.53,1.0,1.5,0.2,score_point,0.06099290780141844,1.065,0.13,0.87,0.8798988621997472,705,400,False
model,0.54,1.0,1.5,0.2,score_point,0.06099290780141844,1.0725,0.145,0.855,0.8713375796178343,705,400,False
model,0.9,0.3,1.5,0.2,score_point,0.06099290780141844,1.083,0.6525,0.3475,0.47766323024054985,705,400,False
model,0.91,0.3,1.5,0.2,score_point,0.06099290780141844,1.122,0.685,0.315,0.4428822495606327,705,400,False
model,0.33,0.3,3.0,0.2,score_point,0.062411347517730496,0.5025,0.075,0.925,0.9090909090909091,705,400,False
model,0.34,0.3,3.0,0.2,score_point,0.062411347517730496,0.5025,0.075,0.925,0.9090909090909091,705,400,False
model,0.35,0.3,3.0,0.2,score_point,0.062411347517730496,0.5159999999999999,0.08,0.92,0.9064039408866995,705,400,False
model,0.41,0.3,2.5,0.2,score_point,0.062411347517730496,0.5255,0.1025,0.8975,0.8941469489414695,705,400,False
model,0.48,0.2,3.0,0.2,score_point,0.062411347517730496,0.536,0.12,0.88,0.8844221105527638,705,400,False
model,0.41,0.2,3.5,0.2,score_point,0.062411347517730496,0.53825,0.1025,0.8975,0.8941469489414695,705,400,False
model,0.49,0.2,3.0,0.2,score_point,0.062411347517730496,0.543,0.1225,0.8775,0.8830188679245283,705,400,False
model,0.42,0.3,2.5,0.2,score_point,0.062411347517730496,0.5475,0.1125,0.8875,0.8886107634543179,705,400,False
model,0.28,0.4,3.0,0.2,score_point,0.062411347517730496,0.5495,0.0575,0.9425,0.9183922046285018,705,400,False
model,0.5,0.2,3.0,0.2,score_point,0.062411347517730496,0.557,0.1275,0.8725,0.880201765447667,705,400,False
model,0.33,0.4,2.5,0.2,score_point,0.062411347517730496,0.5575000000000001,0.075,0.925,0.9090909090909091,705,400,False
model,0.34,0.4,2.5,0.2,score_point,0.062411347517730496,0.5575000000000001,0.075,0.925,0.9090909090909091,705,400,False
model,0.35,0.4,2.5,0.2,score_point,0.062411347517730496,0.5680000000000001,0.08,0.92,0.9064039408866995,705,400,False
model,0.42,0.2,3.5,0.2,score_point,0.062411347517730496,0.57125,0.1125,0.8875,0.8886107634543179,705,400,False
model,0.22,0.5,2.5,0.2,score_point,0.062411347517730496,0.59,0.045,0.955,0.9249394673123487,705,400,False
model,0.19,0.5,3.0,0.2,score_point,0.062411347517730496,0.6,0.04,0.96,0.927536231884058,705,400,False
model,0.16,0.5,3.5,0.2,score_point,0.062411347517730496,0.605,0.035,0.965,0.9301204819277108,705,400,False
model,0.52,0.4,2.0,0.2,score_point,0.062411347517730496,0.6080000000000001,0.13,0.87,0.8787878787878789,705,400,False
model,0.08,0.6,3.5,0.2,score_point,0.062411347517730496,0.6507499999999999,0.0175,0.9825,0.9390681003584229,705,400,False
model,0.11,0.6,3.0,0.2,score_point,0.062411347517730496,0.6599999999999998,0.025,0.975,0.9352517985611511,705,400,False
model,0.12,0.6,3.0,0.2,score_point,0.062411347517730496,0.6659999999999999,0.0275,0.9725,0.9339735894357742,705,400,False
model,0.16,0.6,2.5,0.2,score_point,0.062411347517730496,0.6664999999999999,0.035,0.965,0.9301204819277108,705,400,False
model,0.24,0.6,2.0,0.2,score_point,0.062411347517730496,0.67,0.05,0.95,0.9223300970873787,705,400,False
model,0.05,0.7,2.5,0.2,score_point,0.062411347517730496,0.7225,0.0125,0.9875,0.9415971394517283,705,400,False
model,0.08,0.7,2.0,0.2,score_point,0.062411347517730496,0.72275,0.0175,0.9825,0.9390681003584229,705,400,False
model,0.09,0.7,2.0,0.2,score_point,0.062411347517730496,0.7260000000000001,0.02,0.98,0.937799043062201,705,400,False
model,0.1,0.7,2.0,0.2,score_point,0.062411347517730496,0.7325,0.025,0.975,0.9352517985611511,705,400,False
model,0.11,0.7,2.0,0.2,score_point,0.062411347517730496,0.7325,0.025,0.975,0.9352517985611511,705,400,False
model,0.12,0.7,2.0,0.2,score_point,0.062411347517730496,0.73575,0.0275,0.9725,0.9339735894357742,705,400,False
model,0.13,0.7,2.0,0.2,score_point,0.062411347517730496,0.7390000000000001,0.03,0.97,0.9326923076923077,705,400,False
model,0.71,0.5,1.5,0.2,score_point,0.062411347517730496,0.7725,0.2725,0.7275,0.7918367346938775,705,400,False
model,0.72,0.5,1.5,0.2,score_point,0.062411347517730496,0.7825,0.2825,0.7175,0.7852257181942545,705,400,False
model,0.63,0.6,1.5,0.2,score_point,0.062411347517730496,0.7844999999999999,0.205,0.795,0.8346456692913387,705,400,False
model,0.73,0.5,1.5,0.2,score_point,0.062411347517730496,0.7975,0.2975,0.7025,0.7751724137931034,705,400,False
model,0.53,0.7,1.5,0.2,score_point,0.062411347517730496,0.8039999999999999,0.13,0.87,0.8787878787878789,705,400,False
model,0.74,0.5,1.5,0.2,score_point,0.062411347517730496,0.8075,0.3075,0.6925,0.768377253814147,705,400,False
model,0.05,0.8,2.0,0.2,score_point,0.062411347517730496,0.815,0.0125,0.9875,0.9415971394517283,705,400,False
model,0.54,0.7,1.5,0.2,score_point,0.062411347517730496,0.816,0.145,0.855,0.8702290076335878,705,400,False
model,0.75,0.5,1.5,0.2,score_point,0.062411347517730496,0.82,0.32,0.68,0.7597765363128492,705,400,False
model,0.76,0.5,1.5,0.2,score_point,0.062411347517730496,0.84,0.34,0.66,0.7457627118644068,705,400,False
model,0.8,0.4,1.5,0.2,score_point,0.062411347517730496,0.862,0.42,0.58,0.6863905325443788,705,400,False
model,0.77,0.5,1.5,0.2,score_point,0.062411347517730496,0.8625,0.3625,0.6375,0.7296137339055795,705,400,False
model,0.78,0.5,1.5,0.2,score_point,0.062411347517730496,0.88,0.38,0.62,0.7167630057803469,705,400,False
model,0.81,0.4,1.5,0.2,score_point,0.062411347517730496,0.8812500000000001,0.4375,0.5625,0.672645739910314,705,400,False
model,0.51,0.8,1.5,0.2,score_point,0.062411347517730496,0.8910000000000001,0.13,0.87,0.8787878787878789,705,400,False
model,0.52,0.8,1.5,0.2,score_point,0.062411347517730496,0.8910000000000001,0.13,0.87,0.8787878787878789,705,400,False
model,0.82,0.4,1.5,0.2,score_point,0.062411347517730496,0.9032500000000002,0.4575,0.5425,0.6565809379727686,705,400,False
model,0.03,0.9,2.0,0.2,score_point,0.062411347517730496,0.9082500000000002,0.0075,0.9925,0.9441141498216409,705,400,False
model,0.83,0.4,1.5,0.2,score_point,0.062411347517730496,0.92525,0.4775,0.5225,0.6401225114854516,705,400,False
model,0.84,0.4,1.5,0.2,score_point,0.062411347517730496,0.9362500000000001,0.4875,0.5125,0.6317411402157165,705,400,False
model,0.85,0.4,1.5,0.2,score_point,0.062411347517730496,0.9527500000000001,0.5025,0.4975,0.6189735614307932,705,400,False
model,0.51,0.9,1.5,0.2,score_point,0.062411347517730496,0.9780000000000001,0.13,0.87,0.8787878787878789,705,400,False
model,0.52,0.9,1.5,0.2,score_point,0.062411347517730496,0.9780000000000001,0.13,0.87,0.8787878787878789,705,400,False
model,0.86,0.4,1.5,0.2,score_point,0.062411347517730496,0.9940000000000001,0.54,0.46,0.5859872611464968,705,400,False
model,0.87,0.4,1.5,0.2,score_point,0.062411347517730496,1.0132500000000002,0.5575,0.4425,0.5700483091787439,705,400,False
model,0.51,1.0,1.5,0.2,score_point,0.062411347517730496,1.065,0.13,0.87,0.8787878787878789,705,400,False
model,0.52,1.0,1.5,0.2,score_point,0.062411347517730496,1.065,0.13,0.87,0.8787878787878789,705,400,False
model,0.29,0.3,3.0,0.2,score_point,0.06382978723404255,0.45524999999999993,0.0575,0.9425,0.9172749391727495,705,400,False
model,0.3,0.3,3.0,0.2,score_point,0.06382978723404255,0.45524999999999993,0.0575,0.9425,0.9172749391727495,705,400,True
model,0.31,0.3,3.0,0.2,score_point,0.06382978723404255,0.46874999999999994,0.0625,0.9375,0.9146341463414636,705,400,False
model,0.32,0.3,3.0,0.2,score_point,0.06382978723404255,0.4755,0.065,0.935,0.9133089133089133,705,400,False
model,0.53,0.2,2.5,0.2,score_point,0.06382978723404255,0.49900000000000005,0.13,0.87,0.8776796973518285,705,400,False
model,0.4,0.3,2.5,0.2,score_point,0.06382978723404255,0.5089999999999999,0.095,0.905,0.8971499380421314,705,400,False
model,0.4,0.2,3.5,0.2,score_point,0.06382978723404255,0.5135,0.095,0.905,0.8971499380421314,705,400,False
model,0.29,0.4,2.5,0.2,score_point,0.06382978723404255,0.52075,0.0575,0.9425,0.9172749391727495,705,400,False
model,0.3,0.4,2.5,0.2,score_point,0.06382978723404255,0.52075,0.0575,0.9425,0.9172749391727495,705,400,False
model,0.46,0.2,3.0,0.2,score_point,0.06382978723404255,0.529,0.1175,0.8825,0.8847117794486216,705,400,False
model,0.47,0.2,3.0,0.2,score_point,0.06382978723404255,0.529,0.1175,0.8825,0.8847117794486216,705,400,False
model,0.31,0.4,2.5,0.2,score_point,0.06382978723404255,0.5312500000000001,0.0625,0.9375,0.9146341463414636,705,400,False
model,0.32,0.4,2.5,0.2,score_point,0.06382978723404255,0.5365000000000001,0.065,0.935,0.9133089133089133,705,400,False
model,0.54,0.3,2.0,0.2,score_point,0.06382978723404255,0.5464999999999999,0.145,0.855,0.869123252858958,705,400,False
model,0.25,0.4,3.5,0.2,score_point,0.06382978723404255,0.5627500000000001,0.0525,0.9475,0.9199029126213593,705,400,False
model,0.63,0.2,2.0,0.2,score_point,0.06382978723404255,0.5690000000000001,0.205,0.795,0.8335517693315858,705,400,False
model,0.26,0.4,3.5,0.2,score_point,0.06382978723404255,0.5705000000000001,0.055,0.945,0.9185905224787363,705,400,False
model,0.28,0.5,2.0,0.2,score_point,0.06382978723404255,0.58625,0.0575,0.9425,0.9172749391727495,705,400,False
model,0.17,0.5,3.0,0.2,score_point,0.06382978723404255,0.5875,0.035,0.965,0.9290012033694344,705,400,False
model,0.18,0.5,3.0,0.2,score_point,0.06382978723404255,0.59375,0.0375,0.9625,0.927710843373494,705,400,False
model,0.15,0.5,3.5,0.2,score_point,0.06382978723404255,0.605,0.035,0.965,0.9290012033694344,705,400,False
model,0.51,0.4,2.0,0.2,score_point,0.06382978723404255,0.6080000000000001,0.13,0.87,0.8776796973518285,705,400,False
model,0.09,0.6,3.0,0.2,score_point,0.06382978723404255,0.6479999999999998,0.02,0.98,0.9366786140979689,705,400,False
model,0.1,0.6,3.0,0.2,score_point,0.06382978723404255,0.6599999999999998,0.025,0.975,0.934131736526946,705,400,False
model,0.14,0.6,2.5,0.2,score_point,0.06382978723404255,0.6617499999999998,0.0325,0.9675,0.9302884615384617,705,400,False
model,0.15,0.6,2.5,0.2,score_point,0.06382978723404255,0.6664999999999999,0.035,0.965,0.9290012033694344,705,400,False
model,0.03,0.7,3.5,0.2,score_point,0.06382978723404255,0.721,0.0075,0.9925,0.9429928741092637,705,400,False
model,0.55,0.6,1.5,0.2,score_point,0.06382978723404255,0.735,0.15,0.85,0.8662420382165604,705,400,False
model,0.56,0.6,1.5,0.2,score_point,0.06382978723404255,0.73725,0.1525,0.8475,0.8647959183673468,705,400,False
model,0.57,0.6,1.5,0.2,score_point,0.06382978723404255,0.74175,0.1575,0.8425,0.8618925831202047,705,400,False
model,0.58,0.6,1.5,0.2,score_point,0.06382978723404255,0.7484999999999999,0.165,0.835,0.8575096277278561,705,400,False
model,0.68,0.5,1.5,0.2,score_point,0.06382978723404255,0.75,0.25,0.75,0.8053691275167786,705,400,False
model,0.69,0.5,1.5,0.2,score_point,0.06382978723404255,0.755,0.255,0.745,0.8021534320323014,705,400,False
model,0.59,0.6,1.5,0.2,score_point,0.06382978723404255,0.7552499999999998,0.1725,0.8275,0.8530927835051546,705,400,False
model,0.7,0.5,1.5,0.2,score_point,0.06382978723404255,0.76,0.26,0.74,0.7989203778677463,705,400,False
model,0.6,0.6,1.5,0.2,score_point,0.06382978723404255,0.7619999999999999,0.18,0.82,0.8486416558861577,705,400,False
model,0.61,0.6,1.5,0.2,score_point,0.06382978723404255,0.7709999999999998,0.19,0.81,0.8426527958387517,705,400,False
model,0.62,0.6,1.5,0.2,score_point,0.06382978723404255,0.7799999999999998,0.2,0.8,0.8366013071895425,705,400,False
model,0.52,0.7,1.5,0.2,score_point,0.06382978723404255,0.8039999999999999,0.13,0.87,0.8776796973518285,705,400,False
model,0.01,0.8,3.5,0.2,score_point,0.06382978723404255,0.8134999999999999,0.005,0.995,0.9442467378410437,705,400,False
model,0.79,0.4,1.5,0.2,score_point,0.06382978723404255,0.8400000000000002,0.4,0.6,0.7007299270072991,705,400,False
model,0.28,0.8,1.5,0.2,score_point,0.06382978723404255,0.84025,0.0575,0.9425,0.9172749391727495,705,400,False
model,0.29,0.8,1.5,0.2,score_point,0.06382978723404255,0.84025,0.0575,0.9425,0.9172749391727495,705,400,False
model,0.3,0.8,1.5,0.2,score_point,0.06382978723404255,0.84025,0.0575,0.9425,0.9172749391727495,705,400,False
model,0.31,0.8,1.5,0.2,score_point,0.06382978723404255,0.84375,0.0625,0.9375,0.9146341463414636,705,400,False
model,0.32,0.8,1.5,0.2,score_point,0.06382978723404255,0.8455000000000001,0.065,0.935,0.9133089133089133,705,400,False
model,0.33,0.8,1.5,0.2,score_point,0.06382978723404255,0.8525,0.075,0.925,0.9079754601226994,705,400,False
model,0.34,0.8,1.5,0.2,score_point,0.06382978723404255,0.8525,0.075,0.925,0.9079754601226994,705,400,False
model,0.35,0.8,1.5,0.2,score_point,0.06382978723404255,0.8560000000000001,0.08,0.92,0.905289052890529,705,400,False
model,0.36,0.8,1.5,0.2,score_point,0.06382978723404255,0.85775,0.0825,0.9175,0.9039408866995073,705,400,False
model,0.37,0.8,1.5,0.2,score_point,0.06382978723404255,0.8595000000000002,0.085,0.915,0.902589395807645,705,400,False
model,0.38,0.8,1.5,0.2,score_point,0.06382978723404255,0.8630000000000001,0.09,0.91,0.8998763906056861,705,400,False
model,0.39,0.8,1.5,0.2,score_point,0.06382978723404255,0.8665000000000002,0.095,0.905,0.8971499380421314,705,400,False
model,0.4,0.8,1.5,0.2,score_point,0.06382978723404255,0.8665000000000002,0.095,0.905,0.8971499380421314,705,400,False
model,0.41,0.8,1.5,0.2,score_point,0.06382978723404255,0.8717500000000001,0.1025,0.8975,0.8930348258706466,705,400,False
model,0.42,0.8,1.5,0.2,score_point,0.06382978723404255,0.8787500000000001,0.1125,0.8875,0.8875,705,400,False
model,0.43,0.8,1.5,0.2,score_point,0.06382978723404255,0.8787500000000001,0.1125,0.8875,0.8875,705,400,False
model,0.44,0.8,1.5,0.2,score_point,0.06382978723404255,0.8787500000000001,0.1125,0.8875,0.8875,705,400,False
model,0.45,0.8,1.5,0.2,score_point,0.06382978723404255,0.8805000000000001,0.115,0.885,0.8861076345431789,705,400,False
model,0.46,0.8,1.5,0.2,score_point,0.06382978723404255,0.8822500000000002,0.1175,0.8825,0.8847117794486216,705,400,False
model,0.47,0.8,1.5,0.2,score_point,0.06382978723404255,0.8822500000000002,0.1175,0.8825,0.8847117794486216,705,400,False
model,0.48,0.8,1.5,0.2,score_point,0.06382978723404255,0.884,0.12,0.88,0.8833124215809285,705,400,False
model,0.49,0.8,1.5,0.2,score_point,0.06382978723404255,0.8857500000000001,0.1225,0.8775,0.8819095477386935,705,400,False
model,0.5,0.8,1.5,0.2,score_point,0.06382978723404255,0.8892500000000001,0.1275,0.8725,0.8790931989924434,705,400,False
model,0.01,0.9,2.5,0.2,score_point,0.06382978723404255,0.9080000000000001,0.005,0.995,0.9442467378410437,705,400,False
model,0.27,0.9,1.5,0.2,score_point,0.06382978723404255,0.9345000000000002,0.0575,0.9425,0.9172749391727495,705,400,False
model,0.28,0.9,1.5,0.2,score_point,0.06382978723404255,0.9345000000000002,0.0575,0.9425,0.9172749391727495,705,400,False
model,0.29,0.9,1.5,0.2,score_point,0.06382978723404255,0.9345000000000002,0.0575,0.9425,0.9172749391727495,705,400,False
model,0.3,0.9,1.5,0.2,score_point,0.06382978723404255,0.9345000000000002,0.0575,0.9425,0.9172749391727495,705,400,False
model,0.31,0.9,1.5,0.2,score_point,0.06382978723404255,0.9375000000000001,0.0625,0.9375,0.9146341463414636,705,400,False
model,0.32,0.9,1.5,0.2,score_point,0.06382978723404255,0.9390000000000002,0.065,0.935,0.9133089133089133,705,400,False
model,0.33,0.9,1.5,0.2,score_point,0.06382978723404255,0.9450000000000002,0.075,0.925,0.9079754601226994,705,400,False
model,0.34,0.9,1.5,0.2,score_point,0.06382978723404255,0.9450000000000002,0.075,0.925,0.9079754601226994,705,400,False
model,0.35,0.9,1.5,0.2,score_point,0.06382978723404255,0.9480000000000003,0.08,0.92,0.905289052890529,705,400,False
model,0.36,0.9,1.5,0.2,score_point,0.06382978723404255,0.9495000000000001,0.0825,0.9175,0.9039408866995073,705,400,False
model,0.37,0.9,1.5,0.2,score_point,0.06382978723404255,0.9510000000000002,0.085,0.915,0.902589395807645,705,400,False
model,0.38,0.9,1.5,0.2,score_point,0.06382978723404255,0.9540000000000002,0.09,0.91,0.8998763906056861,705,400,False
model,0.39,0.9,1.5,0.2,score_point,0.06382978723404255,0.9570000000000002,0.095,0.905,0.8971499380421314,705,400,False
model,0.4,0.9,1.5,0.2,score_point,0.06382978723404255,0.9570000000000002,0.095,0.905,0.8971499380421314,705,400,False
model,0.41,0.9,1.5,0.2,score_point,0.06382978723404255,0.9615000000000002,0.1025,0.8975,0.8930348258706466,705,400,False
model,0.42,0.9,1.5,0.2,score_point,0.06382978723404255,0.9675000000000002,0.1125,0.8875,0.8875,705,400,False
model,0.43,0.9,1.5,0.2,score_point,0.06382978723404255,0.9675000000000002,0.1125,0.8875,0.8875,705,400,False
model,0.44,0.9,1.5,0.2,score_point,0.06382978723404255,0.9675000000000002,0.1125,0.8875,0.8875,705,400,False
model,0.45,0.9,1.5,0.2,score_point,0.06382978723404255,0.9690000000000003,0.115,0.885,0.8861076345431789,705,400,False
model,0.46,0.9,1.5,0.2,score_point,0.06382978723404255,0.9705000000000003,0.1175,0.8825,0.8847117794486216,705,400,False
model,0.47,0.9,1.5,0.2,score_point,0.06382978723404255,0.9705000000000003,0.1175,0.8825,0.8847117794486216,705,400,False
model,0.48,0.9,1.5,0.2,score_point,0.06382978723404255,0.9720000000000002,0.12,0.88,0.8833124215809285,705,400,False
model,0.49,0.9,1.5,0.2,score_point,0.06382978723404255,0.9735000000000003,0.1225,0.8775,0.8819095477386935,705,400,False
model,0.5,0.9,1.5,0.2,score_point,0.06382978723404255,0.9765000000000001,0.1275,0.8725,0.8790931989924434,705,400,False
model,0.89,0.2,1.5,0.2,score_point,0.06382978723404255,1.0027499999999998,0.6175,0.3825,0.5117056856187291,705,400,False
model,0.01,1.0,2.0,0.2,score_point,0.06382978723404255,1.005,0.005,0.995,0.9442467378410437,705,400,False
model,0.88,0.3,1.5,0.2,score_point,0.06382978723404255,1.008,0.59,0.41,0.5385878489326764,705,400,False
model,0.25,1.0,1.5,0.2,score_point,0.06382978723404255,1.02625,0.0525,0.9475,0.9199029126213593,705,400,False
model,0.26,1.0,1.5,0.2,score_point,0.06382978723404255,1.0275,0.055,0.945,0.9185905224787363,705,400,False
model,0.27,1.0,1.5,0.2,score_point,0.06382978723404255,1.02875,0.0575,0.9425,0.9172749391727495,705,400,False
model,0.28,1.0,1.5,0.2,score_point,0.06382978723404255,1.02875,0.0575,0.9425,0.9172749391727495,705,400,False
model,0.29,1.0,1.5,0.2,score_point,0.06382978723404255,1.02875,0.0575,0.9425,0.9172749391727495,705,400,False
model,0.3,1.0,1.5,0.2,score_point,0.06382978723404255,1.02875,0.0575,0.9425,0.9172749391727495,705,400,False
model,0.31,1.0,1.5,0.2,score_point,0.06382978723404255,1.03125,0.0625,0.9375,0.9146341463414636,705,400,False
model,0.32,1.0,1.5,0.2,score_point,0.06382978723404255,1.0325,0.065,0.935,0.9133089133089133,705,400,False
model,0.33,1.0,1.5,0.2,score_point,0.06382978723404255,1.0375,0.075,0.925,0.9079754601226994,705,400,False
model,0.34,1.0,1.5,0.2,score_point,0.06382978723404255,1.0375,0.075,0.925,0.9079754601226994,705,400,False
model,0.35,1.0,1.5,0.2,score_point,0.06382978723404255,1.04,0.08,0.92,0.905289052890529,705,400,False
model,0.36,1.0,1.5,0.2,score_point,0.06382978723404255,1.04125,0.0825,0.9175,0.9039408866995073,705,400,False
model,0.37,1.0,1.5,0.2,score_point,0.06382978723404255,1.0425,0.085,0.915,0.902589395807645,705,400,False
model,0.38,1.0,1.5,0.2,score_point,0.06382978723404255,1.045,0.09,0.91,0.8998763906056861,705,400,False
model,0.39,1.0,1.5,0.2,score_point,0.06382978723404255,1.0475,0.095,0.905,0.8971499380421314,705,400,False
model,0.4,1.0,1.5,0.2,score_point,0.06382978723404255,1.0475,0.095,0.905,0.8971499380421314,705,400,False
model,0.9,0.2,1.5,0.2,score_point,0.06382978723404255,1.0482500000000001,0.6525,0.3475,0.47602739726027393,705,400,False
model,0.41,1.0,1.5,0.2,score_point,0.06382978723404255,1.05125,0.1025,0.8975,0.8930348258706466,705,400,False
model,0.42,1.0,1.5,0.2,score_point,0.06382978723404255,1.05625,0.1125,0.8875,0.8875,705,400,False
model,0.43,1.0,1.5,0.2,score_point,0.06382978723404255,1.05625,0.1125,0.8875,0.8875,705,400,False
model,0.44,1.0,1.5,0.2,score_point,0.06382978723404255,1.05625,0.1125,0.8875,0.8875,705,400,False
model,0.45,1.0,1.5,0.2,score_point,0.06382978723404255,1.0575,0.115,0.885,0.8861076345431789,705,400,False
model,0.46,1.0,1.5,0.2,score_point,0.06382978723404255,1.05875,0.1175,0.8825,0.8847117794486216,705,400,False
model,0.47,1.0,1.5,0.2,score_point,0.06382978723404255,1.05875,0.1175,0.8825,0.8847117794486216,705,400,False
model,0.48,1.0,1.5,0.2,score_point,0.06382978723404255,1.06,0.12,0.88,0.8833124215809285,705,400,False
model,0.49,1.0,1.5,0.2,score_point,0.06382978723404255,1.06125,0.1225,0.8775,0.8819095477386935,705,400,False
model,0.5,1.0,1.5,0.2,score_point,0.06382978723404255,1.06375,0.1275,0.8725,0.8790931989924434,705,400,False
model,0.91,0.2,1.5,0.2,score_point,0.06382978723404255,1.0905,0.685,0.315,0.4413309982486865,705,400,False
model,0.28,0.3,3.5,0.2,score_point,0.06524822695035461,0.48399999999999993,0.0575,0.9425,0.9161603888213852,705,400,False
model,0.39,0.3,2.5,0.2,score_point,0.06524822695035461,0.5089999999999999,0.095,0.905,0.8960396039603961,705,400,False
model,0.43,0.2,3.0,0.2,score_point,0.06524822695035461,0.515,0.1125,0.8875,0.8863920099875157,705,400,False
model,0.44,0.2,3.0,0.2,score_point,0.06524822695035461,0.515,0.1125,0.8875,0.8863920099875157,705,400,False
model,0.45,0.2,3.0,0.2,score_point,0.06524822695035461,0.522,0.115,0.885,0.885,705,400,False
model,0.6,0.2,2.0,0.2,score_point,0.06524822695035461,0.5240000000000001,0.18,0.82,0.8475452196382428,705,400,False
model,0.61,0.2,2.0,0.2,score_point,0.06524822695035461,0.5420000000000001,0.19,0.81,0.8415584415584417,705,400,False
model,0.27,0.4,3.0,0.2,score_point,0.06524822695035461,0.5495,0.0575,0.9425,0.9161603888213852,705,400,False
model,0.24,0.4,3.5,0.2,score_point,0.06524822695035461,0.555,0.05,0.95,0.9200968523002421,705,400,False
model,0.62,0.2,2.0,0.2,score_point,0.06524822695035461,0.56,0.2,0.8,0.8355091383812011,705,400,False
model,0.43,0.4,2.0,0.2,score_point,0.06524822695035461,0.5800000000000002,0.1125,0.8875,0.8863920099875157,705,400,False
model,0.44,0.4,2.0,0.2,score_point,0.06524822695035461,0.5800000000000002,0.1125,0.8875,0.8863920099875157,705,400,False
model,0.45,0.4,2.0,0.2,score_point,0.06524822695035461,0.5840000000000001,0.115,0.885,0.885,705,400,False
model,0.21,0.5,2.5,0.2,score_point,0.06524822695035461,0.585,0.0425,0.9575,0.9240048250904704,705,400,False
model,0.27,0.5,2.0,0.2,score_point,0.06524822695035461,0.58625,0.0575,0.9425,0.9161603888213852,705,400,False
model,0.46,0.4,2.0,0.2,score_point,0.06524822695035461,0.5880000000000001,0.1175,0.8825,0.8836045056320401,705,400,False
model,0.47,0.4,2.0,0.2,score_point,0.06524822695035461,0.5880000000000001,0.1175,0.8825,0.8836045056320401,705,400,False
model,0.48,0.4,2.0,0.2,score_point,0.06524822695035461,0.5920000000000001,0.12,0.88,0.8822055137844611,705,400,False
model,0.49,0.4,2.0,0.2,score_point,0.06524822695035461,0.5960000000000001,0.1225,0.8775,0.8808030112923464,705,400,False
model,0.5,0.4,2.0,0.2,score_point,0.06524822695035461,0.6040000000000001,0.1275,0.8725,0.8779874213836479,705,400,False
model,0.08,0.6,3.0,0.2,score_point,0.06524822695035461,0.6419999999999999,0.0175,0.9825,0.9368295589988082,705,400,False
model,0.23,0.6,2.0,0.2,score_point,0.06524822695035461,0.6629999999999998,0.045,0.955,0.9227053140096618,705,400,False
model,0.65,0.5,1.5,0.2,score_point,0.06524822695035461,0.7125,0.2125,0.7875,0.8278580814717478,705,400,False
model,0.07,0.7,2.0,0.2,score_point,0.06524822695035461,0.71625,0.0125,0.9875,0.9393579072532698,705,400,False
model,0.66,0.5,1.5,0.2,score_point,0.06524822695035461,0.72,0.22,0.78,0.8232189973614776,705,400,False
model,0.54,0.6,1.5,0.2,score_point,0.06524822695035461,0.7304999999999998,0.145,0.855,0.8680203045685279,705,400,False
model,0.67,0.5,1.5,0.2,score_point,0.06524822695035461,0.7325,0.2325,0.7675,0.8154050464807436,705,400,False
model,0.51,0.7,1.5,0.2,score_point,0.06524822695035461,0.8039999999999999,0.13,0.87,0.8765743073047859,705,400,False
model,0.8,0.3,1.5,0.2,score_point,0.06524822695035461,0.804,0.42,0.58,0.6843657817109144,705,400,False
model,0.04,0.8,2.0,0.2,score_point,0.06524822695035461,0.809,0.0075,0.9925,0.9418742586002373,705,400,False
model,0.01,0.8,3.0,0.2,score_point,0.06524822695035461,0.8109999999999999,0.005,0.995,0.9431279620853079,705,400,False
model,0.81,0.3,1.5,0.2,score_point,0.06524822695035461,0.825,0.4375,0.5625,0.6706408345752608,705,400,False
model,0.27,0.8,1.5,0.2,score_point,0.06524822695035461,0.84025,0.0575,0.9425,0.9161603888213852,705,400,False
model,0.82,0.3,1.5,0.2,score_point,0.06524822695035461,0.8490000000000001,0.4575,0.5425,0.6546003016591251,705,400,False
model,0.83,0.3,1.5,0.2,score_point,0.06524822695035461,0.8730000000000001,0.4775,0.5225,0.6381679389312976,705,400,False
model,0.84,0.3,1.5,0.2,score_point,0.06524822695035461,0.885,0.4875,0.5125,0.6298003072196622,705,400,False
model,0.85,0.3,1.5,0.2,score_point,0.06524822695035461,0.903,0.5025,0.4975,0.6170542635658914,705,400,False
model,0.02,0.9,2.0,0.2,score_point,0.06524822695035461,0.9082500000000002,0.0075,0.9925,0.9418742586002373,705,400,False
model,0.25,0.9,1.5,0.2,score_point,0.06524822695035461,0.9315000000000002,0.0525,0.9475,0.9187878787878787,705,400,False
model,0.26,0.9,1.5,0.2,score_point,0.06524822695035461,0.9330000000000002,0.055,0.945,0.9174757281553398,705,400,False
model,0.86,0.3,1.5,0.2,score_point,0.06524822695035461,0.9480000000000001,0.54,0.46,0.5841269841269842,705,400,False
model,0.87,0.3,1.5,0.2,score_point,0.06524822695035461,0.9690000000000001,0.5575,0.4425,0.5682182985553772,705,400,False
model,0.23,1.0,1.5,0.2,score_point,0.06524822695035461,1.0225,0.045,0.955,0.9227053140096618,705,400,False
model,0.24,1.0,1.5,0.2,score_point,0.06524822695035461,1.025,0.05,0.95,0.9200968523002421,705,400,False
model,0.57,0.2,2.0,0.2,score_point,0.06666666666666667,0.4835000000000001,0.1575,0.8425,0.8596938775510203,705,400,False
model,0.41,0.2,3.0,0.2,score_point,0.06666666666666667,0.48700000000000004,0.1025,0.8975,0.890818858560794,705,400,False
model,0.58,0.2,2.0,0.2,score_point,0.06666666666666667,0.49700000000000005,0.165,0.835,0.8553137003841228,705,400,False
model,0.52,0.2,2.5,0.2,score_point,0.06666666666666667,0.49900000000000005,0.13,0.87,0.8754716981132076,705,400,False
model,0.59,0.2,2.0,0.2,score_point,0.06666666666666667,0.5105000000000001,0.1725,0.8275,0.8508997429305912,705,400,False
model,0.39,0.2,3.5,0.2,score_point,0.06666666666666667,0.5135,0.095,0.905,0.8949320148331273,705,400,False
model,0.42,0.2,3.0,0.2,score_point,0.06666666666666667,0.515,0.1125,0.8875,0.8852867830423942,705,400,False
model,0.53,0.3,2.0,0.2,score_point,0.06666666666666667,0.5209999999999999,0.13,0.87,0.8754716981132076,705,400,False
model,0.41,0.4,2.0,0.2,score_point,0.06666666666666667,0.5640000000000001,0.1025,0.8975,0.890818858560794,705,400,False
model,0.42,0.4,2.0,0.2,score_point,0.06666666666666667,0.5800000000000002,0.1125,0.8875,0.8852867830423942,705,400,False
model,0.2,0.5,2.5,0.2,score_point,0.06666666666666667,0.585,0.0425,0.9575,0.9228915662650603,705,400,False
model,0.16,0.5,3.0,0.2,score_point,0.06666666666666667,0.5875,0.035,0.965,0.9267707082833133,705,400,False
model,0.14,0.5,3.5,0.2,score_point,0.06666666666666667,0.5975,0.0325,0.9675,0.9280575539568345,705,400,False
model,0.07,0.6,3.5,0.2,score_point,0.06666666666666667,0.6362499999999999,0.0125,0.9875,0.9382422802850356,705,400,False
model,0.13,0.6,2.5,0.2,score_point,0.06666666666666667,0.6569999999999999,0.03,0.97,0.9293413173652696,705,400,False
model,0.22,0.6,2.0,0.2,score_point,0.06666666666666667,0.6629999999999998,0.045,0.955,0.9215922798552474,705,400,False
model,0.71,0.4,1.5,0.2,score_point,0.06666666666666667,0.6997500000000001,0.2725,0.7275,0.7886178861788619,705,400,False
model,0.72,0.4,1.5,0.2,score_point,0.06666666666666667,0.71075,0.2825,0.7175,0.782016348773842,705,400,False
model,0.64,0.5,1.5,0.2,score_point,0.06666666666666667,0.7125,0.2125,0.7875,0.8267716535433071,705,400,False
model,0.04,0.7,2.5,0.2,score_point,0.06666666666666667,0.7134999999999999,0.0075,0.9925,0.9407582938388626,705,400,False
model,0.53,0.6,1.5,0.2,score_point,0.06666666666666667,0.7169999999999999,0.13,0.87,0.8754716981132076,705,400,False
model,0.03,0.7,3.0,0.2,score_point,0.06666666666666667,0.7172499999999999,0.0075,0.9925,0.9407582938388626,705,400,False
model,0.73,0.4,1.5,0.2,score_point,0.06666666666666667,0.7272500000000001,0.2975,0.7025,0.771978021978022,705,400,False
model,0.74,0.4,1.5,0.2,score_point,0.06666666666666667,0.7382500000000002,0.3075,0.6925,0.765193370165746,705,400,False
model,0.28,0.7,1.5,0.2,score_point,0.06666666666666667,0.746,0.0575,0.9425,0.9150485436893203,705,400,False
model,0.29,0.7,1.5,0.2,score_point,0.06666666666666667,0.746,0.0575,0.9425,0.9150485436893203,705,400,False
model,0.3,0.7,1.5,0.2,score_point,0.06666666666666667,0.746,0.0575,0.9425,0.9150485436893203,705,400,False
model,0.31,0.7,1.5,0.2,score_point,0.06666666666666667,0.75,0.0625,0.9375,0.9124087591240876,705,400,False
model,0.32,0.7,1.5,0.2,score_point,0.06666666666666667,0.7519999999999999,0.065,0.935,0.9110840438489648,705,400,False
model,0.75,0.4,1.5,0.2,score_point,0.06666666666666667,0.752,0.32,0.68,0.7566063977746871,705,400,False
model,0.33,0.7,1.5,0.2,score_point,0.06666666666666667,0.76,0.075,0.925,0.9057527539779683,705,400,False
model,0.34,0.7,1.5,0.2,score_point,0.06666666666666667,0.76,0.075,0.925,0.9057527539779683,705,400,False
model,0.35,0.7,1.5,0.2,score_point,0.06666666666666667,0.764,0.08,0.92,0.9030674846625766,705,400,False
model,0.36,0.7,1.5,0.2,score_point,0.06666666666666667,0.7659999999999999,0.0825,0.9175,0.9017199017199018,705,400,False
model,0.37,0.7,1.5,0.2,score_point,0.06666666666666667,0.7679999999999998,0.085,0.915,0.900369003690037,705,400,False
model,0.38,0.7,1.5,0.2,score_point,0.06666666666666667,0.7719999999999999,0.09,0.91,0.8976572133168927,705,400,False
model,0.76,0.4,1.5,0.2,score_point,0.06666666666666667,0.774,0.34,0.66,0.7426160337552742,705,400,False
model,0.39,0.7,1.5,0.2,score_point,0.06666666666666667,0.7759999999999999,0.095,0.905,0.8949320148331273,705,400,False
model,0.4,0.7,1.5,0.2,score_point,0.06666666666666667,0.7759999999999999,0.095,0.905,0.8949320148331273,705,400,False
model,0.79,0.3,1.5,0.2,score_point,0.06666666666666667,0.78,0.4,0.6,0.6986899563318778,705,400,False
model,0.41,0.7,1.5,0.2,score_point,0.06666666666666667,0.7819999999999999,0.1025,0.8975,0.890818858560794,705,400,False
model,0.42,0.7,1.5,0.2,score_point,0.06666666666666667,0.79,0.1125,0.8875,0.8852867830423942,705,400,False
model,0.43,0.7,1.5,0.2,score_point,0.06666666666666667,0.79,0.1125,0.8875,0.8852867830423942,705,400,False
model,0.44,0.7,1.5,0.2,score_point,0.06666666666666667,0.79,0.1125,0.8875,0.8852867830423942,705,400,False
model,0.45,0.7,1.5,0.2,score_point,0.06666666666666667,0.7919999999999999,0.115,0.885,0.8838951310861423,705,400,False
model,0.46,0.7,1.5,0.2,score_point,0.06666666666666667,0.7939999999999999,0.1175,0.8825,0.8825,705,400,False
model,0.47,0.7,1.5,0.2,score_point,0.06666666666666667,0.7939999999999999,0.1175,0.8825,0.8825,705,400,False
model,0.48,0.7,1.5,0.2,score_point,0.06666666666666667,0.7959999999999999,0.12,0.88,0.8811013767209012,705,400,False
model,0.49,0.7,1.5,0.2,score_point,0.06666666666666667,0.7979999999999998,0.1225,0.8775,0.8796992481203008,705,400,False
model,0.77,0.4,1.5,0.2,score_point,0.06666666666666667,0.7987500000000002,0.3625,0.6375,0.7264957264957264,705,400,False
model,0.5,0.7,1.5,0.2,score_point,0.06666666666666667,0.8019999999999999,0.1275,0.8725,0.8768844221105527,705,400,False
model,0.78,0.4,1.5,0.2,score_point,0.06666666666666667,0.8180000000000001,0.38,0.62,0.7136690647482015,705,400,False
model,0.25,0.8,1.5,0.2,score_point,0.06666666666666667,0.8367500000000001,0.0525,0.9475,0.9176755447941889,705,400,False
model,0.26,0.8,1.5,0.2,score_point,0.06666666666666667,0.8385000000000001,0.055,0.945,0.9163636363636363,705,400,False
model,0.24,0.9,1.5,0.2,score_point,0.06666666666666667,0.9300000000000003,0.05,0.95,0.9189842805320435,705,400,False
model,0.88,0.2,1.5,0.2,score_point,0.06666666666666667,0.9670000000000001,0.59,0.41,0.5368248772504092,705,400,False
model,0.22,1.0,1.5,0.2,score_point,0.06666666666666667,1.0225,0.045,0.955,0.9215922798552474,705,400,False
model,0.4,0.2,3.0,0.2,score_point,0.06808510638297872,0.466,0.095,0.905,0.8938271604938272,705,400,False
model,0.56,0.2,2.0,0.2,score_point,0.06808510638297872,0.47450000000000003,0.1525,0.8475,0.8614993646759849,705,400,False
model,0.36,0.3,2.5,0.2,score_point,0.06808510638297872,0.48149999999999993,0.0825,0.9175,0.9006134969325154,705,400,False
model,0.27,0.3,3.5,0.2,score_point,0.06808510638297872,0.48399999999999993,0.0575,0.9425,0.913939393939394,705,400,False
model,0.37,0.3,2.5,0.2,score_point,0.06808510638297872,0.48699999999999993,0.085,0.915,0.8992628992628994,705,400,False
model,0.38,0.3,2.5,0.2,score_point,0.06808510638297872,0.498,0.09,0.91,0.896551724137931,705,400,False
model,0.51,0.2,2.5,0.2,score_point,0.06808510638297872,0.49900000000000005,0.13,0.87,0.8743718592964824,705,400,False
model,0.28,0.4,2.5,0.2,score_point,0.06808510638297872,0.52075,0.0575,0.9425,0.913939393939394,705,400,False
model,0.25,0.4,3.0,0.2,score_point,0.06808510638297872,0.5365000000000001,0.0525,0.9475,0.9165659008464327,705,400,False
model,0.23,0.4,3.5,0.2,score_point,0.06808510638297872,0.5395000000000001,0.045,0.955,0.9204819277108434,705,400,False
model,0.26,0.4,3.0,0.2,score_point,0.06808510638297872,0.543,0.055,0.945,0.9152542372881356,705,400,False
model,0.4,0.4,2.0,0.2,score_point,0.06808510638297872,0.552,0.095,0.905,0.8938271604938272,705,400,False
model,0.25,0.5,2.0,0.2,score_point,0.06808510638297872,0.57875,0.0525,0.9475,0.9165659008464327,705,400,False
model,0.19,0.5,2.5,0.2,score_point,0.06808510638297872,0.58,0.04,0.96,0.923076923076923,705,400,False
model,0.26,0.5,2.0,0.2,score_point,0.06808510638297872,0.5825,0.055,0.945,0.9152542372881356,705,400,False
model,0.15,0.5,3.0,0.2,score_point,0.06808510638297872,0.5875,0.035,0.965,0.9256594724220625,705,400,False
model,0.11,0.6,2.5,0.2,score_point,0.06808510638297872,0.6474999999999999,0.025,0.975,0.9307875894988066,705,400,False
model,0.12,0.6,2.5,0.2,score_point,0.06808510638297872,0.65225,0.0275,0.9725,0.929510155316607,705,400,False
model,0.63,0.5,1.5,0.2,score_point,0.06808510638297872,0.705,0.205,0.795,0.8302872062663185,705,400,False
model,0.06,0.7,2.0,0.2,score_point,0.06808510638297872,0.71625,0.0125,0.9875,0.9371293001186239,705,400,False
model,0.52,0.6,1.5,0.2,score_point,0.06808510638297872,0.7169999999999999,0.13,0.87,0.8743718592964824,705,400,False
model,0.02,0.7,3.5,0.2,score_point,0.06808510638297872,0.721,0.0075,0.9925,0.9396449704142011,705,400,False
model,0.27,0.7,1.5,0.2,score_point,0.06808510638297872,0.746,0.0575,0.9425,0.913939393939394,705,400,False
model,0.8,0.2,1.5,0.2,score_point,0.06808510638297872,0.746,0.42,0.58,0.6823529411764706,705,400,False
model,0.81,0.2,1.5,0.2,score_point,0.06808510638297872,0.76875,0.4375,0.5625,0.6686478454680534,705,400,False
model,0.82,0.2,1.5,0.2,score_point,0.06808510638297872,0.79475,0.4575,0.5425,0.6526315789473685,705,400,False
model,0.03,0.8,2.0,0.2,score_point,0.06808510638297872,0.809,0.0075,0.9925,0.9396449704142011,705,400,False
model,0.83,0.2,1.5,0.2,score_point,0.06808510638297872,0.82075,0.4775,0.5225,0.6362252663622526,705,400,False
model,0.84,0.2,1.5,0.2,score_point,0.06808510638297872,0.83375,0.4875,0.5125,0.6278713629402756,705,400,False
model,0.24,0.8,1.5,0.2,score_point,0.06808510638297872,0.835,0.05,0.95,0.9178743961352657,705,400,False
model,0.85,0.2,1.5,0.2,score_point,0.06808510638297872,0.8532500000000001,0.5025,0.4975,0.6151468315301392,705,400,False
model,0.86,0.2,1.5,0.2,score_point,0.06808510638297872,0.902,0.54,0.46,0.5822784810126583,705,400,False
model,0.87,0.2,1.5,0.2,score_point,0.06808510638297872,0.92475,0.5575,0.4425,0.5664,705,400,False
model,0.23,0.9,1.5,0.2,score_point,0.06808510638297872,0.9270000000000002,0.045,0.955,0.9204819277108434,705,400,False
model,0.14,1.0,1.5,0.2,score_point,0.06808510638297872,1.01625,0.0325,0.9675,0.9269461077844312,705,400,False
model,0.15,1.0,1.5,0.2,score_point,0.06808510638297872,1.0175,0.035,0.965,0.9256594724220625,705,400,False
model,0.16,1.0,1.5,0.2,score_point,0.06808510638297872,1.0175,0.035,0.965,0.9256594724220625,705,400,False
model,0.17,1.0,1.5,0.2,score_point,0.06808510638297872,1.0175,0.035,0.965,0.9256594724220625,705,400,False
model,0.18,1.0,1.5,0.2,score_point,0.06808510638297872,1.01875,0.0375,0.9625,0.9243697478991597,705,400,False
model,0.19,1.0,1.5,0.2,score_point,0.06808510638297872,1.02,0.04,0.96,0.923076923076923,705,400,False
model,0.2,1.0,1.5,0.2,score_point,0.06808510638297872,1.02125,0.0425,0.9575,0.9217809867629362,705,400,False
model,0.21,1.0,1.5,0.2,score_point,0.06808510638297872,1.02125,0.0425,0.9575,0.9217809867629362,705,400,False
model,0.28,0.3,3.0,0.2,score_point,0.06950354609929078,0.45524999999999993,0.0575,0.9425,0.9128329297820823,705,400,False
model,0.33,0.3,2.5,0.2,score_point,0.06950354609929078,0.4649999999999999,0.075,0.925,0.9035409035409036,705,400,False
model,0.34,0.3,2.5,0.2,score_point,0.06950354609929078,0.4649999999999999,0.075,0.925,0.9035409035409036,705,400,False
model,0.55,0.2,2.0,0.2,score_point,0.06950354609929078,0.47,0.15,0.85,0.8618504435994931,705,400,False
model,0.36,0.2,3.5,0.2,score_point,0.06950354609929078,0.47224999999999995,0.0825,0.9175,0.8995098039215687,705,400,False
model,0.35,0.3,2.5,0.2,score_point,0.06950354609929078,0.4759999999999999,0.08,0.92,0.9008567931456548,705,400,False
model,0.48,0.2,2.5,0.2,score_point,0.06950354609929078,0.4760000000000001,0.12,0.88,0.8789013732833958,705,400,False
model,0.37,0.2,3.5,0.2,score_point,0.06950354609929078,0.4805,0.085,0.915,0.898159509202454,705,400,False
model,0.49,0.2,2.5,0.2,score_point,0.06950354609929078,0.4817500000000001,0.1225,0.8775,0.8775,705,400,False
model,0.5,0.2,2.5,0.2,score_point,0.06950354609929078,0.49325,0.1275,0.8725,0.8746867167919801,705,400,False
model,0.38,0.2,3.5,0.2,score_point,0.06950354609929078,0.49699999999999994,0.09,0.91,0.8954489544895449,705,400,False
model,0.52,0.3,2.0,0.2,score_point,0.06950354609929078,0.5209999999999999,0.13,0.87,0.8732747804265998,705,400,False
model,0.24,0.4,3.0,0.2,score_point,0.06950354609929078,0.53,0.05,0.95,0.916767189384801,705,400,False
model,0.22,0.4,3.5,0.2,score_point,0.06950354609929078,0.5395000000000001,0.045,0.955,0.9193742478941035,705,400,False
model,0.39,0.4,2.0,0.2,score_point,0.06950354609929078,0.552,0.095,0.905,0.8927250308261406,705,400,False
model,0.17,0.5,2.5,0.2,score_point,0.06950354609929078,0.57,0.035,0.965,0.9245508982035927,705,400,False
model,0.18,0.5,2.5,0.2,score_point,0.06950354609929078,0.575,0.0375,0.9625,0.9232613908872902,705,400,False
model,0.24,0.5,2.0,0.2,score_point,0.06950354609929078,0.575,0.05,0.95,0.916767189384801,705,400,False
model,0.14,0.5,3.0,0.2,score_point,0.06950354609929078,0.58125,0.0325,0.9675,0.9258373205741626,705,400,False
model,0.13,0.5,3.5,0.2,score_point,0.06950354609929078,0.59,0.03,0.97,0.927120669056153,705,400,False
model,0.71,0.3,1.5,0.2,score_point,0.06950354609929078,0.627,0.2725,0.7275,0.7864864864864864,705,400,False
model,0.07,0.6,3.0,0.2,score_point,0.06950354609929078,0.6299999999999999,0.0125,0.9875,0.9360189573459716,705,400,False
model,0.09,0.6,2.5,0.2,score_point,0.06950354609929078,0.6379999999999999,0.02,0.98,0.9322235434007135,705,400,False
model,0.72,0.3,1.5,0.2,score_point,0.06950354609929078,0.6389999999999999,0.2825,0.7175,0.779891304347826,705,400,False
model,0.1,0.6,2.5,0.2,score_point,0.06950354609929078,0.6474999999999999,0.025,0.975,0.929678188319428,705,400,False
model,0.55,0.5,1.5,0.2,score_point,0.06950354609929078,0.65,0.15,0.85,0.8618504435994931,705,400,False
model,0.56,0.5,1.5,0.2,score_point,0.06950354609929078,0.6525,0.1525,0.8475,0.8604060913705583,705,400,False
model,0.73,0.3,1.5,0.2,score_point,0.06950354609929078,0.6569999999999999,0.2975,0.7025,0.7698630136986301,705,400,False
model,0.57,0.5,1.5,0.2,score_point,0.06950354609929078,0.6575,0.1575,0.8425,0.8575063613231553,705,400,False
model,0.2,0.6,2.0,0.2,score_point,0.06950354609929078,0.6594999999999999,0.0425,0.9575,0.920673076923077,705,400,False
model,0.21,0.6,2.0,0.2,score_point,0.06950354609929078,0.6594999999999999,0.0425,0.9575,0.920673076923077,705,400,False
model,0.58,0.5,1.5,0.2,score_point,0.06950354609929078,0.665,0.165,0.835,0.8531289910600255,705,400,False
model,0.74,0.3,1.5,0.2,score_point,0.06950354609929078,0.6689999999999999,0.3075,0.6925,0.7630853994490358,705,400,False
model,0.59,0.5,1.5,0.2,score_point,0.06950354609929078,0.6725,0.1725,0.8275,0.8487179487179487,705,400,False
model,0.68,0.4,1.5,0.2,score_point,0.06950354609929078,0.6750000000000002,0.25,0.75,0.8010680907877168,705,400,False
model,0.6,0.5,1.5,0.2,score_point,0.06950354609929078,0.68,0.18,0.82,0.8442728442728442,705,400,False
model,0.69,0.4,1.5,0.2,score_point,0.06950354609929078,0.6805000000000001,0.255,0.745,0.7978580990629183,705,400,False
model,0.75,0.3,1.5,0.2,score_point,0.06950354609929078,0.6839999999999999,0.32,0.68,0.7545076282940361,705,400,False
model,0.7,0.4,1.5,0.2,score_point,0.06950354609929078,0.686,0.26,0.74,0.7946308724832215,705,400,False
model,0.61,0.5,1.5,0.2,score_point,0.06950354609929078,0.69,0.19,0.81,0.8382923673997412,705,400,False
model,0.62,0.5,1.5,0.2,score_point,0.06950354609929078,0.7,0.2,0.8,0.8322496749024708,705,400,False
model,0.76,0.3,1.5,0.2,score_point,0.06950354609929078,0.708,0.34,0.66,0.7405329593267882,705,400,False
model,0.51,0.6,1.5,0.2,score_point,0.06950354609929078,0.7169999999999999,0.13,0.87,0.8732747804265998,705,400,False
model,0.79,0.2,1.5,0.2,score_point,0.06950354609929078,0.72,0.4,0.6,0.6966618287373004,705,400,False
model,0.77,0.3,1.5,0.2,score_point,0.06950354609929078,0.735,0.3625,0.6375,0.7244318181818181,705,400,False
model,0.25,0.7,1.5,0.2,score_point,0.06950354609929078,0.7419999999999999,0.0525,0.9475,0.9154589371980677,705,400,False
model,0.26,0.7,1.5,0.2,score_point,0.06950354609929078,0.7440000000000001,0.055,0.945,0.9141475211608223,705,400,False
model,0.78,0.3,1.5,0.2,score_point,0.06950354609929078,0.7559999999999999,0.38,0.62,0.7116212338593975,705,400,False
model,0.23,0.8,1.5,0.2,score_point,0.06950354609929078,0.8314999999999999,0.045,0.955,0.9193742478941035,705,400,False
model,0.22,0.9,1.5,0.2,score_point,0.06950354609929078,0.9270000000000002,0.045,0.955,0.9193742478941035,705,400,False
model,0.06,1.0,1.5,0.2,score_point,0.06950354609929078,1.00625,0.0125,0.9875,0.9360189573459716,705,400,False
model,0.07,1.0,1.5,0.2,score_point,0.06950354609929078,1.00625,0.0125,0.9875,0.9360189573459716,705,400,False
model,0.08,1.0,1.5,0.2,score_point,0.06950354609929078,1.00875,0.0175,0.9825,0.9334916864608077,705,400,False
model,0.09,1.0,1.5,0.2,score_point,0.06950354609929078,1.01,0.02,0.98,0.9322235434007135,705,400,False
model,0.1,1.0,1.5,0.2,score_point,0.06950354609929078,1.0125,0.025,0.975,0.929678188319428,705,400,False
model,0.11,1.0,1.5,0.2,score_point,0.06950354609929078,1.0125,0.025,0.975,0.929678188319428,705,400,False
model,0.12,1.0,1.5,0.2,score_point,0.06950354609929078,1.01375,0.0275,0.9725,0.928400954653938,705,400,False
model,0.13,1.0,1.5,0.2,score_point,0.06950354609929078,1.015,0.03,0.97,0.927120669056153,705,400,False
model,0.29,0.3,2.5,0.2,score_point,0.07092198581560284,0.42649999999999993,0.0575,0.9425,0.9117291414752116,705,400,False
model,0.3,0.3,2.5,0.2,score_point,0.07092198581560284,0.42649999999999993,0.0575,0.9425,0.9117291414752116,705,400,True
model,0.31,0.3,2.5,0.2,score_point,0.07092198581560284,0.43749999999999994,0.0625,0.9375,0.9090909090909091,705,400,False
model,0.32,0.3,2.5,0.2,score_point,0.07092198581560284,0.4429999999999999,0.065,0.935,0.9077669902912621,705,400,False
model,0.33,0.2,3.5,0.2,score_point,0.07092198581560284,0.4475,0.075,0.925,0.9024390243902439,705,400,False
model,0.34,0.2,3.5,0.2,score_point,0.07092198581560284,0.4475,0.075,0.925,0.9024390243902439,705,400,False
model,0.35,0.2,3.5,0.2,score_point,0.07092198581560284,0.46399999999999997,0.08,0.92,0.8997555012224938,705,400,False
model,0.39,0.2,3.0,0.2,score_point,0.07092198581560284,0.466,0.095,0.905,0.8916256157635468,705,400,False
model,0.25,0.3,3.5,0.2,score_point,0.07092198581560284,0.4679999999999999,0.0525,0.9475,0.9143546441495778,705,400,False
model,0.46,0.2,2.5,0.2,score_point,0.07092198581560284,0.47025000000000006,0.1175,0.8825,0.8792029887920298,705,400,False
model,0.47,0.2,2.5,0.2,score_point,0.07092198581560284,0.47025000000000006,0.1175,0.8825,0.8792029887920298,705,400,False
model,0.26,0.3,3.5,0.2,score_point,0.07092198581560284,0.4759999999999999,0.055,0.945,0.9130434782608695,705,400,False
model,0.27,0.4,2.5,0.2,score_point,0.07092198581560284,0.52075,0.0575,0.9425,0.9117291414752116,705,400,False
model,0.51,0.3,2.0,0.2,score_point,0.07092198581560284,0.5209999999999999,0.13,0.87,0.8721804511278195,705,400,False
model,0.11,0.5,3.5,0.2,score_point,0.07092198581560284,0.575,0.025,0.975,0.9285714285714285,705,400,False
model,0.12,0.5,3.5,0.2,score_point,0.07092198581560284,0.5825,0.0275,0.9725,0.9272943980929678,705,400,False
model,0.08,0.6,2.5,0.2,score_point,0.07092198581560284,0.6332499999999999,0.0175,0.9825,0.9323843416370107,705,400,False
model,0.65,0.4,1.5,0.2,score_point,0.07092198581560284,0.63375,0.2125,0.7875,0.8235294117647058,705,400,False
model,0.66,0.4,1.5,0.2,score_point,0.07092198581560284,0.642,0.22,0.78,0.8188976377952756,705,400,False
model,0.54,0.5,1.5,0.2,score_point,0.07092198581560284,0.645,0.145,0.855,0.8636363636363636,705,400,False
model,0.17,0.6,2.0,0.2,score_point,0.07092198581560284,0.6489999999999999,0.035,0.965,0.923444976076555,705,400,False
model,0.18,0.6,2.0,0.2,score_point,0.07092198581560284,0.6525,0.0375,0.9625,0.9221556886227545,705,400,False
model,0.67,0.4,1.5,0.2,score_point,0.07092198581560284,0.6557500000000002,0.2325,0.7675,0.8110964332892998,705,400,False
model,0.19,0.6,2.0,0.2,score_point,0.07092198581560284,0.6559999999999999,0.04,0.96,0.9208633093525179,705,400,False
model,0.43,0.6,1.5,0.2,score_point,0.07092198581560284,0.7012499999999998,0.1125,0.8875,0.8819875776397514,705,400,False
model,0.44,0.6,1.5,0.2,score_point,0.07092198581560284,0.7012499999999998,0.1125,0.8875,0.8819875776397514,705,400,False
model,0.45,0.6,1.5,0.2,score_point,0.07092198581560284,0.7034999999999999,0.115,0.885,0.880597014925373,705,400,False
model,0.46,0.6,1.5,0.2,score_point,0.07092198581560284,0.7057499999999999,0.1175,0.8825,0.8792029887920298,705,400,False
model,0.47,0.6,1.5,0.2,score_point,0.07092198581560284,0.7057499999999999,0.1175,0.8825,0.8792029887920298,705,400,False
model,0.48,0.6,1.5,0.2,score_point,0.07092198581560284,0.7079999999999999,0.12,0.88,0.8778054862842893,705,400,False
model,0.49,0.6,1.5,0.2,score_point,0.07092198581560284,0.7102499999999998,0.1225,0.8775,0.8764044943820225,705,400,False
model,0.5,0.6,1.5,0.2,score_point,0.07092198581560284,0.71475,0.1275,0.8725,0.8735919899874843,705,400,False
model,0.02,0.7,3.0,0.2,score_point,0.07092198581560284,0.7172499999999999,0.0075,0.9925,0.9374262101534829,705,400,False
model,0.24,0.7,1.5,0.2,score_point,0.07092198581560284,0.74,0.05,0.95,0.9156626506024096,705,400,False
model,0.01,0.8,2.5,0.2,score_point,0.07092198581560284,0.8085,0.005,0.995,0.9386792452830188,705,400,False
model,0.02,0.8,2.0,0.2,score_point,0.07092198581560284,0.809,0.0075,0.9925,0.9374262101534829,705,400,False
model,0.22,0.8,1.5,0.2,score_point,0.07092198581560284,0.8314999999999999,0.045,0.955,0.9182692307692308,705,400,False
model,0.17,0.9,1.5,0.2,score_point,0.07092198581560284,0.9210000000000003,0.035,0.965,0.923444976076555,705,400,False
model,0.18,0.9,1.5,0.2,score_point,0.07092198581560284,0.9225000000000003,0.0375,0.9625,0.9221556886227545,705,400,False
model,0.19,0.9,1.5,0.2,score_point,0.07092198581560284,0.9240000000000004,0.04,0.96,0.9208633093525179,705,400,False
model,0.2,0.9,1.5,0.2,score_point,0.07092198581560284,0.9255000000000002,0.0425,0.9575,0.9195678271308523,705,400,False
model,0.21,0.9,1.5,0.2,score_point,0.07092198581560284,0.9255000000000002,0.0425,0.9575,0.9195678271308523,705,400,False
model,0.04,1.0,1.5,0.2,score_point,0.07092198581560284,1.00375,0.0075,0.9925,0.9374262101534829,705,400,False
model,0.05,1.0,1.5,0.2,score_point,0.07092198581560284,1.00625,0.0125,0.9875,0.9349112426035503,705,400,False
model,0.29,0.2,3.5,0.2,score_point,0.07234042553191489,0.38975000000000004,0.0575,0.9425,0.9106280193236714,705,400,False
model,0.3,0.2,3.5,0.2,score_point,0.07234042553191489,0.38975000000000004,0.0575,0.9425,0.9106280193236714,705,400,True
model,0.31,0.2,3.5,0.2,score_point,0.07234042553191489,0.40625,0.0625,0.9375,0.9079903147699758,705,400,False
model,0.32,0.2,3.5,0.2,score_point,0.07234042553191489,0.41450000000000004,0.065,0.935,0.9066666666666668,705,400,False
model,0.27,0.3,3.0,0.2,score_point,0.07234042553191489,0.45524999999999993,0.0575,0.9425,0.9106280193236714,705,400,False
model,0.43,0.2,2.5,0.2,score_point,0.07234042553191489,0.45875,0.1125,0.8875,0.8808933002481389,705,400,False
model,0.44,0.2,2.5,0.2,score_point,0.07234042553191489,0.45875,0.1125,0.8875,0.8808933002481389,705,400,False
model,0.24,0.3,3.5,0.2,score_point,0.07234042553191489,0.4599999999999999,0.05,0.95,0.914560770156438,705,400,False
model,0.54,0.2,2.0,0.2,score_point,0.07234042553191489,0.4610000000000001,0.145,0.855,0.862547288776797,705,400,False
model,0.45,0.2,2.5,0.2,score_point,0.07234042553191489,0.4645,0.115,0.885,0.8795031055900622,705,400,False
model,0.43,0.3,2.0,0.2,score_point,0.07234042553191489,0.49125,0.1125,0.8875,0.8808933002481389,705,400,False
model,0.44,0.3,2.0,0.2,score_point,0.07234042553191489,0.49125,0.1125,0.8875,0.8808933002481389,705,400,False
model,0.45,0.3,2.0,0.2,score_point,0.07234042553191489,0.4955,0.115,0.885,0.8795031055900622,705,400,False
model,0.46,0.3,2.0,0.2,score_point,0.07234042553191489,0.4997499999999999,0.1175,0.8825,0.8781094527363184,705,400,False
model,0.47,0.3,2.0,0.2,score_point,0.07234042553191489,0.4997499999999999,0.1175,0.8825,0.8781094527363184,705,400,False
model,0.48,0.3,2.0,0.2,score_point,0.07234042553191489,0.5039999999999999,0.12,0.88,0.8767123287671232,705,400,False
model,0.49,0.3,2.0,0.2,score_point,0.07234042553191489,0.5082499999999999,0.1225,0.8775,0.8753117206982542,705,400,False
model,0.5,0.3,2.0,0.2,score_point,0.07234042553191489,0.5167499999999999,0.1275,0.8725,0.8725,705,400,False
model,0.23,0.4,3.0,0.2,score_point,0.07234042553191489,0.5170000000000001,0.045,0.955,0.9171668667466988,705,400,False
model,0.21,0.4,3.5,0.2,score_point,0.07234042553191489,0.5317500000000002,0.0425,0.9575,0.9184652278177458,705,400,False
model,0.36,0.4,2.0,0.2,score_point,0.07234042553191489,0.532,0.0825,0.9175,0.8973105134474326,705,400,False
model,0.37,0.4,2.0,0.2,score_point,0.07234042553191489,0.536,0.085,0.915,0.8959608323133416,705,400,False
model,0.38,0.4,2.0,0.2,score_point,0.07234042553191489,0.544,0.09,0.91,0.8932515337423312,705,400,False
model,0.09,0.5,3.5,0.2,score_point,0.07234042553191489,0.56,0.02,0.98,0.9300118623962039,705,400,False
model,0.23,0.5,2.0,0.2,score_point,0.07234042553191489,0.5675,0.045,0.955,0.9171668667466988,705,400,False
model,0.16,0.5,2.5,0.2,score_point,0.07234042553191489,0.57,0.035,0.965,0.9223416965352449,705,400,False
model,0.1,0.5,3.5,0.2,score_point,0.07234042553191489,0.575,0.025,0.975,0.9274673008323425,705,400,False
model,0.13,0.5,3.0,0.2,score_point,0.07234042553191489,0.575,0.03,0.97,0.9249106078665077,705,400,False
model,0.53,0.5,1.5,0.2,score_point,0.07234042553191489,0.63,0.13,0.87,0.8710888610763454,705,400,False
model,0.64,0.4,1.5,0.2,score_point,0.07234042553191489,0.63375,0.2125,0.7875,0.8224543080939947,705,400,False
model,0.06,0.6,3.5,0.2,score_point,0.07234042553191489,0.6362499999999999,0.0125,0.9875,0.933806146572104,705,400,False
model,0.77,0.2,1.5,0.2,score_point,0.07234042553191489,0.67125,0.3625,0.6375,0.7223796033994335,705,400,False
model,0.4,0.6,1.5,0.2,score_point,0.07234042553191489,0.6854999999999998,0.095,0.905,0.8905289052890528,705,400,False
model,0.41,0.6,1.5,0.2,score_point,0.07234042553191489,0.6922499999999999,0.1025,0.8975,0.8864197530864198,705,400,False
model,0.78,0.2,1.5,0.2,score_point,0.07234042553191489,0.6940000000000001,0.38,0.62,0.709585121602289,705,400,False
model,0.42,0.6,1.5,0.2,score_point,0.07234042553191489,0.7012499999999998,0.1125,0.8875,0.8808933002481389,705,400,False
model,0.03,0.7,2.5,0.2,score_point,0.07234042553191489,0.7134999999999999,0.0075,0.9925,0.9363207547169812,705,400,False
model,0.05,0.7,2.0,0.2,score_point,0.07234042553191489,0.71625,0.0125,0.9875,0.933806146572104,705,400,False
model,0.01,0.9,2.0,0.2,score_point,0.07234042553191489,0.9055000000000001,0.005,0.995,0.9375736160188458,705,400,False
model,0.02,1.0,1.5,0.2,score_point,0.07234042553191489,1.00375,0.0075,0.9925,0.9363207547169812,705,400,False
model,0.03,1.0,1.5,0.2,score_point,0.07234042553191489,1.00375,0.0075,0.9925,0.9363207547169812,705,400,False
model,0.36,0.2,3.0,0.2,score_point,0.07375886524822695,0.431,0.0825,0.9175,0.8962148962148961,705,400,False
model,0.41,0.2,2.5,0.2,score_point,0.07375886524822695,0.43575,0.1025,0.8975,0.8853267570900123,705,400,False
model,0.37,0.2,3.0,0.2,score_point,0.07375886524822695,0.43800000000000006,0.085,0.915,0.8948655256723717,705,400,False
model,0.38,0.2,3.0,0.2,score_point,0.07375886524822695,0.452,0.09,0.91,0.892156862745098,705,400,False
model,0.42,0.2,2.5,0.2,score_point,0.07375886524822695,0.45875,0.1125,0.8875,0.8798017348203222,705,400,False
model,0.41,0.3,2.0,0.2,score_point,0.07375886524822695,0.47424999999999995,0.1025,0.8975,0.8853267570900123,705,400,False
model,0.42,0.3,2.0,0.2,score_point,0.07375886524822695,0.49125,0.1125,0.8875,0.8798017348203222,705,400,False
model,0.25,0.4,2.5,0.2,score_point,0.07375886524822695,0.5102500000000001,0.0525,0.9475,0.9121540312876053,705,400,False
model,0.26,0.4,2.5,0.2,score_point,0.07375886524822695,0.5155000000000001,0.055,0.945,0.9108433734939759,705,400,False
model,0.22,0.4,3.0,0.2,score_point,0.07375886524822695,0.5170000000000001,0.045,0.955,0.9160671462829736,705,400,False
model,0.33,0.4,2.0,0.2,score_point,0.07375886524822695,0.52,0.075,0.925,0.900243309002433,705,400,False
model,0.34,0.4,2.0,0.2,score_point,0.07375886524822695,0.52,0.075,0.925,0.900243309002433,705,400,False
model,0.35,0.4,2.0,0.2,score_point,0.07375886524822695,0.5280000000000001,0.08,0.92,0.8975609756097561,705,400,False
model,0.11,0.5,3.0,0.2,score_point,0.07375886524822695,0.5625,0.025,0.975,0.9263657957244654,705,400,False
model,0.22,0.5,2.0,0.2,score_point,0.07375886524822695,0.5675,0.045,0.955,0.9160671462829736,705,400,False
model,0.12,0.5,3.0,0.2,score_point,0.07375886524822695,0.56875,0.0275,0.9725,0.9250891795481571,705,400,False
model,0.15,0.5,2.5,0.2,score_point,0.07375886524822695,0.57,0.035,0.965,0.9212410501193317,705,400,False
model,0.73,0.2,1.5,0.2,score_point,0.07375886524822695,0.58675,0.2975,0.7025,0.7667121418826739,705,400,False
model,0.74,0.2,1.5,0.2,score_point,0.07375886524822695,0.59975,0.3075,0.6925,0.7599451303155006,705,400,False
model,0.68,0.3,1.5,0.2,score_point,0.07375886524822695,0.6,0.25,0.75,0.7978723404255319,705,400,False
model,0.69,0.3,1.5,0.2,score_point,0.07375886524822695,0.606,0.255,0.745,0.7946666666666666,705,400,False
model,0.7,0.3,1.5,0.2,score_point,0.07375886524822695,0.612,0.26,0.74,0.7914438502673796,705,400,False
model,0.75,0.2,1.5,0.2,score_point,0.07375886524822695,0.616,0.32,0.68,0.7513812154696133,705,400,False
model,0.63,0.4,1.5,0.2,score_point,0.07375886524822695,0.6255000000000002,0.205,0.795,0.825974025974026,705,400,False
model,0.52,0.5,1.5,0.2,score_point,0.07375886524822695,0.63,0.13,0.87,0.87,705,400,False
model,0.76,0.2,1.5,0.2,score_point,0.07375886524822695,0.642,0.34,0.66,0.7374301675977653,705,400,False
model,0.14,0.6,2.0,0.2,score_point,0.07375886524822695,0.6454999999999999,0.0325,0.9675,0.9225268176400477,705,400,False
model,0.15,0.6,2.0,0.2,score_point,0.07375886524822695,0.6489999999999999,0.035,0.965,0.9212410501193317,705,400,False
model,0.16,0.6,2.0,0.2,score_point,0.07375886524822695,0.6489999999999999,0.035,0.965,0.9212410501193317,705,400,False
model,0.39,0.6,1.5,0.2,score_point,0.07375886524822695,0.6854999999999998,0.095,0.905,0.8894348894348894,705,400,False
model,0.23,0.7,1.5,0.2,score_point,0.07375886524822695,0.7360000000000001,0.045,0.955,0.9160671462829736,705,400,False
model,0.17,0.8,1.5,0.2,score_point,0.07375886524822695,0.8244999999999999,0.035,0.965,0.9212410501193317,705,400,False
model,0.18,0.8,1.5,0.2,score_point,0.07375886524822695,0.82625,0.0375,0.9625,0.9199522102747909,705,400,False
model,0.19,0.8,1.5,0.2,score_point,0.07375886524822695,0.828,0.04,0.96,0.9186602870813397,705,400,False
model,0.2,0.8,1.5,0.2,score_point,0.07375886524822695,0.82975,0.0425,0.9575,0.9173652694610778,705,400,False
model,0.21,0.8,1.5,0.2,score_point,0.07375886524822695,0.82975,0.0425,0.9575,0.9173652694610778,705,400,False
model,0.14,0.9,1.5,0.2,score_point,0.07375886524822695,0.9195000000000002,0.0325,0.9675,0.9225268176400477,705,400,False
model,0.15,0.9,1.5,0.2,score_point,0.07375886524822695,0.9210000000000003,0.035,0.965,0.9212410501193317,705,400,False
model,0.16,0.9,1.5,0.2,score_point,0.07375886524822695,0.9210000000000003,0.035,0.965,0.9212410501193317,705,400,False
model,0.33,0.2,3.0,0.2,score_point,0.075177304964539,0.4100000000000001,0.075,0.925,0.8991494532199272,705,400,False
model,0.34,0.2,3.0,0.2,score_point,0.075177304964539,0.4100000000000001,0.075,0.925,0.8991494532199272,705,400,False
model,0.4,0.2,2.5,0.2,score_point,0.075177304964539,0.4185000000000001,0.095,0.905,0.8883435582822086,705,400,False
model,0.35,0.2,3.0,0.2,score_point,0.075177304964539,0.42400000000000004,0.08,0.92,0.8964677222898904,705,400,False
model,0.28,0.3,2.5,0.2,score_point,0.075177304964539,0.42649999999999993,0.0575,0.9425,0.908433734939759,705,400,False
model,0.53,0.2,2.0,0.2,score_point,0.075177304964539,0.43400000000000005,0.13,0.87,0.8689138576779026,705,400,False
model,0.25,0.3,3.0,0.2,score_point,0.075177304964539,0.44175,0.0525,0.9475,0.9110576923076923,705,400,False
model,0.23,0.3,3.5,0.2,score_point,0.075177304964539,0.4439999999999999,0.045,0.955,0.9149700598802396,705,400,False
model,0.26,0.3,3.0,0.2,score_point,0.075177304964539,0.44849999999999995,0.055,0.945,0.9097472924187725,705,400,False
model,0.4,0.3,2.0,0.2,score_point,0.075177304964539,0.4614999999999999,0.095,0.905,0.8883435582822086,705,400,False
model,0.29,0.4,2.0,0.2,score_point,0.075177304964539,0.49200000000000005,0.0575,0.9425,0.908433734939759,705,400,False
model,0.3,0.4,2.0,0.2,score_point,0.075177304964539,0.49200000000000005,0.0575,0.9425,0.908433734939759,705,400,False
model,0.31,0.4,2.0,0.2,score_point,0.075177304964539,0.5,0.0625,0.9375,0.9057971014492754,705,400,False
model,0.32,0.4,2.0,0.2,score_point,0.075177304964539,0.504,0.065,0.935,0.9044740024183796,705,400,False
model,0.24,0.4,2.5,0.2,score_point,0.075177304964539,0.5050000000000001,0.05,0.95,0.9123649459783914,705,400,False
model,0.2,0.4,3.5,0.2,score_point,0.075177304964539,0.5317500000000002,0.0425,0.9575,0.916267942583732,705,400,False
model,0.09,0.5,3.0,0.2,score_point,0.075177304964539,0.55,0.02,0.98,0.9278106508875739,705,400,False
model,0.71,0.2,1.5,0.2,score_point,0.075177304964539,0.55425,0.2725,0.7275,0.782258064516129,705,400,False
model,0.65,0.3,1.5,0.2,score_point,0.075177304964539,0.555,0.2125,0.7875,0.8203125000000001,705,400,False
model,0.1,0.5,3.0,0.2,score_point,0.075177304964539,0.5625,0.025,0.975,0.9252669039145908,705,400,False
model,0.66,0.3,1.5,0.2,score_point,0.075177304964539,0.564,0.22,0.78,0.8156862745098039,705,400,False
model,0.14,0.5,2.5,0.2,score_point,0.075177304964539,0.565,0.0325,0.9675,0.9214285714285714,705,400,False
model,0.72,0.2,1.5,0.2,score_point,0.075177304964539,0.56725,0.2825,0.7175,0.7756756756756757,705,400,False
model,0.67,0.3,1.5,0.2,score_point,0.075177304964539,0.579,0.2325,0.7675,0.8078947368421052,705,400,False
model,0.6,0.4,1.5,0.2,score_point,0.075177304964539,0.5980000000000001,0.18,0.82,0.8399487836107554,705,400,False
model,0.61,0.4,1.5,0.2,score_point,0.075177304964539,0.6090000000000001,0.19,0.81,0.8339768339768341,705,400,False
model,0.62,0.4,1.5,0.2,score_point,0.075177304964539,0.6200000000000001,0.2,0.8,0.8279430789133247,705,400,False
model,0.07,0.6,2.5,0.2,score_point,0.075177304964539,0.6237499999999998,0.0125,0.9875,0.9316037735849058,705,400,False
model,0.06,0.6,3.0,0.2,score_point,0.075177304964539,0.6299999999999999,0.0125,0.9875,0.9316037735849058,705,400,False
model,0.51,0.5,1.5,0.2,score_point,0.075177304964539,0.63,0.13,0.87,0.8689138576779026,705,400,False
model,0.29,0.6,1.5,0.2,score_point,0.075177304964539,0.6517499999999998,0.0575,0.9425,0.908433734939759,705,400,False
model,0.3,0.6,1.5,0.2,score_point,0.075177304964539,0.6517499999999998,0.0575,0.9425,0.908433734939759,705,400,False
model,0.31,0.6,1.5,0.2,score_point,0.075177304964539,0.6562499999999999,0.0625,0.9375,0.9057971014492754,705,400,False
model,0.32,0.6,1.5,0.2,score_point,0.075177304964539,0.6584999999999998,0.065,0.935,0.9044740024183796,705,400,False
model,0.33,0.6,1.5,0.2,score_point,0.075177304964539,0.6674999999999999,0.075,0.925,0.8991494532199272,705,400,False
model,0.34,0.6,1.5,0.2,score_point,0.075177304964539,0.6674999999999999,0.075,0.925,0.8991494532199272,705,400,False
model,0.35,0.6,1.5,0.2,score_point,0.075177304964539,0.6719999999999999,0.08,0.92,0.8964677222898904,705,400,False
model,0.36,0.6,1.5,0.2,score_point,0.075177304964539,0.6742499999999998,0.0825,0.9175,0.8951219512195122,705,400,False
model,0.37,0.6,1.5,0.2,score_point,0.075177304964539,0.6764999999999999,0.085,0.915,0.8937728937728938,705,400,False
model,0.38,0.6,1.5,0.2,score_point,0.075177304964539,0.6809999999999999,0.09,0.91,0.8910648714810282,705,400,False
model,0.22,0.7,1.5,0.2,score_point,0.075177304964539,0.7360000000000001,0.045,0.955,0.9149700598802396,705,400,False
model,0.08,0.9,1.5,0.2,score_point,0.075177304964539,0.9105000000000003,0.0175,0.9825,0.9290780141843973,705,400,False
model,0.09,0.9,1.5,0.2,score_point,0.075177304964539,0.9120000000000001,0.02,0.98,0.9278106508875739,705,400,False
model,0.1,0.9,1.5,0.2,score_point,0.075177304964539,0.9150000000000003,0.025,0.975,0.9252669039145908,705,400,False
model,0.11,0.9,1.5,0.2,score_point,0.075177304964539,0.9150000000000003,0.025,0.975,0.9252669039145908,705,400,False
model,0.12,0.9,1.5,0.2,score_point,0.075177304964539,0.9165000000000002,0.0275,0.9725,0.9239904988123515,705,400,False
model,0.13,0.9,1.5,0.2,score_point,0.075177304964539,0.9180000000000001,0.03,0.97,0.9227110582639715,705,400,False
model,0.01,1.0,1.5,0.2,score_point,0.075177304964539,1.0025,0.005,0.995,0.9353701527614571,705,400,False
model,0.29,0.2,3.0,0.2,score_point,0.07659574468085106,0.361,0.0575,0.9425,0.9073405535499399,705,400,False
model,0.3,0.2,3.0,0.2,score_point,0.07659574468085106,0.361,0.0575,0.9425,0.9073405535499399,705,400,True
model,0.31,0.2,3.0,0.2,score_point,0.07659574468085106,0.375,0.0625,0.9375,0.9047044632086853,705,400,False
model,0.32,0.2,3.0,0.2,score_point,0.07659574468085106,0.382,0.065,0.935,0.9033816425120774,705,400,False
model,0.24,0.3,3.0,0.2,score_point,0.07659574468085106,0.435,0.05,0.95,0.9112709832134291,705,400,False
model,0.22,0.3,3.5,0.2,score_point,0.07659574468085106,0.4439999999999999,0.045,0.955,0.9138755980861244,705,400,False
model,0.39,0.3,2.0,0.2,score_point,0.07659574468085106,0.4614999999999999,0.095,0.905,0.8872549019607844,705,400,False
model,0.21,0.4,3.0,0.2,score_point,0.07659574468085106,0.5105000000000001,0.0425,0.9575,0.9151732377538829,705,400,False
model,0.19,0.4,3.5,0.2,score_point,0.07659574468085106,0.524,0.04,0.96,0.9164677804295942,705,400,False
model,0.08,0.5,3.5,0.2,score_point,0.07659574468085106,0.5525,0.0175,0.9825,0.9279811097992916,705,400,False
model,0.64,0.3,1.5,0.2,score_point,0.07659574468085106,0.555,0.2125,0.7875,0.8192457737321196,705,400,False
model,0.21,0.5,2.0,0.2,score_point,0.07659574468085106,0.56375,0.0425,0.9575,0.9151732377538829,705,400,False
model,0.57,0.4,1.5,0.2,score_point,0.07659574468085106,0.5732500000000001,0.1575,0.8425,0.852085967130215,705,400,False
model,0.58,0.4,1.5,0.2,score_point,0.07659574468085106,0.5815,0.165,0.835,0.8477157360406091,705,400,False
model,0.59,0.4,1.5,0.2,score_point,0.07659574468085106,0.5897500000000001,0.1725,0.8275,0.8433121019108281,705,400,False
model,0.43,0.5,1.5,0.2,score_point,0.07659574468085106,0.6125,0.1125,0.8875,0.8776266996291717,705,400,False
model,0.44,0.5,1.5,0.2,score_point,0.07659574468085106,0.6125,0.1125,0.8875,0.8776266996291717,705,400,False
model,0.45,0.5,1.5,0.2,score_point,0.07659574468085106,0.615,0.115,0.885,0.8762376237623763,705,400,False
model,0.46,0.5,1.5,0.2,score_point,0.07659574468085106,0.6175,0.1175,0.8825,0.8748451053283767,705,400,False
model,0.47,0.5,1.5,0.2,score_point,0.07659574468085106,0.6175,0.1175,0.8825,0.8748451053283767,705,400,False
model,0.48,0.5,1.5,0.2,score_point,0.07659574468085106,0.62,0.12,0.88,0.8734491315136477,705,400,False
model,0.49,0.5,1.5,0.2,score_point,0.07659574468085106,0.6225,0.1225,0.8775,0.8720496894409937,705,400,False
model,0.5,0.5,1.5,0.2,score_point,0.07659574468085106,0.6275,0.1275,0.8725,0.8692403486924035,705,400,False
model,0.05,0.6,3.5,0.2,score_point,0.07659574468085106,0.6362499999999999,0.0125,0.9875,0.9305064782096585,705,400,False
model,0.13,0.6,2.0,0.2,score_point,0.07659574468085106,0.6419999999999999,0.03,0.97,0.9216152019002375,705,400,False
model,0.04,0.7,2.0,0.2,score_point,0.07659574468085106,0.70975,0.0075,0.9925,0.9330199764982373,705,400,False
model,0.02,0.7,2.5,0.2,score_point,0.07659574468085106,0.7134999999999999,0.0075,0.9925,0.9330199764982373,705,400,False
model,0.14,0.8,1.5,0.2,score_point,0.07659574468085106,0.8227499999999999,0.0325,0.9675,0.9203329369797859,705,400,False
model,0.15,0.8,1.5,0.2,score_point,0.07659574468085106,0.8244999999999999,0.035,0.965,0.919047619047619,705,400,False
model,0.16,0.8,1.5,0.2,score_point,0.07659574468085106,0.8244999999999999,0.035,0.965,0.919047619047619,705,400,False
model,0.06,0.9,1.5,0.2,score_point,0.07659574468085106,0.9075000000000003,0.0125,0.9875,0.9305064782096585,705,400,False
model,0.07,0.9,1.5,0.2,score_point,0.07659574468085106,0.9075000000000003,0.0125,0.9875,0.9305064782096585,705,400,False
model,0.28,0.2,3.5,0.2,score_point,0.07801418439716312,0.38975000000000004,0.0575,0.9425,0.90625,705,400,False
model,0.39,0.2,2.5,0.2,score_point,0.07801418439716312,0.4185000000000001,0.095,0.905,0.8861689106487147,705,400,False
model,0.27,0.3,2.5,0.2,score_point,0.07801418439716312,0.42649999999999993,0.0575,0.9425,0.90625,705,400,False
model,0.52,0.2,2.0,0.2,score_point,0.07801418439716312,0.43400000000000005,0.13,0.87,0.8667496886674969,705,400,False
model,0.23,0.4,2.5,0.2,score_point,0.07801418439716312,0.49450000000000005,0.045,0.955,0.9127837514934289,705,400,False
model,0.17,0.4,3.5,0.2,score_point,0.07801418439716312,0.5085000000000001,0.035,0.965,0.9179548156956004,705,400,False
model,0.18,0.4,3.5,0.2,score_point,0.07801418439716312,0.5162500000000001,0.0375,0.9625,0.9166666666666667,705,400,False
model,0.13,0.5,2.5,0.2,score_point,0.07801418439716312,0.56,0.03,0.97,0.9205219454329773,705,400,False
model,0.2,0.5,2.0,0.2,score_point,0.07801418439716312,0.56375,0.0425,0.9575,0.9140811455847255,705,400,False
model,0.56,0.4,1.5,0.2,score_point,0.07801418439716312,0.5677500000000001,0.1525,0.8475,0.853904282115869,705,400,False
model,0.4,0.5,1.5,0.2,score_point,0.07801418439716312,0.595,0.095,0.905,0.8861689106487147,705,400,False
model,0.41,0.5,1.5,0.2,score_point,0.07801418439716312,0.6025,0.1025,0.8975,0.8820638820638821,705,400,False
model,0.42,0.5,1.5,0.2,score_point,0.07801418439716312,0.6125,0.1125,0.8875,0.8765432098765432,705,400,False
model,0.11,0.6,2.0,0.2,score_point,0.07801418439716312,0.6349999999999999,0.025,0.975,0.9230769230769231,705,400,False
model,0.12,0.6,2.0,0.2,score_point,0.07801418439716312,0.6384999999999998,0.0275,0.9725,0.9218009478672985,705,400,False
model,0.28,0.6,1.5,0.2,score_point,0.07801418439716312,0.6517499999999998,0.0575,0.9425,0.90625,705,400,False
model,0.17,0.7,1.5,0.2,score_point,0.07801418439716312,0.7280000000000001,0.035,0.965,0.9179548156956004,705,400,False
model,0.18,0.7,1.5,0.2,score_point,0.07801418439716312,0.73,0.0375,0.9625,0.9166666666666667,705,400,False
model,0.19,0.7,1.5,0.2,score_point,0.07801418439716312,0.732,0.04,0.96,0.9153754469606674,705,400,False
model,0.2,0.7,1.5,0.2,score_point,0.07801418439716312,0.7340000000000001,0.0425,0.9575,0.9140811455847255,705,400,False
model,0.21,0.7,1.5,0.2,score_point,0.07801418439716312,0.7340000000000001,0.0425,0.9575,0.9140811455847255,705,400,False
model,0.08,0.8,1.5,0.2,score_point,0.07801418439716312,0.8122499999999999,0.0175,0.9825,0.9268867924528302,705,400,False
model,0.09,0.8,1.5,0.2,score_point,0.07801418439716312,0.814,0.02,0.98,0.9256198347107438,705,400,False
model,0.1,0.8,1.5,0.2,score_point,0.07801418439716312,0.8175,0.025,0.975,0.9230769230769231,705,400,False
model,0.11,0.8,1.5,0.2,score_point,0.07801418439716312,0.8175,0.025,0.975,0.9230769230769231,705,400,False
model,0.12,0.8,1.5,0.2,score_point,0.07801418439716312,0.8192499999999999,0.0275,0.9725,0.9218009478672985,705,400,False
model,0.13,0.8,1.5,0.2,score_point,0.07801418439716312,0.821,0.03,0.97,0.9205219454329773,705,400,False
model,0.04,0.9,1.5,0.2,score_point,0.07801418439716312,0.9045000000000002,0.0075,0.9925,0.931924882629108,705,400,False
model,0.05,0.9,1.5,0.2,score_point,0.07801418439716312,0.9075000000000003,0.0125,0.9875,0.9294117647058824,705,400,False
model,0.23,0.3,3.0,0.2,score_point,0.07943262411347518,0.42149999999999993,0.045,0.955,0.9116945107398569,705,400,False
model,0.51,0.2,2.0,0.2,score_point,0.07943262411347518,0.43400000000000005,0.13,0.87,0.8656716417910448,705,400,False
model,0.21,0.3,3.5,0.2,score_point,0.07943262411347518,0.43599999999999994,0.0425,0.9575,0.9129916567342073,705,400,False
model,0.36,0.3,2.0,0.2,score_point,0.07943262411347518,0.4402499999999999,0.0825,0.9175,0.8918590522478737,705,400,False
model,0.37,0.3,2.0,0.2,score_point,0.07943262411347518,0.44449999999999995,0.085,0.915,0.8905109489051095,705,400,False
model,0.38,0.3,2.0,0.2,score_point,0.07943262411347518,0.45299999999999996,0.09,0.91,0.8878048780487805,705,400,False
model,0.28,0.4,2.0,0.2,score_point,0.07943262411347518,0.49200000000000005,0.0575,0.9425,0.9051620648259304,705,400,False
model,0.22,0.4,2.5,0.2,score_point,0.07943262411347518,0.49450000000000005,0.045,0.955,0.9116945107398569,705,400,False
model,0.2,0.4,3.0,0.2,score_point,0.07943262411347518,0.5105000000000001,0.0425,0.9575,0.9129916567342073,705,400,False
model,0.08,0.5,3.0,0.2,score_point,0.07943262411347518,0.54375,0.0175,0.9825,0.9257950530035336,705,400,False
model,0.63,0.3,1.5,0.2,score_point,0.07943262411347518,0.5459999999999999,0.205,0.795,0.821705426356589,705,400,False
model,0.11,0.5,2.5,0.2,score_point,0.07943262411347518,0.55,0.025,0.975,0.9219858156028369,705,400,False
model,0.12,0.5,2.5,0.2,score_point,0.07943262411347518,0.555,0.0275,0.9725,0.9207100591715975,705,400,False
model,0.19,0.5,2.0,0.2,score_point,0.07943262411347518,0.56,0.04,0.96,0.9142857142857144,705,400,False
model,0.55,0.4,1.5,0.2,score_point,0.07943262411347518,0.5650000000000001,0.15,0.85,0.8542713567839195,705,400,False
model,0.39,0.5,1.5,0.2,score_point,0.07943262411347518,0.595,0.095,0.905,0.8850855745721271,705,400,False
model,0.09,0.6,2.0,0.2,score_point,0.07943262411347518,0.6279999999999999,0.02,0.98,0.9245283018867924,705,400,False
model,0.05,0.6,3.0,0.2,score_point,0.07943262411347518,0.6299999999999999,0.0125,0.9875,0.928319623971798,705,400,False
model,0.1,0.6,2.0,0.2,score_point,0.07943262411347518,0.6349999999999999,0.025,0.975,0.9219858156028369,705,400,False
model,0.27,0.6,1.5,0.2,score_point,0.07943262411347518,0.6517499999999998,0.0575,0.9425,0.9051620648259304,705,400,False
model,0.01,0.8,2.0,0.2,score_point,0.07943262411347518,0.8059999999999999,0.005,0.995,0.9320843091334895,705,400,False
model,0.06,0.8,1.5,0.2,score_point,0.07943262411347518,0.80875,0.0125,0.9875,0.928319623971798,705,400,False
model,0.07,0.8,1.5,0.2,score_point,0.07943262411347518,0.80875,0.0125,0.9875,0.928319623971798,705,400,False
model,0.02,0.9,1.5,0.2,score_point,0.07943262411347518,0.9045000000000002,0.0075,0.9925,0.9308323563892146,705,400,False
model,0.03,0.9,1.5,0.2,score_point,0.07943262411347518,0.9045000000000002,0.0075,0.9925,0.9308323563892146,705,400,False
model,0.27,0.2,3.5,0.2,score_point,0.08085106382978724,0.38975000000000004,0.0575,0.9425,0.9040767386091126,705,400,False
model,0.36,0.2,2.5,0.2,score_point,0.08085106382978724,0.38975000000000004,0.0825,0.9175,0.8907766990291263,705,400,False
model,0.37,0.2,2.5,0.2,score_point,0.08085106382978724,0.3955,0.085,0.915,0.8894289185905224,705,400,False
model,0.38,0.2,2.5,0.2,score_point,0.08085106382978724,0.40700000000000003,0.09,0.91,0.8867235079171742,705,400,False
model,0.25,0.3,2.5,0.2,score_point,0.08085106382978724,0.4154999999999999,0.0525,0.9475,0.9066985645933013,705,400,False
model,0.48,0.2,2.0,0.2,score_point,0.08085106382978724,0.4160000000000001,0.12,0.88,0.8702101359703338,705,400,False
model,0.49,0.2,2.0,0.2,score_point,0.08085106382978724,0.4205000000000001,0.1225,0.8775,0.8688118811881188,705,400,False
model,0.26,0.3,2.5,0.2,score_point,0.08085106382978724,0.42099999999999993,0.055,0.945,0.9053892215568862,705,400,False
model,0.22,0.3,3.0,0.2,score_point,0.08085106382978724,0.42149999999999993,0.045,0.955,0.9106078665077474,705,400,False
model,0.33,0.3,2.0,0.2,score_point,0.08085106382978724,0.42749999999999994,0.075,0.925,0.8948004836759372,705,400,False
model,0.34,0.3,2.0,0.2,score_point,0.08085106382978724,0.42749999999999994,0.075,0.925,0.8948004836759372,705,400,False
model,0.5,0.2,2.0,0.2,score_point,0.08085106382978724,0.42950000000000005,0.1275,0.8725,0.8660049627791564,705,400,False
model,0.35,0.3,2.0,0.2,score_point,0.08085106382978724,0.43599999999999994,0.08,0.92,0.8921212121212121,705,400,False
model,0.19,0.4,3.0,0.2,score_point,0.08085106382978724,0.504,0.04,0.96,0.9131985731272294,705,400,False
model,0.16,0.4,3.5,0.2,score_point,0.08085106382978724,0.5085000000000001,0.035,0.965,0.9157769869513642,705,400,False
model,0.6,0.3,1.5,0.2,score_point,0.08085106382978724,0.5159999999999999,0.18,0.82,0.8356687898089172,705,400,False
model,0.68,0.2,1.5,0.2,score_point,0.08085106382978724,0.525,0.25,0.75,0.7926023778071334,705,400,False
model,0.61,0.3,1.5,0.2,score_point,0.08085106382978724,0.5279999999999999,0.19,0.81,0.8297055057618439,705,400,False
model,0.69,0.2,1.5,0.2,score_point,0.08085106382978724,0.5315000000000001,0.255,0.745,0.7894039735099339,705,400,False
model,0.07,0.5,3.5,0.2,score_point,0.08085106382978724,0.5375,0.0125,0.9875,0.9272300469483569,705,400,False
model,0.7,0.2,1.5,0.2,score_point,0.08085106382978724,0.5380000000000001,0.26,0.74,0.7861885790172644,705,400,False
model,0.62,0.3,1.5,0.2,score_point,0.08085106382978724,0.5399999999999999,0.2,0.8,0.8236808236808237,705,400,False
model,0.09,0.5,2.5,0.2,score_point,0.08085106382978724,0.54,0.02,0.98,0.9234393404004712,705,400,False
model,0.1,0.5,2.5,0.2,score_point,0.08085106382978724,0.55,0.025,0.975,0.9208972845336482,705,400,False
model,0.17,0.5,2.0,0.2,score_point,0.08085106382978724,0.5525,0.035,0.965,0.9157769869513642,705,400,False
model,0.18,0.5,2.0,0.2,score_point,0.08085106382978724,0.55625,0.0375,0.9625,0.9144893111638955,705,400,False
model,0.29,0.5,1.5,0.2,score_point,0.08085106382978724,0.5575,0.0575,0.9425,0.9040767386091126,705,400,False
model,0.3,0.5,1.5,0.2,score_point,0.08085106382978724,0.5575,0.0575,0.9425,0.9040767386091126,705,400,False
model,0.54,0.4,1.5,0.2,score_point,0.08085106382978724,0.5595000000000001,0.145,0.855,0.8560700876095118,705,400,False
model,0.31,0.5,1.5,0.2,score_point,0.08085106382978724,0.5625,0.0625,0.9375,0.9014423076923077,705,400,False
model,0.32,0.5,1.5,0.2,score_point,0.08085106382978724,0.565,0.065,0.935,0.9001203369434417,705,400,False
model,0.33,0.5,1.5,0.2,score_point,0.08085106382978724,0.575,0.075,0.925,0.8948004836759372,705,400,False
model,0.34,0.5,1.5,0.2,score_point,0.08085106382978724,0.575,0.075,0.925,0.8948004836759372,705,400,False
model,0.35,0.5,1.5,0.2,score_point,0.08085106382978724,0.58,0.08,0.92,0.8921212121212121,705,400,False
model,0.36,0.5,1.5,0.2,score_point,0.08085106382978724,0.5825,0.0825,0.9175,0.8907766990291263,705,400,False
model,0.37,0.5,1.5,0.2,score_point,0.08085106382978724,0.585,0.085,0.915,0.8894289185905224,705,400,False
model,0.38,0.5,1.5,0.2,score_point,0.08085106382978724,0.59,0.09,0.91,0.8867235079171742,705,400,False
model,0.06,0.6,2.5,0.2,score_point,0.08085106382978724,0.6237499999999998,0.0125,0.9875,0.9272300469483569,705,400,False
model,0.08,0.6,2.0,0.2,score_point,0.08085106382978724,0.6244999999999998,0.0175,0.9825,0.924705882352941,705,400,False
model,0.25,0.6,1.5,0.2,score_point,0.08085106382978724,0.64725,0.0525,0.9475,0.9066985645933013,705,400,False
model,0.26,0.6,1.5,0.2,score_point,0.08085106382978724,0.6494999999999999,0.055,0.945,0.9053892215568862,705,400,False
model,0.14,0.7,1.5,0.2,score_point,0.08085106382978724,0.7260000000000001,0.0325,0.9675,0.9170616113744076,705,400,False
model,0.15,0.7,1.5,0.2,score_point,0.08085106382978724,0.7280000000000001,0.035,0.965,0.9157769869513642,705,400,False
model,0.16,0.7,1.5,0.2,score_point,0.08085106382978724,0.7280000000000001,0.035,0.965,0.9157769869513642,705,400,False
model,0.05,0.8,1.5,0.2,score_point,0.08085106382978724,0.80875,0.0125,0.9875,0.9272300469483569,705,400,False
model,0.28,0.2,3.0,0.2,score_point,0.08226950354609928,0.361,0.0575,0.9425,0.902994011976048,705,400,False
model,0.33,0.2,2.5,0.2,score_point,0.08226950354609928,0.37250000000000005,0.075,0.925,0.8937198067632851,705,400,False
model,0.34,0.2,2.5,0.2,score_point,0.08226950354609928,0.37250000000000005,0.075,0.925,0.8937198067632851,705,400,False
model,0.35,0.2,2.5,0.2,score_point,0.08226950354609928,0.38400000000000006,0.08,0.92,0.8910411622276031,705,400,False
model,0.29,0.3,2.0,0.2,score_point,0.08226950354609928,0.39774999999999994,0.0575,0.9425,0.902994011976048,705,400,False
model,0.3,0.3,2.0,0.2,score_point,0.08226950354609928,0.39774999999999994,0.0575,0.9425,0.902994011976048,705,400,False
model,0.31,0.3,2.0,0.2,score_point,0.08226950354609928,0.40624999999999994,0.0625,0.9375,0.9003601440576231,705,400,False
model,0.24,0.3,2.5,0.2,score_point,0.08226950354609928,0.4099999999999999,0.05,0.95,0.9069212410501194,705,400,False
model,0.32,0.3,2.0,0.2,score_point,0.08226950354609928,0.4104999999999999,0.065,0.935,0.8990384615384616,705,400,False
model,0.46,0.2,2.0,0.2,score_point,0.08226950354609928,0.41150000000000003,0.1175,0.8825,0.8705302096177558,705,400,False
model,0.47,0.2,2.0,0.2,score_point,0.08226950354609928,0.41150000000000003,0.1175,0.8825,0.8705302096177558,705,400,False
model,0.65,0.2,1.5,0.2,score_point,0.08226950354609928,0.47625000000000006,0.2125,0.7875,0.815006468305304,705,400,False
model,0.66,0.2,1.5,0.2,score_point,0.08226950354609928,0.4860000000000001,0.22,0.78,0.8103896103896104,705,400,False
model,0.57,0.3,1.5,0.2,score_point,0.08226950354609928,0.48899999999999993,0.1575,0.8425,0.8477987421383648,705,400,False
model,0.21,0.4,2.5,0.2,score_point,0.08226950354609928,0.48925,0.0425,0.9575,0.9108204518430439,705,400,False
model,0.17,0.4,3.0,0.2,score_point,0.08226950354609928,0.4910000000000001,0.035,0.965,0.9146919431279621,705,400,False
model,0.27,0.4,2.0,0.2,score_point,0.08226950354609928,0.49200000000000005,0.0575,0.9425,0.902994011976048,705,400,False
model,0.18,0.4,3.0,0.2,score_point,0.08226950354609928,0.49750000000000005,0.0375,0.9625,0.9134045077105575,705,400,False
model,0.58,0.3,1.5,0.2,score_point,0.08226950354609928,0.498,0.165,0.835,0.8434343434343434,705,400,False
model,0.67,0.2,1.5,0.2,score_point,0.08226950354609928,0.5022500000000001,0.2325,0.7675,0.8026143790849671,705,400,False
model,0.59,0.3,1.5,0.2,score_point,0.08226950354609928,0.5069999999999999,0.1725,0.8275,0.8390367553865653,705,400,False
model,0.15,0.4,3.5,0.2,score_point,0.08226950354609928,0.5085000000000001,0.035,0.965,0.9146919431279621,705,400,False
model,0.04,0.6,3.5,0.2,score_point,0.08226950354609928,0.6217499999999998,0.0075,0.9925,0.928654970760234,705,400,False
model,0.24,0.6,1.5,0.2,score_point,0.08226950354609928,0.645,0.05,0.95,0.9069212410501194,705,400,False
model,0.03,0.7,2.0,0.2,score_point,0.08226950354609928,0.70975,0.0075,0.9925,0.928654970760234,705,400,False
model,0.01,0.7,3.5,0.2,score_point,0.08226950354609928,0.7140000000000001,0.005,0.995,0.9299065420560748,705,400,False
model,0.08,0.7,1.5,0.2,score_point,0.08226950354609928,0.7140000000000001,0.0175,0.9825,0.9236192714453583,705,400,False
model,0.09,0.7,1.5,0.2,score_point,0.08226950354609928,0.7160000000000001,0.02,0.98,0.9223529411764706,705,400,False
model,0.1,0.7,1.5,0.2,score_point,0.08226950354609928,0.72,0.025,0.975,0.9198113207547169,705,400,False
model,0.11,0.7,1.5,0.2,score_point,0.08226950354609928,0.72,0.025,0.975,0.9198113207547169,705,400,False
model,0.12,0.7,1.5,0.2,score_point,0.08226950354609928,0.722,0.0275,0.9725,0.9185360094451005,705,400,False
model,0.13,0.7,1.5,0.2,score_point,0.08226950354609928,0.7240000000000001,0.03,0.97,0.9172576832151299,705,400,False
model,0.29,0.2,2.5,0.2,score_point,0.08368794326241134,0.3322500000000001,0.0575,0.9425,0.9019138755980861,705,400,False
model,0.3,0.2,2.5,0.2,score_point,0.08368794326241134,0.3322500000000001,0.0575,0.9425,0.9019138755980861,705,400,True
model,0.31,0.2,2.5,0.2,score_point,0.08368794326241134,0.34375000000000006,0.0625,0.9375,0.8992805755395684,705,400,False
model,0.32,0.2,2.5,0.2,score_point,0.08368794326241134,0.3495000000000001,0.065,0.935,0.8979591836734695,705,400,False
model,0.25,0.2,3.5,0.2,score_point,0.08368794326241134,0.37325,0.0525,0.9475,0.9045346062052505,705,400,False
model,0.26,0.2,3.5,0.2,score_point,0.08368794326241134,0.38150000000000006,0.055,0.945,0.9032258064516129,705,400,False
model,0.43,0.2,2.0,0.2,score_point,0.08368794326241134,0.4025000000000001,0.1125,0.8875,0.8722358722358722,705,400,False
model,0.44,0.2,2.0,0.2,score_point,0.08368794326241134,0.4025000000000001,0.1125,0.8875,0.8722358722358722,705,400,False
model,0.45,0.2,2.0,0.2,score_point,0.08368794326241134,0.40700000000000003,0.115,0.885,0.870848708487085,705,400,False
model,0.21,0.3,3.0,0.2,score_point,0.08368794326241134,0.41474999999999995,0.0425,0.9575,0.9097387173396675,705,400,False
model,0.2,0.3,3.5,0.2,score_point,0.08368794326241134,0.43599999999999994,0.0425,0.9575,0.9097387173396675,705,400,False
model,0.64,0.2,1.5,0.2,score_point,0.08368794326241134,0.47625000000000006,0.2125,0.7875,0.813953488372093,705,400,False
model,0.56,0.3,1.5,0.2,score_point,0.08368794326241134,0.483,0.1525,0.8475,0.849624060150376,705,400,False
model,0.07,0.5,3.0,0.2,score_point,0.08368794326241134,0.53125,0.0125,0.9875,0.9250585480093677,705,400,False
model,0.53,0.4,1.5,0.2,score_point,0.08368794326241134,0.5430000000000001,0.13,0.87,0.8624535315985131,705,400,False
model,0.15,0.5,2.0,0.2,score_point,0.08368794326241134,0.5525,0.035,0.965,0.9136094674556214,705,400,False
model,0.16,0.5,2.0,0.2,score_point,0.08368794326241134,0.5525,0.035,0.965,0.9136094674556214,705,400,False
model,0.01,0.7,3.0,0.2,score_point,0.08368794326241134,0.7115,0.005,0.995,0.9288214702450408,705,400,False
model,0.04,0.8,1.5,0.2,score_point,0.08368794326241134,0.80525,0.0075,0.9925,0.927570093457944,705,400,False
model,0.01,0.9,1.5,0.2,score_point,0.08368794326241134,0.9030000000000001,0.005,0.995,0.9288214702450408,705,400,False
model,0.27,0.2,3.0,0.2,score_point,0.0851063829787234,0.361,0.0575,0.9425,0.900836320191159,705,400,False
model,0.24,0.2,3.5,0.2,score_point,0.0851063829787234,0.365,0.05,0.95,0.9047619047619048,705,400,False
model,0.41,0.2,2.0,0.2,score_point,0.0851063829787234,0.3845,0.1025,0.8975,0.8766788766788766,705,400,False
model,0.23,0.3,2.5,0.2,score_point,0.0851063829787234,0.3989999999999999,0.045,0.955,0.9073634204275534,705,400,False
model,0.42,0.2,2.0,0.2,score_point,0.0851063829787234,0.4025000000000001,0.1125,0.8875,0.8711656441717791,705,400,False
model,0.55,0.3,1.5,0.2,score_point,0.0851063829787234,0.4799999999999999,0.15,0.85,0.85,705,400,False
model,0.25,0.4,2.0,0.2,score_point,0.0851063829787234,0.48400000000000004,0.0525,0.9475,0.9034564958283672,705,400,False
model,0.26,0.4,2.0,0.2,score_point,0.0851063829787234,0.48800000000000004,0.055,0.945,0.9021479713603819,705,400,False
model,0.2,0.4,2.5,0.2,score_point,0.0851063829787234,0.48925,0.0425,0.9575,0.9086595492289442,705,400,False
model,0.16,0.4,3.0,0.2,score_point,0.0851063829787234,0.4910000000000001,0.035,0.965,0.912529550827423,705,400,False
model,0.14,0.4,3.5,0.2,score_point,0.0851063829787234,0.5007500000000001,0.0325,0.9675,0.9138134592680047,705,400,False
model,0.08,0.5,2.5,0.2,score_point,0.0851063829787234,0.535,0.0175,0.9825,0.921453692848769,705,400,False
model,0.14,0.5,2.0,0.2,score_point,0.0851063829787234,0.54875,0.0325,0.9675,0.9138134592680047,705,400,False
model,0.28,0.5,1.5,0.2,score_point,0.0851063829787234,0.5575,0.0575,0.9425,0.900836320191159,705,400,False
model,0.07,0.6,2.0,0.2,score_point,0.0851063829787234,0.6174999999999998,0.0125,0.9875,0.9239766081871346,705,400,False
model,0.04,0.6,3.0,0.2,score_point,0.0851063829787234,0.6179999999999999,0.0075,0.9925,0.9264877479579932,705,400,False
model,0.05,0.6,2.5,0.2,score_point,0.0851063829787234,0.6237499999999998,0.0125,0.9875,0.9239766081871346,705,400,False
model,0.23,0.6,1.5,0.2,score_point,0.0851063829787234,0.6404999999999998,0.045,0.955,0.9073634204275534,705,400,False
model,0.07,0.7,1.5,0.2,score_point,0.0851063829787234,0.71,0.0125,0.9875,0.9239766081871346,705,400,False
model,0.02,0.8,1.5,0.2,score_point,0.0851063829787234,0.80525,0.0075,0.9925,0.9264877479579932,705,400,False
model,0.03,0.8,1.5,0.2,score_point,0.0851063829787234,0.80525,0.0075,0.9925,0.9264877479579932,705,400,False
model,0.4,0.2,2.0,0.2,score_point,0.08652482269503546,0.3710000000000001,0.095,0.905,0.879708383961118,705,400,False
model,0.28,0.3,2.0,0.2,score_point,0.08652482269503546,0.39774999999999994,0.0575,0.9425,0.899761336515513,705,400,False
model,0.22,0.3,2.5,0.2,score_point,0.08652482269503546,0.3989999999999999,0.045,0.955,0.9062870699881376,705,400,False
model,0.19,0.3,3.5,0.2,score_point,0.08652482269503546,0.4279999999999999,0.04,0.96,0.9088757396449704,705,400,False
model,0.24,0.4,2.0,0.2,score_point,0.08652482269503546,0.4800000000000001,0.05,0.95,0.9036860879904874,705,400,False
model,0.19,0.4,2.5,0.2,score_point,0.08652482269503546,0.48400000000000004,0.04,0.96,0.9088757396449704,705,400,False
model,0.15,0.4,3.0,0.2,score_point,0.08652482269503546,0.4910000000000001,0.035,0.965,0.911452184179457,705,400,False
model,0.06,0.5,3.5,0.2,score_point,0.08652482269503546,0.5375,0.0125,0.9875,0.9228971962616822,705,400,False
model,0.52,0.4,1.5,0.2,score_point,0.08652482269503546,0.5430000000000001,0.13,0.87,0.8603213844252162,705,400,False
model,0.27,0.5,1.5,0.2,score_point,0.08652482269503546,0.5575,0.0575,0.9425,0.899761336515513,705,400,False
model,0.22,0.6,1.5,0.2,score_point,0.08652482269503546,0.6404999999999998,0.045,0.955,0.9062870699881376,705,400,False
model,0.02,0.7,2.0,0.2,score_point,0.08652482269503546,0.70975,0.0075,0.9925,0.9254079254079254,705,400,False
model,0.28,0.2,2.5,0.2,score_point,0.08794326241134752,0.3322500000000001,0.0575,0.9425,0.898688915375447,705,400,False
model,0.25,0.2,3.0,0.2,score_point,0.08794326241134752,0.34700000000000003,0.0525,0.9475,0.901307966706302,705,400,False
model,0.26,0.2,3.0,0.2,score_point,0.08794326241134752,0.35400000000000004,0.055,0.945,0.9,705,400,False
model,0.17,0.3,3.5,0.2,score_point,0.08794326241134752,0.41199999999999987,0.035,0.965,0.9103773584905661,705,400,False
model,0.2,0.3,3.0,0.2,score_point,0.08794326241134752,0.41474999999999995,0.0425,0.9575,0.9065088757396451,705,400,False
model,0.18,0.3,3.5,0.2,score_point,0.08794326241134752,0.4199999999999999,0.0375,0.9625,0.9090909090909091,705,400,False
model,0.63,0.2,1.5,0.2,score_point,0.08794326241134752,0.4665000000000001,0.205,0.795,0.8153846153846155,705,400,False
model,0.17,0.4,2.5,0.2,score_point,0.08794326241134752,0.4735000000000001,0.035,0.965,0.9103773584905661,705,400,False
model,0.54,0.3,1.5,0.2,score_point,0.08794326241134752,0.4739999999999999,0.145,0.855,0.8507462686567164,705,400,False
model,0.18,0.4,2.5,0.2,score_point,0.08794326241134752,0.47875,0.0375,0.9625,0.9090909090909091,705,400,False
model,0.14,0.4,3.0,0.2,score_point,0.08794326241134752,0.48450000000000004,0.0325,0.9675,0.911660777385159,705,400,False
model,0.51,0.4,1.5,0.2,score_point,0.08794326241134752,0.5430000000000001,0.13,0.87,0.8592592592592593,705,400,False
model,0.13,0.5,2.0,0.2,score_point,0.08794326241134752,0.545,0.03,0.97,0.9129411764705883,705,400,False
model,0.25,0.5,1.5,0.2,score_point,0.08794326241134752,0.5525,0.0525,0.9475,0.901307966706302,705,400,False
model,0.26,0.5,1.5,0.2,score_point,0.08794326241134752,0.555,0.055,0.945,0.9,705,400,False
model,0.06,0.7,1.5,0.2,score_point,0.08794326241134752,0.71,0.0125,0.9875,0.9218203033838973,705,400,False
model,0.24,0.2,3.0,0.2,score_point,0.08936170212765958,0.34,0.05,0.95,0.9015421115065244,705,400,False
model,0.23,0.2,3.5,0.2,score_point,0.08936170212765958,0.34850000000000003,0.045,0.955,0.9041420118343195,705,400,False
model,0.39,0.2,2.0,0.2,score_point,0.08936170212765958,0.3710000000000001,0.095,0.905,0.8775757575757576,705,400,False
model,0.21,0.3,2.5,0.2,score_point,0.08936170212765958,0.39349999999999996,0.0425,0.9575,0.9054373522458629,705,400,False
model,0.27,0.3,2.0,0.2,score_point,0.08936170212765958,0.39774999999999994,0.0575,0.9425,0.8976190476190476,705,400,False
model,0.6,0.2,1.5,0.2,score_point,0.08936170212765958,0.43400000000000005,0.18,0.82,0.8293299620733248,705,400,False
model,0.61,0.2,1.5,0.2,score_point,0.08936170212765958,0.4470000000000001,0.19,0.81,0.8233799237611182,705,400,False
model,0.62,0.2,1.5,0.2,score_point,0.08936170212765958,0.4600000000000001,0.2,0.8,0.8173690932311622,705,400,False
model,0.23,0.4,2.0,0.2,score_point,0.08936170212765958,0.47200000000000003,0.045,0.955,0.9041420118343195,705,400,False
model,0.13,0.4,3.5,0.2,score_point,0.08936170212765958,0.4930000000000001,0.03,0.97,0.9118683901292597,705,400,False
model,0.43,0.4,1.5,0.2,score_point,0.08936170212765958,0.52375,0.1125,0.8875,0.8679706601466993,705,400,False
model,0.44,0.4,1.5,0.2,score_point,0.08936170212765958,0.52375,0.1125,0.8875,0.8679706601466993,705,400,False
model,0.07,0.5,2.5,0.2,score_point,0.08936170212765958,0.525,0.0125,0.9875,0.9207459207459209,705,400,False
model,0.45,0.4,1.5,0.2,score_point,0.08936170212765958,0.5265000000000001,0.115,0.885,0.8665850673194615,705,400,False
model,0.46,0.4,1.5,0.2,score_point,0.08936170212765958,0.5292500000000001,0.1175,0.8825,0.8651960784313725,705,400,False
model,0.47,0.4,1.5,0.2,score_point,0.08936170212765958,0.5292500000000001,0.1175,0.8825,0.8651960784313725,705,400,False
model,0.06,0.5,3.0,0.2,score_point,0.08936170212765958,0.53125,0.0125,0.9875,0.9207459207459209,705,400,False
model,0.48,0.4,1.5,0.2,score_point,0.08936170212765958,0.5320000000000001,0.12,0.88,0.8638036809815951,705,400,False
model,0.49,0.4,1.5,0.2,score_point,0.08936170212765958,0.5347500000000001,0.1225,0.8775,0.8624078624078624,705,400,False
model,0.11,0.5,2.0,0.2,score_point,0.08936170212765958,0.5375,0.025,0.975,0.9144196951934348,705,400,False
model,0.5,0.4,1.5,0.2,score_point,0.08936170212765958,0.54025,0.1275,0.8725,0.8596059113300493,705,400,False
model,0.12,0.5,2.0,0.2,score_point,0.08936170212765958,0.54125,0.0275,0.9725,0.9131455399061034,705,400,False
model,0.24,0.5,1.5,0.2,score_point,0.08936170212765958,0.55,0.05,0.95,0.9015421115065244,705,400,False
model,0.2,0.6,1.5,0.2,score_point,0.08936170212765958,0.63825,0.0425,0.9575,0.9054373522458629,705,400,False
model,0.21,0.6,1.5,0.2,score_point,0.08936170212765958,0.63825,0.0425,0.9575,0.9054373522458629,705,400,False
model,0.01,0.7,2.5,0.2,score_point,0.08936170212765958,0.7090000000000001,0.005,0.995,0.924506387921022,705,400,False
model,0.27,0.2,2.5,0.2,score_point,0.09078014184397164,0.3322500000000001,0.0575,0.9425,0.896551724137931,705,400,False
model,0.22,0.2,3.5,0.2,score_point,0.09078014184397164,0.34850000000000003,0.045,0.955,0.9030732860520094,705,400,False
model,0.57,0.2,1.5,0.2,score_point,0.09078014184397164,0.4047500000000001,0.1575,0.8425,0.8414481897627966,705,400,False
model,0.19,0.3,3.0,0.2,score_point,0.09078014184397164,0.4079999999999999,0.04,0.96,0.9056603773584904,705,400,False
model,0.16,0.3,3.5,0.2,score_point,0.09078014184397164,0.41199999999999987,0.035,0.965,0.908235294117647,705,400,False
model,0.58,0.2,1.5,0.2,score_point,0.09078014184397164,0.41450000000000004,0.165,0.835,0.8370927318295739,705,400,False
model,0.59,0.2,1.5,0.2,score_point,0.09078014184397164,0.4242500000000001,0.1725,0.8275,0.8327044025157233,705,400,False
model,0.53,0.3,1.5,0.2,score_point,0.09078014184397164,0.45599999999999996,0.13,0.87,0.8571428571428571,705,400,False
model,0.22,0.4,2.0,0.2,score_point,0.09078014184397164,0.47200000000000003,0.045,0.955,0.9030732860520094,705,400,False
model,0.16,0.4,2.5,0.2,score_point,0.09078014184397164,0.4735000000000001,0.035,0.965,0.908235294117647,705,400,False
model,0.12,0.4,3.5,0.2,score_point,0.09078014184397164,0.48525000000000007,0.0275,0.9725,0.9120750293083236,705,400,False
model,0.4,0.4,1.5,0.2,score_point,0.09078014184397164,0.5045000000000001,0.095,0.905,0.8765133171912833,705,400,False
model,0.41,0.4,1.5,0.2,score_point,0.09078014184397164,0.51275,0.1025,0.8975,0.8724179829890644,705,400,False
model,0.42,0.4,1.5,0.2,score_point,0.09078014184397164,0.52375,0.1125,0.8875,0.8669108669108668,705,400,False
model,0.09,0.5,2.0,0.2,score_point,0.09078014184397164,0.53,0.02,0.98,0.9158878504672898,705,400,False
model,0.1,0.5,2.0,0.2,score_point,0.09078014184397164,0.5375,0.025,0.975,0.9133489461358315,705,400,False
model,0.04,0.6,2.5,0.2,score_point,0.09078014184397164,0.6142499999999999,0.0075,0.9925,0.9221835075493613,705,400,False
model,0.06,0.6,2.0,0.2,score_point,0.09078014184397164,0.6174999999999998,0.0125,0.9875,0.919674039580908,705,400,False
model,0.03,0.6,3.5,0.2,score_point,0.09078014184397164,0.6217499999999998,0.0075,0.9925,0.9221835075493613,705,400,False
model,0.17,0.6,1.5,0.2,score_point,0.09078014184397164,0.6315,0.035,0.965,0.908235294117647,705,400,False
model,0.18,0.6,1.5,0.2,score_point,0.09078014184397164,0.6337499999999999,0.0375,0.9625,0.9069493521790342,705,400,False
model,0.19,0.6,1.5,0.2,score_point,0.09078014184397164,0.6359999999999999,0.04,0.96,0.9056603773584904,705,400,False
model,0.05,0.7,1.5,0.2,score_point,0.09078014184397164,0.71,0.0125,0.9875,0.919674039580908,705,400,False
model,0.01,0.8,1.5,0.2,score_point,0.09078014184397164,0.8035,0.005,0.995,0.923433874709977,705,400,False
model,0.36,0.2,2.0,0.2,score_point,0.09219858156028368,0.3485000000000001,0.0825,0.9175,0.8822115384615384,705,400,False
model,0.37,0.2,2.0,0.2,score_point,0.09219858156028368,0.35300000000000004,0.085,0.915,0.8808664259927798,705,400,False
model,0.38,0.2,2.0,0.2,score_point,0.09219858156028368,0.36200000000000004,0.09,0.91,0.8781664656212305,705,400,False
model,0.25,0.3,2.0,0.2,score_point,0.09219858156028368,0.3892499999999999,0.0525,0.9475,0.8981042654028436,705,400,False
model,0.26,0.3,2.0,0.2,score_point,0.09219858156028368,0.39349999999999996,0.055,0.945,0.896797153024911,705,400,False
model,0.17,0.3,3.0,0.2,score_point,0.09219858156028368,0.3944999999999999,0.035,0.965,0.9071680376028202,705,400,False
model,0.56,0.2,1.5,0.2,score_point,0.09219858156028368,0.39825000000000005,0.1525,0.8475,0.8432835820895522,705,400,False
model,0.18,0.3,3.0,0.2,score_point,0.09219858156028368,0.40124999999999994,0.0375,0.9625,0.9058823529411764,705,400,False
model,0.15,0.3,3.5,0.2,score_point,0.09219858156028368,0.41199999999999987,0.035,0.965,0.9071680376028202,705,400,False
model,0.15,0.4,2.5,0.2,score_point,0.09219858156028368,0.4735000000000001,0.035,0.965,0.9071680376028202,705,400,False
model,0.11,0.4,3.5,0.2,score_point,0.09219858156028368,0.4775,0.025,0.975,0.9122807017543859,705,400,False
model,0.13,0.4,3.0,0.2,score_point,0.09219858156028368,0.47800000000000004,0.03,0.97,0.9097303634232122,705,400,False
model,0.39,0.4,1.5,0.2,score_point,0.09219858156028368,0.5045000000000001,0.095,0.905,0.875453446191052,705,400,False
model,0.05,0.5,3.5,0.2,score_point,0.09219858156028368,0.5375,0.0125,0.9875,0.9186046511627908,705,400,False
model,0.23,0.5,1.5,0.2,score_point,0.09219858156028368,0.545,0.045,0.955,0.9020070838252655,705,400,False
model,0.25,0.2,2.5,0.2,score_point,0.09361702127659574,0.32075000000000004,0.0525,0.9475,0.8970414201183432,705,400,True
model,0.23,0.2,3.0,0.2,score_point,0.09361702127659574,0.32600000000000007,0.045,0.955,0.9009433962264152,705,400,False
model,0.26,0.2,2.5,0.2,score_point,0.09361702127659574,0.32650000000000007,0.055,0.945,0.8957345971563981,705,400,False
model,0.33,0.2,2.0,0.2,score_point,0.09361702127659574,0.3350000000000001,0.075,0.925,0.8851674641148326,705,400,False
model,0.34,0.2,2.0,0.2,score_point,0.09361702127659574,0.3350000000000001,0.075,0.925,0.8851674641148326,705,400,False
model,0.21,0.2,3.5,0.2,score_point,0.09361702127659574,0.34025,0.0425,0.9575,0.9022379269729093,705,400,False
model,0.35,0.2,2.0,0.2,score_point,0.09361702127659574,0.3440000000000001,0.08,0.92,0.882494004796163,705,400,False
model,0.24,0.3,2.0,0.2,score_point,0.09361702127659574,0.38499999999999995,0.05,0.95,0.8983451536643026,705,400,False
model,0.2,0.3,2.5,0.2,score_point,0.09361702127659574,0.39349999999999996,0.0425,0.9575,0.9022379269729093,705,400,False
model,0.55,0.2,1.5,0.2,score_point,0.09361702127659574,0.395,0.15,0.85,0.8436724565756824,705,400,False
model,0.52,0.3,1.5,0.2,score_point,0.09361702127659574,0.45599999999999996,0.13,0.87,0.855036855036855,705,400,False
model,0.21,0.4,2.0,0.2,score_point,0.09361702127659574,0.468,0.0425,0.9575,0.9022379269729093,705,400,False
model,0.14,0.4,2.5,0.2,score_point,0.09361702127659574,0.46825000000000006,0.0325,0.9675,0.9073856975381008,705,400,False
model,0.12,0.4,3.0,0.2,score_point,0.09361702127659574,0.47150000000000003,0.0275,0.9725,0.9099415204678362,705,400,False
model,0.1,0.4,3.5,0.2,score_point,0.09361702127659574,0.4775,0.025,0.975,0.911214953271028,705,400,False
model,0.36,0.4,1.5,0.2,score_point,0.09361702127659574,0.49075,0.0825,0.9175,0.8811524609843937,705,400,False
model,0.37,0.4,1.5,0.2,score_point,0.09361702127659574,0.4935000000000001,0.085,0.915,0.8798076923076923,705,400,False
model,0.38,0.4,1.5,0.2,score_point,0.09361702127659574,0.49900000000000005,0.09,0.91,0.8771084337349399,705,400,False
model,0.22,0.5,1.5,0.2,score_point,0.09361702127659574,0.545,0.045,0.955,0.9009433962264152,705,400,False
model,0.03,0.6,3.0,0.2,score_point,0.09361702127659574,0.6179999999999999,0.0075,0.9925,0.9200463499420627,705,400,False
model,0.14,0.6,1.5,0.2,score_point,0.09361702127659574,0.6292499999999999,0.0325,0.9675,0.9073856975381008,705,400,False
model,0.15,0.6,1.5,0.2,score_point,0.09361702127659574,0.6315,0.035,0.965,0.9061032863849765,705,400,False
model,0.16,0.6,1.5,0.2,score_point,0.09361702127659574,0.6315,0.035,0.965,0.9061032863849765,705,400,False
model,0.29,0.2,2.0,0.2,score_point,0.0950354609929078,0.3035000000000001,0.0575,0.9425,0.8933649289099526,705,400,False
model,0.3,0.2,2.0,0.2,score_point,0.0950354609929078,0.3035000000000001,0.0575,0.9425,0.8933649289099526,705,400,True
model,0.31,0.2,2.0,0.2,score_point,0.0950354609929078,0.31250000000000006,0.0625,0.9375,0.8907363420427552,705,400,False
model,0.24,0.2,2.5,0.2,score_point,0.0950354609929078,0.31500000000000006,0.05,0.95,0.89728453364817,705,400,False
model,0.32,0.2,2.0,0.2,score_point,0.0950354609929078,0.3170000000000001,0.065,0.935,0.8894173602853745,705,400,False
model,0.22,0.2,3.0,0.2,score_point,0.0950354609929078,0.32600000000000007,0.045,0.955,0.8998822143698468,705,400,False
model,0.16,0.3,3.0,0.2,score_point,0.0950354609929078,0.3944999999999999,0.035,0.965,0.9050410316529894,705,400,False
model,0.14,0.3,3.5,0.2,score_point,0.0950354609929078,0.4039999999999999,0.0325,0.9675,0.9063231850117096,705,400,False
model,0.51,0.3,1.5,0.2,score_point,0.0950354609929078,0.45599999999999996,0.13,0.87,0.8539877300613496,705,400,False
model,0.09,0.4,3.5,0.2,score_point,0.0950354609929078,0.462,0.02,0.98,0.9126891734575088,705,400,False
model,0.11,0.4,3.0,0.2,score_point,0.0950354609929078,0.465,0.025,0.975,0.9101516919486581,705,400,False
model,0.33,0.4,1.5,0.2,score_point,0.0950354609929078,0.4825000000000001,0.075,0.925,0.884109916367981,705,400,False
model,0.34,0.4,1.5,0.2,score_point,0.0950354609929078,0.4825000000000001,0.075,0.925,0.884109916367981,705,400,False
model,0.35,0.4,1.5,0.2,score_point,0.0950354609929078,0.48800000000000004,0.08,0.92,0.881437125748503,705,400,False
model,0.06,0.5,2.5,0.2,score_point,0.0950354609929078,0.525,0.0125,0.9875,0.9164733178654292,705,400,False
model,0.08,0.5,2.0,0.2,score_point,0.0950354609929078,0.52625,0.0175,0.9825,0.913953488372093,705,400,False
model,0.05,0.5,3.0,0.2,score_point,0.0950354609929078,0.53125,0.0125,0.9875,0.9164733178654292,705,400,False
model,0.05,0.6,2.0,0.2,score_point,0.0950354609929078,0.6174999999999998,0.0125,0.9875,0.9164733178654292,705,400,False
model,0.04,0.7,1.5,0.2,score_point,0.0950354609929078,0.706,0.0075,0.9925,0.9189814814814814,705,400,False
model,0.23,0.3,2.0,0.2,score_point,0.09645390070921986,0.3764999999999999,0.045,0.955,0.8988235294117647,705,400,False
model,0.19,0.3,2.5,0.2,score_point,0.09645390070921986,0.3879999999999999,0.04,0.96,0.9014084507042253,705,400,False
model,0.54,0.2,1.5,0.2,score_point,0.09645390070921986,0.38850000000000007,0.145,0.855,0.8444444444444444,705,400,False
model,0.15,0.3,3.0,0.2,score_point,0.09645390070921986,0.3944999999999999,0.035,0.965,0.9039812646370022,705,400,False
model,0.43,0.3,1.5,0.2,score_point,0.09645390070921986,0.43499999999999983,0.1125,0.8875,0.8626974483596598,705,400,False
model,0.44,0.3,1.5,0.2,score_point,0.09645390070921986,0.43499999999999983,0.1125,0.8875,0.8626974483596598,705,400,False
model,0.45,0.3,1.5,0.2,score_point,0.09645390070921986,0.43799999999999994,0.115,0.885,0.8613138686131386,705,400,False
model,0.46,0.3,1.5,0.2,score_point,0.09645390070921986,0.44099999999999995,0.1175,0.8825,0.8599269183922047,705,400,False
model,0.47,0.3,1.5,0.2,score_point,0.09645390070921986,0.44099999999999995,0.1175,0.8825,0.8599269183922047,705,400,False
model,0.48,0.3,1.5,0.2,score_point,0.09645390070921986,0.4439999999999999,0.12,0.88,0.8585365853658538,705,400,False
model,0.49,0.3,1.5,0.2,score_point,0.09645390070921986,0.4469999999999999,0.1225,0.8775,0.8571428571428571,705,400,False
model,0.5,0.3,1.5,0.2,score_point,0.09645390070921986,0.4529999999999999,0.1275,0.8725,0.854345165238678,705,400,False
model,0.29,0.4,1.5,0.2,score_point,0.09645390070921986,0.46325000000000005,0.0575,0.9425,0.8923076923076924,705,400,False
model,0.3,0.4,1.5,0.2,score_point,0.09645390070921986,0.46325000000000005,0.0575,0.9425,0.8923076923076924,705,400,False
model,0.1,0.4,3.0,0.2,score_point,0.09645390070921986,0.465,0.025,0.975,0.9090909090909091,705,400,False
model,0.2,0.4,2.0,0.2,score_point,0.09645390070921986,0.468,0.0425,0.9575,0.900117508813161,705,400,False
model,0.31,0.4,1.5,0.2,score_point,0.09645390070921986,0.46875,0.0625,0.9375,0.889679715302491,705,400,False
model,0.32,0.4,1.5,0.2,score_point,0.09645390070921986,0.47150000000000003,0.065,0.935,0.8883610451306413,705,400,False
model,0.21,0.5,1.5,0.2,score_point,0.09645390070921986,0.5425,0.0425,0.9575,0.900117508813161,705,400,False
model,0.13,0.6,1.5,0.2,score_point,0.09645390070921986,0.6269999999999999,0.03,0.97,0.9065420560747663,705,400,False
model,0.28,0.8,1.0,0.2,score_point,0.09645390070921986,0.8115000000000001,0.0575,0.9425,0.8923076923076924,705,400,False
model,0.29,0.8,1.0,0.2,score_point,0.09645390070921986,0.8115000000000001,0.0575,0.9425,0.8923076923076924,705,400,False
model,0.3,0.8,1.0,0.2,score_point,0.09645390070921986,0.8115000000000001,0.0575,0.9425,0.8923076923076924,705,400,False
model,0.31,0.8,1.0,0.2,score_point,0.09645390070921986,0.8125,0.0625,0.9375,0.889679715302491,705,400,False
model,0.32,0.8,1.0,0.2,score_point,0.09645390070921986,0.8130000000000002,0.065,0.935,0.8883610451306413,705,400,False
model,0.33,0.8,1.0,0.2,score_point,0.09645390070921986,0.815,0.075,0.925,0.883054892601432,705,400,False
model,0.34,0.8,1.0,0.2,score_point,0.09645390070921986,0.815,0.075,0.925,0.883054892601432,705,400,False
model,0.35,0.8,1.0,0.2,score_point,0.09645390070921986,0.8160000000000001,0.08,0.92,0.8803827751196172,705,400,False
model,0.36,0.8,1.0,0.2,score_point,0.09645390070921986,0.8165,0.0825,0.9175,0.8790419161676647,705,400,False
model,0.37,0.8,1.0,0.2,score_point,0.09645390070921986,0.8170000000000002,0.085,0.915,0.8776978417266187,705,400,False
model,0.38,0.8,1.0,0.2,score_point,0.09645390070921986,0.8180000000000001,0.09,0.91,0.8749999999999999,705,400,False
model,0.39,0.8,1.0,0.2,score_point,0.09645390070921986,0.8190000000000002,0.095,0.905,0.8722891566265061,705,400,False
model,0.4,0.8,1.0,0.2,score_point,0.09645390070921986,0.8190000000000002,0.095,0.905,0.8722891566265061,705,400,False
model,0.41,0.8,1.0,0.2,score_point,0.09645390070921986,0.8205000000000001,0.1025,0.8975,0.8681983071342201,705,400,False
model,0.42,0.8,1.0,0.2,score_point,0.09645390070921986,0.8225,0.1125,0.8875,0.8626974483596598,705,400,False
model,0.43,0.8,1.0,0.2,score_point,0.09645390070921986,0.8225,0.1125,0.8875,0.8626974483596598,705,400,False
model,0.44,0.8,1.0,0.2,score_point,0.09645390070921986,0.8225,0.1125,0.8875,0.8626974483596598,705,400,False
model,0.45,0.8,1.0,0.2,score_point,0.09645390070921986,0.8230000000000001,0.115,0.885,0.8613138686131386,705,400,False
model,0.46,0.8,1.0,0.2,score_point,0.09645390070921986,0.8235000000000002,0.1175,0.8825,0.8599269183922047,705,400,False
model,0.47,0.8,1.0,0.2,score_point,0.09645390070921986,0.8235000000000002,0.1175,0.8825,0.8599269183922047,705,400,False
model,0.48,0.8,1.0,0.2,score_point,0.09645390070921986,0.8240000000000001,0.12,0.88,0.8585365853658538,705,400,False
model,0.49,0.8,1.0,0.2,score_point,0.09645390070921986,0.8245000000000001,0.1225,0.8775,0.8571428571428571,705,400,False
model,0.5,0.8,1.0,0.2,score_point,0.09645390070921986,0.8255000000000001,0.1275,0.8725,0.854345165238678,705,400,False
model,0.51,0.8,1.0,0.2,score_point,0.09645390070921986,0.8260000000000001,0.13,0.87,0.8529411764705882,705,400,False
model,0.52,0.8,1.0,0.2,score_point,0.09645390070921986,0.8260000000000001,0.13,0.87,0.8529411764705882,705,400,False
model,0.53,0.8,1.0,0.2,score_point,0.09645390070921986,0.8260000000000001,0.13,0.87,0.8529411764705882,705,400,False
model,0.54,0.8,1.0,0.2,score_point,0.09645390070921986,0.8290000000000001,0.145,0.855,0.8444444444444444,705,400,False
model,0.55,0.8,1.0,0.2,score_point,0.09645390070921986,0.83,0.15,0.85,0.8415841584158417,705,400,False
model,0.56,0.8,1.0,0.2,score_point,0.09645390070921986,0.8305000000000001,0.1525,0.8475,0.8401486988847584,705,400,False
model,0.57,0.8,1.0,0.2,score_point,0.09645390070921986,0.8315,0.1575,0.8425,0.8372670807453416,705,400,False
model,0.58,0.8,1.0,0.2,score_point,0.09645390070921986,0.833,0.165,0.835,0.8329177057356607,705,400,False
model,0.59,0.8,1.0,0.2,score_point,0.09645390070921986,0.8345,0.1725,0.8275,0.8285356695869839,705,400,False
model,0.6,0.8,1.0,0.2,score_point,0.09645390070921986,0.836,0.18,0.82,0.8241206030150754,705,400,False
model,0.61,0.8,1.0,0.2,score_point,0.09645390070921986,0.8380000000000001,0.19,0.81,0.8181818181818183,705,400,False
model,0.62,0.8,1.0,0.2,score_point,0.09645390070921986,0.84,0.2,0.8,0.8121827411167513,705,400,False
model,0.63,0.8,1.0,0.2,score_point,0.09645390070921986,0.8410000000000002,0.205,0.795,0.8091603053435115,705,400,False
model,0.64,0.8,1.0,0.2,score_point,0.09645390070921986,0.8425000000000001,0.2125,0.7875,0.8045977011494252,705,400,False
model,0.65,0.8,1.0,0.2,score_point,0.09645390070921986,0.8425000000000001,0.2125,0.7875,0.8045977011494252,705,400,False
model,0.66,0.8,1.0,0.2,score_point,0.09645390070921986,0.8440000000000001,0.22,0.78,0.8,705,400,False
model,0.67,0.8,1.0,0.2,score_point,0.09645390070921986,0.8465,0.2325,0.7675,0.7922580645161289,705,400,False
model,0.68,0.8,1.0,0.2,score_point,0.09645390070921986,0.85,0.25,0.75,0.7812500000000001,705,400,False
model,0.69,0.8,1.0,0.2,score_point,0.09645390070921986,0.8510000000000001,0.255,0.745,0.7780678851174935,705,400,False
model,0.7,0.8,1.0,0.2,score_point,0.09645390070921986,0.8520000000000002,0.26,0.74,0.774869109947644,705,400,False
model,0.71,0.8,1.0,0.2,score_point,0.09645390070921986,0.8545000000000001,0.2725,0.7275,0.7667984189723321,705,400,False
model,0.72,0.8,1.0,0.2,score_point,0.09645390070921986,0.8565,0.2825,0.7175,0.7602649006622516,705,400,False
model,0.73,0.8,1.0,0.2,score_point,0.09645390070921986,0.8595000000000002,0.2975,0.7025,0.7503337783711614,705,400,False
model,0.74,0.8,1.0,0.2,score_point,0.09645390070921986,0.8615,0.3075,0.6925,0.7436241610738255,705,400,False
model,0.75,0.8,1.0,0.2,score_point,0.09645390070921986,0.8640000000000001,0.32,0.68,0.7351351351351352,705,400,False
model,0.76,0.8,1.0,0.2,score_point,0.09645390070921986,0.8680000000000001,0.34,0.66,0.7213114754098361,705,400,False
model,0.77,0.8,1.0,0.2,score_point,0.09645390070921986,0.8725,0.3625,0.6375,0.7053941908713692,705,400,False
model,0.78,0.8,1.0,0.2,score_point,0.09645390070921986,0.8759999999999999,0.38,0.62,0.6927374301675978,705,400,False
model,0.93,0.5,1.0,0.2,score_point,0.09645390070921986,0.8775,0.755,0.245,0.3462897526501767,705,400,False
model,0.79,0.8,1.0,0.2,score_point,0.09645390070921986,0.88,0.4,0.6,0.6779661016949153,705,400,False
model,0.8,0.8,1.0,0.2,score_point,0.09645390070921986,0.884,0.42,0.58,0.6628571428571428,705,400,False
model,0.81,0.8,1.0,0.2,score_point,0.09645390070921986,0.8875,0.4375,0.5625,0.6493506493506493,705,400,False
model,0.82,0.8,1.0,0.2,score_point,0.09645390070921986,0.8915000000000001,0.4575,0.5425,0.6335766423357664,705,400,False
model,0.83,0.8,1.0,0.2,score_point,0.09645390070921986,0.8955000000000001,0.4775,0.5225,0.6174298375184637,705,400,False
model,0.84,0.8,1.0,0.2,score_point,0.09645390070921986,0.8975,0.4875,0.5125,0.6092124814264487,705,400,False
model,0.94,0.5,1.0,0.2,score_point,0.09645390070921986,0.89875,0.7975,0.2025,0.29508196721311475,705,400,False
model,0.85,0.8,1.0,0.2,score_point,0.09645390070921986,0.9005000000000001,0.5025,0.4975,0.5967016491754122,705,400,False
model,0.93,0.6,1.0,0.2,score_point,0.09645390070921986,0.9019999999999999,0.755,0.245,0.3462897526501767,705,400,False
model,0.95,0.4,1.0,0.2,score_point,0.09645390070921986,0.9055000000000001,0.8425,0.1575,0.23728813559322035,705,400,False
model,0.27,0.9,1.0,0.2,score_point,0.09645390070921986,0.9057500000000002,0.0575,0.9425,0.8923076923076924,705,400,False
model,0.28,0.9,1.0,0.2,score_point,0.09645390070921986,0.9057500000000002,0.0575,0.9425,0.8923076923076924,705,400,False
model,0.29,0.9,1.0,0.2,score_point,0.09645390070921986,0.9057500000000002,0.0575,0.9425,0.8923076923076924,705,400,False
model,0.3,0.9,1.0,0.2,score_point,0.09645390070921986,0.9057500000000002,0.0575,0.9425,0.8923076923076924,705,400,False
model,0.31,0.9,1.0,0.2,score_point,0.09645390070921986,0.9062500000000001,0.0625,0.9375,0.889679715302491,705,400,False
model,0.32,0.9,1.0,0.2,score_point,0.09645390070921986,0.9065000000000002,0.065,0.935,0.8883610451306413,705,400,False
model,0.33,0.9,1.0,0.2,score_point,0.09645390070921986,0.9075000000000002,0.075,0.925,0.883054892601432,705,400,False
model,0.34,0.9,1.0,0.2,score_point,0.09645390070921986,0.9075000000000002,0.075,0.925,0.883054892601432,705,400,False
model,0.86,0.8,1.0,0.2,score_point,0.09645390070921986,0.9080000000000001,0.54,0.46,0.5644171779141104,705,400,False
model,0.35,0.9,1.0,0.2,score_point,0.09645390070921986,0.9080000000000003,0.08,0.92,0.8803827751196172,705,400,False
model,0.36,0.9,1.0,0.2,score_point,0.09645390070921986,0.9082500000000002,0.0825,0.9175,0.8790419161676647,705,400,False
model,0.37,0.9,1.0,0.2,score_point,0.09645390070921986,0.9085000000000002,0.085,0.915,0.8776978417266187,705,400,False
model,0.38,0.9,1.0,0.2,score_point,0.09645390070921986,0.9090000000000003,0.09,0.91,0.8749999999999999,705,400,False
model,0.39,0.9,1.0,0.2,score_point,0.09645390070921986,0.9095000000000002,0.095,0.905,0.8722891566265061,705,400,False
model,0.4,0.9,1.0,0.2,score_point,0.09645390070921986,0.9095000000000002,0.095,0.905,0.8722891566265061,705,400,False
model,0.41,0.9,1.0,0.2,score_point,0.09645390070921986,0.9102500000000002,0.1025,0.8975,0.8681983071342201,705,400,False
model,0.42,0.9,1.0,0.2,score_point,0.09645390070921986,0.9112500000000003,0.1125,0.8875,0.8626974483596598,705,400,False
model,0.43,0.9,1.0,0.2,score_point,0.09645390070921986,0.9112500000000003,0.1125,0.8875,0.8626974483596598,705,400,False
model,0.44,0.9,1.0,0.2,score_point,0.09645390070921986,0.9112500000000003,0.1125,0.8875,0.8626974483596598,705,400,False
model,0.87,0.8,1.0,0.2,score_point,0.09645390070921986,0.9115000000000001,0.5575,0.4425,0.5488372093023255,705,400,False
model,0.45,0.9,1.0,0.2,score_point,0.09645390070921986,0.9115000000000003,0.115,0.885,0.8613138686131386,705,400,False
model,0.46,0.9,1.0,0.2,score_point,0.09645390070921986,0.9117500000000003,0.1175,0.8825,0.8599269183922047,705,400,False
model,0.47,0.9,1.0,0.2,score_point,0.09645390070921986,0.9117500000000003,0.1175,0.8825,0.8599269183922047,705,400,False
model,0.48,0.9,1.0,0.2,score_point,0.09645390070921986,0.9120000000000001,0.12,0.88,0.8585365853658538,705,400,False
model,0.49,0.9,1.0,0.2,score_point,0.09645390070921986,0.9122500000000002,0.1225,0.8775,0.8571428571428571,705,400,False
model,0.5,0.9,1.0,0.2,score_point,0.09645390070921986,0.9127500000000002,0.1275,0.8725,0.854345165238678,705,400,False
model,0.51,0.9,1.0,0.2,score_point,0.09645390070921986,0.9130000000000001,0.13,0.87,0.8529411764705882,705,400,False
model,0.52,0.9,1.0,0.2,score_point,0.09645390070921986,0.9130000000000001,0.13,0.87,0.8529411764705882,705,400,False
model,0.53,0.9,1.0,0.2,score_point,0.09645390070921986,0.9130000000000001,0.13,0.87,0.8529411764705882,705,400,False
model,0.54,0.9,1.0,0.2,score_point,0.09645390070921986,0.9145000000000002,0.145,0.855,0.8444444444444444,705,400,False
model,0.55,0.9,1.0,0.2,score_point,0.09645390070921986,0.915,0.15,0.85,0.8415841584158417,705,400,False
model,0.56,0.9,1.0,0.2,score_point,0.09645390070921986,0.91525,0.1525,0.8475,0.8401486988847584,705,400,False
model,0.57,0.9,1.0,0.2,score_point,0.09645390070921986,0.9157500000000002,0.1575,0.8425,0.8372670807453416,705,400,False
model,0.96,0.2,1.0,0.2,score_point,0.09645390070921986,0.9159999999999999,0.895,0.105,0.1647058823529412,705,400,False
model,0.58,0.9,1.0,0.2,score_point,0.09645390070921986,0.9165000000000001,0.165,0.835,0.8329177057356607,705,400,False
model,0.59,0.9,1.0,0.2,score_point,0.09645390070921986,0.9172500000000002,0.1725,0.8275,0.8285356695869839,705,400,False
model,0.88,0.8,1.0,0.2,score_point,0.09645390070921986,0.9179999999999999,0.59,0.41,0.5189873417721519,705,400,False
model,0.6,0.9,1.0,0.2,score_point,0.09645390070921986,0.9180000000000001,0.18,0.82,0.8241206030150754,705,400,False
model,0.94,0.6,1.0,0.2,score_point,0.09645390070921986,0.9189999999999999,0.7975,0.2025,0.29508196721311475,705,400,False
model,0.61,0.9,1.0,0.2,score_point,0.09645390070921986,0.9190000000000002,0.19,0.81,0.8181818181818183,705,400,False
model,0.62,0.9,1.0,0.2,score_point,0.09645390070921986,0.9200000000000002,0.2,0.8,0.8121827411167513,705,400,False
model,0.63,0.9,1.0,0.2,score_point,0.09645390070921986,0.9205000000000001,0.205,0.795,0.8091603053435115,705,400,False
model,0.95,0.5,1.0,0.2,score_point,0.09645390070921986,0.92125,0.8425,0.1575,0.23728813559322035,705,400,False
model,0.64,0.9,1.0,0.2,score_point,0.09645390070921986,0.9212500000000002,0.2125,0.7875,0.8045977011494252,705,400,False
model,0.65,0.9,1.0,0.2,score_point,0.09645390070921986,0.9212500000000002,0.2125,0.7875,0.8045977011494252,705,400,False
model,0.66,0.9,1.0,0.2,score_point,0.09645390070921986,0.9220000000000002,0.22,0.78,0.8,705,400,False
model,0.67,0.9,1.0,0.2,score_point,0.09645390070921986,0.9232500000000001,0.2325,0.7675,0.7922580645161289,705,400,False
model,0.89,0.8,1.0,0.2,score_point,0.09645390070921986,0.9235000000000001,0.6175,0.3825,0.49275362318840576,705,400,False
model,0.68,0.9,1.0,0.2,score_point,0.09645390070921986,0.9250000000000002,0.25,0.75,0.7812500000000001,705,400,False
model,0.69,0.9,1.0,0.2,score_point,0.09645390070921986,0.9255000000000001,0.255,0.745,0.7780678851174935,705,400,False
model,0.7,0.9,1.0,0.2,score_point,0.09645390070921986,0.926,0.26,0.74,0.774869109947644,705,400,False
model,0.93,0.7,1.0,0.2,score_point,0.09645390070921986,0.9265000000000001,0.755,0.245,0.3462897526501767,705,400,False
model,0.96,0.3,1.0,0.2,score_point,0.09645390070921986,0.9265000000000001,0.895,0.105,0.1647058823529412,705,400,False
model,0.71,0.9,1.0,0.2,score_point,0.09645390070921986,0.9272500000000001,0.2725,0.7275,0.7667984189723321,705,400,False
model,0.72,0.9,1.0,0.2,score_point,0.09645390070921986,0.92825,0.2825,0.7175,0.7602649006622516,705,400,False
model,0.73,0.9,1.0,0.2,score_point,0.09645390070921986,0.9297500000000001,0.2975,0.7025,0.7503337783711614,705,400,False
model,0.9,0.8,1.0,0.2,score_point,0.09645390070921986,0.9305000000000001,0.6525,0.3475,0.457990115321252,705,400,False
model,0.74,0.9,1.0,0.2,score_point,0.09645390070921986,0.9307500000000002,0.3075,0.6925,0.7436241610738255,705,400,False
model,0.75,0.9,1.0,0.2,score_point,0.09645390070921986,0.932,0.32,0.68,0.7351351351351352,705,400,False
model,0.76,0.9,1.0,0.2,score_point,0.09645390070921986,0.934,0.34,0.66,0.7213114754098361,705,400,False
model,0.77,0.9,1.0,0.2,score_point,0.09645390070921986,0.9362500000000001,0.3625,0.6375,0.7053941908713692,705,400,False
model,0.95,0.6,1.0,0.2,score_point,0.09645390070921986,0.9369999999999998,0.8425,0.1575,0.23728813559322035,705,400,False
model,0.91,0.8,1.0,0.2,score_point,0.09645390070921986,0.937,0.685,0.315,0.42424242424242425,705,400,False
model,0.96,0.4,1.0,0.2,score_point,0.09645390070921986,0.937,0.895,0.105,0.1647058823529412,705,400,False
model,0.78,0.9,1.0,0.2,score_point,0.09645390070921986,0.9380000000000002,0.38,0.62,0.6927374301675978,705,400,False
model,0.94,0.7,1.0,0.2,score_point,0.09645390070921986,0.9392499999999999,0.7975,0.2025,0.29508196721311475,705,400,False
model,0.79,0.9,1.0,0.2,score_point,0.09645390070921986,0.9400000000000002,0.4,0.6,0.6779661016949153,705,400,False
model,0.8,0.9,1.0,0.2,score_point,0.09645390070921986,0.9420000000000001,0.42,0.58,0.6628571428571428,705,400,False
model,0.81,0.9,1.0,0.2,score_point,0.09645390070921986,0.94375,0.4375,0.5625,0.6493506493506493,705,400,False
model,0.92,0.8,1.0,0.2,score_point,0.09645390070921986,0.9440000000000001,0.72,0.28,0.3862068965517242,705,400,False
model,0.82,0.9,1.0,0.2,score_point,0.09645390070921986,0.9457500000000002,0.4575,0.5425,0.6335766423357664,705,400,False
model,0.96,0.5,1.0,0.2,score_point,0.09645390070921986,0.9475,0.895,0.105,0.1647058823529412,705,400,False
model,0.83,0.9,1.0,0.2,score_point,0.09645390070921986,0.9477500000000001,0.4775,0.5225,0.6174298375184637,705,400,False
model,0.84,0.9,1.0,0.2,score_point,0.09645390070921986,0.94875,0.4875,0.5125,0.6092124814264487,705,400,False
model,0.85,0.9,1.0,0.2,score_point,0.09645390070921986,0.95025,0.5025,0.4975,0.5967016491754122,705,400,False
model,0.93,0.8,1.0,0.2,score_point,0.09645390070921986,0.951,0.755,0.245,0.3462897526501767,705,400,False
model,0.95,0.7,1.0,0.2,score_point,0.09645390070921986,0.9527500000000001,0.8425,0.1575,0.23728813559322035,705,400,False
model,0.86,0.9,1.0,0.2,score_point,0.09645390070921986,0.9540000000000001,0.54,0.46,0.5644171779141104,705,400,False
model,0.87,0.9,1.0,0.2,score_point,0.09645390070921986,0.9557500000000002,0.5575,0.4425,0.5488372093023255,705,400,False
model,0.96,0.6,1.0,0.2,score_point,0.09645390070921986,0.958,0.895,0.105,0.1647058823529412,705,400,False
model,0.88,0.9,1.0,0.2,score_point,0.09645390070921986,0.9590000000000001,0.59,0.41,0.5189873417721519,705,400,False
model,0.94,0.8,1.0,0.2,score_point,0.09645390070921986,0.9595,0.7975,0.2025,0.29508196721311475,705,400,False
model,0.97,0.2,1.0,0.2,score_point,0.09645390070921986,0.96,0.95,0.05,0.08196721311475409,705,400,False
model,0.89,0.9,1.0,0.2,score_point,0.09645390070921986,0.9617500000000001,0.6175,0.3825,0.49275362318840576,705,400,False
model,0.97,0.3,1.0,0.2,score_point,0.09645390070921986,0.965,0.95,0.05,0.08196721311475409,705,400,False
model,0.9,0.9,1.0,0.2,score_point,0.09645390070921986,0.96525,0.6525,0.3475,0.457990115321252,705,400,False
model,0.95,0.8,1.0,0.2,score_point,0.09645390070921986,0.9684999999999999,0.8425,0.1575,0.23728813559322035,705,400,False
model,0.96,0.7,1.0,0.2,score_point,0.09645390070921986,0.9684999999999999,0.895,0.105,0.1647058823529412,705,400,False
model,0.91,0.9,1.0,0.2,score_point,0.09645390070921986,0.9685000000000001,0.685,0.315,0.42424242424242425,705,400,False
model,0.97,0.4,1.0,0.2,score_point,0.09645390070921986,0.97,0.95,0.05,0.08196721311475409,705,400,False
model,0.92,0.9,1.0,0.2,score_point,0.09645390070921986,0.972,0.72,0.28,0.3862068965517242,705,400,False
model,0.97,0.5,1.0,0.2,score_point,0.09645390070921986,0.975,0.95,0.05,0.08196721311475409,705,400,False
model,0.93,0.9,1.0,0.2,score_point,0.09645390070921986,0.9755000000000001,0.755,0.245,0.3462897526501767,705,400,False
model,0.96,0.8,1.0,0.2,score_point,0.09645390070921986,0.9790000000000001,0.895,0.105,0.1647058823529412,705,400,False
model,0.94,0.9,1.0,0.2,score_point,0.09645390070921986,0.9797500000000001,0.7975,0.2025,0.29508196721311475,705,400,False
model,0.97,0.6,1.0,0.2,score_point,0.09645390070921986,0.98,0.95,0.05,0.08196721311475409,705,400,False
model,0.95,0.9,1.0,0.2,score_point,0.09645390070921986,0.9842500000000001,0.8425,0.1575,0.23728813559322035,705,400,False
model,0.97,0.7,1.0,0.2,score_point,0.09645390070921986,0.985,0.95,0.05,0.08196721311475409,705,400,False
model,0.98,0.2,1.0,0.2,score_point,0.09645390070921986,0.986,0.9825,0.0175,0.02947368421052632,705,400,False
model,0.98,0.3,1.0,0.2,score_point,0.09645390070921986,0.98775,0.9825,0.0175,0.02947368421052632,705,400,False
model,0.98,0.4,1.0,0.2,score_point,0.09645390070921986,0.9894999999999999,0.9825,0.0175,0.02947368421052632,705,400,False
model,0.96,0.9,1.0,0.2,score_point,0.09645390070921986,0.9895,0.895,0.105,0.1647058823529412,705,400,False
model,0.97,0.8,1.0,0.2,score_point,0.09645390070921986,0.99,0.95,0.05,0.08196721311475409,705,400,False
model,0.98,0.5,1.0,0.2,score_point,0.09645390070921986,0.99125,0.9825,0.0175,0.02947368421052632,705,400,False
model,0.98,0.6,1.0,0.2,score_point,0.09645390070921986,0.9930000000000001,0.9825,0.0175,0.02947368421052632,705,400,False
model,0.98,0.7,1.0,0.2,score_point,0.09645390070921986,0.9947499999999999,0.9825,0.0175,0.02947368421052632,705,400,False
model,0.97,0.9,1.0,0.2,score_point,0.09645390070921986,0.995,0.95,0.05,0.08196721311475409,705,400,False
model,0.98,0.8,1.0,0.2,score_point,0.09645390070921986,0.9965,0.9825,0.0175,0.02947368421052632,705,400,False
model,0.98,0.9,1.0,0.2,score_point,0.09645390070921986,0.9982499999999999,0.9825,0.0175,0.02947368421052632,705,400,False
model,0.0,1.0,1.0,0.2,score_point,0.09645390070921986,1.0,0.0,1.0,0.9216589861751151,705,400,False
model,0.0,1.0,1.5,0.2,score_point,0.09645390070921986,1.0,0.0,1.0,0.9216589861751151,705,400,False
model,0.0,1.0,2.0,0.2,score_point,0.09645390070921986,1.0,0.0,1.0,0.9216589861751151,705,400,False
model,0.0,1.0,2.5,0.2,score_point,0.09645390070921986,1.0,0.0,1.0,0.9216589861751151,705,400,False
model,0.0,1.0,3.0,0.2,score_point,0.09645390070921986,1.0,0.0,1.0,0.9216589861751151,705,400,False
model,0.0,1.0,3.5,0.2,score_point,0.09645390070921986,1.0,0.0,1.0,0.9216589861751151,705,400,False
model,0.01,1.0,1.0,0.2,score_point,0.09645390070921986,1.0,0.005,0.995,0.9191685912240185,705,400,False
model,0.02,1.0,1.0,0.2,score_point,0.09645390070921986,1.0,0.0075,0.9925,0.9179190751445088,705,400,False
model,0.03,1.0,1.0,0.2,score_point,0.09645390070921986,1.0,0.0075,0.9925,0.9179190751445088,705,400,False
model,0.04,1.0,1.0,0.2,score_point,0.09645390070921986,1.0,0.0075,0.9925,0.9179190751445088,705,400,False
model,0.05,1.0,1.0,0.2,score_point,0.09645390070921986,1.0,0.0125,0.9875,0.9154113557358055,705,400,False
model,0.06,1.0,1.0,0.2,score_point,0.09645390070921986,1.0,0.0125,0.9875,0.9154113557358055,705,400,False
model,0.07,1.0,1.0,0.2,score_point,0.09645390070921986,1.0,0.0125,0.9875,0.9154113557358055,705,400,False
model,0.08,1.0,1.0,0.2,score_point,0.09645390070921986,1.0,0.0175,0.9825,0.9128919860627178,705,400,False
model,0.09,1.0,1.0,0.2,score_point,0.09645390070921986,1.0,0.02,0.98,0.9116279069767441,705,400,False
model,0.1,1.0,1.0,0.2,score_point,0.09645390070921986,1.0,0.025,0.975,0.9090909090909091,705,400,False
model,0.11,1.0,1.0,0.2,score_point,0.09645390070921986,1.0,0.025,0.975,0.9090909090909091,705,400,False
model,0.12,1.0,1.0,0.2,score_point,0.09645390070921986,1.0,0.0275,0.9725,0.9078179696616102,705,400,False
model,0.13,1.0,1.0,0.2,score_point,0.09645390070921986,1.0,0.03,0.97,0.9065420560747663,705,400,False
model,0.14,1.0,1.0,0.2,score_point,0.09645390070921986,1.0,0.0325,0.9675,0.905263157894737,705,400,False
model,0.15,1.0,1.0,0.2,score_point,0.09645390070921986,1.0,0.035,0.965,0.9039812646370022,705,400,False
model,0.16,1.0,1.0,0.2,score_point,0.09645390070921986,1.0,0.035,0.965,0.9039812646370022,705,400,False
model,0.17,1.0,1.0,0.2,score_point,0.09645390070921986,1.0,0.035,0.965,0.9039812646370022,705,400,False
model,0.18,1.0,1.0,0.2,score_point,0.09645390070921986,1.0,0.0375,0.9625,0.902696365767878,705,400,False
model,0.19,1.0,1.0,0.2,score_point,0.09645390070921986,1.0,0.04,0.96,0.9014084507042253,705,400,False
model,0.2,1.0,1.0,0.2,score_point,0.09645390070921986,1.0,0.0425,0.9575,0.900117508813161,705,400,False
model,0.21,1.0,1.0,0.2,score_point,0.09645390070921986,1.0,0.0425,0.9575,0.900117508813161,705,400,False
model,0.22,1.0,1.0,0.2,score_point,0.09645390070921986,1.0,0.045,0.955,0.8988235294117647,705,400,False
model,0.23,1.0,1.0,0.2,score_point,0.09645390070921986,1.0,0.045,0.955,0.8988235294117647,705,400,False
model,0.24,1.0,1.0,0.2,score_point,0.09645390070921986,1.0,0.05,0.95,0.8962264150943395,705,400,False
model,0.25,1.0,1.0,0.2,score_point,0.09645390070921986,1.0,0.0525,0.9475,0.8949232585596222,705,400,False
model,0.26,1.0,1.0,0.2,score_point,0.09645390070921986,1.0,0.055,0.945,0.8936170212765957,705,400,False
model,0.27,1.0,1.0,0.2,score_point,0.09645390070921986,1.0,0.0575,0.9425,0.8923076923076924,705,400,False
model,0.28,1.0,1.0,0.2,score_point,0.09645390070921986,1.0,0.0575,0.9425,0.8923076923076924,705,400,False
model,0.29,1.0,1.0,0.2,score_point,0.09645390070921986,1.0,0.0575,0.9425,0.8923076923076924,705,400,False
model,0.3,1.0,1.0,0.2,score_point,0.09645390070921986,1.0,0.0575,0.9425,0.8923076923076924,705,400,False
model,0.31,1.0,1.0,0.2,score_point,0.09645390070921986,1.0,0.0625,0.9375,0.889679715302491,705,400,False
model,0.32,1.0,1.0,0.2,score_point,0.09645390070921986,1.0,0.065,0.935,0.8883610451306413,705,400,False
model,0.33,1.0,1.0,0.2,score_point,0.09645390070921986,1.0,0.075,0.925,0.883054892601432,705,400,False
model,0.34,1.0,1.0,0.2,score_point,0.09645390070921986,1.0,0.075,0.925,0.883054892601432,705,400,False
model,0.35,1.0,1.0,0.2,score_point,0.09645390070921986,1.0,0.08,0.92,0.8803827751196172,705,400,False
model,0.36,1.0,1.0,0.2,score_point,0.09645390070921986,1.0,0.0825,0.9175,0.8790419161676647,705,400,False
model,0.37,1.0,1.0,0.2,score_point,0.09645390070921986,1.0,0.085,0.915,0.8776978417266187,705,400,False
model,0.38,1.0,1.0,0.2,score_point,0.09645390070921986,1.0,0.09,0.91,0.8749999999999999,705,400,False
model,0.39,1.0,1.0,0.2,score_point,0.09645390070921986,1.0,0.095,0.905,0.8722891566265061,705,400,False
model,0.4,1.0,1.0,0.2,score_point,0.09645390070921986,1.0,0.095,0.905,0.8722891566265061,705,400,False
model,0.41,1.0,1.0,0.2,score_point,0.09645390070921986,1.0,0.1025,0.8975,0.8681983071342201,705,400,False
model,0.42,1.0,1.0,0.2,score_point,0.09645390070921986,1.0,0.1125,0.8875,0.8626974483596598,705,400,False
model,0.43,1.0,1.0,0.2,score_point,0.09645390070921986,1.0,0.1125,0.8875,0.8626974483596598,705,400,False
model,0.44,1.0,1.0,0.2,score_point,0.09645390070921986,1.0,0.1125,0.8875,0.8626974483596598,705,400,False
model,0.45,1.0,1.0,0.2,score_point,0.09645390070921986,1.0,0.115,0.885,0.8613138686131386,705,400,False
model,0.46,1.0,1.0,0.2,score_point,0.09645390070921986,1.0,0.1175,0.8825,0.8599269183922047,705,400,False
model,0.47,1.0,1.0,0.2,score_point,0.09645390070921986,1.0,0.1175,0.8825,0.8599269183922047,705,400,False
model,0.48,1.0,1.0,0.2,score_point,0.09645390070921986,1.0,0.12,0.88,0.8585365853658538,705,400,False
model,0.49,1.0,1.0,0.2,score_point,0.09645390070921986,1.0,0.1225,0.8775,0.8571428571428571,705,400,False
model,0.5,1.0,1.0,0.2,score_point,0.09645390070921986,1.0,0.1275,0.8725,0.854345165238678,705,400,False
model,0.51,1.0,1.0,0.2,score_point,0.09645390070921986,1.0,0.13,0.87,0.8529411764705882,705,400,False
model,0.52,1.0,1.0,0.2,score_point,0.09645390070921986,1.0,0.13,0.87,0.8529411764705882,705,400,False
model,0.53,1.0,1.0,0.2,score_point,0.09645390070921986,1.0,0.13,0.87,0.8529411764705882,705,400,False
model,0.54,1.0,1.0,0.2,score_point,0.09645390070921986,1.0,0.145,0.855,0.8444444444444444,705,400,False
model,0.55,1.0,1.0,0.2,score_point,0.09645390070921986,1.0,0.15,0.85,0.8415841584158417,705,400,False
model,0.56,1.0,1.0,0.2,score_point,0.09645390070921986,1.0,0.1525,0.8475,0.8401486988847584,705,400,False
model,0.57,1.0,1.0,0.2,score_point,0.09645390070921986,1.0,0.1575,0.8425,0.8372670807453416,705,400,False
model,0.58,1.0,1.0,0.2,score_point,0.09645390070921986,1.0,0.165,0.835,0.8329177057356607,705,400,False
model,0.59,1.0,1.0,0.2,score_point,0.09645390070921986,1.0,0.1725,0.8275,0.8285356695869839,705,400,False
model,0.6,1.0,1.0,0.2,score_point,0.09645390070921986,1.0,0.18,0.82,0.8241206030150754,705,400,False
model,0.61,1.0,1.0,0.2,score_point,0.09645390070921986,1.0,0.19,0.81,0.8181818181818183,705,400,False
model,0.62,1.0,1.0,0.2,score_point,0.09645390070921986,1.0,0.2,0.8,0.8121827411167513,705,400,False
model,0.63,1.0,1.0,0.2,score_point,0.09645390070921986,1.0,0.205,0.795,0.8091603053435115,705,400,False
model,0.64,1.0,1.0,0.2,score_point,0.09645390070921986,1.0,0.2125,0.7875,0.8045977011494252,705,400,False
model,0.65,1.0,1.0,0.2,score_point,0.09645390070921986,1.0,0.2125,0.7875,0.8045977011494252,705,400,False
model,0.66,1.0,1.0,0.2,score_point,0.09645390070921986,1.0,0.22,0.78,0.8,705,400,False
model,0.67,1.0,1.0,0.2,score_point,0.09645390070921986,1.0,0.2325,0.7675,0.7922580645161289,705,400,False
model,0.68,1.0,1.0,0.2,score_point,0.09645390070921986,1.0,0.25,0.75,0.7812500000000001,705,400,False
model,0.69,1.0,1.0,0.2,score_point,0.09645390070921986,1.0,0.255,0.745,0.7780678851174935,705,400,False
model,0.7,1.0,1.0,0.2,score_point,0.09645390070921986,1.0,0.26,0.74,0.774869109947644,705,400,False
model,0.71,1.0,1.0,0.2,score_point,0.09645390070921986,1.0,0.2725,0.7275,0.7667984189723321,705,400,False
model,0.72,1.0,1.0,0.2,score_point,0.09645390070921986,1.0,0.2825,0.7175,0.7602649006622516,705,400,False
model,0.73,1.0,1.0,0.2,score_point,0.09645390070921986,1.0,0.2975,0.7025,0.7503337783711614,705,400,False
model,0.74,1.0,1.0,0.2,score_point,0.09645390070921986,1.0,0.3075,0.6925,0.7436241610738255,705,400,False
model,0.75,1.0,1.0,0.2,score_point,0.09645390070921986,1.0,0.32,0.68,0.7351351351351352,705,400,False
model,0.76,1.0,1.0,0.2,score_point,0.09645390070921986,1.0,0.34,0.66,0.7213114754098361,705,400,False
model,0.77,1.0,1.0,0.2,score_point,0.09645390070921986,1.0,0.3625,0.6375,0.7053941908713692,705,400,False
model,0.78,1.0,1.0,0.2,score_point,0.09645390070921986,1.0,0.38,0.62,0.6927374301675978,705,400,False
model,0.79,1.0,1.0,0.2,score_point,0.09645390070921986,1.0,0.4,0.6,0.6779661016949153,705,400,False
model,0.8,1.0,1.0,0.2,score_point,0.09645390070921986,1.0,0.42,0.58,0.6628571428571428,705,400,False
model,0.81,1.0,1.0,0.2,score_point,0.09645390070921986,1.0,0.4375,0.5625,0.6493506493506493,705,400,False
model,0.82,1.0,1.0,0.2,score_point,0.09645390070921986,1.0,0.4575,0.5425,0.6335766423357664,705,400,False
model,0.83,1.0,1.0,0.2,score_point,0.09645390070921986,1.0,0.4775,0.5225,0.6174298375184637,705,400,False
model,0.84,1.0,1.0,0.2,score_point,0.09645390070921986,1.0,0.4875,0.5125,0.6092124814264487,705,400,False
model,0.85,1.0,1.0,0.2,score_point,0.09645390070921986,1.0,0.5025,0.4975,0.5967016491754122,705,400,False
model,0.86,1.0,1.0,0.2,score_point,0.09645390070921986,1.0,0.54,0.46,0.5644171779141104,705,400,False
model,0.87,1.0,1.0,0.2,score_point,0.09645390070921986,1.0,0.5575,0.4425,0.5488372093023255,705,400,False
model,0.88,1.0,1.0,0.2,score_point,0.09645390070921986,1.0,0.59,0.41,0.5189873417721519,705,400,False
model,0.89,1.0,1.0,0.2,score_point,0.09645390070921986,1.0,0.6175,0.3825,0.49275362318840576,705,400,False
model,0.9,1.0,1.0,0.2,score_point,0.09645390070921986,1.0,0.6525,0.3475,0.457990115321252,705,400,False
model,0.91,1.0,1.0,0.2,score_point,0.09645390070921986,1.0,0.685,0.315,0.42424242424242425,705,400,False
model,0.92,1.0,1.0,0.2,score_point,0.09645390070921986,1.0,0.72,0.28,0.3862068965517242,705,400,False
model,0.93,1.0,1.0,0.2,score_point,0.09645390070921986,1.0,0.755,0.245,0.3462897526501767,705,400,False
model,0.94,1.0,1.0,0.2,score_point,0.09645390070921986,1.0,0.7975,0.2025,0.29508196721311475,705,400,False
model,0.95,1.0,1.0,0.2,score_point,0.09645390070921986,1.0,0.8425,0.1575,0.23728813559322035,705,400,False
model,0.96,1.0,1.0,0.2,score_point,0.09645390070921986,1.0,0.895,0.105,0.1647058823529412,705,400,False
model,0.97,1.0,1.0,0.2,score_point,0.09645390070921986,1.0,0.95,0.05,0.08196721311475409,705,400,False
model,0.98,1.0,1.0,0.2,score_point,0.09645390070921986,1.0,0.9825,0.0175,0.02947368421052632,705,400,False
model,0.99,0.2,1.0,0.2,score_point,0.09645390070921986,1.0,1.0,0.0,0.0,705,400,False
model,1.0,0.2,1.0,0.2,score_point,0.09645390070921986,1.0,1.0,0.0,0.0,705,400,False
model,0.99,0.3,1.0,0.2,score_point,0.09645390070921986,1.0,1.0,0.0,0.0,705,400,False
model,1.0,0.3,1.0,0.2,score_point,0.09645390070921986,1.0,1.0,0.0,0.0,705,400,False
model,0.99,0.4,1.0,0.2,score_point,0.09645390070921986,1.0,1.0,0.0,0.0,705,400,False
model,1.0,0.4,1.0,0.2,score_point,0.09645390070921986,1.0,1.0,0.0,0.0,705,400,False
model,0.99,0.5,1.0,0.2,score_point,0.09645390070921986,1.0,1.0,0.0,0.0,705,400,False
model,1.0,0.5,1.0,0.2,score_point,0.09645390070921986,1.0,1.0,0.0,0.0,705,400,False
model,0.99,0.6,1.0,0.2,score_point,0.09645390070921986,1.0,1.0,0.0,0.0,705,400,False
model,1.0,0.6,1.0,0.2,score_point,0.09645390070921986,1.0,1.0,0.0,0.0,705,400,False
model,0.99,0.7,1.0,0.2,score_point,0.09645390070921986,1.0,1.0,0.0,0.0,705,400,False
model,1.0,0.7,1.0,0.2,score_point,0.09645390070921986,1.0,1.0,0.0,0.0,705,400,False
model,0.99,0.8,1.0,0.2,score_point,0.09645390070921986,1.0,1.0,0.0,0.0,705,400,False
model,1.0,0.8,1.0,0.2,score_point,0.09645390070921986,1.0,1.0,0.0,0.0,705,400,False
model,0.99,0.9,1.0,0.2,score_point,0.09645390070921986,1.0,1.0,0.0,0.0,705,400,False
model,1.0,0.9,1.0,0.2,score_point,0.09645390070921986,1.0,1.0,0.0,0.0,705,400,False
model,0.99,1.0,1.0,0.2,score_point,0.09645390070921986,1.0,1.0,0.0,0.0,705,400,False
model,1.0,1.0,1.0,0.2,score_point,0.09645390070921986,1.0,1.0,0.0,0.0,705,400,False
model,0.21,0.2,3.0,0.2,score_point,0.09787234042553192,0.319,0.0425,0.9575,0.8990610328638499,705,400,False
model,0.2,0.2,3.5,0.2,score_point,0.09787234042553192,0.34025,0.0425,0.9575,0.8990610328638499,705,400,False
model,0.22,0.3,2.0,0.2,score_point,0.09787234042553192,0.3764999999999999,0.045,0.955,0.8977673325499412,705,400,False
model,0.17,0.3,2.5,0.2,score_point,0.09787234042553192,0.3769999999999999,0.035,0.965,0.9029239766081871,705,400,False
model,0.18,0.3,2.5,0.2,score_point,0.09787234042553192,0.38249999999999995,0.0375,0.9625,0.9016393442622951,705,400,False
model,0.14,0.3,3.0,0.2,score_point,0.09787234042553192,0.38774999999999993,0.0325,0.9675,0.9042056074766356,705,400,False
model,0.4,0.3,1.5,0.2,score_point,0.09787234042553192,0.4139999999999999,0.095,0.905,0.8712394705174489,705,400,False
model,0.41,0.3,1.5,0.2,score_point,0.09787234042553192,0.423,0.1025,0.8975,0.8671497584541062,705,400,False
model,0.42,0.3,1.5,0.2,score_point,0.09787234042553192,0.43499999999999983,0.1125,0.8875,0.8616504854368932,705,400,False
model,0.09,0.4,3.0,0.2,score_point,0.09787234042553192,0.452,0.02,0.98,0.9105691056910569,705,400,False
model,0.13,0.4,2.5,0.2,score_point,0.09787234042553192,0.463,0.03,0.97,0.9054842473745625,705,400,False
model,0.19,0.4,2.0,0.2,score_point,0.09787234042553192,0.4640000000000001,0.04,0.96,0.9003516998827668,705,400,False
model,0.2,0.5,1.5,0.2,score_point,0.09787234042553192,0.5425,0.0425,0.9575,0.8990610328638499,705,400,False
model,0.02,0.6,3.5,0.2,score_point,0.09787234042553192,0.6217499999999998,0.0075,0.9925,0.9168591224018475,705,400,False
model,0.11,0.6,1.5,0.2,score_point,0.09787234042553192,0.6224999999999998,0.025,0.975,0.9080325960419091,705,400,False
model,0.12,0.6,1.5,0.2,score_point,0.09787234042553192,0.6247499999999999,0.0275,0.9725,0.9067599067599067,705,400,False
model,0.01,0.7,2.0,0.2,score_point,0.09787234042553192,0.7065,0.005,0.995,0.9181084198385236,705,400,False
model,0.52,0.7,1.0,0.2,score_point,0.09787234042553192,0.7390000000000001,0.13,0.87,0.8518971848225214,705,400,False
model,0.53,0.7,1.0,0.2,score_point,0.09787234042553192,0.7390000000000001,0.13,0.87,0.8518971848225214,705,400,False
model,0.54,0.7,1.0,0.2,score_point,0.09787234042553192,0.7435,0.145,0.855,0.843403205918619,705,400,False
model,0.55,0.7,1.0,0.2,score_point,0.09787234042553192,0.745,0.15,0.85,0.8405438813349814,705,400,False
model,0.56,0.7,1.0,0.2,score_point,0.09787234042553192,0.74575,0.1525,0.8475,0.8391089108910891,705,400,False
model,0.57,0.7,1.0,0.2,score_point,0.09787234042553192,0.74725,0.1575,0.8425,0.836228287841191,705,400,False
model,0.58,0.7,1.0,0.2,score_point,0.09787234042553192,0.7495,0.165,0.835,0.8318804483188045,705,400,False
model,0.59,0.7,1.0,0.2,score_point,0.09787234042553192,0.7517499999999999,0.1725,0.8275,0.8275,705,400,False
model,0.6,0.7,1.0,0.2,score_point,0.09787234042553192,0.754,0.18,0.82,0.823086574654956,705,400,False
model,0.61,0.7,1.0,0.2,score_point,0.09787234042553192,0.7569999999999999,0.19,0.81,0.8171500630517025,705,400,False
model,0.62,0.7,1.0,0.2,score_point,0.09787234042553192,0.76,0.2,0.8,0.8111533586818759,705,400,False
model,0.63,0.7,1.0,0.2,score_point,0.09787234042553192,0.7615,0.205,0.795,0.8081321473951716,705,400,False
model,0.64,0.7,1.0,0.2,score_point,0.09787234042553192,0.76375,0.2125,0.7875,0.8035714285714285,705,400,False
model,0.65,0.7,1.0,0.2,score_point,0.09787234042553192,0.76375,0.2125,0.7875,0.8035714285714285,705,400,False
model,0.66,0.7,1.0,0.2,score_point,0.09787234042553192,0.7659999999999999,0.22,0.78,0.7989756722151088,705,400,False
model,0.67,0.7,1.0,0.2,score_point,0.09787234042553192,0.7697499999999999,0.2325,0.7675,0.7912371134020618,705,400,False
model,0.68,0.7,1.0,0.2,score_point,0.09787234042553192,0.775,0.25,0.75,0.7802340702210663,705,400,False
model,0.69,0.7,1.0,0.2,score_point,0.09787234042553192,0.7765000000000001,0.255,0.745,0.7770534550195567,705,400,False
model,0.7,0.7,1.0,0.2,score_point,0.09787234042553192,0.778,0.26,0.74,0.7738562091503268,705,400,False
model,0.71,0.7,1.0,0.2,score_point,0.09787234042553192,0.7817499999999998,0.2725,0.7275,0.7657894736842106,705,400,False
model,0.72,0.7,1.0,0.2,score_point,0.09787234042553192,0.78475,0.2825,0.7175,0.7592592592592592,705,400,False
model,0.73,0.7,1.0,0.2,score_point,0.09787234042553192,0.78925,0.2975,0.7025,0.7493333333333333,705,400,False
model,0.74,0.7,1.0,0.2,score_point,0.09787234042553192,0.7922499999999999,0.3075,0.6925,0.7426273458445041,705,400,False
model,0.75,0.7,1.0,0.2,score_point,0.09787234042553192,0.7959999999999999,0.32,0.68,0.7341430499325237,705,400,False
model,0.76,0.7,1.0,0.2,score_point,0.09787234042553192,0.8019999999999999,0.34,0.66,0.7203274215552523,705,400,False
model,0.77,0.7,1.0,0.2,score_point,0.09787234042553192,0.80875,0.3625,0.6375,0.7044198895027626,705,400,False
model,0.27,0.8,1.0,0.2,score_point,0.09787234042553192,0.8115000000000001,0.0575,0.9425,0.8912529550827423,705,400,False
model,0.78,0.7,1.0,0.2,score_point,0.09787234042553192,0.8140000000000001,0.38,0.62,0.691771269177127,705,400,False
model,0.79,0.7,1.0,0.2,score_point,0.09787234042553192,0.82,0.4,0.6,0.6770098730606487,705,400,False
model,0.8,0.7,1.0,0.2,score_point,0.09787234042553192,0.826,0.42,0.58,0.6619115549215406,705,400,False
model,0.81,0.7,1.0,0.2,score_point,0.09787234042553192,0.83125,0.4375,0.5625,0.648414985590778,705,400,False
model,0.82,0.7,1.0,0.2,score_point,0.09787234042553192,0.8372499999999999,0.4575,0.5425,0.6326530612244898,705,400,False
model,0.83,0.7,1.0,0.2,score_point,0.09787234042553192,0.8432499999999998,0.4775,0.5225,0.6165191740412979,705,400,False
model,0.84,0.7,1.0,0.2,score_point,0.09787234042553192,0.84625,0.4875,0.5125,0.6083086053412462,705,400,False
model,0.85,0.7,1.0,0.2,score_point,0.09787234042553192,0.85075,0.5025,0.4975,0.5958083832335329,705,400,False
model,0.93,0.4,1.0,0.2,score_point,0.09787234042553192,0.8530000000000001,0.755,0.245,0.345679012345679,705,400,False
model,0.92,0.5,1.0,0.2,score_point,0.09787234042553192,0.86,0.72,0.28,0.3855421686746988,705,400,False
model,0.86,0.7,1.0,0.2,score_point,0.09787234042553192,0.8619999999999999,0.54,0.46,0.5635528330781011,705,400,False
model,0.87,0.7,1.0,0.2,score_point,0.09787234042553192,0.86725,0.5575,0.4425,0.5479876160990711,705,400,False
model,0.95,0.2,1.0,0.2,score_point,0.09787234042553192,0.8740000000000001,0.8425,0.1575,0.23684210526315794,705,400,False
model,0.88,0.7,1.0,0.2,score_point,0.09787234042553192,0.877,0.59,0.41,0.5181674565560821,705,400,False
model,0.94,0.4,1.0,0.2,score_point,0.09787234042553192,0.8785000000000001,0.7975,0.2025,0.29454545454545455,705,400,False
model,0.89,0.7,1.0,0.2,score_point,0.09787234042553192,0.8852499999999999,0.6175,0.3825,0.4919614147909968,705,400,False
model,0.92,0.6,1.0,0.2,score_point,0.09787234042553192,0.888,0.72,0.28,0.3855421686746988,705,400,False
model,0.95,0.3,1.0,0.2,score_point,0.09787234042553192,0.8897499999999999,0.8425,0.1575,0.23684210526315794,705,400,False
model,0.9,0.7,1.0,0.2,score_point,0.09787234042553192,0.89575,0.6525,0.3475,0.4572368421052631,705,400,False
model,0.24,0.9,1.0,0.2,score_point,0.09787234042553192,0.9050000000000002,0.05,0.95,0.8951707891637221,705,400,False
model,0.25,0.9,1.0,0.2,score_point,0.09787234042553192,0.9052500000000002,0.0525,0.9475,0.8938679245283019,705,400,False
model,0.91,0.7,1.0,0.2,score_point,0.09787234042553192,0.9055,0.685,0.315,0.4235294117647059,705,400,False
model,0.26,0.9,1.0,0.2,score_point,0.09787234042553192,0.9055000000000001,0.055,0.945,0.8925619834710744,705,400,False
model,0.92,0.7,1.0,0.2,score_point,0.09787234042553192,0.9159999999999999,0.72,0.28,0.3855421686746988,705,400,False
model,0.23,0.2,2.5,0.2,score_point,0.09929078014184398,0.30350000000000005,0.045,0.955,0.8967136150234741,705,400,True
model,0.28,0.2,2.0,0.2,score_point,0.09929078014184398,0.3035000000000001,0.0575,0.9425,0.8902007083825265,705,400,False
model,0.53,0.2,1.5,0.2,score_point,0.09929078014184398,0.36900000000000005,0.13,0.87,0.8508557457212714,705,400,False
model,0.13,0.3,3.5,0.2,score_point,0.09929078014184398,0.39599999999999996,0.03,0.97,0.9044289044289044,705,400,False
model,0.39,0.3,1.5,0.2,score_point,0.09929078014184398,0.4139999999999999,0.095,0.905,0.8701923076923077,705,400,False
model,0.08,0.4,3.5,0.2,score_point,0.09929078014184398,0.45425000000000004,0.0175,0.9825,0.9107763615295481,705,400,False
model,0.17,0.4,2.0,0.2,score_point,0.09929078014184398,0.456,0.035,0.965,0.9018691588785046,705,400,False
model,0.12,0.4,2.5,0.2,score_point,0.09929078014184398,0.45775000000000005,0.0275,0.9725,0.9057043073341093,705,400,False
model,0.18,0.4,2.0,0.2,score_point,0.09929078014184398,0.46,0.0375,0.9625,0.9005847953216374,705,400,False
model,0.07,0.5,2.0,0.2,score_point,0.09929078014184398,0.51875,0.0125,0.9875,0.9132947976878614,705,400,False
model,0.19,0.5,1.5,0.2,score_point,0.09929078014184398,0.54,0.04,0.96,0.8992974238875878,705,400,False
model,0.03,0.6,2.5,0.2,score_point,0.09929078014184398,0.6142499999999999,0.0075,0.9925,0.9158016147635525,705,400,False
model,0.09,0.6,1.5,0.2,score_point,0.09929078014184398,0.6179999999999999,0.02,0.98,0.9095127610208816,705,400,False
model,0.1,0.6,1.5,0.2,score_point,0.09929078014184398,0.6224999999999998,0.025,0.975,0.9069767441860466,705,400,False
model,0.65,0.6,1.0,0.2,score_point,0.09929078014184398,0.685,0.2125,0.7875,0.8025477707006369,705,400,False
model,0.66,0.6,1.0,0.2,score_point,0.09929078014184398,0.688,0.22,0.78,0.7979539641943735,705,400,False
model,0.67,0.6,1.0,0.2,score_point,0.09929078014184398,0.6929999999999998,0.2325,0.7675,0.7902187902187902,705,400,False
model,0.68,0.6,1.0,0.2,score_point,0.09929078014184398,0.6999999999999998,0.25,0.75,0.7792207792207791,705,400,False
model,0.69,0.6,1.0,0.2,score_point,0.09929078014184398,0.7019999999999998,0.255,0.745,0.7760416666666667,705,400,False
model,0.7,0.6,1.0,0.2,score_point,0.09929078014184398,0.704,0.26,0.74,0.7728459530026109,705,400,False
model,0.03,0.7,1.5,0.2,score_point,0.09929078014184398,0.706,0.0075,0.9925,0.9158016147635525,705,400,False
model,0.71,0.6,1.0,0.2,score_point,0.09929078014184398,0.709,0.2725,0.7275,0.7647831800262812,705,400,False
model,0.72,0.6,1.0,0.2,score_point,0.09929078014184398,0.713,0.2825,0.7175,0.7582562747688244,705,400,False
model,0.28,0.7,1.0,0.2,score_point,0.09929078014184398,0.7172499999999999,0.0575,0.9425,0.8902007083825265,705,400,False
model,0.29,0.7,1.0,0.2,score_point,0.09929078014184398,0.7172499999999999,0.0575,0.9425,0.8902007083825265,705,400,False
model,0.3,0.7,1.0,0.2,score_point,0.09929078014184398,0.7172499999999999,0.0575,0.9425,0.8902007083825265,705,400,False
model,0.31,0.7,1.0,0.2,score_point,0.09929078014184398,0.71875,0.0625,0.9375,0.8875739644970413,705,400,False
model,0.73,0.6,1.0,0.2,score_point,0.09929078014184398,0.7189999999999999,0.2975,0.7025,0.748335552596538,705,400,False
model,0.32,0.7,1.0,0.2,score_point,0.09929078014184398,0.7194999999999999,0.065,0.935,0.886255924170616,705,400,False
model,0.33,0.7,1.0,0.2,score_point,0.09929078014184398,0.7225,0.075,0.925,0.8809523809523809,705,400,False
model,0.34,0.7,1.0,0.2,score_point,0.09929078014184398,0.7225,0.075,0.925,0.8809523809523809,705,400,False
model,0.74,0.6,1.0,0.2,score_point,0.09929078014184398,0.723,0.3075,0.6925,0.7416331994645248,705,400,False
model,0.35,0.7,1.0,0.2,score_point,0.09929078014184398,0.7240000000000001,0.08,0.92,0.8782816229116945,705,400,False
model,0.36,0.7,1.0,0.2,score_point,0.09929078014184398,0.7247499999999999,0.0825,0.9175,0.8769414575866189,705,400,False
model,0.37,0.7,1.0,0.2,score_point,0.09929078014184398,0.7254999999999998,0.085,0.915,0.8755980861244019,705,400,False
model,0.38,0.7,1.0,0.2,score_point,0.09929078014184398,0.7269999999999999,0.09,0.91,0.8729016786570744,705,400,False
model,0.75,0.6,1.0,0.2,score_point,0.09929078014184398,0.728,0.32,0.68,0.7331536388140162,705,400,False
model,0.39,0.7,1.0,0.2,score_point,0.09929078014184398,0.7284999999999999,0.095,0.905,0.8701923076923077,705,400,False
model,0.4,0.7,1.0,0.2,score_point,0.09929078014184398,0.7284999999999999,0.095,0.905,0.8701923076923077,705,400,False
model,0.41,0.7,1.0,0.2,score_point,0.09929078014184398,0.7307499999999999,0.1025,0.8975,0.8661037394451147,705,400,False
model,0.42,0.7,1.0,0.2,score_point,0.09929078014184398,0.73375,0.1125,0.8875,0.8606060606060607,705,400,False
model,0.43,0.7,1.0,0.2,score_point,0.09929078014184398,0.73375,0.1125,0.8875,0.8606060606060607,705,400,False
model,0.44,0.7,1.0,0.2,score_point,0.09929078014184398,0.73375,0.1125,0.8875,0.8606060606060607,705,400,False
model,0.45,0.7,1.0,0.2,score_point,0.09929078014184398,0.7344999999999999,0.115,0.885,0.8592233009708737,705,400,False
model,0.46,0.7,1.0,0.2,score_point,0.09929078014184398,0.7352500000000001,0.1175,0.8825,0.8578371810449575,705,400,False
model,0.47,0.7,1.0,0.2,score_point,0.09929078014184398,0.7352500000000001,0.1175,0.8825,0.8578371810449575,705,400,False
model,0.48,0.7,1.0,0.2,score_point,0.09929078014184398,0.736,0.12,0.88,0.8564476885644767,705,400,False
model,0.76,0.6,1.0,0.2,score_point,0.09929078014184398,0.736,0.34,0.66,0.7193460490463215,705,400,False
model,0.49,0.7,1.0,0.2,score_point,0.09929078014184398,0.73675,0.1225,0.8775,0.8550548112058466,705,400,False
model,0.5,0.7,1.0,0.2,score_point,0.09929078014184398,0.7382499999999999,0.1275,0.8725,0.8522588522588523,705,400,False
model,0.51,0.7,1.0,0.2,score_point,0.09929078014184398,0.7390000000000001,0.13,0.87,0.8508557457212714,705,400,False
model,0.77,0.6,1.0,0.2,score_point,0.09929078014184398,0.7449999999999999,0.3625,0.6375,0.7034482758620688,705,400,False
model,0.78,0.6,1.0,0.2,score_point,0.09929078014184398,0.7519999999999999,0.38,0.62,0.690807799442897,705,400,False
model,0.79,0.6,1.0,0.2,score_point,0.09929078014184398,0.7599999999999999,0.4,0.6,0.676056338028169,705,400,False
model,0.8,0.6,1.0,0.2,score_point,0.09929078014184398,0.768,0.42,0.58,0.6609686609686609,705,400,False
model,0.81,0.6,1.0,0.2,score_point,0.09929078014184398,0.775,0.4375,0.5625,0.6474820143884892,705,400,False
model,0.82,0.6,1.0,0.2,score_point,0.09929078014184398,0.7829999999999998,0.4575,0.5425,0.6317321688500728,705,400,False
model,0.83,0.6,1.0,0.2,score_point,0.09929078014184398,0.7909999999999999,0.4775,0.5225,0.6156111929307805,705,400,False
model,0.84,0.6,1.0,0.2,score_point,0.09929078014184398,0.795,0.4875,0.5125,0.6074074074074074,705,400,False
model,0.85,0.6,1.0,0.2,score_point,0.09929078014184398,0.8009999999999999,0.5025,0.4975,0.5949177877428998,705,400,False
model,0.24,0.8,1.0,0.2,score_point,0.09929078014184398,0.81,0.05,0.95,0.8941176470588236,705,400,False
model,0.25,0.8,1.0,0.2,score_point,0.09929078014184398,0.8105000000000001,0.0525,0.9475,0.8928150765606597,705,400,False
model,0.26,0.8,1.0,0.2,score_point,0.09929078014184398,0.811,0.055,0.945,0.8915094339622641,705,400,False
model,0.86,0.6,1.0,0.2,score_point,0.09929078014184398,0.816,0.54,0.46,0.562691131498471,705,400,False
model,0.87,0.6,1.0,0.2,score_point,0.09929078014184398,0.823,0.5575,0.4425,0.5471406491499227,705,400,False
model,0.93,0.3,1.0,0.2,score_point,0.09929078014184398,0.8284999999999999,0.755,0.245,0.34507042253521125,705,400,False
model,0.92,0.4,1.0,0.2,score_point,0.09929078014184398,0.8320000000000001,0.72,0.28,0.3848797250859107,705,400,False
model,0.88,0.6,1.0,0.2,score_point,0.09929078014184398,0.836,0.59,0.41,0.5173501577287066,705,400,False
model,0.89,0.6,1.0,0.2,score_point,0.09929078014184398,0.8469999999999999,0.6175,0.3825,0.4911717495987159,705,400,False
model,0.94,0.3,1.0,0.2,score_point,0.09929078014184398,0.8582500000000001,0.7975,0.2025,0.294010889292196,705,400,False
model,0.9,0.6,1.0,0.2,score_point,0.09929078014184398,0.861,0.6525,0.3475,0.45648604269293924,705,400,False
model,0.91,0.6,1.0,0.2,score_point,0.09929078014184398,0.8739999999999999,0.685,0.315,0.4228187919463087,705,400,False
model,0.17,0.9,1.0,0.2,score_point,0.09929078014184398,0.9035000000000002,0.035,0.965,0.9018691588785046,705,400,False
model,0.18,0.9,1.0,0.2,score_point,0.09929078014184398,0.9037500000000003,0.0375,0.9625,0.9005847953216374,705,400,False
model,0.19,0.9,1.0,0.2,score_point,0.09929078014184398,0.9040000000000004,0.04,0.96,0.8992974238875878,705,400,False
model,0.2,0.9,1.0,0.2,score_point,0.09929078014184398,0.9042500000000002,0.0425,0.9575,0.8980070339976554,705,400,False
model,0.21,0.9,1.0,0.2,score_point,0.09929078014184398,0.9042500000000002,0.0425,0.9575,0.8980070339976554,705,400,False
model,0.22,0.9,1.0,0.2,score_point,0.09929078014184398,0.9045000000000002,0.045,0.955,0.8967136150234741,705,400,False
model,0.23,0.9,1.0,0.2,score_point,0.09929078014184398,0.9045000000000002,0.045,0.955,0.8967136150234741,705,400,False
model,0.22,0.2,2.5,0.2,score_point,0.10070921985815603,0.30350000000000005,0.045,0.955,0.895662368112544,705,400,False
model,0.21,0.3,2.0,0.2,score_point,0.10070921985815603,0.37224999999999997,0.0425,0.9575,0.8969555035128806,705,400,False
model,0.16,0.3,2.5,0.2,score_point,0.10070921985815603,0.3769999999999999,0.035,0.965,0.9008168028004668,705,400,False
model,0.12,0.3,3.5,0.2,score_point,0.10070921985815603,0.38799999999999996,0.0275,0.9725,0.9046511627906977,705,400,False
model,0.36,0.3,1.5,0.2,score_point,0.10070921985815603,0.3989999999999999,0.0825,0.9175,0.8758949880668259,705,400,False
model,0.37,0.3,1.5,0.2,score_point,0.10070921985815603,0.40199999999999997,0.085,0.915,0.8745519713261648,705,400,False
model,0.38,0.3,1.5,0.2,score_point,0.10070921985815603,0.408,0.09,0.91,0.8718562874251498,705,400,False
model,0.11,0.4,2.5,0.2,score_point,0.10070921985815603,0.4525,0.025,0.975,0.9059233449477351,705,400,False
model,0.28,0.4,1.5,0.2,score_point,0.10070921985815603,0.46325000000000005,0.0575,0.9425,0.8891509433962264,705,400,False
model,0.04,0.5,3.5,0.2,score_point,0.10070921985815603,0.5225,0.0075,0.9925,0.9147465437788018,705,400,False
model,0.05,0.5,2.5,0.2,score_point,0.10070921985815603,0.525,0.0125,0.9875,0.9122401847575058,705,400,False
model,0.17,0.5,1.5,0.2,score_point,0.10070921985815603,0.535,0.035,0.965,0.9008168028004668,705,400,False
model,0.18,0.5,1.5,0.2,score_point,0.10070921985815603,0.5375,0.0375,0.9625,0.8995327102803738,705,400,False
model,0.04,0.6,2.0,0.2,score_point,0.10070921985815603,0.6104999999999998,0.0075,0.9925,0.9147465437788018,705,400,False
model,0.08,0.6,1.5,0.2,score_point,0.10070921985815603,0.6157499999999999,0.0175,0.9825,0.9097222222222222,705,400,False
model,0.02,0.6,3.0,0.2,score_point,0.10070921985815603,0.6179999999999999,0.0075,0.9925,0.9147465437788018,705,400,False
model,0.54,0.6,1.0,0.2,score_point,0.10070921985815603,0.6579999999999998,0.145,0.855,0.8413284132841328,705,400,False
model,0.55,0.6,1.0,0.2,score_point,0.10070921985815603,0.66,0.15,0.85,0.8384710234278667,705,400,False
model,0.56,0.6,1.0,0.2,score_point,0.10070921985815603,0.6609999999999999,0.1525,0.8475,0.8370370370370371,705,400,False
model,0.57,0.6,1.0,0.2,score_point,0.10070921985815603,0.6629999999999998,0.1575,0.8425,0.8341584158415842,705,400,False
model,0.58,0.6,1.0,0.2,score_point,0.10070921985815603,0.6659999999999999,0.165,0.835,0.8298136645962734,705,400,False
model,0.59,0.6,1.0,0.2,score_point,0.10070921985815603,0.6689999999999998,0.1725,0.8275,0.8254364089775561,705,400,False
model,0.6,0.6,1.0,0.2,score_point,0.10070921985815603,0.6719999999999999,0.18,0.82,0.821026282853567,705,400,False
model,0.61,0.6,1.0,0.2,score_point,0.10070921985815603,0.6759999999999998,0.19,0.81,0.8150943396226417,705,400,False
model,0.62,0.6,1.0,0.2,score_point,0.10070921985815603,0.6799999999999998,0.2,0.8,0.809102402022756,705,400,False
model,0.63,0.6,1.0,0.2,score_point,0.10070921985815603,0.6819999999999999,0.205,0.795,0.8060836501901141,705,400,False
model,0.64,0.6,1.0,0.2,score_point,0.10070921985815603,0.685,0.2125,0.7875,0.8015267175572519,705,400,False
model,0.79,0.5,1.0,0.2,score_point,0.10070921985815603,0.7,0.4,0.6,0.6751054852320675,705,400,False
model,0.02,0.7,1.5,0.2,score_point,0.10070921985815603,0.706,0.0075,0.9925,0.9147465437788018,705,400,False
model,0.8,0.5,1.0,0.2,score_point,0.10070921985815603,0.71,0.42,0.58,0.6600284495021337,705,400,False
model,0.27,0.7,1.0,0.2,score_point,0.10070921985815603,0.7172499999999999,0.0575,0.9425,0.8891509433962264,705,400,False
model,0.81,0.5,1.0,0.2,score_point,0.10070921985815603,0.71875,0.4375,0.5625,0.646551724137931,705,400,False
model,0.82,0.5,1.0,0.2,score_point,0.10070921985815603,0.72875,0.4575,0.5425,0.630813953488372,705,400,False
model,0.83,0.5,1.0,0.2,score_point,0.10070921985815603,0.73875,0.4775,0.5225,0.6147058823529411,705,400,False
model,0.84,0.5,1.0,0.2,score_point,0.10070921985815603,0.74375,0.4875,0.5125,0.606508875739645,705,400,False
model,0.85,0.5,1.0,0.2,score_point,0.10070921985815603,0.75125,0.5025,0.4975,0.5940298507462687,705,400,False
model,0.86,0.5,1.0,0.2,score_point,0.10070921985815603,0.77,0.54,0.46,0.5618320610687022,705,400,False
model,0.87,0.5,1.0,0.2,score_point,0.10070921985815603,0.77875,0.5575,0.4425,0.5462962962962964,705,400,False
model,0.88,0.5,1.0,0.2,score_point,0.10070921985815603,0.795,0.59,0.41,0.5165354330708661,705,400,False
model,0.92,0.3,1.0,0.2,score_point,0.10070921985815603,0.804,0.72,0.28,0.3842195540308748,705,400,False
model,0.93,0.2,1.0,0.2,score_point,0.10070921985815603,0.804,0.755,0.245,0.3444639718804921,705,400,False
model,0.89,0.5,1.0,0.2,score_point,0.10070921985815603,0.80875,0.6175,0.3825,0.4903846153846154,705,400,False
model,0.22,0.8,1.0,0.2,score_point,0.10070921985815603,0.8089999999999999,0.045,0.955,0.895662368112544,705,400,False
model,0.23,0.8,1.0,0.2,score_point,0.10070921985815603,0.8089999999999999,0.045,0.955,0.895662368112544,705,400,False
model,0.9,0.5,1.0,0.2,score_point,0.10070921985815603,0.82625,0.6525,0.3475,0.4557377049180328,705,400,False
model,0.94,0.2,1.0,0.2,score_point,0.10070921985815603,0.838,0.7975,0.2025,0.29347826086956524,705,400,False
model,0.91,0.5,1.0,0.2,score_point,0.10070921985815603,0.8425,0.685,0.315,0.4221105527638191,705,400,False
model,0.27,0.2,2.0,0.2,score_point,0.10212765957446808,0.3035000000000001,0.0575,0.9425,0.8881036513545346,705,400,False
model,0.2,0.2,3.0,0.2,score_point,0.10212765957446808,0.319,0.0425,0.9575,0.895906432748538,705,400,False
model,0.52,0.2,1.5,0.2,score_point,0.10212765957446808,0.36900000000000005,0.13,0.87,0.848780487804878,705,400,False
model,0.15,0.3,2.5,0.2,score_point,0.10212765957446808,0.3769999999999999,0.035,0.965,0.8997668997668997,705,400,False
model,0.11,0.3,3.5,0.2,score_point,0.10212765957446808,0.37999999999999995,0.025,0.975,0.9048723897911832,705,400,False
model,0.13,0.3,3.0,0.2,score_point,0.10212765957446808,0.38099999999999995,0.03,0.97,0.9023255813953489,705,400,False
model,0.33,0.3,1.5,0.2,score_point,0.10212765957446808,0.3899999999999999,0.075,0.925,0.8788598574821853,705,400,False
model,0.34,0.3,1.5,0.2,score_point,0.10212765957446808,0.3899999999999999,0.075,0.925,0.8788598574821853,705,400,False
model,0.35,0.3,1.5,0.2,score_point,0.10212765957446808,0.39599999999999985,0.08,0.92,0.8761904761904761,705,400,False
model,0.08,0.4,3.0,0.2,score_point,0.10212765957446808,0.44550000000000006,0.0175,0.9825,0.908670520231214,705,400,False
model,0.1,0.4,2.5,0.2,score_point,0.10212765957446808,0.4525,0.025,0.975,0.9048723897911832,705,400,False
model,0.15,0.4,2.0,0.2,score_point,0.10212765957446808,0.456,0.035,0.965,0.8997668997668997,705,400,False
model,0.16,0.4,2.0,0.2,score_point,0.10212765957446808,0.456,0.035,0.965,0.8997668997668997,705,400,False
model,0.71,0.5,1.0,0.2,score_point,0.10212765957446808,0.63625,0.2725,0.7275,0.7627785058977719,705,400,False
model,0.72,0.5,1.0,0.2,score_point,0.10212765957446808,0.64125,0.2825,0.7175,0.756258234519104,705,400,False
model,0.73,0.5,1.0,0.2,score_point,0.10212765957446808,0.64875,0.2975,0.7025,0.7463479415670651,705,400,False
model,0.52,0.6,1.0,0.2,score_point,0.10212765957446808,0.6519999999999999,0.13,0.87,0.848780487804878,705,400,False
model,0.53,0.6,1.0,0.2,score_point,0.10212765957446808,0.6519999999999999,0.13,0.87,0.848780487804878,705,400,False
model,0.74,0.5,1.0,0.2,score_point,0.10212765957446808,0.65375,0.3075,0.6925,0.7396528704939921,705,400,False
model,0.75,0.5,1.0,0.2,score_point,0.10212765957446808,0.66,0.32,0.68,0.7311827956989247,705,400,False
model,0.76,0.5,1.0,0.2,score_point,0.10212765957446808,0.67,0.34,0.66,0.717391304347826,705,400,False
model,0.77,0.5,1.0,0.2,score_point,0.10212765957446808,0.68125,0.3625,0.6375,0.7015130674002751,705,400,False
model,0.78,0.5,1.0,0.2,score_point,0.10212765957446808,0.69,0.38,0.62,0.6888888888888889,705,400,False
model,0.24,0.7,1.0,0.2,score_point,0.10212765957446808,0.715,0.05,0.95,0.892018779342723,705,400,False
model,0.25,0.7,1.0,0.2,score_point,0.10212765957446808,0.7157499999999999,0.0525,0.9475,0.8907168037602821,705,400,False
model,0.26,0.7,1.0,0.2,score_point,0.10212765957446808,0.7165,0.055,0.945,0.8894117647058823,705,400,False
model,0.88,0.4,1.0,0.2,score_point,0.10212765957446808,0.754,0.59,0.41,0.5157232704402516,705,400,False
model,0.89,0.4,1.0,0.2,score_point,0.10212765957446808,0.7705000000000001,0.6175,0.3825,0.4896,705,400,False
model,0.92,0.2,1.0,0.2,score_point,0.10212765957446808,0.7759999999999999,0.72,0.28,0.3835616438356165,705,400,False
model,0.9,0.4,1.0,0.2,score_point,0.10212765957446808,0.7915000000000001,0.6525,0.3475,0.45499181669394434,705,400,False
model,0.17,0.8,1.0,0.2,score_point,0.10212765957446808,0.8069999999999999,0.035,0.965,0.8997668997668997,705,400,False
model,0.18,0.8,1.0,0.2,score_point,0.10212765957446808,0.8075,0.0375,0.9625,0.8984830805134189,705,400,False
model,0.19,0.8,1.0,0.2,score_point,0.10212765957446808,0.8079999999999999,0.04,0.96,0.8971962616822429,705,400,False
model,0.2,0.8,1.0,0.2,score_point,0.10212765957446808,0.8085,0.0425,0.9575,0.895906432748538,705,400,False
model,0.21,0.8,1.0,0.2,score_point,0.10212765957446808,0.8085,0.0425,0.9575,0.895906432748538,705,400,False
model,0.91,0.4,1.0,0.2,score_point,0.10212765957446808,0.8109999999999999,0.685,0.315,0.42140468227424743,705,400,False
model,0.08,0.9,1.0,0.2,score_point,0.10212765957446808,0.9017500000000003,0.0175,0.9825,0.908670520231214,705,400,False
model,0.09,0.9,1.0,0.2,score_point,0.10212765957446808,0.9020000000000001,0.02,0.98,0.9074074074074074,705,400,False
model,0.1,0.9,1.0,0.2,score_point,0.10212765957446808,0.9025000000000003,0.025,0.975,0.9048723897911832,705,400,False
model,0.11,0.9,1.0,0.2,score_point,0.10212765957446808,0.9025000000000003,0.025,0.975,0.9048723897911832,705,400,False
model,0.12,0.9,1.0,0.2,score_point,0.10212765957446808,0.9027500000000002,0.0275,0.9725,0.9036004645760743,705,400,False
model,0.13,0.9,1.0,0.2,score_point,0.10212765957446808,0.9030000000000001,0.03,0.97,0.9023255813953489,705,400,False
model,0.14,0.9,1.0,0.2,score_point,0.10212765957446808,0.9032500000000002,0.0325,0.9675,0.90104772991851,705,400,False
model,0.15,0.9,1.0,0.2,score_point,0.10212765957446808,0.9035000000000002,0.035,0.965,0.8997668997668997,705,400,False
model,0.16,0.9,1.0,0.2,score_point,0.10212765957446808,0.9035000000000002,0.035,0.965,0.8997668997668997,705,400,False
model,0.21,0.2,2.5,0.2,score_point,0.10354609929078014,0.29775000000000007,0.0425,0.9575,0.8948598130841122,705,400,True
model,0.19,0.2,3.5,0.2,score_point,0.10354609929078014,0.332,0.04,0.96,0.896149358226371,705,400,False
model,0.29,0.3,1.5,0.2,score_point,0.10354609929078014,0.36899999999999994,0.0575,0.9425,0.8870588235294119,705,400,False
model,0.3,0.3,1.5,0.2,score_point,0.10354609929078014,0.36899999999999994,0.0575,0.9425,0.8870588235294119,705,400,False
model,0.51,0.2,1.5,0.2,score_point,0.10354609929078014,0.36900000000000005,0.13,0.87,0.8477466504263095,705,400,False
model,0.14,0.3,2.5,0.2,score_point,0.10354609929078014,0.37149999999999994,0.0325,0.9675,0.9000000000000001,705,400,False
model,0.12,0.3,3.0,0.2,score_point,0.10354609929078014,0.37424999999999997,0.0275,0.9725,0.9025522041763341,705,400,False
model,0.31,0.3,1.5,0.2,score_point,0.10354609929078014,0.37499999999999994,0.0625,0.9375,0.8844339622641509,705,400,False
model,0.32,0.3,1.5,0.2,score_point,0.10354609929078014,0.3779999999999999,0.065,0.935,0.8831168831168831,705,400,False
model,0.1,0.3,3.5,0.2,score_point,0.10354609929078014,0.37999999999999995,0.025,0.975,0.9038238702201622,705,400,False
model,0.07,0.4,3.5,0.2,score_point,0.10354609929078014,0.43875,0.0125,0.9875,0.9101382488479264,705,400,False
model,0.09,0.4,2.5,0.2,score_point,0.10354609929078014,0.442,0.02,0.98,0.9063583815028902,705,400,False
model,0.14,0.4,2.0,0.2,score_point,0.10354609929078014,0.452,0.0325,0.9675,0.9000000000000001,705,400,False
model,0.27,0.4,1.5,0.2,score_point,0.10354609929078014,0.46325000000000005,0.0575,0.9425,0.8870588235294119,705,400,False
model,0.04,0.5,3.0,0.2,score_point,0.10354609929078014,0.51875,0.0075,0.9925,0.9126436781609196,705,400,False
model,0.15,0.5,1.5,0.2,score_point,0.10354609929078014,0.535,0.035,0.965,0.8987194412107102,705,400,False
model,0.16,0.5,1.5,0.2,score_point,0.10354609929078014,0.535,0.035,0.965,0.8987194412107102,705,400,False
model,0.68,0.5,1.0,0.2,score_point,0.10354609929078014,0.625,0.25,0.75,0.7761966364812418,705,400,False
model,0.69,0.5,1.0,0.2,score_point,0.10354609929078014,0.6275,0.255,0.745,0.7730220492866406,705,400,False
model,0.7,0.5,1.0,0.2,score_point,0.10354609929078014,0.63,0.26,0.74,0.7698309492847855,705,400,False
model,0.43,0.6,1.0,0.2,score_point,0.10354609929078014,0.645,0.1125,0.8875,0.8574879227053139,705,400,False
model,0.44,0.6,1.0,0.2,score_point,0.10354609929078014,0.645,0.1125,0.8875,0.8574879227053139,705,400,False
model,0.45,0.6,1.0,0.2,score_point,0.10354609929078014,0.6459999999999999,0.115,0.885,0.8561064087061669,705,400,False
model,0.46,0.6,1.0,0.2,score_point,0.10354609929078014,0.6469999999999999,0.1175,0.8825,0.8547215496368039,705,400,False
model,0.47,0.6,1.0,0.2,score_point,0.10354609929078014,0.6469999999999999,0.1175,0.8825,0.8547215496368039,705,400,False
model,0.48,0.6,1.0,0.2,score_point,0.10354609929078014,0.6479999999999998,0.12,0.88,0.8533333333333333,705,400,False
model,0.49,0.6,1.0,0.2,score_point,0.10354609929078014,0.6489999999999999,0.1225,0.8775,0.8519417475728156,705,400,False
model,0.5,0.6,1.0,0.2,score_point,0.10354609929078014,0.6509999999999999,0.1275,0.8725,0.8491484184914843,705,400,False
model,0.51,0.6,1.0,0.2,score_point,0.10354609929078014,0.6519999999999999,0.13,0.87,0.8477466504263095,705,400,False
model,0.8,0.4,1.0,0.2,score_point,0.10354609929078014,0.652,0.42,0.58,0.6581560283687943,705,400,False
model,0.81,0.4,1.0,0.2,score_point,0.10354609929078014,0.6625,0.4375,0.5625,0.6446991404011462,705,400,False
model,0.82,0.4,1.0,0.2,score_point,0.10354609929078014,0.6745000000000002,0.4575,0.5425,0.6289855072463768,705,400,False
model,0.83,0.4,1.0,0.2,score_point,0.10354609929078014,0.6865000000000001,0.4775,0.5225,0.6129032258064515,705,400,False
model,0.84,0.4,1.0,0.2,score_point,0.10354609929078014,0.6925,0.4875,0.5125,0.6047197640117993,705,400,False
model,0.85,0.4,1.0,0.2,score_point,0.10354609929078014,0.7015,0.5025,0.4975,0.5922619047619048,705,400,False
model,0.86,0.4,1.0,0.2,score_point,0.10354609929078014,0.7240000000000001,0.54,0.46,0.5601217656012176,705,400,False
model,0.89,0.3,1.0,0.2,score_point,0.10354609929078014,0.73225,0.6175,0.3825,0.48881789137380194,705,400,False
model,0.87,0.4,1.0,0.2,score_point,0.10354609929078014,0.7345,0.5575,0.4425,0.5446153846153846,705,400,False
model,0.9,0.3,1.0,0.2,score_point,0.10354609929078014,0.7567499999999998,0.6525,0.3475,0.4542483660130719,705,400,False
model,0.91,0.3,1.0,0.2,score_point,0.10354609929078014,0.7794999999999999,0.685,0.315,0.42070116861435725,705,400,False
model,0.02,0.9,1.0,0.2,score_point,0.10354609929078014,0.9007500000000002,0.0075,0.9925,0.9126436781609196,705,400,False
model,0.03,0.9,1.0,0.2,score_point,0.10354609929078014,0.9007500000000002,0.0075,0.9925,0.9126436781609196,705,400,False
model,0.04,0.9,1.0,0.2,score_point,0.10354609929078014,0.9007500000000002,0.0075,0.9925,0.9126436781609196,705,400,False
model,0.05,0.9,1.0,0.2,score_point,0.10354609929078014,0.9012500000000003,0.0125,0.9875,0.9101382488479264,705,400,False
model,0.06,0.9,1.0,0.2,score_point,0.10354609929078014,0.9012500000000003,0.0125,0.9875,0.9101382488479264,705,400,False
model,0.07,0.9,1.0,0.2,score_point,0.10354609929078014,0.9012500000000003,0.0125,0.9875,0.9101382488479264,705,400,False
model,0.25,0.2,2.0,0.2,score_point,0.1049645390070922,0.29450000000000004,0.0525,0.9475,0.8886283704572099,705,400,True
model,0.26,0.2,2.0,0.2,score_point,0.1049645390070922,0.29900000000000004,0.055,0.945,0.8873239436619718,705,400,False
model,0.17,0.2,3.5,0.2,score_point,0.1049645390070922,0.31550000000000006,0.035,0.965,0.8976744186046511,705,400,False
model,0.18,0.2,3.5,0.2,score_point,0.1049645390070922,0.32375,0.0375,0.9625,0.8963911525029103,705,400,False
model,0.48,0.2,1.5,0.2,score_point,0.1049645390070922,0.3560000000000001,0.12,0.88,0.8523002421307507,705,400,False
model,0.49,0.2,1.5,0.2,score_point,0.1049645390070922,0.3592500000000001,0.1225,0.8775,0.850909090909091,705,400,False
model,0.5,0.2,1.5,0.2,score_point,0.1049645390070922,0.36575,0.1275,0.8725,0.8481166464155528,705,400,False
model,0.11,0.3,3.0,0.2,score_point,0.1049645390070922,0.36749999999999994,0.025,0.975,0.9027777777777778,705,400,False
model,0.2,0.3,2.0,0.2,score_point,0.1049645390070922,0.37224999999999997,0.0425,0.9575,0.8938156359393232,705,400,False
model,0.25,0.4,1.5,0.2,score_point,0.1049645390070922,0.45775000000000005,0.0525,0.9475,0.8886283704572099,705,400,False
model,0.26,0.4,1.5,0.2,score_point,0.1049645390070922,0.4605,0.055,0.945,0.8873239436619718,705,400,False
model,0.06,0.5,2.0,0.2,score_point,0.1049645390070922,0.51875,0.0125,0.9875,0.9090909090909091,705,400,False
model,0.14,0.5,1.5,0.2,score_point,0.1049645390070922,0.5325,0.0325,0.9675,0.8989547038327526,705,400,False
model,0.65,0.5,1.0,0.2,score_point,0.1049645390070922,0.60625,0.2125,0.7875,0.7984790874524714,705,400,False
model,0.66,0.5,1.0,0.2,score_point,0.1049645390070922,0.61,0.22,0.78,0.7938931297709924,705,400,False
model,0.07,0.6,1.5,0.2,score_point,0.1049645390070922,0.6112499999999998,0.0125,0.9875,0.9090909090909091,705,400,False
model,0.67,0.5,1.0,0.2,score_point,0.1049645390070922,0.61625,0.2325,0.7675,0.7861715749039694,705,400,False
model,0.4,0.6,1.0,0.2,score_point,0.1049645390070922,0.6379999999999998,0.095,0.905,0.8660287081339714,705,400,False
model,0.79,0.4,1.0,0.2,score_point,0.1049645390070922,0.64,0.4,0.6,0.6722689075630253,705,400,False
model,0.41,0.6,1.0,0.2,score_point,0.1049645390070922,0.6409999999999999,0.1025,0.8975,0.8619447779111644,705,400,False
model,0.42,0.6,1.0,0.2,score_point,0.1049645390070922,0.645,0.1125,0.8875,0.8564535585042219,705,400,False
model,0.88,0.3,1.0,0.2,score_point,0.1049645390070922,0.713,0.59,0.41,0.5141065830721003,705,400,False
model,0.22,0.7,1.0,0.2,score_point,0.1049645390070922,0.7135000000000001,0.045,0.955,0.8925233644859814,705,400,False
model,0.23,0.7,1.0,0.2,score_point,0.1049645390070922,0.7135000000000001,0.045,0.955,0.8925233644859814,705,400,False
model,0.08,0.8,1.0,0.2,score_point,0.1049645390070922,0.8035,0.0175,0.9825,0.9065743944636678,705,400,False
model,0.09,0.8,1.0,0.2,score_point,0.1049645390070922,0.8039999999999999,0.02,0.98,0.905311778290993,705,400,False
model,0.1,0.8,1.0,0.2,score_point,0.1049645390070922,0.805,0.025,0.975,0.9027777777777778,705,400,False
model,0.11,0.8,1.0,0.2,score_point,0.1049645390070922,0.805,0.025,0.975,0.9027777777777778,705,400,False
model,0.12,0.8,1.0,0.2,score_point,0.1049645390070922,0.8055,0.0275,0.9725,0.9015063731170336,705,400,False
model,0.13,0.8,1.0,0.2,score_point,0.1049645390070922,0.8059999999999999,0.03,0.97,0.9002320185614849,705,400,False
model,0.14,0.8,1.0,0.2,score_point,0.1049645390070922,0.8064999999999999,0.0325,0.9675,0.8989547038327526,705,400,False
model,0.15,0.8,1.0,0.2,score_point,0.1049645390070922,0.8069999999999999,0.035,0.965,0.8976744186046511,705,400,False
model,0.16,0.8,1.0,0.2,score_point,0.1049645390070922,0.8069999999999999,0.035,0.965,0.8976744186046511,705,400,False
model,0.01,0.9,1.0,0.2,score_point,0.1049645390070922,0.9005000000000001,0.005,0.995,0.9128440366972478,705,400,False
model,0.24,0.2,2.0,0.2,score_point,0.10638297872340426,0.29000000000000004,0.05,0.95,0.888888888888889,705,400,True
model,0.46,0.2,1.5,0.2,score_point,0.10638297872340426,0.35275000000000006,0.1175,0.8825,0.852657004830918,705,400,False
model,0.47,0.2,1.5,0.2,score_point,0.10638297872340426,0.35275000000000006,0.1175,0.8825,0.852657004830918,705,400,False
model,0.09,0.3,3.5,0.2,score_point,0.10638297872340426,0.36399999999999993,0.02,0.98,0.9042675893886967,705,400,False
model,0.1,0.3,3.0,0.2,score_point,0.10638297872340426,0.36749999999999994,0.025,0.975,0.9017341040462428,705,400,False
model,0.07,0.4,3.0,0.2,score_point,0.10638297872340426,0.4325,0.0125,0.9875,0.9080459770114943,705,400,False
model,0.24,0.4,1.5,0.2,score_point,0.10638297872340426,0.455,0.05,0.95,0.888888888888889,705,400,False
model,0.71,0.4,1.0,0.2,score_point,0.10638297872340426,0.5635000000000001,0.2725,0.7275,0.7597911227154048,705,400,False
model,0.72,0.4,1.0,0.2,score_point,0.10638297872340426,0.5695,0.2825,0.7175,0.7532808398950132,705,400,False
model,0.54,0.5,1.0,0.2,score_point,0.10638297872340426,0.5725,0.145,0.855,0.8372093023255813,705,400,False
model,0.55,0.5,1.0,0.2,score_point,0.10638297872340426,0.575,0.15,0.85,0.8343558282208589,705,400,False
model,0.56,0.5,1.0,0.2,score_point,0.10638297872340426,0.57625,0.1525,0.8475,0.8329238329238329,705,400,False
model,0.73,0.4,1.0,0.2,score_point,0.10638297872340426,0.5785000000000001,0.2975,0.7025,0.7433862433862433,705,400,False
model,0.57,0.5,1.0,0.2,score_point,0.10638297872340426,0.57875,0.1575,0.8425,0.8300492610837438,705,400,False
model,0.58,0.5,1.0,0.2,score_point,0.10638297872340426,0.5825,0.165,0.835,0.8257107540173052,705,400,False
model,0.74,0.4,1.0,0.2,score_point,0.10638297872340426,0.5845,0.3075,0.6925,0.7367021276595745,705,400,False
model,0.59,0.5,1.0,0.2,score_point,0.10638297872340426,0.58625,0.1725,0.8275,0.8213399503722084,705,400,False
model,0.6,0.5,1.0,0.2,score_point,0.10638297872340426,0.59,0.18,0.82,0.8169364881693649,705,400,False
model,0.75,0.4,1.0,0.2,score_point,0.10638297872340426,0.5920000000000001,0.32,0.68,0.7282463186077643,705,400,False
model,0.8,0.3,1.0,0.2,score_point,0.10638297872340426,0.5939999999999999,0.42,0.58,0.6562942008486562,705,400,False
model,0.61,0.5,1.0,0.2,score_point,0.10638297872340426,0.595,0.19,0.81,0.8110137672090113,705,400,False
model,0.62,0.5,1.0,0.2,score_point,0.10638297872340426,0.6,0.2,0.8,0.8050314465408804,705,400,False
model,0.63,0.5,1.0,0.2,score_point,0.10638297872340426,0.6025,0.205,0.795,0.8020176544766708,705,400,False
model,0.76,0.4,1.0,0.2,score_point,0.10638297872340426,0.6040000000000001,0.34,0.66,0.7144790257104195,705,400,False
model,0.81,0.3,1.0,0.2,score_point,0.10638297872340426,0.6062499999999998,0.4375,0.5625,0.6428571428571429,705,400,False
model,0.64,0.5,1.0,0.2,score_point,0.10638297872340426,0.60625,0.2125,0.7875,0.7974683544303798,705,400,False
model,0.02,0.6,2.5,0.2,score_point,0.10638297872340426,0.6142499999999999,0.0075,0.9925,0.9105504587155964,705,400,False
model,0.77,0.4,1.0,0.2,score_point,0.10638297872340426,0.6175,0.3625,0.6375,0.6986301369863013,705,400,False
model,0.82,0.3,1.0,0.2,score_point,0.10638297872340426,0.62025,0.4575,0.5425,0.6271676300578034,705,400,False
model,0.78,0.4,1.0,0.2,score_point,0.10638297872340426,0.6280000000000001,0.38,0.62,0.686030428769018,705,400,False
model,0.83,0.3,1.0,0.2,score_point,0.10638297872340426,0.63425,0.4775,0.5225,0.611111111111111,705,400,False
model,0.39,0.6,1.0,0.2,score_point,0.10638297872340426,0.6379999999999998,0.095,0.905,0.8649940262843488,705,400,False
model,0.84,0.3,1.0,0.2,score_point,0.10638297872340426,0.64125,0.4875,0.5125,0.6029411764705882,705,400,False
model,0.85,0.3,1.0,0.2,score_point,0.10638297872340426,0.6517499999999999,0.5025,0.4975,0.5905044510385756,705,400,False
model,0.86,0.3,1.0,0.2,score_point,0.10638297872340426,0.6779999999999999,0.54,0.46,0.558421851289833,705,400,False
model,0.87,0.3,1.0,0.2,score_point,0.10638297872340426,0.69025,0.5575,0.4425,0.5429447852760736,705,400,False
model,0.89,0.2,1.0,0.2,score_point,0.10638297872340426,0.6940000000000001,0.6175,0.3825,0.48726114649681523,705,400,False
model,0.17,0.7,1.0,0.2,score_point,0.10638297872340426,0.7105000000000001,0.035,0.965,0.8966318234610917,705,400,False
model,0.18,0.7,1.0,0.2,score_point,0.10638297872340426,0.71125,0.0375,0.9625,0.8953488372093024,705,400,False
model,0.19,0.7,1.0,0.2,score_point,0.10638297872340426,0.7120000000000001,0.04,0.96,0.8940628637951105,705,400,False
model,0.2,0.7,1.0,0.2,score_point,0.10638297872340426,0.7127500000000001,0.0425,0.9575,0.8927738927738927,705,400,False
model,0.21,0.7,1.0,0.2,score_point,0.10638297872340426,0.7127500000000001,0.0425,0.9575,0.8927738927738927,705,400,False
model,0.9,0.2,1.0,0.2,score_point,0.10638297872340426,0.7220000000000002,0.6525,0.3475,0.45276872964169385,705,400,False
model,0.91,0.2,1.0,0.2,score_point,0.10638297872340426,0.7480000000000001,0.685,0.315,0.41930116472545764,705,400,False
model,0.05,0.8,1.0,0.2,score_point,0.10638297872340426,0.8025,0.0125,0.9875,0.9080459770114943,705,400,False
model,0.06,0.8,1.0,0.2,score_point,0.10638297872340426,0.8025,0.0125,0.9875,0.9080459770114943,705,400,False
model,0.07,0.8,1.0,0.2,score_point,0.10638297872340426,0.8025,0.0125,0.9875,0.9080459770114943,705,400,False
model,0.2,0.2,2.5,0.2,score_point,0.10780141843971631,0.29775000000000007,0.0425,0.9575,0.8917345750873109,705,400,False
model,0.19,0.2,3.0,0.2,score_point,0.10780141843971631,0.31200000000000006,0.04,0.96,0.8930232558139534,705,400,False
model,0.43,0.2,1.5,0.2,score_point,0.10780141843971631,0.34625000000000017,0.1125,0.8875,0.8543922984356198,705,400,False
model,0.44,0.2,1.5,0.2,score_point,0.10780141843971631,0.34625000000000017,0.1125,0.8875,0.8543922984356198,705,400,False
model,0.45,0.2,1.5,0.2,score_point,0.10780141843971631,0.34950000000000003,0.115,0.885,0.853012048192771,705,400,False
model,0.13,0.3,2.5,0.2,score_point,0.10780141843971631,0.36599999999999994,0.03,0.97,0.8981481481481481,705,400,False
model,0.19,0.3,2.0,0.2,score_point,0.10780141843971631,0.3679999999999999,0.04,0.96,0.8930232558139534,705,400,False
model,0.28,0.3,1.5,0.2,score_point,0.10780141843971631,0.36899999999999994,0.0575,0.9425,0.8839390386869872,705,400,False
model,0.08,0.4,2.5,0.2,score_point,0.10780141843971631,0.43675,0.0175,0.9825,0.904487917146145,705,400,False
model,0.13,0.4,2.0,0.2,score_point,0.10780141843971631,0.44799999999999995,0.03,0.97,0.8981481481481481,705,400,False
model,0.13,0.5,1.5,0.2,score_point,0.10780141843971631,0.53,0.03,0.97,0.8981481481481481,705,400,False
model,0.52,0.5,1.0,0.2,score_point,0.10780141843971631,0.565,0.13,0.87,0.8446601941747572,705,400,False
model,0.53,0.5,1.0,0.2,score_point,0.10780141843971631,0.565,0.13,0.87,0.8446601941747572,705,400,False
model,0.79,0.3,1.0,0.2,score_point,0.10780141843971631,0.58,0.4,0.6,0.6703910614525139,705,400,False
model,0.29,0.6,1.0,0.2,score_point,0.10780141843971631,0.6229999999999998,0.0575,0.9425,0.8839390386869872,705,400,False
model,0.3,0.6,1.0,0.2,score_point,0.10780141843971631,0.6229999999999998,0.0575,0.9425,0.8839390386869872,705,400,False
model,0.31,0.6,1.0,0.2,score_point,0.10780141843971631,0.6249999999999999,0.0625,0.9375,0.881316098707403,705,400,False
model,0.32,0.6,1.0,0.2,score_point,0.10780141843971631,0.6259999999999998,0.065,0.935,0.88,705,400,False
model,0.33,0.6,1.0,0.2,score_point,0.10780141843971631,0.6299999999999999,0.075,0.925,0.8747044917257684,705,400,False
model,0.34,0.6,1.0,0.2,score_point,0.10780141843971631,0.6299999999999999,0.075,0.925,0.8747044917257684,705,400,False
model,0.35,0.6,1.0,0.2,score_point,0.10780141843971631,0.6319999999999999,0.08,0.92,0.8720379146919431,705,400,False
model,0.36,0.6,1.0,0.2,score_point,0.10780141843971631,0.6329999999999998,0.0825,0.9175,0.870699881376038,705,400,False
model,0.37,0.6,1.0,0.2,score_point,0.10780141843971631,0.6339999999999998,0.085,0.915,0.8693586698337291,705,400,False
model,0.38,0.6,1.0,0.2,score_point,0.10780141843971631,0.6359999999999998,0.09,0.91,0.8666666666666667,705,400,False
model,0.88,0.2,1.0,0.2,score_point,0.10780141843971631,0.672,0.59,0.41,0.5125000000000001,705,400,False
model,0.17,0.2,3.0,0.2,score_point,0.10921985815602837,0.29800000000000004,0.035,0.965,0.8945538818076477,705,400,False
model,0.18,0.2,3.0,0.2,score_point,0.10921985815602837,0.30500000000000005,0.0375,0.9625,0.8932714617169374,705,400,False
model,0.4,0.2,1.5,0.2,score_point,0.10921985815602837,0.32350000000000007,0.095,0.905,0.8629320619785459,705,400,False
model,0.41,0.2,1.5,0.2,score_point,0.10921985815602837,0.33325000000000005,0.1025,0.8975,0.8588516746411483,705,400,False
model,0.42,0.2,1.5,0.2,score_point,0.10921985815602837,0.34625000000000017,0.1125,0.8875,0.8533653846153846,705,400,False
model,0.09,0.3,3.0,0.2,score_point,0.10921985815602837,0.3539999999999999,0.02,0.98,0.9021864211737629,705,400,False
model,0.17,0.3,2.0,0.2,score_point,0.10921985815602837,0.3594999999999999,0.035,0.965,0.8945538818076477,705,400,False
model,0.12,0.3,2.5,0.2,score_point,0.10921985815602837,0.3605,0.0275,0.9725,0.8983833718244804,705,400,False
model,0.18,0.3,2.0,0.2,score_point,0.10921985815602837,0.3637499999999999,0.0375,0.9625,0.8932714617169374,705,400,False
model,0.12,0.4,2.0,0.2,score_point,0.10921985815602837,0.444,0.0275,0.9725,0.8983833718244804,705,400,False
model,0.23,0.4,1.5,0.2,score_point,0.10921985815602837,0.4495,0.045,0.955,0.889406286379511,705,400,False
model,0.71,0.3,1.0,0.2,score_point,0.10921985815602837,0.49074999999999996,0.2725,0.7275,0.7578125,705,400,False
model,0.72,0.3,1.0,0.2,score_point,0.10921985815602837,0.49774999999999997,0.2825,0.7175,0.7513089005235601,705,400,False
model,0.73,0.3,1.0,0.2,score_point,0.10921985815602837,0.50825,0.2975,0.7025,0.741424802110818,705,400,False
model,0.04,0.5,2.5,0.2,score_point,0.10921985815602837,0.515,0.0075,0.9925,0.908466819221968,705,400,False
model,0.74,0.3,1.0,0.2,score_point,0.10921985815602837,0.51525,0.3075,0.6925,0.7347480106100797,705,400,False
model,0.03,0.5,3.5,0.2,score_point,0.10921985815602837,0.5225,0.0075,0.9925,0.908466819221968,705,400,False
model,0.75,0.3,1.0,0.2,score_point,0.10921985815602837,0.524,0.32,0.68,0.7263017356475302,705,400,False
model,0.11,0.5,1.5,0.2,score_point,0.10921985815602837,0.525,0.025,0.975,0.8996539792387542,705,400,False
model,0.12,0.5,1.5,0.2,score_point,0.10921985815602837,0.5275,0.0275,0.9725,0.8983833718244804,705,400,False
model,0.8,0.2,1.0,0.2,score_point,0.10921985815602837,0.536,0.42,0.58,0.6544428772919604,705,400,False
model,0.76,0.3,1.0,0.2,score_point,0.10921985815602837,0.5379999999999999,0.34,0.66,0.7125506072874495,705,400,False
model,0.68,0.4,1.0,0.2,score_point,0.10921985815602837,0.55,0.25,0.75,0.7722007722007722,705,400,False
model,0.81,0.2,1.0,0.2,score_point,0.10921985815602837,0.55,0.4375,0.5625,0.641025641025641,705,400,False
model,0.69,0.4,1.0,0.2,score_point,0.10921985815602837,0.553,0.255,0.745,0.769032258064516,705,400,False
model,0.77,0.3,1.0,0.2,score_point,0.10921985815602837,0.55375,0.3625,0.6375,0.6967213114754098,705,400,False
model,0.7,0.4,1.0,0.2,score_point,0.10921985815602837,0.556,0.26,0.74,0.7658473479948253,705,400,False
model,0.43,0.5,1.0,0.2,score_point,0.10921985815602837,0.55625,0.1125,0.8875,0.8533653846153846,705,400,False
model,0.44,0.5,1.0,0.2,score_point,0.10921985815602837,0.55625,0.1125,0.8875,0.8533653846153846,705,400,False
model,0.45,0.5,1.0,0.2,score_point,0.10921985815602837,0.5575,0.115,0.885,0.8519855595667869,705,400,False
model,0.46,0.5,1.0,0.2,score_point,0.10921985815602837,0.55875,0.1175,0.8825,0.8506024096385543,705,400,False
model,0.47,0.5,1.0,0.2,score_point,0.10921985815602837,0.55875,0.1175,0.8825,0.8506024096385543,705,400,False
model,0.48,0.5,1.0,0.2,score_point,0.10921985815602837,0.56,0.12,0.88,0.8492159227985524,705,400,False
model,0.49,0.5,1.0,0.2,score_point,0.10921985815602837,0.56125,0.1225,0.8775,0.8478260869565217,705,400,False
model,0.5,0.5,1.0,0.2,score_point,0.10921985815602837,0.56375,0.1275,0.8725,0.8450363196125908,705,400,False
model,0.51,0.5,1.0,0.2,score_point,0.10921985815602837,0.565,0.13,0.87,0.8436363636363635,705,400,False
model,0.78,0.3,1.0,0.2,score_point,0.10921985815602837,0.566,0.38,0.62,0.6841379310344828,705,400,False
model,0.82,0.2,1.0,0.2,score_point,0.10921985815602837,0.5660000000000001,0.4575,0.5425,0.6253602305475505,705,400,False
model,0.83,0.2,1.0,0.2,score_point,0.10921985815602837,0.5820000000000001,0.4775,0.5225,0.6093294460641399,705,400,False
model,0.84,0.2,1.0,0.2,score_point,0.10921985815602837,0.59,0.4875,0.5125,0.6011730205278591,705,400,False
model,0.85,0.2,1.0,0.2,score_point,0.10921985815602837,0.602,0.5025,0.4975,0.5887573964497042,705,400,False
model,0.03,0.6,2.0,0.2,score_point,0.10921985815602837,0.6104999999999998,0.0075,0.9925,0.908466819221968,705,400,False
model,0.86,0.2,1.0,0.2,score_point,0.10921985815602837,0.632,0.54,0.46,0.556732223903177,705,400,False
model,0.87,0.2,1.0,0.2,score_point,0.10921985815602837,0.6459999999999999,0.5575,0.4425,0.5412844036697249,705,400,False
model,0.01,0.7,1.5,0.2,score_point,0.10921985815602837,0.7040000000000001,0.005,0.995,0.9097142857142858,705,400,False
model,0.08,0.7,1.0,0.2,score_point,0.10921985815602837,0.70525,0.0175,0.9825,0.903448275862069,705,400,False
model,0.09,0.7,1.0,0.2,score_point,0.10921985815602837,0.7060000000000001,0.02,0.98,0.9021864211737629,705,400,False
model,0.1,0.7,1.0,0.2,score_point,0.10921985815602837,0.7075,0.025,0.975,0.8996539792387542,705,400,False
model,0.11,0.7,1.0,0.2,score_point,0.10921985815602837,0.7075,0.025,0.975,0.8996539792387542,705,400,False
model,0.12,0.7,1.0,0.2,score_point,0.10921985815602837,0.70825,0.0275,0.9725,0.8983833718244804,705,400,False
model,0.13,0.7,1.0,0.2,score_point,0.10921985815602837,0.7090000000000001,0.03,0.97,0.8971098265895954,705,400,False
model,0.14,0.7,1.0,0.2,score_point,0.10921985815602837,0.7097500000000001,0.0325,0.9675,0.8958333333333334,705,400,False
model,0.15,0.7,1.0,0.2,score_point,0.10921985815602837,0.7105000000000001,0.035,0.965,0.8945538818076477,705,400,False
model,0.16,0.7,1.0,0.2,score_point,0.10921985815602837,0.7105000000000001,0.035,0.965,0.8945538818076477,705,400,False
model,0.02,0.8,1.0,0.2,score_point,0.10921985815602837,0.8015000000000001,0.0075,0.9925,0.908466819221968,705,400,False
model,0.03,0.8,1.0,0.2,score_point,0.10921985815602837,0.8015000000000001,0.0075,0.9925,0.908466819221968,705,400,False
model,0.04,0.8,1.0,0.2,score_point,0.10921985815602837,0.8015000000000001,0.0075,0.9925,0.908466819221968,705,400,False
model,0.23,0.2,2.0,0.2,score_point,0.11063829787234042,0.281,0.045,0.955,0.8883720930232558,705,400,True
model,0.16,0.2,3.5,0.2,score_point,0.11063829787234042,0.31550000000000006,0.035,0.965,0.8935185185185186,705,400,False
model,0.11,0.3,2.5,0.2,score_point,0.11063829787234042,0.3549999999999999,0.025,0.975,0.8986175115207373,705,400,False
model,0.27,0.3,1.5,0.2,score_point,0.11063829787234042,0.36899999999999994,0.0575,0.9425,0.8818713450292398,705,400,False
model,0.06,0.4,3.5,0.2,score_point,0.11063829787234042,0.43875,0.0125,0.9875,0.9049255441008018,705,400,False
model,0.11,0.4,2.0,0.2,score_point,0.11063829787234042,0.44,0.025,0.975,0.8986175115207373,705,400,False
model,0.22,0.4,1.5,0.2,score_point,0.11063829787234042,0.4495,0.045,0.955,0.8883720930232558,705,400,False
model,0.05,0.5,2.0,0.2,score_point,0.11063829787234042,0.51875,0.0125,0.9875,0.9049255441008018,705,400,False
model,0.09,0.5,1.5,0.2,score_point,0.11063829787234042,0.52,0.02,0.98,0.9011494252873564,705,400,False
model,0.79,0.2,1.0,0.2,score_point,0.11063829787234042,0.52,0.4,0.6,0.6685236768802229,705,400,False
model,0.1,0.5,1.5,0.2,score_point,0.11063829787234042,0.525,0.025,0.975,0.8986175115207373,705,400,False
model,0.65,0.4,1.0,0.2,score_point,0.11063829787234042,0.5275000000000002,0.2125,0.7875,0.7944514501891551,705,400,False
model,0.66,0.4,1.0,0.2,score_point,0.11063829787234042,0.5320000000000001,0.22,0.78,0.7898734177215191,705,400,False
model,0.67,0.4,1.0,0.2,score_point,0.11063829787234042,0.5395000000000001,0.2325,0.7675,0.7821656050955413,705,400,False
model,0.4,0.5,1.0,0.2,score_point,0.11063829787234042,0.5475,0.095,0.905,0.861904761904762,705,400,False
model,0.41,0.5,1.0,0.2,score_point,0.11063829787234042,0.55125,0.1025,0.8975,0.857825567502987,705,400,False
model,0.42,0.5,1.0,0.2,score_point,0.11063829787234042,0.55625,0.1125,0.8875,0.8523409363745499,705,400,False
model,0.06,0.6,1.5,0.2,score_point,0.11063829787234042,0.6112499999999998,0.0125,0.9875,0.9049255441008018,705,400,False
model,0.28,0.6,1.0,0.2,score_point,0.11063829787234042,0.6229999999999998,0.0575,0.9425,0.8818713450292398,705,400,False
model,0.22,0.2,2.0,0.2,score_point,0.11205673758865248,0.281,0.045,0.955,0.8873403019744482,705,400,False
model,0.15,0.2,3.5,0.2,score_point,0.11205673758865248,0.31550000000000006,0.035,0.965,0.8924855491329481,705,400,False
model,0.39,0.2,1.5,0.2,score_point,0.11205673758865248,0.32350000000000007,0.095,0.905,0.8608799048751486,705,400,False
model,0.1,0.3,2.5,0.2,score_point,0.11205673758865248,0.3549999999999999,0.025,0.975,0.8975834292289988,705,400,False
model,0.08,0.3,3.5,0.2,score_point,0.11205673758865248,0.3559999999999999,0.0175,0.9825,0.9013761467889909,705,400,False
model,0.15,0.3,2.0,0.2,score_point,0.11205673758865248,0.3594999999999999,0.035,0.965,0.8924855491329481,705,400,False
model,0.16,0.3,2.0,0.2,score_point,0.11205673758865248,0.3594999999999999,0.035,0.965,0.8924855491329481,705,400,False
model,0.25,0.3,1.5,0.2,score_point,0.11205673758865248,0.3629999999999999,0.0525,0.9475,0.8834498834498834,705,400,False
model,0.26,0.3,1.5,0.2,score_point,0.11205673758865248,0.36599999999999994,0.055,0.945,0.882147024504084,705,400,False
model,0.07,0.4,2.5,0.2,score_point,0.11205673758865248,0.42625,0.0125,0.9875,0.9038901601830664,705,400,False
model,0.1,0.4,2.0,0.2,score_point,0.11205673758865248,0.44,0.025,0.975,0.8975834292289988,705,400,False
model,0.77,0.2,1.0,0.2,score_point,0.11205673758865248,0.49,0.3625,0.6375,0.6948228882833786,705,400,False
model,0.78,0.2,1.0,0.2,score_point,0.11205673758865248,0.504,0.38,0.62,0.6822558459422284,705,400,False
model,0.6,0.4,1.0,0.2,score_point,0.11205673758865248,0.5080000000000001,0.18,0.82,0.8128872366790584,705,400,False
model,0.61,0.4,1.0,0.2,score_point,0.11205673758865248,0.514,0.19,0.81,0.8069738480697385,705,400,False
model,0.03,0.5,3.0,0.2,score_point,0.11205673758865248,0.51875,0.0075,0.9925,0.906392694063927,705,400,False
model,0.62,0.4,1.0,0.2,score_point,0.11205673758865248,0.52,0.2,0.8,0.8010012515644556,705,400,False
model,0.63,0.4,1.0,0.2,score_point,0.11205673758865248,0.5230000000000001,0.205,0.795,0.7979924717691342,705,400,False
model,0.64,0.4,1.0,0.2,score_point,0.11205673758865248,0.5275000000000002,0.2125,0.7875,0.7934508816120907,705,400,False
model,0.39,0.5,1.0,0.2,score_point,0.11205673758865248,0.5475,0.095,0.905,0.8608799048751486,705,400,False
model,0.27,0.6,1.0,0.2,score_point,0.11205673758865248,0.6229999999999998,0.0575,0.9425,0.8808411214953271,705,400,False
model,0.07,0.7,1.0,0.2,score_point,0.11205673758865248,0.70375,0.0125,0.9875,0.9038901601830664,705,400,False
model,0.01,0.8,1.0,0.2,score_point,0.11205673758865248,0.8009999999999999,0.005,0.995,0.9076396807297605,705,400,False
model,0.0,0.9,1.0,0.2,score_point,0.11205673758865248,0.9000000000000002,0.0,1.0,0.9101251422070534,705,400,False
model,0.0,0.9,1.5,0.2,score_point,0.11205673758865248,0.9000000000000002,0.0,1.0,0.9101251422070534,705,400,False
model,0.0,0.9,2.0,0.2,score_point,0.11205673758865248,0.9000000000000002,0.0,1.0,0.9101251422070534,705,400,False
model,0.0,0.9,2.5,0.2,score_point,0.11205673758865248,0.9000000000000002,0.0,1.0,0.9101251422070534,705,400,False
model,0.0,0.9,3.0,0.2,score_point,0.11205673758865248,0.9000000000000002,0.0,1.0,0.9101251422070534,705,400,False
model,0.0,0.9,3.5,0.2,score_point,0.11205673758865248,0.9000000000000002,0.0,1.0,0.9101251422070534,705,400,False
model,0.19,0.2,2.5,0.2,score_point,0.11347517730496454,0.29200000000000004,0.04,0.96,0.888888888888889,705,400,False
model,0.36,0.2,1.5,0.2,score_point,0.11347517730496454,0.30725,0.0825,0.9175,0.8665879574970483,705,400,False
model,0.37,0.2,1.5,0.2,score_point,0.11347517730496454,0.31050000000000005,0.085,0.915,0.8652482269503547,705,400,False
model,0.38,0.2,1.5,0.2,score_point,0.11347517730496454,0.3170000000000001,0.09,0.91,0.862559241706161,705,400,False
model,0.14,0.3,2.0,0.2,score_point,0.11347517730496454,0.3552499999999999,0.0325,0.9675,0.892733564013841,705,400,False
model,0.24,0.3,1.5,0.2,score_point,0.11347517730496454,0.35999999999999993,0.05,0.95,0.8837209302325583,705,400,False
model,0.09,0.4,2.0,0.2,score_point,0.11347517730496454,0.43200000000000005,0.02,0.98,0.8990825688073395,705,400,False
model,0.06,0.4,3.0,0.2,score_point,0.11347517730496454,0.4325,0.0125,0.9875,0.9028571428571428,705,400,False
model,0.73,0.2,1.0,0.2,score_point,0.11347517730496454,0.43800000000000006,0.2975,0.7025,0.7385019710906701,705,400,False
model,0.74,0.2,1.0,0.2,score_point,0.11347517730496454,0.446,0.3075,0.6925,0.7318361955085865,705,400,False
model,0.21,0.4,1.5,0.2,score_point,0.11347517730496454,0.44675000000000004,0.0425,0.9575,0.887601390498262,705,400,False
model,0.75,0.2,1.0,0.2,score_point,0.11347517730496454,0.456,0.32,0.68,0.7234042553191491,705,400,False
model,0.76,0.2,1.0,0.2,score_point,0.11347517730496454,0.47200000000000003,0.34,0.66,0.7096774193548386,705,400,False
model,0.68,0.3,1.0,0.2,score_point,0.11347517730496454,0.4749999999999999,0.25,0.75,0.7692307692307692,705,400,False
model,0.69,0.3,1.0,0.2,score_point,0.11347517730496454,0.4784999999999999,0.255,0.745,0.7660668380462725,705,400,False
model,0.7,0.3,1.0,0.2,score_point,0.11347517730496454,0.4819999999999999,0.26,0.74,0.7628865979381443,705,400,False
model,0.57,0.4,1.0,0.2,score_point,0.11347517730496454,0.49450000000000005,0.1575,0.8425,0.8249694002447979,705,400,False
model,0.58,0.4,1.0,0.2,score_point,0.11347517730496454,0.49900000000000005,0.165,0.835,0.8206388206388205,705,400,False
model,0.59,0.4,1.0,0.2,score_point,0.11347517730496454,0.5035000000000001,0.1725,0.8275,0.8162762022194822,705,400,False
model,0.29,0.5,1.0,0.2,score_point,0.11347517730496454,0.52875,0.0575,0.9425,0.8798133022170362,705,400,False
model,0.3,0.5,1.0,0.2,score_point,0.11347517730496454,0.52875,0.0575,0.9425,0.8798133022170362,705,400,False
model,0.31,0.5,1.0,0.2,score_point,0.11347517730496454,0.53125,0.0625,0.9375,0.8771929824561403,705,400,False
model,0.32,0.5,1.0,0.2,score_point,0.11347517730496454,0.5325,0.065,0.935,0.8758782201405153,705,400,False
model,0.33,0.5,1.0,0.2,score_point,0.11347517730496454,0.5375,0.075,0.925,0.8705882352941177,705,400,False
model,0.34,0.5,1.0,0.2,score_point,0.11347517730496454,0.5375,0.075,0.925,0.8705882352941177,705,400,False
model,0.35,0.5,1.0,0.2,score_point,0.11347517730496454,0.54,0.08,0.92,0.8679245283018867,705,400,False
model,0.36,0.5,1.0,0.2,score_point,0.11347517730496454,0.54125,0.0825,0.9175,0.8665879574970483,705,400,False
model,0.37,0.5,1.0,0.2,score_point,0.11347517730496454,0.5425,0.085,0.915,0.8652482269503547,705,400,False
model,0.38,0.5,1.0,0.2,score_point,0.11347517730496454,0.545,0.09,0.91,0.862559241706161,705,400,False
model,0.05,0.6,1.5,0.2,score_point,0.11347517730496454,0.6112499999999998,0.0125,0.9875,0.9028571428571428,705,400,False
model,0.24,0.6,1.0,0.2,score_point,0.11347517730496454,0.6199999999999999,0.05,0.95,0.8837209302325583,705,400,False
model,0.25,0.6,1.0,0.2,score_point,0.11347517730496454,0.6209999999999999,0.0525,0.9475,0.8824214202561117,705,400,False
model,0.26,0.6,1.0,0.2,score_point,0.11347517730496454,0.6219999999999999,0.055,0.945,0.8811188811188811,705,400,False
model,0.21,0.2,2.0,0.2,score_point,0.1148936170212766,0.2765000000000001,0.0425,0.9575,0.8865740740740742,705,400,True
model,0.17,0.2,2.5,0.2,score_point,0.1148936170212766,0.2805,0.035,0.965,0.8904267589388697,705,400,False
model,0.18,0.2,2.5,0.2,score_point,0.1148936170212766,0.28625000000000006,0.0375,0.9625,0.8891454965357968,705,400,False
model,0.33,0.2,1.5,0.2,score_point,0.1148936170212766,0.2975000000000001,0.075,0.925,0.8695652173913043,705,400,False
model,0.34,0.2,1.5,0.2,score_point,0.1148936170212766,0.2975000000000001,0.075,0.925,0.8695652173913043,705,400,False
model,0.16,0.2,3.0,0.2,score_point,0.1148936170212766,0.29800000000000004,0.035,0.965,0.8904267589388697,705,400,False
model,0.35,0.2,1.5,0.2,score_point,0.1148936170212766,0.30400000000000005,0.08,0.92,0.866902237926973,705,400,False
model,0.09,0.3,2.5,0.2,score_point,0.1148936170212766,0.3439999999999999,0.02,0.98,0.8980526918671248,705,400,False
model,0.08,0.3,3.0,0.2,score_point,0.1148936170212766,0.34724999999999995,0.0175,0.9825,0.8993135011441648,705,400,False
model,0.71,0.2,1.0,0.2,score_point,0.1148936170212766,0.41800000000000004,0.2725,0.7275,0.7538860103626943,705,400,False
model,0.72,0.2,1.0,0.2,score_point,0.1148936170212766,0.426,0.2825,0.7175,0.7473958333333334,705,400,False
model,0.65,0.3,1.0,0.2,score_point,0.1148936170212766,0.4487499999999999,0.2125,0.7875,0.7914572864321607,705,400,False
model,0.66,0.3,1.0,0.2,score_point,0.1148936170212766,0.4539999999999999,0.22,0.78,0.7868852459016393,705,400,False
model,0.67,0.3,1.0,0.2,score_point,0.1148936170212766,0.46274999999999994,0.2325,0.7675,0.7791878172588833,705,400,False
model,0.56,0.4,1.0,0.2,score_point,0.1148936170212766,0.49150000000000005,0.1525,0.8475,0.826829268292683,705,400,False
model,0.08,0.5,1.5,0.2,score_point,0.1148936170212766,0.5175,0.0175,0.9825,0.8993135011441648,705,400,False
model,0.06,0.7,1.0,0.2,score_point,0.1148936170212766,0.70375,0.0125,0.9875,0.9018264840182649,705,400,False
model,0.29,0.2,1.5,0.2,score_point,0.11631205673758865,0.27475,0.0575,0.9425,0.8777648428405123,705,400,False
model,0.3,0.2,1.5,0.2,score_point,0.11631205673758865,0.27475,0.0575,0.9425,0.8777648428405123,705,400,True
model,0.31,0.2,1.5,0.2,score_point,0.11631205673758865,0.28125000000000006,0.0625,0.9375,0.8751458576429405,705,400,False
model,0.32,0.2,1.5,0.2,score_point,0.11631205673758865,0.28450000000000003,0.065,0.935,0.8738317757009346,705,400,False
model,0.15,0.2,3.0,0.2,score_point,0.11631205673758865,0.29800000000000004,0.035,0.965,0.8894009216589861,705,400,False
model,0.14,0.2,3.5,0.2,score_point,0.11631205673758865,0.30725,0.0325,0.9675,0.8906789413118528,705,400,False
model,0.23,0.3,1.5,0.2,score_point,0.11631205673758865,0.3539999999999999,0.045,0.955,0.8842592592592593,705,400,False
model,0.05,0.4,3.5,0.2,score_point,0.11631205673758865,0.43875,0.0125,0.9875,0.9007981755986316,705,400,False
model,0.2,0.4,1.5,0.2,score_point,0.11631205673758865,0.44675000000000004,0.0425,0.9575,0.8855491329479769,705,400,False
model,0.64,0.3,1.0,0.2,score_point,0.11631205673758865,0.4487499999999999,0.2125,0.7875,0.7904642409033878,705,400,False
model,0.54,0.4,1.0,0.2,score_point,0.11631205673758865,0.4870000000000001,0.145,0.855,0.8300970873786407,705,400,False
model,0.55,0.4,1.0,0.2,score_point,0.11631205673758865,0.49000000000000005,0.15,0.85,0.8272506082725061,705,400,False
model,0.02,0.6,2.0,0.2,score_point,0.11631205673758865,0.6104999999999998,0.0075,0.9925,0.9032992036405005,705,400,False
model,0.22,0.6,1.0,0.2,score_point,0.11631205673758865,0.6179999999999999,0.045,0.955,0.8842592592592593,705,400,False
model,0.23,0.6,1.0,0.2,score_point,0.11631205673758865,0.6179999999999999,0.045,0.955,0.8842592592592593,705,400,False
model,0.05,0.7,1.0,0.2,score_point,0.11631205673758865,0.70375,0.0125,0.9875,0.9007981755986316,705,400,False
model,0.07,0.3,3.5,0.2,score_point,0.11773049645390071,0.3399999999999999,0.0125,0.9875,0.8997722095671982,705,400,False
model,0.13,0.3,2.0,0.2,score_point,0.11773049645390071,0.3509999999999999,0.03,0.97,0.8909299655568312,705,400,False
model,0.22,0.3,1.5,0.2,score_point,0.11773049645390071,0.3539999999999999,0.045,0.955,0.8832369942196532,705,400,False
model,0.6,0.3,1.0,0.2,score_point,0.11773049645390071,0.42599999999999993,0.18,0.82,0.8088779284833538,705,400,False
model,0.08,0.4,2.0,0.2,score_point,0.11773049645390071,0.428,0.0175,0.9825,0.8972602739726027,705,400,False
model,0.61,0.3,1.0,0.2,score_point,0.11773049645390071,0.4329999999999999,0.19,0.81,0.8029739776951673,705,400,False
model,0.62,0.3,1.0,0.2,score_point,0.11773049645390071,0.43999999999999984,0.2,0.8,0.7970112079701122,705,400,False
model,0.63,0.3,1.0,0.2,score_point,0.11773049645390071,0.44349999999999995,0.205,0.795,0.7940074906367042,705,400,False
model,0.19,0.4,1.5,0.2,score_point,0.11773049645390071,0.44400000000000006,0.04,0.96,0.8858131487889273,705,400,False
model,0.03,0.5,2.5,0.2,score_point,0.11773049645390071,0.515,0.0075,0.9925,0.9022727272727272,705,400,False
model,0.28,0.5,1.0,0.2,score_point,0.11773049645390071,0.52875,0.0575,0.9425,0.8767441860465117,705,400,False
model,0.01,0.6,3.5,0.2,score_point,0.11773049645390071,0.6144999999999999,0.005,0.995,0.9035187287173667,705,400,False
model,0.2,0.6,1.0,0.2,score_point,0.11773049645390071,0.6169999999999999,0.0425,0.9575,0.8845265588914548,705,400,False
model,0.21,0.6,1.0,0.2,score_point,0.11773049645390071,0.6169999999999999,0.0425,0.9575,0.8845265588914548,705,400,False
model,0.2,0.2,2.0,0.2,score_point,0.11914893617021277,0.2765000000000001,0.0425,0.9575,0.8835063437139562,705,400,False
model,0.14,0.2,3.0,0.2,score_point,0.11914893617021277,0.29100000000000004,0.0325,0.9675,0.8886337543053962,705,400,False
model,0.12,0.3,2.0,0.2,score_point,0.11914893617021277,0.34674999999999995,0.0275,0.9725,0.8911798396334479,705,400,False
model,0.57,0.3,1.0,0.2,score_point,0.11914893617021277,0.4102499999999999,0.1575,0.8425,0.8209500609013398,705,400,False
model,0.58,0.3,1.0,0.2,score_point,0.11914893617021277,0.4155,0.165,0.835,0.8166259168704156,705,400,False
model,0.59,0.3,1.0,0.2,score_point,0.11914893617021277,0.4207499999999999,0.1725,0.8275,0.8122699386503067,705,400,False
model,0.06,0.4,2.5,0.2,score_point,0.11914893617021277,0.42625,0.0125,0.9875,0.8987485779294654,705,400,False
model,0.05,0.4,3.0,0.2,score_point,0.11914893617021277,0.4325,0.0125,0.9875,0.8987485779294654,705,400,False
model,0.17,0.4,1.5,0.2,score_point,0.11914893617021277,0.4385,0.035,0.965,0.8873563218390805,705,400,False
model,0.18,0.4,1.5,0.2,score_point,0.11914893617021277,0.44125,0.0375,0.9625,0.8860759493670887,705,400,False
model,0.53,0.4,1.0,0.2,score_point,0.11914893617021277,0.4780000000000001,0.13,0.87,0.8365384615384616,705,400,False
model,0.04,0.5,2.0,0.2,score_point,0.11914893617021277,0.51125,0.0075,0.9925,0.9012485811577753,705,400,False
model,0.07,0.5,1.5,0.2,score_point,0.11914893617021277,0.5125,0.0125,0.9875,0.8987485779294654,705,400,False
model,0.27,0.5,1.0,0.2,score_point,0.11914893617021277,0.52875,0.0575,0.9425,0.875725900116144,705,400,False
model,0.04,0.6,1.5,0.2,score_point,0.11914893617021277,0.6067499999999998,0.0075,0.9925,0.9012485811577753,705,400,False
model,0.01,0.6,3.0,0.2,score_point,0.11914893617021277,0.6119999999999999,0.005,0.995,0.9024943310657597,705,400,False
model,0.17,0.6,1.0,0.2,score_point,0.11914893617021277,0.6139999999999999,0.035,0.965,0.8873563218390805,705,400,False
model,0.18,0.6,1.0,0.2,score_point,0.11914893617021277,0.6149999999999999,0.0375,0.9625,0.8860759493670887,705,400,False
model,0.19,0.6,1.0,0.2,score_point,0.11914893617021277,0.6159999999999999,0.04,0.96,0.8847926267281105,705,400,False
model,0.28,0.2,1.5,0.2,score_point,0.12056737588652482,0.27475,0.0575,0.9425,0.8747099767981439,705,400,False
model,0.16,0.2,2.5,0.2,score_point,0.12056737588652482,0.2805,0.035,0.965,0.886337543053961,705,400,False
model,0.07,0.3,3.0,0.2,score_point,0.12056737588652482,0.33374999999999994,0.0125,0.9875,0.8977272727272727,705,400,False
model,0.08,0.3,2.5,0.2,score_point,0.12056737588652482,0.33849999999999997,0.0175,0.9825,0.8952164009111617,705,400,False
model,0.11,0.3,2.0,0.2,score_point,0.12056737588652482,0.3424999999999999,0.025,0.975,0.8914285714285713,705,400,False
model,0.21,0.3,1.5,0.2,score_point,0.12056737588652482,0.3509999999999999,0.0425,0.9575,0.8824884792626728,705,400,False
model,0.68,0.2,1.0,0.2,score_point,0.12056737588652482,0.4000000000000001,0.25,0.75,0.7643312101910829,705,400,False
model,0.69,0.2,1.0,0.2,score_point,0.12056737588652482,0.4040000000000001,0.255,0.745,0.7611749680715197,705,400,False
model,0.56,0.3,1.0,0.2,score_point,0.12056737588652482,0.40674999999999994,0.1525,0.8475,0.8228155339805825,705,400,False
model,0.7,0.2,1.0,0.2,score_point,0.12056737588652482,0.408,0.26,0.74,0.7580025608194623,705,400,False
model,0.52,0.4,1.0,0.2,score_point,0.12056737588652482,0.4780000000000001,0.13,0.87,0.8355342136854743,705,400,False
model,0.24,0.5,1.0,0.2,score_point,0.12056737588652482,0.525,0.05,0.95,0.8786127167630059,705,400,False
model,0.25,0.5,1.0,0.2,score_point,0.12056737588652482,0.52625,0.0525,0.9475,0.8773148148148149,705,400,False
model,0.26,0.5,1.0,0.2,score_point,0.12056737588652482,0.5275,0.055,0.945,0.8760139049826188,705,400,False
model,0.04,0.7,1.0,0.2,score_point,0.12056737588652482,0.7022499999999999,0.0075,0.9925,0.9002267573696145,705,400,False
model,0.15,0.2,2.5,0.2,score_point,0.12198581560283688,0.2805,0.035,0.965,0.8853211009174311,705,400,False
model,0.13,0.2,3.5,0.2,score_point,0.12198581560283688,0.29900000000000004,0.03,0.97,0.8878718535469108,705,400,False
model,0.1,0.3,2.0,0.2,score_point,0.12198581560283688,0.3424999999999999,0.025,0.975,0.8904109589041096,705,400,False
model,0.65,0.2,1.0,0.2,score_point,0.12198581560283688,0.37,0.2125,0.7875,0.7865168539325843,705,400,False
model,0.66,0.2,1.0,0.2,score_point,0.12198581560283688,0.376,0.22,0.78,0.7819548872180451,705,400,False
model,0.67,0.2,1.0,0.2,score_point,0.12198581560283688,0.38600000000000007,0.2325,0.7675,0.7742749054224464,705,400,False
model,0.55,0.3,1.0,0.2,score_point,0.12198581560283688,0.405,0.15,0.85,0.8232445520581112,705,400,False
model,0.07,0.4,2.0,0.2,score_point,0.12198581560283688,0.42,0.0125,0.9875,0.8967082860385924,705,400,False
model,0.15,0.4,1.5,0.2,score_point,0.12198581560283688,0.4385,0.035,0.965,0.8853211009174311,705,400,False
model,0.16,0.4,1.5,0.2,score_point,0.12198581560283688,0.4385,0.035,0.965,0.8853211009174311,705,400,False
model,0.43,0.4,1.0,0.2,score_point,0.12198581560283688,0.4675000000000001,0.1125,0.8875,0.8442330558858501,705,400,False
model,0.44,0.4,1.0,0.2,score_point,0.12198581560283688,0.4675000000000001,0.1125,0.8875,0.8442330558858501,705,400,False
model,0.45,0.4,1.0,0.2,score_point,0.12198581560283688,0.4690000000000001,0.115,0.885,0.842857142857143,705,400,False
model,0.46,0.4,1.0,0.2,score_point,0.12198581560283688,0.47050000000000014,0.1175,0.8825,0.8414779499404054,705,400,False
model,0.47,0.4,1.0,0.2,score_point,0.12198581560283688,0.47050000000000014,0.1175,0.8825,0.8414779499404054,705,400,False
model,0.48,0.4,1.0,0.2,score_point,0.12198581560283688,0.4720000000000001,0.12,0.88,0.8400954653937948,705,400,False
model,0.49,0.4,1.0,0.2,score_point,0.12198581560283688,0.4735000000000001,0.1225,0.8775,0.8387096774193548,705,400,False
model,0.5,0.4,1.0,0.2,score_point,0.12198581560283688,0.47650000000000003,0.1275,0.8725,0.8359281437125748,705,400,False
model,0.51,0.4,1.0,0.2,score_point,0.12198581560283688,0.4780000000000001,0.13,0.87,0.8345323741007193,705,400,False
model,0.02,0.5,3.5,0.2,score_point,0.12198581560283688,0.5225,0.0075,0.9925,0.89920724801812,705,400,False
model,0.14,0.6,1.0,0.2,score_point,0.12198581560283688,0.6129999999999999,0.0325,0.9675,0.88659793814433,705,400,False
model,0.15,0.6,1.0,0.2,score_point,0.12198581560283688,0.6139999999999999,0.035,0.965,0.8853211009174311,705,400,False
model,0.16,0.6,1.0,0.2,score_point,0.12198581560283688,0.6139999999999999,0.035,0.965,0.8853211009174311,705,400,False
model,0.27,0.2,1.5,0.2,score_point,0.12340425531914893,0.27475,0.0575,0.9425,0.8726851851851852,705,400,False
model,0.64,0.2,1.0,0.2,score_point,0.12340425531914893,0.37,0.2125,0.7875,0.7855361596009974,705,400,False
model,0.54,0.3,1.0,0.2,score_point,0.12340425531914893,0.4014999999999999,0.145,0.855,0.8250904704463209,705,400,False
model,0.14,0.4,1.5,0.2,score_point,0.12340425531914893,0.43575,0.0325,0.9675,0.88558352402746,705,400,False
model,0.4,0.4,1.0,0.2,score_point,0.12340425531914893,0.4570000000000001,0.095,0.905,0.8527679623085983,705,400,False
model,0.41,0.4,1.0,0.2,score_point,0.12340425531914893,0.4615000000000001,0.1025,0.8975,0.8486997635933806,705,400,False
model,0.42,0.4,1.0,0.2,score_point,0.12340425531914893,0.4675000000000001,0.1125,0.8875,0.8432304038004751,705,400,False
model,0.22,0.5,1.0,0.2,score_point,0.12340425531914893,0.5225,0.045,0.955,0.8791714614499424,705,400,False
model,0.23,0.5,1.0,0.2,score_point,0.12340425531914893,0.5225,0.045,0.955,0.8791714614499424,705,400,False
model,0.13,0.6,1.0,0.2,score_point,0.12340425531914893,0.6119999999999999,0.03,0.97,0.8868571428571429,705,400,False
model,0.03,0.7,1.0,0.2,score_point,0.12340425531914893,0.7022499999999999,0.0075,0.9925,0.8981900452488688,705,400,False
model,0.25,0.2,1.5,0.2,score_point,0.12482269503546099,0.26825000000000004,0.0525,0.9475,0.8742791234140714,705,400,True
model,0.26,0.2,1.5,0.2,score_point,0.12482269503546099,0.2715,0.055,0.945,0.8729792147806004,705,400,False
model,0.19,0.2,2.0,0.2,score_point,0.12482269503546099,0.272,0.04,0.96,0.8807339449541285,705,400,False
model,0.14,0.2,2.5,0.2,score_point,0.12482269503546099,0.27475000000000005,0.0325,0.9675,0.8845714285714286,705,400,False
model,0.13,0.2,3.0,0.2,score_point,0.12482269503546099,0.28400000000000003,0.03,0.97,0.8858447488584476,705,400,False
model,0.09,0.3,2.0,0.2,score_point,0.12482269503546099,0.3339999999999999,0.02,0.98,0.890909090909091,705,400,False
model,0.2,0.3,1.5,0.2,score_point,0.12482269503546099,0.3509999999999999,0.0425,0.9575,0.8794489092996557,705,400,False
model,0.05,0.4,2.5,0.2,score_point,0.12482269503546099,0.42625,0.0125,0.9875,0.8946772366930917,705,400,False
model,0.39,0.4,1.0,0.2,score_point,0.12482269503546099,0.4570000000000001,0.095,0.905,0.851764705882353,705,400,False
model,0.06,0.5,1.5,0.2,score_point,0.12482269503546099,0.5125,0.0125,0.9875,0.8946772366930917,705,400,False
model,0.02,0.5,3.0,0.2,score_point,0.12482269503546099,0.51875,0.0075,0.9925,0.897175141242938,705,400,False
model,0.21,0.5,1.0,0.2,score_point,0.12482269503546099,0.52125,0.0425,0.9575,0.8794489092996557,705,400,False
model,0.01,0.6,2.5,0.2,score_point,0.12482269503546099,0.6094999999999999,0.005,0.995,0.8984198645598195,705,400,False
model,0.11,0.6,1.0,0.2,score_point,0.12482269503546099,0.6099999999999999,0.025,0.975,0.8883826879271071,705,400,False
model,0.12,0.6,1.0,0.2,score_point,0.12482269503546099,0.6109999999999999,0.0275,0.9725,0.887115165336374,705,400,False
model,0.02,0.7,1.0,0.2,score_point,0.12482269503546099,0.7022499999999999,0.0075,0.9925,0.897175141242938,705,400,False
model,0.17,0.2,2.0,0.2,score_point,0.12624113475177304,0.26300000000000007,0.035,0.965,0.8822857142857142,705,400,True
model,0.24,0.2,1.5,0.2,score_point,0.12624113475177304,0.265,0.05,0.95,0.8745684695051783,705,400,False
model,0.18,0.2,2.0,0.2,score_point,0.12624113475177304,0.2675,0.0375,0.9625,0.8810068649885583,705,400,False
model,0.12,0.2,3.5,0.2,score_point,0.12624113475177304,0.29075,0.0275,0.9725,0.886104783599089,705,400,False
model,0.07,0.3,2.5,0.2,score_point,0.12624113475177304,0.3274999999999999,0.0125,0.9875,0.8936651583710407,705,400,False
model,0.06,0.3,3.5,0.2,score_point,0.12624113475177304,0.3399999999999999,0.0125,0.9875,0.8936651583710407,705,400,False
model,0.6,0.2,1.0,0.2,score_point,0.12624113475177304,0.3440000000000001,0.18,0.82,0.802937576499388,705,400,False
model,0.61,0.2,1.0,0.2,score_point,0.12624113475177304,0.3520000000000001,0.19,0.81,0.7970479704797048,705,400,False
model,0.62,0.2,1.0,0.2,score_point,0.12624113475177304,0.36,0.2,0.8,0.7911001236093944,705,400,False
model,0.63,0.2,1.0,0.2,score_point,0.12624113475177304,0.36400000000000005,0.205,0.795,0.788104089219331,705,400,False
model,0.53,0.3,1.0,0.2,score_point,0.12624113475177304,0.39099999999999996,0.13,0.87,0.8315412186379928,705,400,False
model,0.36,0.4,1.0,0.2,score_point,0.12624113475177304,0.4495,0.0825,0.9175,0.8574766355140186,705,400,False
model,0.37,0.4,1.0,0.2,score_point,0.12624113475177304,0.45100000000000007,0.085,0.915,0.8561403508771931,705,400,False
model,0.38,0.4,1.0,0.2,score_point,0.12624113475177304,0.45400000000000007,0.09,0.91,0.8534583821805394,705,400,False
model,0.2,0.5,1.0,0.2,score_point,0.12624113475177304,0.52125,0.0425,0.9575,0.878440366972477,705,400,False
model,0.03,0.6,1.5,0.2,score_point,0.12624113475177304,0.6067499999999998,0.0075,0.9925,0.8961625282167044,705,400,False
model,0.09,0.6,1.0,0.2,score_point,0.12624113475177304,0.6079999999999999,0.02,0.98,0.8898978433598185,705,400,False
model,0.1,0.6,1.0,0.2,score_point,0.12624113475177304,0.6099999999999999,0.025,0.975,0.8873720136518771,705,400,False
model,0.11,0.2,3.5,0.2,score_point,0.1276595744680851,0.2825,0.025,0.975,0.8863636363636362,705,400,False
model,0.57,0.2,1.0,0.2,score_point,0.1276595744680851,0.326,0.1575,0.8425,0.814993954050786,705,400,False
model,0.58,0.2,1.0,0.2,score_point,0.1276595744680851,0.332,0.165,0.835,0.8106796116504854,705,400,False
model,0.59,0.2,1.0,0.2,score_point,0.1276595744680851,0.33800000000000013,0.1725,0.8275,0.8063337393422655,705,400,False
model,0.19,0.3,1.5,0.2,score_point,0.1276595744680851,0.348,0.04,0.96,0.8787185354691076,705,400,False
model,0.52,0.3,1.0,0.2,score_point,0.1276595744680851,0.39099999999999996,0.13,0.87,0.8305489260143197,705,400,False
model,0.04,0.4,3.5,0.2,score_point,0.1276595744680851,0.42325,0.0075,0.9925,0.895152198421646,705,400,False
model,0.13,0.4,1.5,0.2,score_point,0.1276595744680851,0.433,0.03,0.97,0.8838268792710706,705,400,False
model,0.33,0.4,1.0,0.2,score_point,0.1276595744680851,0.445,0.075,0.925,0.8604651162790697,705,400,False
model,0.34,0.4,1.0,0.2,score_point,0.1276595744680851,0.445,0.075,0.925,0.8604651162790697,705,400,False
model,0.35,0.4,1.0,0.2,score_point,0.1276595744680851,0.44800000000000006,0.08,0.92,0.8578088578088578,705,400,False
model,0.03,0.5,2.0,0.2,score_point,0.1276595744680851,0.51125,0.0075,0.9925,0.895152198421646,705,400,False
model,0.19,0.5,1.0,0.2,score_point,0.1276595744680851,0.52,0.04,0.96,0.8787185354691076,705,400,False
model,0.08,0.6,1.0,0.2,score_point,0.1276595744680851,0.6069999999999999,0.0175,0.9825,0.8901472253680635,705,400,False
model,0.12,0.2,3.0,0.2,score_point,0.12907801418439716,0.277,0.0275,0.9725,0.8840909090909091,705,400,False
model,0.56,0.2,1.0,0.2,score_point,0.12907801418439716,0.322,0.1525,0.8475,0.8168674698795181,705,400,False
model,0.06,0.3,3.0,0.2,score_point,0.12907801418439716,0.33374999999999994,0.0125,0.9875,0.891647855530474,705,400,False
model,0.17,0.3,1.5,0.2,score_point,0.12907801418439716,0.34199999999999997,0.035,0.965,0.8802736602052451,705,400,False
model,0.18,0.3,1.5,0.2,score_point,0.12907801418439716,0.345,0.0375,0.9625,0.8789954337899544,705,400,False
model,0.43,0.3,1.0,0.2,score_point,0.12907801418439716,0.37874999999999986,0.1125,0.8875,0.8392434988179668,705,400,False
model,0.44,0.3,1.0,0.2,score_point,0.12907801418439716,0.37874999999999986,0.1125,0.8875,0.8392434988179668,705,400,False
model,0.45,0.3,1.0,0.2,score_point,0.12907801418439716,0.38049999999999995,0.115,0.885,0.8378698224852071,705,400,False
model,0.46,0.3,1.0,0.2,score_point,0.12907801418439716,0.3822499999999999,0.1175,0.8825,0.8364928909952607,705,400,False
model,0.47,0.3,1.0,0.2,score_point,0.12907801418439716,0.3822499999999999,0.1175,0.8825,0.8364928909952607,705,400,False
model,0.48,0.3,1.0,0.2,score_point,0.12907801418439716,0.3839999999999999,0.12,0.88,0.8351126927639383,705,400,False
model,0.49,0.3,1.0,0.2,score_point,0.12907801418439716,0.38574999999999987,0.1225,0.8775,0.833729216152019,705,400,False
model,0.5,0.3,1.0,0.2,score_point,0.12907801418439716,0.38925,0.1275,0.8725,0.830952380952381,705,400,False
model,0.51,0.3,1.0,0.2,score_point,0.12907801418439716,0.39099999999999996,0.13,0.87,0.8295589988081049,705,400,False
model,0.06,0.4,2.0,0.2,score_point,0.12907801418439716,0.42,0.0125,0.9875,0.891647855530474,705,400,False
model,0.12,0.4,1.5,0.2,score_point,0.12907801418439716,0.43024999999999997,0.0275,0.9725,0.8840909090909091,705,400,False
model,0.29,0.4,1.0,0.2,score_point,0.12907801418439716,0.43450000000000005,0.0575,0.9425,0.868663594470046,705,400,False
model,0.3,0.4,1.0,0.2,score_point,0.12907801418439716,0.43450000000000005,0.0575,0.9425,0.868663594470046,705,400,False
model,0.31,0.4,1.0,0.2,score_point,0.12907801418439716,0.4375,0.0625,0.9375,0.8660508083140878,705,400,False
model,0.32,0.4,1.0,0.2,score_point,0.12907801418439716,0.43900000000000006,0.065,0.935,0.8647398843930637,705,400,False
model,0.05,0.5,1.5,0.2,score_point,0.12907801418439716,0.5125,0.0125,0.9875,0.891647855530474,705,400,False
model,0.17,0.5,1.0,0.2,score_point,0.12907801418439716,0.5175,0.035,0.965,0.8802736602052451,705,400,False
model,0.18,0.5,1.0,0.2,score_point,0.12907801418439716,0.51875,0.0375,0.9625,0.8789954337899544,705,400,False
model,0.23,0.2,1.5,0.2,score_point,0.13049645390070921,0.25850000000000006,0.045,0.955,0.8741418764302059,705,400,True
model,0.13,0.2,2.5,0.2,score_point,0.13049645390070921,0.2690000000000001,0.03,0.97,0.8818181818181818,705,400,False
model,0.11,0.2,3.0,0.2,score_point,0.13049645390070921,0.27,0.025,0.975,0.8843537414965986,705,400,False
model,0.1,0.2,3.5,0.2,score_point,0.13049645390070921,0.2825,0.025,0.975,0.8843537414965986,705,400,False
model,0.55,0.2,1.0,0.2,score_point,0.13049645390070921,0.32,0.15,0.85,0.8173076923076923,705,400,False
model,0.08,0.3,2.0,0.2,score_point,0.13049645390070921,0.32974999999999993,0.0175,0.9825,0.888135593220339,705,400,False
model,0.4,0.3,1.0,0.2,score_point,0.13049645390070921,0.36649999999999994,0.095,0.905,0.8477751756440282,705,400,False
model,0.41,0.3,1.0,0.2,score_point,0.13049645390070921,0.37174999999999997,0.1025,0.8975,0.8437132784958872,705,400,False
model,0.42,0.3,1.0,0.2,score_point,0.13049645390070921,0.37874999999999986,0.1125,0.8875,0.8382526564344746,705,400,False
model,0.04,0.4,3.0,0.2,score_point,0.13049645390070921,0.41950000000000004,0.0075,0.9925,0.8931383577052868,705,400,False
model,0.11,0.4,1.5,0.2,score_point,0.13049645390070921,0.4275,0.025,0.975,0.8843537414965986,705,400,False
model,0.02,0.5,2.5,0.2,score_point,0.13049645390070921,0.515,0.0075,0.9925,0.8931383577052868,705,400,False
model,0.02,0.6,1.5,0.2,score_point,0.13049645390070921,0.6067499999999998,0.0075,0.9925,0.8931383577052868,705,400,False
model,0.01,0.7,1.0,0.2,score_point,0.13049645390070921,0.7015,0.005,0.995,0.89438202247191,705,400,False
model,0.22,0.2,1.5,0.2,score_point,0.13191489361702127,0.25850000000000006,0.045,0.955,0.8731428571428571,705,400,False
model,0.15,0.2,2.0,0.2,score_point,0.13191489361702127,0.26300000000000007,0.035,0.965,0.8782707622298065,705,400,False
model,0.16,0.2,2.0,0.2,score_point,0.13191489361702127,0.26300000000000007,0.035,0.965,0.8782707622298065,705,400,False
model,0.54,0.2,1.0,0.2,score_point,0.13191489361702127,0.31600000000000006,0.145,0.855,0.8191616766467066,705,400,False
model,0.15,0.3,1.5,0.2,score_point,0.13191489361702127,0.34199999999999997,0.035,0.965,0.8782707622298065,705,400,False
model,0.16,0.3,1.5,0.2,score_point,0.13191489361702127,0.34199999999999997,0.035,0.965,0.8782707622298065,705,400,False
model,0.39,0.3,1.0,0.2,score_point,0.13191489361702127,0.36649999999999994,0.095,0.905,0.8467836257309941,705,400,False
model,0.1,0.4,1.5,0.2,score_point,0.13191489361702127,0.4275,0.025,0.975,0.8833522083805209,705,400,False
model,0.15,0.5,1.0,0.2,score_point,0.13191489361702127,0.5175,0.035,0.965,0.8782707622298065,705,400,False
model,0.16,0.5,1.0,0.2,score_point,0.13191489361702127,0.5175,0.035,0.965,0.8782707622298065,705,400,False
model,0.07,0.6,1.0,0.2,score_point,0.13191489361702127,0.6049999999999999,0.0125,0.9875,0.8896396396396397,705,400,False
model,0.0,0.8,1.0,0.2,score_point,0.13191489361702127,0.8,0.0,1.0,0.8958566629339305,705,400,False
model,0.0,0.8,1.5,0.2,score_point,0.13191489361702127,0.8,0.0,1.0,0.8958566629339305,705,400,False
model,0.0,0.8,2.0,0.2,score_point,0.13191489361702127,0.8,0.0,1.0,0.8958566629339305,705,400,False
model,0.0,0.8,2.5,0.2,score_point,0.13191489361702127,0.8,0.0,1.0,0.8958566629339305,705,400,False
model,0.0,0.8,3.0,0.2,score_point,0.13191489361702127,0.8,0.0,1.0,0.8958566629339305,705,400,False
model,0.0,0.8,3.5,0.2,score_point,0.13191489361702127,0.8,0.0,1.0,0.8958566629339305,705,400,False
model,0.09,0.2,3.5,0.2,score_point,0.13333333333333333,0.266,0.02,0.98,0.8848758465011287,705,400,False
model,0.1,0.2,3.0,0.2,score_point,0.13333333333333333,0.27,0.025,0.975,0.8823529411764706,705,400,False
model,0.14,0.3,1.5,0.2,score_point,0.13333333333333333,0.3389999999999999,0.0325,0.9675,0.8785471055618614,705,400,False
model,0.36,0.3,1.0,0.2,score_point,0.13333333333333333,0.3577499999999999,0.0825,0.9175,0.8524970963995353,705,400,False
model,0.37,0.3,1.0,0.2,score_point,0.13333333333333333,0.35949999999999993,0.085,0.915,0.8511627906976743,705,400,False
model,0.38,0.3,1.0,0.2,score_point,0.13333333333333333,0.363,0.09,0.91,0.8484848484848485,705,400,False
model,0.09,0.4,1.5,0.2,score_point,0.13333333333333333,0.42200000000000004,0.02,0.98,0.8848758465011287,705,400,False
model,0.28,0.4,1.0,0.2,score_point,0.13333333333333333,0.43450000000000005,0.0575,0.9425,0.8656716417910448,705,400,False
model,0.14,0.5,1.0,0.2,score_point,0.13333333333333333,0.51625,0.0325,0.9675,0.8785471055618614,705,400,False
model,0.01,0.6,2.0,0.2,score_point,0.13333333333333333,0.6069999999999999,0.005,0.995,0.8923766816143498,705,400,False
model,0.21,0.2,1.5,0.2,score_point,0.1347517730496454,0.25525000000000003,0.0425,0.9575,0.8724373576309795,705,400,True
model,0.14,0.2,2.0,0.2,score_point,0.1347517730496454,0.25850000000000006,0.0325,0.9675,0.8775510204081632,705,400,False
model,0.12,0.2,2.5,0.2,score_point,0.1347517730496454,0.26325000000000004,0.0275,0.9725,0.8800904977375565,705,400,False
model,0.53,0.2,1.0,0.2,score_point,0.1347517730496454,0.30400000000000005,0.13,0.87,0.8256227758007118,705,400,False
model,0.06,0.3,2.5,0.2,score_point,0.1347517730496454,0.3274999999999999,0.0125,0.9875,0.8876404494382023,705,400,False
model,0.33,0.3,1.0,0.2,score_point,0.1347517730496454,0.3524999999999999,0.075,0.925,0.8554913294797687,705,400,False
model,0.34,0.3,1.0,0.2,score_point,0.1347517730496454,0.3524999999999999,0.075,0.925,0.8554913294797687,705,400,False
model,0.35,0.3,1.0,0.2,score_point,0.1347517730496454,0.35599999999999987,0.08,0.92,0.8528389339513325,705,400,False
model,0.05,0.4,2.0,0.2,score_point,0.1347517730496454,0.42,0.0125,0.9875,0.8876404494382023,705,400,False
model,0.13,0.5,1.0,0.2,score_point,0.1347517730496454,0.515,0.03,0.97,0.8788221970554925,705,400,False
model,0.09,0.2,3.0,0.2,score_point,0.13617021276595745,0.256,0.02,0.98,0.882882882882883,705,400,False
model,0.11,0.2,2.5,0.2,score_point,0.13617021276595745,0.2575,0.025,0.975,0.8803611738148984,705,400,False
model,0.52,0.2,1.0,0.2,score_point,0.13617021276595745,0.30400000000000005,0.13,0.87,0.8246445497630331,705,400,False
model,0.07,0.3,2.0,0.2,score_point,0.13617021276595745,0.3212499999999999,0.0125,0.9875,0.8866442199775534,705,400,False
model,0.05,0.3,3.5,0.2,score_point,0.13617021276595745,0.3399999999999999,0.0125,0.9875,0.8866442199775534,705,400,False
model,0.29,0.3,1.0,0.2,score_point,0.13617021276595745,0.34024999999999994,0.0575,0.9425,0.8636884306987399,705,400,False
model,0.3,0.3,1.0,0.2,score_point,0.13617021276595745,0.34024999999999994,0.0575,0.9425,0.8636884306987399,705,400,False
model,0.31,0.3,1.0,0.2,score_point,0.13617021276595745,0.34374999999999994,0.0625,0.9375,0.8610792192881745,705,400,False
model,0.32,0.3,1.0,0.2,score_point,0.13617021276595745,0.3454999999999999,0.065,0.935,0.8597701149425288,705,400,False
model,0.04,0.4,2.5,0.2,score_point,0.13617021276595745,0.41575,0.0075,0.9925,0.889137737961926,705,400,False
model,0.27,0.4,1.0,0.2,score_point,0.13617021276595745,0.43450000000000005,0.0575,0.9425,0.8636884306987399,705,400,False
model,0.11,0.5,1.0,0.2,score_point,0.13617021276595745,0.5125,0.025,0.975,0.8803611738148984,705,400,False
model,0.12,0.5,1.0,0.2,score_point,0.13617021276595745,0.51375,0.0275,0.9725,0.8790960451977402,705,400,False
model,0.48,0.2,1.0,0.2,score_point,0.1375886524822695,0.29600000000000004,0.12,0.88,0.8292108362779741,705,400,False
model,0.49,0.2,1.0,0.2,score_point,0.1375886524822695,0.29800000000000004,0.1225,0.8775,0.8278301886792453,705,400,False
model,0.5,0.2,1.0,0.2,score_point,0.1375886524822695,0.30200000000000005,0.1275,0.8725,0.8250591016548464,705,400,False
model,0.51,0.2,1.0,0.2,score_point,0.1375886524822695,0.30400000000000005,0.13,0.87,0.8236686390532544,705,400,False
model,0.13,0.3,1.5,0.2,score_point,0.1375886524822695,0.33599999999999997,0.03,0.97,0.8768361581920904,705,400,False
model,0.08,0.4,1.5,0.2,score_point,0.1375886524822695,0.41924999999999996,0.0175,0.9825,0.8831460674157303,705,400,False
model,0.24,0.4,1.0,0.2,score_point,0.1375886524822695,0.43,0.05,0.95,0.8665906499429875,705,400,False
model,0.25,0.4,1.0,0.2,score_point,0.1375886524822695,0.43150000000000005,0.0525,0.9475,0.865296803652968,705,400,False
model,0.26,0.4,1.0,0.2,score_point,0.1375886524822695,0.43300000000000005,0.055,0.945,0.864,705,400,False
model,0.04,0.5,1.5,0.2,score_point,0.1375886524822695,0.5075,0.0075,0.9925,0.8881431767337807,705,400,False
model,0.09,0.5,1.0,0.2,score_point,0.1375886524822695,0.51,0.02,0.98,0.8818897637795274,705,400,False
model,0.1,0.5,1.0,0.2,score_point,0.1375886524822695,0.5125,0.025,0.975,0.879368658399098,705,400,False
model,0.06,0.6,1.0,0.2,score_point,0.1375886524822695,0.6049999999999999,0.0125,0.9875,0.8856502242152466,705,400,False
model,0.2,0.2,1.5,0.2,score_point,0.13900709219858157,0.25525000000000003,0.0425,0.9575,0.8694665153234961,705,400,False
model,0.1,0.2,2.5,0.2,score_point,0.13900709219858157,0.2575,0.025,0.975,0.8783783783783784,705,400,False
model,0.46,0.2,1.0,0.2,score_point,0.13900709219858157,0.29400000000000004,0.1175,0.8825,0.8296122209165687,705,400,False
model,0.47,0.2,1.0,0.2,score_point,0.13900709219858157,0.29400000000000004,0.1175,0.8825,0.8296122209165687,705,400,False
model,0.12,0.3,1.5,0.2,score_point,0.13900709219858157,0.33299999999999996,0.0275,0.9725,0.8771138669673055,705,400,False
model,0.05,0.3,3.0,0.2,score_point,0.13900709219858157,0.33374999999999994,0.0125,0.9875,0.8846584546472565,705,400,False
model,0.05,0.6,1.0,0.2,score_point,0.13900709219858157,0.6049999999999999,0.0125,0.9875,0.8846584546472565,705,400,False
model,0.13,0.2,2.0,0.2,score_point,0.14042553191489363,0.25400000000000006,0.03,0.97,0.874859075535513,705,400,True
model,0.43,0.2,1.0,0.2,score_point,0.14042553191489363,0.2900000000000001,0.1125,0.8875,0.8313817330210772,705,400,False
model,0.44,0.2,1.0,0.2,score_point,0.14042553191489363,0.2900000000000001,0.1125,0.8875,0.8313817330210772,705,400,False
model,0.45,0.2,1.0,0.2,score_point,0.14042553191489363,0.29200000000000004,0.115,0.885,0.8300117233294256,705,400,False
model,0.11,0.3,1.5,0.2,score_point,0.14042553191489363,0.3299999999999999,0.025,0.975,0.8773903262092239,705,400,False
model,0.28,0.3,1.0,0.2,score_point,0.14042553191489363,0.34024999999999994,0.0575,0.9425,0.860730593607306,705,400,False
model,0.22,0.4,1.0,0.2,score_point,0.14042553191489363,0.42700000000000005,0.045,0.955,0.8671963677639047,705,400,False
model,0.23,0.4,1.0,0.2,score_point,0.14042553191489363,0.42700000000000005,0.045,0.955,0.8671963677639047,705,400,False
model,0.02,0.5,2.0,0.2,score_point,0.14042553191489363,0.51125,0.0075,0.9925,0.8861607142857143,705,400,False
model,0.09,0.2,2.5,0.2,score_point,0.14184397163120568,0.24600000000000002,0.02,0.98,0.8789237668161434,705,400,True
model,0.4,0.2,1.0,0.2,score_point,0.14184397163120568,0.276,0.095,0.905,0.839907192575406,705,400,False
model,0.41,0.2,1.0,0.2,score_point,0.14184397163120568,0.28200000000000003,0.1025,0.8975,0.8358556461001163,705,400,False
model,0.42,0.2,1.0,0.2,score_point,0.14184397163120568,0.2900000000000001,0.1125,0.8875,0.8304093567251462,705,400,False
model,0.1,0.3,1.5,0.2,score_point,0.14184397163120568,0.3299999999999999,0.025,0.975,0.8764044943820225,705,400,False
model,0.07,0.4,1.5,0.2,score_point,0.14184397163120568,0.41375,0.0125,0.9875,0.88268156424581,705,400,False
model,0.03,0.4,3.5,0.2,score_point,0.14184397163120568,0.42325,0.0075,0.9925,0.8851727982162765,705,400,False
model,0.21,0.4,1.0,0.2,score_point,0.14184397163120568,0.4255,0.0425,0.9575,0.8674971687429219,705,400,False
model,0.08,0.5,1.0,0.2,score_point,0.14184397163120568,0.50875,0.0175,0.9825,0.8801791713325867,705,400,False
model,0.08,0.2,3.5,0.2,score_point,0.14326241134751774,0.25775000000000003,0.0175,0.9825,0.8791946308724832,705,400,False
model,0.27,0.3,1.0,0.2,score_point,0.14326241134751774,0.34024999999999994,0.0575,0.9425,0.8587699316628702,705,400,False
model,0.12,0.2,2.0,0.2,score_point,0.14468085106382977,0.24950000000000003,0.0275,0.9725,0.8731762065095399,705,400,False
model,0.19,0.2,1.5,0.2,score_point,0.14468085106382977,0.252,0.04,0.96,0.8668171557562077,705,400,False
model,0.39,0.2,1.0,0.2,score_point,0.14468085106382977,0.276,0.095,0.905,0.837962962962963,705,400,False
model,0.06,0.3,2.0,0.2,score_point,0.14468085106382977,0.3212499999999999,0.0125,0.9875,0.8807134894091416,705,400,False
model,0.09,0.3,1.5,0.2,score_point,0.14468085106382977,0.3239999999999999,0.02,0.98,0.8769574944071589,705,400,False
model,0.05,0.3,2.5,0.2,score_point,0.14468085106382977,0.3274999999999999,0.0125,0.9875,0.8807134894091416,705,400,False
model,0.24,0.3,1.0,0.2,score_point,0.14468085106382977,0.335,0.05,0.95,0.8616780045351472,705,400,False
model,0.25,0.3,1.0,0.2,score_point,0.14468085106382977,0.33675,0.0525,0.9475,0.8603859250851305,705,400,False
model,0.26,0.3,1.0,0.2,score_point,0.14468085106382977,0.33849999999999997,0.055,0.945,0.859090909090909,705,400,False
model,0.03,0.4,3.0,0.2,score_point,0.14468085106382977,0.41950000000000004,0.0075,0.9925,0.8832035595105673,705,400,False
model,0.2,0.4,1.0,0.2,score_point,0.14468085106382977,0.4255,0.0425,0.9575,0.8655367231638419,705,400,False
model,0.03,0.5,1.5,0.2,score_point,0.14468085106382977,0.5075,0.0075,0.9925,0.8832035595105673,705,400,False
model,0.04,0.6,1.0,0.2,score_point,0.14468085106382977,0.6029999999999999,0.0075,0.9925,0.8832035595105673,705,400,False
model,0.01,0.6,1.5,0.2,score_point,0.14468085106382977,0.6044999999999999,0.005,0.995,0.8844444444444446,705,400,False
model,0.11,0.2,2.0,0.2,score_point,0.14609929078014183,0.245,0.025,0.975,0.8734602463605823,705,400,True
model,0.17,0.2,1.5,0.2,score_point,0.14609929078014183,0.24550000000000005,0.035,0.965,0.8683914510686165,705,400,False
model,0.18,0.2,1.5,0.2,score_point,0.14609929078014183,0.24875000000000003,0.0375,0.9625,0.867117117117117,705,400,False
model,0.08,0.2,3.0,0.2,score_point,0.14609929078014183,0.24900000000000003,0.0175,0.9825,0.8772321428571429,705,400,False
model,0.36,0.2,1.0,0.2,score_point,0.14609929078014183,0.266,0.0825,0.9175,0.8436781609195402,705,400,False
model,0.37,0.2,1.0,0.2,score_point,0.14609929078014183,0.268,0.085,0.915,0.8423475258918298,705,400,False
model,0.38,0.2,1.0,0.2,score_point,0.14609929078014183,0.272,0.09,0.91,0.839677047289504,705,400,False
model,0.04,0.4,2.0,0.2,score_point,0.14609929078014183,0.41200000000000003,0.0075,0.9925,0.8822222222222222,705,400,False
model,0.19,0.4,1.0,0.2,score_point,0.14609929078014183,0.424,0.04,0.96,0.8658399098083427,705,400,False
model,0.07,0.5,1.0,0.2,score_point,0.14609929078014183,0.50625,0.0125,0.9875,0.8797327394209354,705,400,False
model,0.33,0.2,1.0,0.2,score_point,0.1475177304964539,0.26,0.075,0.925,0.8466819221967964,705,400,False
model,0.34,0.2,1.0,0.2,score_point,0.1475177304964539,0.26,0.075,0.925,0.8466819221967964,705,400,False
model,0.35,0.2,1.0,0.2,score_point,0.1475177304964539,0.26400000000000007,0.08,0.92,0.8440366972477064,705,400,False
model,0.22,0.3,1.0,0.2,score_point,0.1475177304964539,0.3314999999999999,0.045,0.955,0.8623024830699774,705,400,False
model,0.23,0.3,1.0,0.2,score_point,0.1475177304964539,0.3314999999999999,0.045,0.955,0.8623024830699774,705,400,False
model,0.17,0.4,1.0,0.2,score_point,0.1475177304964539,0.42099999999999993,0.035,0.965,0.8674157303370786,705,400,False
model,0.18,0.4,1.0,0.2,score_point,0.1475177304964539,0.4225,0.0375,0.9625,0.8661417322834645,705,400,False
model,0.07,0.2,3.5,0.2,score_point,0.14893617021276595,0.24125,0.0125,0.9875,0.8777777777777778,705,400,True
model,0.1,0.2,2.0,0.2,score_point,0.14893617021276595,0.245,0.025,0.975,0.8715083798882681,705,400,False
model,0.29,0.2,1.0,0.2,score_point,0.14893617021276595,0.24600000000000002,0.0575,0.9425,0.8548752834467119,705,400,False
model,0.3,0.2,1.0,0.2,score_point,0.14893617021276595,0.24600000000000002,0.0575,0.9425,0.8548752834467119,705,400,False
model,0.31,0.2,1.0,0.2,score_point,0.14893617021276595,0.25,0.0625,0.9375,0.8522727272727273,705,400,False
model,0.32,0.2,1.0,0.2,score_point,0.14893617021276595,0.252,0.065,0.935,0.850967007963595,705,400,False
model,0.21,0.3,1.0,0.2,score_point,0.14893617021276595,0.32974999999999993,0.0425,0.9575,0.8626126126126127,705,400,False
model,0.06,0.4,1.5,0.2,score_point,0.14893617021276595,0.41375,0.0125,0.9875,0.8777777777777778,705,400,False
model,0.01,0.5,3.5,0.2,score_point,0.14893617021276595,0.515,0.005,0.995,0.8815060908084164,705,400,False
model,0.08,0.3,1.5,0.2,score_point,0.150354609929078,0.32099999999999995,0.0175,0.9825,0.874304783092325,705,400,False
model,0.03,0.4,2.5,0.2,score_point,0.150354609929078,0.41575,0.0075,0.9925,0.8792912513842748,705,400,False
model,0.15,0.4,1.0,0.2,score_point,0.150354609929078,0.42099999999999993,0.035,0.965,0.8654708520179373,705,400,False
model,0.16,0.4,1.0,0.2,score_point,0.150354609929078,0.42099999999999993,0.035,0.965,0.8654708520179373,705,400,False
model,0.01,0.5,3.0,0.2,score_point,0.150354609929078,0.5125,0.005,0.995,0.8805309734513274,705,400,False
model,0.03,0.6,1.0,0.2,score_point,0.150354609929078,0.6029999999999999,0.0075,0.9925,0.8792912513842748,705,400,False
model,0.07,0.2,3.0,0.2,score_point,0.15177304964539007,0.235,0.0125,0.9875,0.8758314855875831,705,400,True
model,0.09,0.2,2.0,0.2,score_point,0.15177304964539007,0.23600000000000002,0.02,0.98,0.8720800889877642,705,400,False
model,0.08,0.2,2.5,0.2,score_point,0.15177304964539007,0.24025000000000002,0.0175,0.9825,0.8733333333333334,705,400,False
model,0.15,0.2,1.5,0.2,score_point,0.15177304964539007,0.24550000000000005,0.035,0.965,0.8645016797312429,705,400,False
model,0.16,0.2,1.5,0.2,score_point,0.15177304964539007,0.24550000000000005,0.035,0.965,0.8645016797312429,705,400,False
model,0.14,0.4,1.0,0.2,score_point,0.15177304964539007,0.41950000000000004,0.0325,0.9675,0.865771812080537,705,400,False
model,0.06,0.5,1.0,0.2,score_point,0.15177304964539007,0.50625,0.0125,0.9875,0.8758314855875831,705,400,False
model,0.28,0.2,1.0,0.2,score_point,0.15319148936170213,0.24600000000000002,0.0575,0.9425,0.8519774011299435,705,400,False
model,0.2,0.3,1.0,0.2,score_point,0.15319148936170213,0.32974999999999993,0.0425,0.9575,0.8597081930415263,705,400,False
model,0.05,0.4,1.5,0.2,score_point,0.15319148936170213,0.41375,0.0125,0.9875,0.8748615725359912,705,400,False
model,0.14,0.2,1.5,0.2,score_point,0.15460992907801419,0.24225000000000002,0.0325,0.9675,0.8638392857142857,705,400,False
model,0.05,0.3,2.0,0.2,score_point,0.15460992907801419,0.3212499999999999,0.0125,0.9875,0.8738938053097345,705,400,False
model,0.04,0.3,3.5,0.2,score_point,0.15460992907801419,0.3239999999999999,0.0075,0.9925,0.8763796909492274,705,400,False
model,0.13,0.4,1.0,0.2,score_point,0.15460992907801419,0.418,0.03,0.97,0.8651059085841695,705,400,False
model,0.05,0.5,1.0,0.2,score_point,0.15460992907801419,0.50625,0.0125,0.9875,0.8738938053097345,705,400,False
model,0.02,0.5,1.5,0.2,score_point,0.15460992907801419,0.5075,0.0075,0.9925,0.8763796909492274,705,400,False
model,0.02,0.6,1.0,0.2,score_point,0.15460992907801419,0.6029999999999999,0.0075,0.9925,0.8763796909492274,705,400,False
model,0.27,0.2,1.0,0.2,score_point,0.15602836879432624,0.24600000000000002,0.0575,0.9425,0.8500563697857948,705,400,False
model,0.07,0.3,1.5,0.2,score_point,0.15602836879432624,0.31499999999999995,0.0125,0.9875,0.8729281767955802,705,400,False
model,0.19,0.3,1.0,0.2,score_point,0.15602836879432624,0.32799999999999996,0.04,0.96,0.8590604026845639,705,400,False
model,0.12,0.4,1.0,0.2,score_point,0.15602836879432624,0.4165,0.0275,0.9725,0.8654060066740822,705,400,False
model,0.01,0.5,2.5,0.2,score_point,0.15602836879432624,0.51,0.005,0.995,0.8766519823788547,705,400,False
model,0.07,0.2,2.5,0.2,score_point,0.1574468085106383,0.22875,0.0125,0.9875,0.8719646799116999,705,400,True
model,0.24,0.2,1.0,0.2,score_point,0.1574468085106383,0.24000000000000005,0.05,0.95,0.8529741863075195,705,400,False
model,0.06,0.2,3.5,0.2,score_point,0.1574468085106383,0.24125,0.0125,0.9875,0.8719646799116999,705,400,False
model,0.25,0.2,1.0,0.2,score_point,0.1574468085106383,0.24200000000000002,0.0525,0.9475,0.851685393258427,705,400,False
model,0.26,0.2,1.0,0.2,score_point,0.1574468085106383,0.24400000000000002,0.055,0.945,0.8503937007874016,705,400,False
model,0.04,0.3,3.0,0.2,score_point,0.1574468085106383,0.3202499999999999,0.0075,0.9925,0.8744493392070486,705,400,False
model,0.17,0.3,1.0,0.2,score_point,0.1574468085106383,0.32449999999999996,0.035,0.965,0.8606465997770346,705,400,False
model,0.18,0.3,1.0,0.2,score_point,0.1574468085106383,0.32625,0.0375,0.9625,0.8593750000000001,705,400,False
model,0.11,0.4,1.0,0.2,score_point,0.1574468085106383,0.415,0.025,0.975,0.8657047724750278,705,400,False
model,0.1,0.4,1.0,0.2,score_point,0.15886524822695036,0.415,0.025,0.975,0.8647450110864746,705,400,False
model,0.06,0.2,3.0,0.2,score_point,0.16028368794326242,0.235,0.0125,0.9875,0.8700440528634361,705,400,False
model,0.13,0.2,1.5,0.2,score_point,0.16028368794326242,0.23900000000000002,0.03,0.97,0.8612652608213096,705,400,False
model,0.15,0.3,1.0,0.2,score_point,0.16028368794326242,0.32449999999999996,0.035,0.965,0.8587319243604005,705,400,False
model,0.16,0.3,1.0,0.2,score_point,0.16028368794326242,0.32449999999999996,0.035,0.965,0.8587319243604005,705,400,False
model,0.09,0.4,1.0,0.2,score_point,0.16028368794326242,0.412,0.02,0.98,0.8662983425414365,705,400,False
model,0.03,0.4,2.0,0.2,score_point,0.16028368794326242,0.41200000000000003,0.0075,0.9925,0.8725274725274725,705,400,False
model,0.02,0.4,3.5,0.2,score_point,0.16028368794326242,0.42325,0.0075,0.9925,0.8725274725274725,705,400,False
model,0.08,0.2,2.0,0.2,score_point,0.16170212765957448,0.2315,0.0175,0.9825,0.8665931642778391,705,400,False
model,0.22,0.2,1.0,0.2,score_point,0.16170212765957448,0.23600000000000002,0.045,0.955,0.8526785714285714,705,400,False
model,0.23,0.2,1.0,0.2,score_point,0.16170212765957448,0.23600000000000002,0.045,0.955,0.8526785714285714,705,400,False
model,0.14,0.3,1.0,0.2,score_point,0.16170212765957448,0.3227499999999999,0.0325,0.9675,0.8590455049944505,705,400,False
model,0.21,0.2,1.0,0.2,score_point,0.16312056737588654,0.234,0.0425,0.9575,0.8530066815144767,705,400,False
model,0.04,0.3,2.5,0.2,score_point,0.16312056737588654,0.3164999999999999,0.0075,0.9925,0.8706140350877193,705,400,False
model,0.02,0.4,3.0,0.2,score_point,0.16312056737588654,0.41950000000000004,0.0075,0.9925,0.8706140350877193,705,400,False
model,0.04,0.5,1.0,0.2,score_point,0.16312056737588654,0.50375,0.0075,0.9925,0.8706140350877193,705,400,False
model,0.0,0.7,1.0,0.2,score_point,0.16312056737588654,0.7,0.0,1.0,0.8743169398907104,705,400,False
model,0.0,0.7,1.5,0.2,score_point,0.16312056737588654,0.7,0.0,1.0,0.8743169398907104,705,400,False
model,0.0,0.7,2.0,0.2,score_point,0.16312056737588654,0.7,0.0,1.0,0.8743169398907104,705,400,False
model,0.0,0.7,2.5,0.2,score_point,0.16312056737588654,0.7,0.0,1.0,0.8743169398907104,705,400,False
model,0.0,0.7,3.0,0.2,score_point,0.16312056737588654,0.7,0.0,1.0,0.8743169398907104,705,400,False
model,0.0,0.7,3.5,0.2,score_point,0.16312056737588654,0.7,0.0,1.0,0.8743169398907104,705,400,False
model,0.12,0.2,1.5,0.2,score_point,0.16453900709219857,0.23575000000000002,0.0275,0.9725,0.8596685082872929,705,400,False
model,0.06,0.3,1.5,0.2,score_point,0.16453900709219857,0.31499999999999995,0.0125,0.9875,0.8671789242590561,705,400,False
model,0.13,0.3,1.0,0.2,score_point,0.16453900709219857,0.32099999999999995,0.03,0.97,0.8584070796460176,705,400,False
model,0.04,0.4,1.5,0.2,score_point,0.16453900709219857,0.40825,0.0075,0.9925,0.8696604600219059,705,400,False
model,0.08,0.4,1.0,0.2,score_point,0.16453900709219857,0.4105,0.0175,0.9825,0.8646864686468647,705,400,False
model,0.01,0.5,2.0,0.2,score_point,0.16453900709219857,0.5075,0.005,0.995,0.8708971553610503,705,400,False
model,0.06,0.2,2.5,0.2,score_point,0.16595744680851063,0.22875,0.0125,0.9875,0.8662280701754386,705,400,False
model,0.11,0.2,1.5,0.2,score_point,0.16595744680851063,0.2325,0.025,0.975,0.8599779492833517,705,400,False
model,0.12,0.3,1.0,0.2,score_point,0.16595744680851063,0.3192499999999999,0.0275,0.9725,0.8587196467991172,705,400,False
model,0.01,0.6,1.0,0.2,score_point,0.16595744680851063,0.6019999999999999,0.005,0.995,0.8699453551912568,705,400,False
model,0.07,0.2,2.0,0.2,score_point,0.1673758865248227,0.2225,0.0125,0.9875,0.8652792990142388,705,400,True
model,0.2,0.2,1.0,0.2,score_point,0.1673758865248227,0.234,0.0425,0.9575,0.8501664816870145,705,400,False
model,0.11,0.3,1.0,0.2,score_point,0.1673758865248227,0.31749999999999995,0.025,0.975,0.8590308370044053,705,400,False
model,0.1,0.2,1.5,0.2,score_point,0.16879432624113475,0.2325,0.025,0.975,0.8580858085808579,705,400,False
model,0.1,0.3,1.0,0.2,score_point,0.16879432624113475,0.31749999999999995,0.025,0.975,0.8580858085808579,705,400,False
model,0.07,0.4,1.0,0.2,score_point,0.16879432624113475,0.4075,0.0125,0.9875,0.8643326039387308,705,400,False
model,0.02,0.4,2.5,0.2,score_point,0.16879432624113475,0.41575,0.0075,0.9925,0.8668122270742358,705,400,False
model,0.03,0.5,1.0,0.2,score_point,0.16879432624113475,0.50375,0.0075,0.9925,0.8668122270742358,705,400,False
model,0.09,0.2,1.5,0.2,score_point,0.17163120567375886,0.226,0.02,0.98,0.8587075575027382,705,400,False
model,0.09,0.3,1.0,0.2,score_point,0.17163120567375886,0.31399999999999995,0.02,0.98,0.8587075575027382,705,400,False
model,0.19,0.2,1.0,0.2,score_point,0.17304964539007092,0.23200000000000004,0.04,0.96,0.8476821192052979,705,400,False
model,0.05,0.2,3.5,0.2,score_point,0.17304964539007092,0.24125,0.0125,0.9875,0.861504907306434,705,400,False
model,0.04,0.3,2.0,0.2,score_point,0.17304964539007092,0.3127499999999999,0.0075,0.9925,0.8639825897714908,705,400,False
model,0.05,0.3,1.5,0.2,score_point,0.17304964539007092,0.31499999999999995,0.0125,0.9875,0.861504907306434,705,400,False
model,0.17,0.2,1.0,0.2,score_point,0.17446808510638298,0.228,0.035,0.965,0.8492849284928493,705,400,False
model,0.18,0.2,1.0,0.2,score_point,0.17446808510638298,0.23,0.0375,0.9625,0.8480176211453745,705,400,False
model,0.06,0.2,2.0,0.2,score_point,0.17588652482269504,0.2225,0.0125,0.9875,0.8596300326441785,705,400,False
model,0.05,0.2,3.0,0.2,score_point,0.17588652482269504,0.235,0.0125,0.9875,0.8596300326441785,705,400,False
model,0.03,0.3,3.5,0.2,score_point,0.17588652482269504,0.3239999999999999,0.0075,0.9925,0.8621064060803474,705,400,False
model,0.06,0.4,1.0,0.2,score_point,0.17588652482269504,0.4075,0.0125,0.9875,0.8596300326441785,705,400,False
model,0.01,0.5,1.5,0.2,score_point,0.17588652482269504,0.505,0.005,0.995,0.8633405639913232,705,400,False
model,0.08,0.3,1.0,0.2,score_point,0.1773049645390071,0.3122499999999999,0.0175,0.9825,0.8562091503267973,705,400,False
model,0.03,0.4,1.5,0.2,score_point,0.1773049645390071,0.40825,0.0075,0.9925,0.86117136659436,705,400,False
model,0.03,0.3,3.0,0.2,score_point,0.17872340425531916,0.3202499999999999,0.0075,0.9925,0.8602383531960996,705,400,False
model,0.05,0.4,1.0,0.2,score_point,0.17872340425531916,0.4075,0.0125,0.9875,0.8577633007600434,705,400,False
model,0.02,0.4,2.0,0.2,score_point,0.17872340425531916,0.41200000000000003,0.0075,0.9925,0.8602383531960996,705,400,False
model,0.02,0.5,1.0,0.2,score_point,0.17872340425531916,0.50375,0.0075,0.9925,0.8602383531960996,705,400,False
model,0.15,0.2,1.0,0.2,score_point,0.18014184397163122,0.228,0.035,0.965,0.8455640744797371,705,400,False
model,0.16,0.2,1.0,0.2,score_point,0.18014184397163122,0.228,0.035,0.965,0.8455640744797371,705,400,False
model,0.08,0.2,1.5,0.2,score_point,0.18156028368794327,0.22275000000000003,0.0175,0.9825,0.8534201954397393,705,400,False
model,0.05,0.2,2.5,0.2,score_point,0.18156028368794327,0.22875,0.0125,0.9875,0.8559046587215602,705,400,False
model,0.14,0.2,1.0,0.2,score_point,0.1829787234042553,0.226,0.0325,0.9675,0.8449781659388645,705,400,False
model,0.07,0.3,1.0,0.2,score_point,0.1829787234042553,0.3087499999999999,0.0125,0.9875,0.854978354978355,705,400,False
model,0.03,0.3,2.5,0.2,score_point,0.18439716312056736,0.3164999999999999,0.0075,0.9925,0.8565264293419633,705,400,False
model,0.07,0.2,1.5,0.2,score_point,0.18723404255319148,0.21625,0.0125,0.9875,0.8522114347357066,705,400,True
model,0.13,0.2,1.0,0.2,score_point,0.18723404255319148,0.22399999999999998,0.03,0.97,0.8434782608695651,705,400,False
model,0.04,0.4,1.0,0.2,score_point,0.1900709219858156,0.4045,0.0075,0.9925,0.8528464017185822,705,400,False
model,0.12,0.2,1.0,0.2,score_point,0.19148936170212766,0.222,0.0275,0.9725,0.8419913419913421,705,400,False
model,0.05,0.2,2.0,0.2,score_point,0.19148936170212766,0.2225,0.0125,0.9875,0.8494623655913979,705,400,False
model,0.06,0.3,1.0,0.2,score_point,0.19148936170212766,0.3087499999999999,0.0125,0.9875,0.8494623655913979,705,400,False
model,0.04,0.3,1.5,0.2,score_point,0.19148936170212766,0.30899999999999994,0.0075,0.9925,0.851931330472103,705,400,False
model,0.11,0.2,1.0,0.2,score_point,0.19290780141843972,0.22,0.025,0.975,0.8423326133909287,705,400,False
model,0.04,0.2,3.5,0.2,score_point,0.19290780141843972,0.22475,0.0075,0.9925,0.8510182207931405,705,400,False
model,0.02,0.4,1.5,0.2,score_point,0.19290780141843972,0.40825,0.0075,0.9925,0.8510182207931405,705,400,False
model,0.03,0.3,2.0,0.2,score_point,0.19432624113475178,0.3127499999999999,0.0075,0.9925,0.8501070663811564,705,400,False
model,0.06,0.2,1.5,0.2,score_point,0.19574468085106383,0.21625,0.0125,0.9875,0.8467309753483387,705,400,False
model,0.1,0.2,1.0,0.2,score_point,0.19574468085106383,0.22,0.025,0.975,0.8405172413793104,705,400,False
model,0.04,0.2,3.0,0.2,score_point,0.19574468085106383,0.221,0.0075,0.9925,0.8491978609625669,705,400,False
model,0.02,0.3,3.5,0.2,score_point,0.19574468085106383,0.3239999999999999,0.0075,0.9925,0.8491978609625669,705,400,False
model,0.01,0.5,1.0,0.2,score_point,0.1971631205673759,0.5025,0.005,0.995,0.8495197438633938,705,400,False
model,0.09,0.2,1.0,0.2,score_point,0.19858156028368795,0.21600000000000003,0.02,0.98,0.8412017167381973,705,400,True
model,0.05,0.3,1.0,0.2,score_point,0.19858156028368795,0.3087499999999999,0.0125,0.9875,0.8449197860962567,705,400,False
model,0.02,0.3,3.0,0.2,score_point,0.19858156028368795,0.3202499999999999,0.0075,0.9925,0.8473852721451441,705,400,False
model,0.04,0.2,2.5,0.2,score_point,0.20141843971631207,0.21725000000000003,0.0075,0.9925,0.845580404685836,705,400,False
model,0.03,0.4,1.0,0.2,score_point,0.20141843971631207,0.4045,0.0075,0.9925,0.845580404685836,705,400,False
model,0.01,0.4,3.5,0.2,score_point,0.2028368794326241,0.4155,0.005,0.995,0.8459086078639744,705,400,False
model,0.02,0.3,2.5,0.2,score_point,0.20425531914893616,0.3164999999999999,0.0075,0.9925,0.8437832093517535,705,400,False
model,0.01,0.4,3.0,0.2,score_point,0.20425531914893616,0.413,0.005,0.995,0.8450106157112526,705,400,False
model,0.08,0.2,1.0,0.2,score_point,0.20851063829787234,0.214,0.0175,0.9825,0.8361702127659575,705,400,True
model,0.05,0.2,1.5,0.2,score_point,0.2099290780141844,0.21625,0.0125,0.9875,0.8377518557794275,705,400,False
model,0.01,0.4,2.5,0.2,score_point,0.2099290780141844,0.4105,0.005,0.995,0.8414376321353064,705,400,False
model,0.04,0.2,2.0,0.2,score_point,0.21134751773049645,0.21350000000000002,0.0075,0.9925,0.839323467230444,705,400,True
model,0.03,0.3,1.5,0.2,score_point,0.21134751773049645,0.30899999999999994,0.0075,0.9925,0.839323467230444,705,400,False
model,0.07,0.2,1.0,0.2,score_point,0.21418439716312057,0.21,0.0125,0.9875,0.8350951374207188,705,400,True
model,0.02,0.3,2.0,0.2,score_point,0.21418439716312057,0.3127499999999999,0.0075,0.9925,0.8375527426160339,705,400,False
model,0.03,0.2,3.5,0.2,score_point,0.2170212765957447,0.22475,0.0075,0.9925,0.8357894736842105,705,400,False
model,0.04,0.3,1.0,0.2,score_point,0.2170212765957447,0.3052499999999999,0.0075,0.9925,0.8357894736842105,705,400,False
model,0.02,0.4,1.0,0.2,score_point,0.2170212765957447,0.4045,0.0075,0.9925,0.8357894736842105,705,400,False
model,0.0,0.6,1.0,0.2,score_point,0.2170212765957447,0.5999999999999999,0.0,1.0,0.8394543546694648,705,400,False
model,0.0,0.6,1.5,0.2,score_point,0.2170212765957447,0.5999999999999999,0.0,1.0,0.8394543546694648,705,400,False
model,0.0,0.6,2.0,0.2,score_point,0.2170212765957447,0.5999999999999999,0.0,1.0,0.8394543546694648,705,400,False
model,0.0,0.6,2.5,0.2,score_point,0.2170212765957447,0.5999999999999999,0.0,1.0,0.8394543546694648,705,400,False
model,0.0,0.6,3.0,0.2,score_point,0.2170212765957447,0.5999999999999999,0.0,1.0,0.8394543546694648,705,400,False
model,0.0,0.6,3.5,0.2,score_point,0.2170212765957447,0.5999999999999999,0.0,1.0,0.8394543546694648,705,400,False
model,0.01,0.4,2.0,0.2,score_point,0.21843971631205675,0.408,0.005,0.995,0.8361344537815126,705,400,False
model,0.03,0.2,3.0,0.2,score_point,0.2198581560283688,0.221,0.0075,0.9925,0.8340336134453781,705,400,False
model,0.06,0.2,1.0,0.2,score_point,0.2226950354609929,0.21,0.0125,0.9875,0.8298319327731093,705,400,False
model,0.03,0.2,2.5,0.2,score_point,0.225531914893617,0.21725000000000003,0.0075,0.9925,0.8305439330543933,705,400,False
model,0.02,0.3,1.5,0.2,score_point,0.22836879432624113,0.30899999999999994,0.0075,0.9925,0.8288100208768268,705,400,False
model,0.04,0.2,1.5,0.2,score_point,0.2297872340425532,0.20975000000000002,0.0075,0.9925,0.8279457768508863,705,400,True
model,0.01,0.4,1.5,0.2,score_point,0.2297872340425532,0.40549999999999997,0.005,0.995,0.8291666666666667,705,400,False
model,0.05,0.2,1.0,0.2,score_point,0.23546099290780143,0.21,0.0125,0.9875,0.8220603537981269,705,400,False
model,0.03,0.2,2.0,0.2,score_point,0.23546099290780143,0.21350000000000002,0.0075,0.9925,0.8245067497403946,705,400,False
model,0.03,0.3,1.0,0.2,score_point,0.23546099290780143,0.3052499999999999,0.0075,0.9925,0.8245067497403946,705,400,False
model,0.02,0.2,3.5,0.2,score_point,0.2425531914893617,0.22475,0.0075,0.9925,0.8202479338842975,705,400,False
model,0.02,0.2,3.0,0.2,score_point,0.2453900709219858,0.221,0.0075,0.9925,0.8185567010309278,705,400,False
model,0.02,0.2,2.5,0.2,score_point,0.251063829787234,0.21725000000000003,0.0075,0.9925,0.8151950718685831,705,400,False
model,0.01,0.4,1.0,0.2,score_point,0.251063829787234,0.40299999999999997,0.005,0.995,0.8164102564102564,705,400,False
model,0.03,0.2,1.5,0.2,score_point,0.2524822695035461,0.20975000000000002,0.0075,0.9925,0.8143589743589744,705,400,False
model,0.02,0.3,1.0,0.2,score_point,0.2524822695035461,0.3052499999999999,0.0075,0.9925,0.8143589743589744,705,400,False
model,0.04,0.2,1.0,0.2,score_point,0.2553191489361702,0.20600000000000002,0.0075,0.9925,0.8126919140225178,705,400,True
model,0.02,0.2,2.0,0.2,score_point,0.26099290780141843,0.21350000000000002,0.0075,0.9925,0.8093781855249745,705,400,False
model,0.01,0.3,3.5,0.2,score_point,0.2723404255319149,0.31599999999999995,0.005,0.995,0.8040404040404041,705,400,False
model,0.01,0.3,3.0,0.2,score_point,0.27375886524822696,0.31349999999999995,0.005,0.995,0.8032290615539859,705,400,False
model,0.02,0.2,1.5,0.2,score_point,0.275177304964539,0.20975000000000002,0.0075,0.9925,0.8012108980827446,705,400,False
model,0.03,0.2,1.0,0.2,score_point,0.2765957446808511,0.20600000000000002,0.0075,0.9925,0.8004032258064517,705,400,False
model,0.01,0.3,2.5,0.2,score_point,0.2794326241134752,0.31099999999999994,0.005,0.995,0.8,705,400,False
model,0.01,0.3,2.0,0.2,score_point,0.28794326241134754,0.30849999999999994,0.005,0.995,0.7952047952047953,705,400,False
model,0.0,0.5,1.0,0.2,score_point,0.28794326241134754,0.5,0.0,1.0,0.7976071784646062,705,400,False
model,0.0,0.5,1.5,0.2,score_point,0.28794326241134754,0.5,0.0,1.0,0.7976071784646062,705,400,False
model,0.0,0.5,2.0,0.2,score_point,0.28794326241134754,0.5,0.0,1.0,0.7976071784646062,705,400,False
model,0.0,0.5,2.5,0.2,score_point,0.28794326241134754,0.5,0.0,1.0,0.7976071784646062,705,400,False
model,0.0,0.5,3.0,0.2,score_point,0.28794326241134754,0.5,0.0,1.0,0.7976071784646062,705,400,False
model,0.0,0.5,3.5,0.2,score_point,0.28794326241134754,0.5,0.0,1.0,0.7976071784646062,705,400,False
model,0.02,0.2,1.0,0.2,score_point,0.29929078014184396,0.20600000000000002,0.0075,0.9925,0.7876984126984128,705,400,False
model,0.01,0.3,1.5,0.2,score_point,0.29929078014184396,0.30599999999999994,0.005,0.995,0.7888999008919723,705,400,False
model,0.01,0.3,1.0,0.2,score_point,0.32056737588652484,0.30349999999999994,0.005,0.995,0.7773437499999999,705,400,False
model,0.01,0.2,3.5,0.2,score_point,0.35602836879432626,0.2165,0.005,0.995,0.7588179218303147,705,400,False
model,0.01,0.2,3.0,0.2,score_point,0.3574468085106383,0.214,0.005,0.995,0.7580952380952382,705,400,False
model,0.01,0.2,2.5,0.2,score_point,0.36312056737588655,0.2115,0.005,0.995,0.7552182163187857,705,400,False
model,0.01,0.2,2.0,0.2,score_point,0.37163120567375885,0.209,0.005,0.995,0.750943396226415,705,400,False
model,0.01,0.2,1.5,0.2,score_point,0.3829787234042553,0.2065,0.005,0.995,0.745318352059925,705,400,False
model,0.01,0.2,1.0,0.2,score_point,0.40425531914893614,0.204,0.005,0.995,0.7349953831948292,705,400,True
model,0.0,0.4,1.0,0.2,score_point,0.4056737588652482,0.4,0.0,1.0,0.7366482504604052,705,400,False
model,0.0,0.4,1.5,0.2,score_point,0.4056737588652482,0.4,0.0,1.0,0.7366482504604052,705,400,False
model,0.0,0.4,2.0,0.2,score_point,0.4056737588652482,0.4,0.0,1.0,0.7366482504604052,705,400,False
model,0.0,0.4,2.5,0.2,score_point,0.4056737588652482,0.4,0.0,1.0,0.7366482504604052,705,400,False
model,0.0,0.4,3.0,0.2,score_point,0.4056737588652482,0.4,0.0,1.0,0.7366482504604052,705,400,False
model,0.0,0.4,3.5,0.2,score_point,0.4056737588652482,0.4,0.0,1.0,0.7366482504604052,705,400,False
model,0.0,0.3,1.0,0.2,score_point,0.5560283687943263,0.29999999999999993,0.0,1.0,0.6711409395973155,705,400,False
model,0.0,0.3,1.5,0.2,score_point,0.5560283687943263,0.29999999999999993,0.0,1.0,0.6711409395973155,705,400,False
model,0.0,0.3,2.0,0.2,score_point,0.5560283687943263,0.29999999999999993,0.0,1.0,0.6711409395973155,705,400,False
model,0.0,0.3,2.5,0.2,score_point,0.5560283687943263,0.29999999999999993,0.0,1.0,0.6711409395973155,705,400,False
model,0.0,0.3,3.0,0.2,score_point,0.5560283687943263,0.29999999999999993,0.0,1.0,0.6711409395973155,705,400,False
model,0.0,0.3,3.5,0.2,score_point,0.5560283687943263,0.29999999999999993,0.0,1.0,0.6711409395973155,705,400,False
model,0.0,0.2,1.0,0.2,score_point,0.7546099290780142,0.2,0.0,1.0,0.6006006006006006,705,400,True
model,0.0,0.2,1.5,0.2,score_point,0.7546099290780142,0.2,0.0,1.0,0.6006006006006006,705,400,False
model,0.0,0.2,2.0,0.2,score_point,0.7546099290780142,0.2,0.0,1.0,0.6006006006006006,705,400,False
model,0.0,0.2,2.5,0.2,score_point,0.7546099290780142,0.2,0.0,1.0,0.6006006006006006,705,400,False
model,0.0,0.2,3.0,0.2,score_point,0.7546099290780142,0.2,0.0,1.0,0.6006006006006006,705,400,False
model,0.0,0.2,3.5,0.2,score_point,0.7546099290780142,0.2,0.0,1.0,0.6006006006006006,705,400,False
vad,,3.5,3.5,,vad,0.0014184397163120568,3.5,0.0,1.0,0.9987515605493134,705,400,False
vad,,3.0,3.0,,vad,0.005673758865248227,3.0,0.0,1.0,0.9950248756218906,705,400,False
vad,,2.5,2.5,,vad,0.01276595744680851,2.5,0.0,1.0,0.9888751545117428,705,400,False
vad,,2.0,2.0,,vad,0.02553191489361702,2.0,0.0,1.0,0.9779951100244498,705,400,False
vad,,1.5,1.5,,vad,0.05390070921985816,1.5,0.0,1.0,0.954653937947494,705,400,False
vad,,1.0,1.0,,vad,0.09645390070921986,1.0,0.0,1.0,0.9216589861751151,705,400,False
vad,,0.9,0.9,,vad,0.11205673758865248,0.9,0.0,1.0,0.9101251422070534,705,400,False
vad,,0.8,0.8,,vad,0.13191489361702127,0.8,0.0,1.0,0.8958566629339305,705,400,False
vad,,0.7,0.7,,vad,0.16312056737588654,0.7,0.0,1.0,0.8743169398907104,705,400,False
vad,,0.6,0.6,,vad,0.2170212765957447,0.6,0.0,1.0,0.8394543546694648,705,400,False
vad,,0.5,0.5,,vad,0.28794326241134754,0.5,0.0,1.0,0.7976071784646062,705,400,False
vad,,0.4,0.4,,vad,0.4056737588652482,0.4,0.0,1.0,0.7366482504604052,705,400,False
vad,,0.3,0.3,,vad,0.5560283687943263,0.3,0.0,1.0,0.6711409395973155,705,400,False
vad,,0.2,0.2,,vad,0.7546099290780142,0.2,0.0,1.0,0.6006006006006006,705,400,False
